"iteration","term","estimate"
1,"lag1",0.521904230205414
1,"lag2",-4.45415432607764
1,"lag3",-3.88662834075613
1,"lag4",-1.28751100028463
1,"lag5",-0.192347919041185
1,"lag6",-0.210147842778066
1,"lag7",-1.33908726975571
1,"lag8",-2.53412701385292
1,"lag9",-2.74820989758407
1,"lag10",-3.80118180170856
1,"lag11",3.90168009241005
1,"lag12",1.19014483408334
2,"lag1",-1.74152019746719
2,"lag2",-3.31039317281201
2,"lag3",-4.30000964379731
2,"lag4",-0.276512632213906
2,"lag5",-3.95433393057707
2,"lag6",-2.72628702089785
2,"lag7",1.15900193511538
2,"lag8",-3.28903310643797
2,"lag9",-2.06722662262803
2,"lag10",0.528367437954018
2,"lag11",-1.27030434994929
2,"lag12",-1.52871416890922
3,"lag1",0.23023501413962
3,"lag2",-1.42273893386633
3,"lag3",4.65283694205386
3,"lag4",1.9478801097245
3,"lag5",0.964379304418687
3,"lag6",1.54277621258827
3,"lag7",2.00029130718829
3,"lag8",0.273208611829405
3,"lag9",5.05449106176861
3,"lag10",4.49647973255487
3,"lag11",5.94541371210934
3,"lag12",1.23163655171879
4,"lag1",0.889383858832194
4,"lag2",-2.19715601182749
4,"lag3",2.81289731603129
4,"lag4",-1.68651881024666
4,"lag5",-4.58974225049783
4,"lag6",-0.344795940483803
4,"lag7",0.769199717467446
4,"lag8",-2.49363915184275
4,"lag9",-2.03980390132591
4,"lag10",-1.95463616391324
4,"lag11",4.91631182105075
4,"lag12",2.8530265453886
5,"lag1",-2.26194622533824
5,"lag2",-3.00677235369346
5,"lag3",2.18263187959583
5,"lag4",-1.74089790599317
5,"lag5",0.211541358137884
5,"lag6",2.7692713371254
5,"lag7",1.93239131169633
5,"lag8",0.29634051858294
5,"lag9",10.124057363321
5,"lag10",1.59809257183474
5,"lag11",3.6291056523405
5,"lag12",0.590850942738013
6,"lag1",-1.12932272372501
6,"lag2",-1.60592872014886
6,"lag3",1.68320180638606
6,"lag4",-1.11459920302356
6,"lag5",-1.99566779654441
6,"lag6",2.73026155198902
6,"lag7",2.03642189945267
6,"lag8",1.56567181680453
6,"lag9",5.20993471468884
6,"lag10",5.54752179403403
6,"lag11",2.5811807964454
6,"lag12",4.35012259089431
7,"lag1",0.876506006478398
7,"lag2",-1.05343385927563
7,"lag3",-3.0323714817011
7,"lag4",2.49267854938557
7,"lag5",4.32121520777681
7,"lag6",2.37135859588293
7,"lag7",1.33032330606631
7,"lag8",-2.41535427979615
7,"lag9",0.173936908759452
7,"lag10",0.798310820921916
7,"lag11",1.28158324780858
7,"lag12",2.60001172931774
8,"lag1",-2.65050281108632
8,"lag2",-1.69976832404341
8,"lag3",-3.87395607889206
8,"lag4",-2.64738533048943
8,"lag5",-0.122649768488079
8,"lag6",-2.45834911069317
8,"lag7",-4.50238654086625
8,"lag8",-5.65875366934693
8,"lag9",-1.13344699013377
8,"lag10",1.64736102328979
8,"lag11",0.267660150114404
8,"lag12",-1.11070780086872
9,"lag1",-0.21821880648397
9,"lag2",-0.215471369307346
9,"lag3",2.23143113106354
9,"lag4",-1.42570740009962
9,"lag5",1.3953003126855
9,"lag6",-2.29654700119245
9,"lag7",1.03651631077533
9,"lag8",4.92921959731136
9,"lag9",4.82824267668209
9,"lag10",-2.71417182026741
9,"lag11",4.33035508052303
9,"lag12",3.3393527623334
10,"lag1",-2.92706638297344
10,"lag2",-4.52704444232896
10,"lag3",2.80698881800814
10,"lag4",0.216175604637476
10,"lag5",-0.587712460952855
10,"lag6",4.79060563821974
10,"lag7",5.12588497191726
10,"lag8",-1.97543499562509
10,"lag9",2.43065724729859
10,"lag10",5.40062924017839
10,"lag11",9.60992740626394
10,"lag12",3.12114023724923
11,"lag1",-0.162175989489652
11,"lag2",0.385612079721641
11,"lag3",0.146172446291866
11,"lag4",-0.906947765759344
11,"lag5",-1.03436444689883
11,"lag6",-1.83714683651878
11,"lag7",0.759656397827662
11,"lag8",-0.0615678114714501
11,"lag9",-0.585745343980987
11,"lag10",-3.60223706500842
11,"lag11",2.07257740470552
11,"lag12",-0.350049975467699
12,"lag1",2.72250514040934
12,"lag2",-1.43719228524793
12,"lag3",-0.500762412458773
12,"lag4",-0.519923068940691
12,"lag5",0.742592729051729
12,"lag6",-1.32056571092854
12,"lag7",4.47623743491053
12,"lag8",-1.06229445399163
12,"lag9",-0.243298396434657
12,"lag10",-0.903953744393886
12,"lag11",3.26603291173101
12,"lag12",0.218588834260625
13,"lag1",-1.443104385588
13,"lag2",0.186233417981777
13,"lag3",2.36694695961747
13,"lag4",0.825708365524407
13,"lag5",5.43526941798271
13,"lag6",4.37229404890962
13,"lag7",0.274633399781981
13,"lag8",2.1501826100613
13,"lag9",4.52372484879678
13,"lag10",0.940177185688584
13,"lag11",4.46617302591014
13,"lag12",0.618338834835863
14,"lag1",-0.983327074678142
14,"lag2",-2.25500069150438
14,"lag3",-0.966282146803046
14,"lag4",-1.33295925579719
14,"lag5",0.978618071546004
14,"lag6",4.38797320457083
14,"lag7",2.87452602243531
14,"lag8",-2.53002764747328
14,"lag9",0.885839912276714
14,"lag10",1.26325461464343
14,"lag11",3.41720432334695
14,"lag12",3.33394741591834
15,"lag1",-2.66907278619922
15,"lag2",-1.40572257524681
15,"lag3",-0.0406847039700645
15,"lag4",-2.51309100174536
15,"lag5",0.757299641524379
15,"lag6",-0.0451566207496492
15,"lag7",-1.52672526260714
15,"lag8",2.04477415818658
15,"lag9",4.11150241663593
15,"lag10",1.99984346674666
15,"lag11",1.47304774275499
15,"lag12",0.883240033095939
16,"lag1",-3.76565834723913
16,"lag2",-0.741631679608193
16,"lag3",-1.38700118974962
16,"lag4",-0.206971786983955
16,"lag5",-1.96803395779036
16,"lag6",-0.17252644650189
16,"lag7",-1.62371160496468
16,"lag8",-2.96921404486066
16,"lag9",-0.735905807492939
16,"lag10",1.02992532504721
16,"lag11",-0.624846595911235
16,"lag12",-0.231120666044942
17,"lag1",-0.865280643029603
17,"lag2",-1.81358539929923
17,"lag3",-1.55132018958565
17,"lag4",-3.80838392853552
17,"lag5",3.59635627393091
17,"lag6",-0.80051094244688
17,"lag7",1.19833632488056
17,"lag8",-1.38426367559228
17,"lag9",-1.61788631864941
17,"lag10",1.54154424973431
17,"lag11",3.70119343745646
17,"lag12",-0.272006174820891
18,"lag1",2.69742404653243
18,"lag2",-0.292137620627285
18,"lag3",1.55396527685278
18,"lag4",0.408659216411371
18,"lag5",-0.401995997674422
18,"lag6",2.94469317931317
18,"lag7",0.0702601407720077
18,"lag8",-2.65676816311181
18,"lag9",-0.44549552546418
18,"lag10",-2.63545750195339
18,"lag11",1.19742855599645
18,"lag12",1.44576885110387
19,"lag1",2.66459229885347
19,"lag2",2.69849881096772
19,"lag3",-0.454756153522649
19,"lag4",-3.51553827757009
19,"lag5",-0.784225010907685
19,"lag6",1.11370003929693
19,"lag7",-0.728821140881484
19,"lag8",1.87497313938561
19,"lag9",3.99133369566792
19,"lag10",-3.23314635781932
19,"lag11",2.80992393374643
19,"lag12",0.594551285472913
20,"lag1",-1.09210988701962
20,"lag2",-1.9284528122781
20,"lag3",0.655485024424376
20,"lag4",0.189787480618038
20,"lag5",-1.22410045351197
20,"lag6",-1.31008903649775
20,"lag7",0.157419845197138
20,"lag8",1.2419322788961
20,"lag9",0.19613518853563
20,"lag10",0.841804099873834
20,"lag11",0.938311907498772
20,"lag12",1.12343279720986
21,"lag1",0.923233029962525
21,"lag2",-2.99162257120964
21,"lag3",1.00451693995637
21,"lag4",-2.97847828251948
21,"lag5",-1.78346684106675
21,"lag6",1.48696457156051
21,"lag7",-1.04535064188108
21,"lag8",-4.36089745509231
21,"lag9",3.02769635660777
21,"lag10",1.51922514297715
21,"lag11",-1.43231943757418
21,"lag12",2.13371468079933
22,"lag1",1.06983815829934
22,"lag2",-2.28630931380702
22,"lag3",-0.104459911146831
22,"lag4",-3.06484197465492
22,"lag5",1.33060753047968
22,"lag6",2.552252557489
22,"lag7",1.13781862211497
22,"lag8",-0.110803274060628
22,"lag9",5.75843020460993
22,"lag10",1.71646598110148
22,"lag11",2.03339382557203
22,"lag12",2.66119986715597
23,"lag1",0.382575958800441
23,"lag2",-1.37960355374699
23,"lag3",8.81475360533643
23,"lag4",7.55098813885955
23,"lag5",1.82306917171844
23,"lag6",4.01616744360012
23,"lag7",2.85808715462825
23,"lag8",-0.732410766016452
23,"lag9",1.01313183853744
23,"lag10",2.30333789866448
23,"lag11",4.44133438129793
23,"lag12",5.04911523201488
24,"lag1",-4.49366113147567
24,"lag2",-1.85459904968884
24,"lag3",2.07260888948153
24,"lag4",0.0572579828183668
24,"lag5",0.180873146147229
24,"lag6",-2.04212284366825
24,"lag7",0.615441856034403
24,"lag8",-1.45393962051293
24,"lag9",8.22186258450404
24,"lag10",3.90657118931527
24,"lag11",1.22350731306491
24,"lag12",0.27967554952371
25,"lag1",-1.2978545238254
25,"lag2",-0.630231979175465
25,"lag3",1.79044126282215
25,"lag4",2.57768977696007
25,"lag5",-1.90279887462807
25,"lag6",-2.21915437629422
25,"lag7",-3.1284357182941
25,"lag8",-4.67917090001839
25,"lag9",3.38401564117346
25,"lag10",1.89239993968291
25,"lag11",7.73928355839447
25,"lag12",4.33976628127612
26,"lag1",-0.549981649699662
26,"lag2",-1.42544253112193
26,"lag3",-2.84710354214024
26,"lag4",-1.40157539523262
26,"lag5",-4.83444097609523
26,"lag6",-0.0300797803901697
26,"lag7",-1.86900836403824
26,"lag8",-3.08916165118008
26,"lag9",-4.18946485327157
26,"lag10",-0.465001760268928
26,"lag11",-2.67915287442904
26,"lag12",-3.5390145226624
27,"lag1",1.45965792806668
27,"lag2",2.05961290291874
27,"lag3",-3.24915887814627
27,"lag4",2.41430689561007
27,"lag5",-1.47175616640905
27,"lag6",0.861685005554943
27,"lag7",4.69273859409214
27,"lag8",0.698575951348136
27,"lag9",1.65672870868051
27,"lag10",-1.46268138039122
27,"lag11",-0.194403067758275
27,"lag12",0.774541482873995
28,"lag1",0.164834457788263
28,"lag2",-2.4061901441083
28,"lag3",-1.10352613600882
28,"lag4",-0.661208870273156
28,"lag5",-1.38186521879192
28,"lag6",0.290798222910415
28,"lag7",0.371162268051814
28,"lag8",-0.804606806913571
28,"lag9",-2.47325793534968
28,"lag10",-1.05260644689526
28,"lag11",-2.77424905340523
28,"lag12",-1.48970113847653
29,"lag1",-2.09067091615527
29,"lag2",-1.98057968705626
29,"lag3",1.16579560719635
29,"lag4",-0.969922655984787
29,"lag5",-0.738838514885301
29,"lag6",2.4201258281033
29,"lag7",0.728526637289088
29,"lag8",-2.81220070621521
29,"lag9",3.11905858832332
29,"lag10",-3.00408830337395
29,"lag11",0.283777633957083
29,"lag12",0.0237055744151428
30,"lag1",-0.293358432642582
30,"lag2",-1.72350896435342
30,"lag3",0.469868149592661
30,"lag4",-1.72446208130168
30,"lag5",2.14808653642463
30,"lag6",2.73318145251874
30,"lag7",1.55706789479317
30,"lag8",-2.11183853542751
30,"lag9",1.59113202649477
30,"lag10",0.547559779592553
30,"lag11",4.72574646666016
30,"lag12",4.99306723992901
31,"lag1",-3.20103822928595
31,"lag2",0.348249575418054
31,"lag3",0.0935663619060045
31,"lag4",-0.456786844734092
31,"lag5",-1.88515504992904
31,"lag6",-1.74691860427531
31,"lag7",-4.04508513955258
31,"lag8",-3.33750881800126
31,"lag9",1.16291591611236
31,"lag10",1.31565835131138
31,"lag11",-1.7384429743891
31,"lag12",-2.20565895255772
32,"lag1",2.18992505733753
32,"lag2",-3.83882161657842
32,"lag3",2.58842576665849
32,"lag4",1.27378655293272
32,"lag5",0.721111802023354
32,"lag6",1.64208204040834
32,"lag7",2.36041764411052
32,"lag8",1.50290821833262
32,"lag9",4.40389167654997
32,"lag10",-3.44891944329215
32,"lag11",2.29930089446487
32,"lag12",4.54897361345429
33,"lag1",0.436938792328534
33,"lag2",-1.74941920734929
33,"lag3",4.84253978011771
33,"lag4",1.7939748149015
33,"lag5",-0.361831395091985
33,"lag6",2.41066426901972
33,"lag7",4.43677958585076
33,"lag8",4.67666244569778
33,"lag9",7.25611629945729
33,"lag10",1.18507893123761
33,"lag11",1.71665120961509
33,"lag12",3.40762980144592
34,"lag1",0.744301703948045
34,"lag2",0.310590745055339
34,"lag3",-0.760364500143805
34,"lag4",0.514500964725214
34,"lag5",2.53076866449833
34,"lag6",-1.8677590703627
34,"lag7",0.0697890174046179
34,"lag8",-0.630225605248152
34,"lag9",1.04579086577263
34,"lag10",0.169336064778105
34,"lag11",0.349625309903183
34,"lag12",1.44153072200406
35,"lag1",0.513519224924389
35,"lag2",1.80752840714469
35,"lag3",4.6588732769901
35,"lag4",-0.758626996248974
35,"lag5",3.63212305699812
35,"lag6",3.42142485726445
35,"lag7",1.99745894581584
35,"lag8",-1.71479073041758
35,"lag9",2.37030830340425
35,"lag10",-0.820054337406715
35,"lag11",2.60933782803188
35,"lag12",2.74524077209805
36,"lag1",2.62561416308273
36,"lag2",-3.11499122603036
36,"lag3",-0.815564572672636
36,"lag4",-2.5420164938098
36,"lag5",1.47471989012491
36,"lag6",3.00879963436153
36,"lag7",3.87938022105205
36,"lag8",-0.376868379463059
36,"lag9",2.68883240843144
36,"lag10",2.79886539909185
36,"lag11",1.58533642493393
36,"lag12",2.71449907297306
37,"lag1",-4.99599787615966
37,"lag2",-2.58246688639755
37,"lag3",2.17417340592999
37,"lag4",-2.6933381658188
37,"lag5",-3.53929097510644
37,"lag6",-1.28222580962333
37,"lag7",1.07866033314094
37,"lag8",0.864940420639819
37,"lag9",1.84211582450662
37,"lag10",-1.57759141133042
37,"lag11",-0.983326352583231
37,"lag12",0.545681919876827
38,"lag1",-0.374738513883591
38,"lag2",-1.7073173336365
38,"lag3",-2.17417962324605
38,"lag4",-2.7754269723497
38,"lag5",1.6839601433241
38,"lag6",3.3645310880662
38,"lag7",0.668274650548446
38,"lag8",0.770548791433224
38,"lag9",0.979805658404746
38,"lag10",0.854844097449039
38,"lag11",2.32303946945631
38,"lag12",1.39465610765442
39,"lag1",-0.684557333903651
39,"lag2",-0.712670177214307
39,"lag3",0.276349203413135
39,"lag4",-0.71694209001565
39,"lag5",5.20764191428658
39,"lag6",2.51399691892993
39,"lag7",3.24233763705373
39,"lag8",3.31960762593676
39,"lag9",4.38708766203796
39,"lag10",0.710725381183808
39,"lag11",4.089250260214
39,"lag12",0.344245367018852
40,"lag1",-1.4911653830526
40,"lag2",-0.639825839686314
40,"lag3",-0.876604096172477
40,"lag4",-1.21509526705808
40,"lag5",0.133238532422024
40,"lag6",-2.68976306459314
40,"lag7",-1.31396777549438
40,"lag8",-0.897083385267698
40,"lag9",-2.62180198758389
40,"lag10",1.5323840379449
40,"lag11",2.1430358849192
40,"lag12",1.38444248290545
41,"lag1",-1.40568128144756
41,"lag2",-3.81066930426686
41,"lag3",-1.53444803189315
41,"lag4",0.503646510183716
41,"lag5",0.852717993317487
41,"lag6",1.6373664956462
41,"lag7",4.34043275462712
41,"lag8",-3.3527225527567
41,"lag9",-1.25764842260056
41,"lag10",2.67130692636325
41,"lag11",3.18544075635252
41,"lag12",4.1760262350624
42,"lag1",-0.142321388908758
42,"lag2",-2.04679884542285
42,"lag3",-4.33901959836012
42,"lag4",-1.0844544183748
42,"lag5",0.510021270381747
42,"lag6",1.92458203662975
42,"lag7",0.152442225569586
42,"lag8",-1.14620331492397
42,"lag9",-0.497615094319186
42,"lag10",4.47533220874441
42,"lag11",2.70719460546675
42,"lag12",3.51341519914928
43,"lag1",-1.42109383622244
43,"lag2",0.308309236335977
43,"lag3",-0.501491566234382
43,"lag4",3.43666606194537
43,"lag5",1.96869306772116
43,"lag6",0.0986251478866062
43,"lag7",0.79372764579115
43,"lag8",1.19099654637973
43,"lag9",0.0261820908383625
43,"lag10",0.503335363645019
43,"lag11",0.277321349215508
43,"lag12",2.42837394746436
44,"lag1",-3.88198256165895
44,"lag2",-4.48203220616251
44,"lag3",-2.09206555158055
44,"lag4",-3.61045847813453
44,"lag5",0.115933762278492
44,"lag6",-1.46593740746125
44,"lag7",-1.23670414617624
44,"lag8",2.49810402428729
44,"lag9",1.43938949492445
44,"lag10",-0.924464143590714
44,"lag11",-0.545042353114753
44,"lag12",-2.71201433049315
45,"lag1",-2.45222958518157
45,"lag2",0.0673310757402763
45,"lag3",1.95768901717946
45,"lag4",-1.4488902665398
45,"lag5",-1.91384316688135
45,"lag6",-0.843120405318123
45,"lag7",-0.19796949930061
45,"lag8",1.7404010079717
45,"lag9",4.11547876130188
45,"lag10",0.0384236833361945
45,"lag11",0.29870380490786
45,"lag12",3.2775021253495
46,"lag1",2.70489423641296
46,"lag2",-1.11528285847264
46,"lag3",2.1561012212446
46,"lag4",3.0115875822508
46,"lag5",-1.97241826468718
46,"lag6",0.0515886049787438
46,"lag7",2.2251433449016
46,"lag8",3.40274263816382
46,"lag9",6.64147643305392
46,"lag10",2.18997237072394
46,"lag11",6.00939192582232
46,"lag12",2.86146249350099
47,"lag1",0.417347922297027
47,"lag2",-2.54085351293521
47,"lag3",0.305019495528028
47,"lag4",3.22925769293528
47,"lag5",0.696845530026182
47,"lag6",3.61709247582043
47,"lag7",1.68561410000636
47,"lag8",9.19069611440422
47,"lag9",4.37563539420585
47,"lag10",4.94495492463102
47,"lag11",2.736216076956
47,"lag12",5.60115540267757
48,"lag1",-0.383065235091203
48,"lag2",-2.78613915359754
48,"lag3",1.08627568912547
48,"lag4",1.40602649902351
48,"lag5",-3.20274852795696
48,"lag6",0.0875505398620354
48,"lag7",0.724137415928541
48,"lag8",-2.71652422622673
48,"lag9",2.12900700708744
48,"lag10",-1.36760515330196
48,"lag11",4.67724348398368
48,"lag12",5.18719781409009
49,"lag1",-0.814700766443162
49,"lag2",4.58352878658349
49,"lag3",2.48167954314289
49,"lag4",-0.299707859580059
49,"lag5",1.23831751645442
49,"lag6",1.03035295602708
49,"lag7",3.09221388703778
49,"lag8",5.12107338433395
49,"lag9",4.17578563857185
49,"lag10",4.78052688591473
49,"lag11",2.89775180491483
49,"lag12",1.16299679610086
50,"lag1",-0.78332066699828
50,"lag2",-2.89575989571765
50,"lag3",-5.64709915457334
50,"lag4",-3.41904106444614
50,"lag5",-1.35018158665803
50,"lag6",0.428458684546849
50,"lag7",-0.51426290779498
50,"lag8",-1.15411370168027
50,"lag9",-0.148601026543446
50,"lag10",-1.61353998577444
50,"lag11",-1.91585745286215
50,"lag12",-1.87027600349704
51,"lag1",-3.23080444896885
51,"lag2",-2.84736196446741
51,"lag3",-0.837034274047634
51,"lag4",-1.93908998236928
51,"lag5",-1.28574910493557
51,"lag6",-1.55109868276932
51,"lag7",-0.453426828526231
51,"lag8",-4.54427017336752
51,"lag9",-1.2263928632926
51,"lag10",1.2087247046368
51,"lag11",2.06375723249179
51,"lag12",1.32530067859649
52,"lag1",-3.35015926771135
52,"lag2",-2.63771938172751
52,"lag3",6.21445253261155
52,"lag4",3.17751984644146
52,"lag5",-1.11818171938434
52,"lag6",-1.29661277986491
52,"lag7",-1.15626078797156
52,"lag8",-1.05605775877304
52,"lag9",4.56297182000554
52,"lag10",6.49268584423113
52,"lag11",7.14304897016429
52,"lag12",3.07040285242034
53,"lag1",1.0693577661326
53,"lag2",-3.11374498741758
53,"lag3",-2.88453750073591
53,"lag4",-2.86858097929016
53,"lag5",1.84372794755999
53,"lag6",0.296061554369691
53,"lag7",-1.36142409397397
53,"lag8",4.16828619479946
53,"lag9",2.66684759105222
53,"lag10",2.68114817544087
53,"lag11",5.14250384695832
53,"lag12",3.50966712053879
54,"lag1",-1.41084406810574
54,"lag2",-1.22243061828103
54,"lag3",2.80749039790994
54,"lag4",2.43503452534264
54,"lag5",-1.53201512230431
54,"lag6",0.892435515712832
54,"lag7",6.14272564662377
54,"lag8",2.76584895110531
54,"lag9",2.44278832616369
54,"lag10",-1.83653399783394
54,"lag11",0.1245072792632
54,"lag12",-0.79266636443583
55,"lag1",-2.40278418326155
55,"lag2",0.372705922253932
55,"lag3",7.58762115511529
55,"lag4",4.13046178132866
55,"lag5",-0.445307426769939
55,"lag6",2.09784524628921
55,"lag7",-4.45111016567425
55,"lag8",-0.291416006760863
55,"lag9",5.79255418547774
55,"lag10",5.06629086522067
55,"lag11",4.18904326524674
55,"lag12",2.02215201744329
56,"lag1",-0.295833590116015
56,"lag2",-0.385069922248832
56,"lag3",0.409890419136293
56,"lag4",-1.69039037014348
56,"lag5",-0.00900780829593326
56,"lag6",1.36512822027821
56,"lag7",0.754763434790987
56,"lag8",0.465982404573419
56,"lag9",5.64136568625158
56,"lag10",0.804264665196825
56,"lag11",5.62640824005067
56,"lag12",1.97895433003456
57,"lag1",-1.54600426909751
57,"lag2",0.0191725839497093
57,"lag3",1.30957141485609
57,"lag4",-0.100764378011035
57,"lag5",-0.268795779983445
57,"lag6",-2.58749316124483
57,"lag7",2.5086103023719
57,"lag8",3.97127485785204
57,"lag9",3.99282005370317
57,"lag10",1.06794944501605
57,"lag11",1.34500534596963
57,"lag12",1.23310938173289
58,"lag1",-0.638925628938211
58,"lag2",-4.54642115121863
58,"lag3",-4.29690995358449
58,"lag4",-2.2958338017005
58,"lag5",-3.65190841445875
58,"lag6",-0.831750943852563
58,"lag7",0.475170637749266
58,"lag8",3.71692295328644
58,"lag9",2.08645606660937
58,"lag10",-1.41309600135694
58,"lag11",-1.59270366811883
58,"lag12",-0.79427125905007
59,"lag1",0.846638269911246
59,"lag2",-0.657515437926915
59,"lag3",0.931545065780885
59,"lag4",-1.86949006595103
59,"lag5",0.0143358762196737
59,"lag6",0.875995950571512
59,"lag7",1.88452520021271
59,"lag8",-0.630104957359874
59,"lag9",2.45821771214465
59,"lag10",-2.35083015972543
59,"lag11",0.524961206110594
59,"lag12",2.08711222870345
60,"lag1",-0.224966052671658
60,"lag2",1.02447976454228
60,"lag3",0.268564704762153
60,"lag4",-1.49963819584144
60,"lag5",-1.7474701747058
60,"lag6",-2.19808001373275
60,"lag7",-2.14567263505796
60,"lag8",-1.53825169584355
60,"lag9",1.34335979838653
60,"lag10",1.20728605252237
60,"lag11",0.0102007268921003
60,"lag12",-3.19280747793277
61,"lag1",-5.26699971490856
61,"lag2",-3.8879765122524
61,"lag3",-1.76728727842756
61,"lag4",-3.91990186311306
61,"lag5",-3.45829491554818
61,"lag6",-3.10237288177477
61,"lag7",-1.97816186466411
61,"lag8",-3.41705068176051
61,"lag9",-4.18836038447682
61,"lag10",2.97639984185699
61,"lag11",0.0106013361590029
61,"lag12",1.99547206892101
62,"lag1",-3.11897573405027
62,"lag2",-2.53976540994806
62,"lag3",-1.55774928961695
62,"lag4",0.540616365974408
62,"lag5",1.28234453774433
62,"lag6",-0.289386431923274
62,"lag7",-1.0379964215437
62,"lag8",4.05872279108498
62,"lag9",10.0492584563222
62,"lag10",1.906261220624
62,"lag11",0.936334428649312
62,"lag12",1.2073841707542
63,"lag1",-2.51508604832191
63,"lag2",-1.26762520837252
63,"lag3",-3.04476560700279
63,"lag4",0.331845324462921
63,"lag5",1.74170388135284
63,"lag6",0.868623821046834
63,"lag7",2.22632852103715
63,"lag8",2.24165164257079
63,"lag9",-0.131443642156054
63,"lag10",0.265374626514308
63,"lag11",0.322864284170579
63,"lag12",2.45167102925704
64,"lag1",3.30746191567444
64,"lag2",0.624933168470634
64,"lag3",-0.65939763413923
64,"lag4",-0.71449640889678
64,"lag5",0.565075152585339
64,"lag6",-0.0153222204851286
64,"lag7",-0.611012441733562
64,"lag8",0.931310267640713
64,"lag9",4.75274807168697
64,"lag10",1.25929739525343
64,"lag11",3.16427497416718
64,"lag12",-0.307317136669156
65,"lag1",-1.95825284084713
65,"lag2",-1.66560048285689
65,"lag3",-5.48291295068585
65,"lag4",1.41182523004877
65,"lag5",-0.49286866852336
65,"lag6",0.478267122969076
65,"lag7",3.67930586693253
65,"lag8",1.34313258093898
65,"lag9",0.324795824038131
65,"lag10",-0.0498964330013466
65,"lag11",6.04879071227169
65,"lag12",1.97788335040073
66,"lag1",2.72149725571994
66,"lag2",0.95808385239278
66,"lag3",2.73897044319485
66,"lag4",0.325435284722414
66,"lag5",3.14556738950895
66,"lag6",0.619800054537669
66,"lag7",3.23698164140511
66,"lag8",2.66122481166711
66,"lag9",6.43684713690233
66,"lag10",1.93087303787506
66,"lag11",2.25373315322465
66,"lag12",-0.82990891364288
67,"lag1",1.05116851161321
67,"lag2",0.603117339308037
67,"lag3",0.962809097473678
67,"lag4",-1.11402474844665
67,"lag5",1.25609885780379
67,"lag6",2.79384265244298
67,"lag7",3.1649901699468
67,"lag8",2.76157634484854
67,"lag9",5.33844361708384
67,"lag10",3.48223603928117
67,"lag11",1.05457021259078
67,"lag12",1.66802264084636
68,"lag1",0.228814323884381
68,"lag2",-0.332939930078984
68,"lag3",0.446380903259588
68,"lag4",-0.045648600715172
68,"lag5",-1.70341802325301
68,"lag6",-0.865181642427886
68,"lag7",2.48096341090785
68,"lag8",-0.467759905197267
68,"lag9",-2.2282040526628
68,"lag10",1.82352826263743
68,"lag11",2.74788370193431
68,"lag12",1.08768542474699
69,"lag1",-2.8378186205415
69,"lag2",-1.49220193400795
69,"lag3",6.01930904347853
69,"lag4",2.58650528651361
69,"lag5",-0.162533225777251
69,"lag6",-1.37540556622911
69,"lag7",-1.96010891555404
69,"lag8",-2.17567320916779
69,"lag9",7.44890071475695
69,"lag10",0.955498617185242
69,"lag11",1.73597014764071
69,"lag12",0.216510141209324
70,"lag1",-2.20116071420976
70,"lag2",-1.03758819428991
70,"lag3",-1.17078044289454
70,"lag4",-1.33912595854458
70,"lag5",-0.149214618027743
70,"lag6",1.19616416950787
70,"lag7",3.64422807190156
70,"lag8",0.87633113882816
70,"lag9",1.79662106049056
70,"lag10",2.14604136875493
70,"lag11",-1.3842864256674
70,"lag12",-0.00111837633234169
71,"lag1",-2.19483935184887
71,"lag2",3.55018090347727
71,"lag3",-1.34972328199966
71,"lag4",-1.01027634924759
71,"lag5",-0.375567399899345
71,"lag6",0.327317433510779
71,"lag7",0.970244642111221
71,"lag8",-1.95228717211489
71,"lag9",1.47497056661063
71,"lag10",-1.12571826185814
71,"lag11",-0.966764002642821
71,"lag12",2.2026711731422
72,"lag1",-2.22906182938751
72,"lag2",-4.5963557838325
72,"lag3",3.13486218141486
72,"lag4",2.28526803143072
72,"lag5",0.617815753830847
72,"lag6",-2.1983569110145
72,"lag7",-0.399531911812049
72,"lag8",-4.26631084395463
72,"lag9",3.13554150784947
72,"lag10",1.13115222862614
72,"lag11",0.713853791255259
72,"lag12",-1.06103818285034
73,"lag1",-1.96766370659508
73,"lag2",-3.04176472411772
73,"lag3",-1.94180649458474
73,"lag4",-2.13653048862007
73,"lag5",0.498115243169569
73,"lag6",4.09249837143573
73,"lag7",-1.19182441758047
73,"lag8",0.431520412959104
73,"lag9",0.476903911330755
73,"lag10",3.73608765567102
73,"lag11",3.07154652347601
73,"lag12",3.13586678414767
74,"lag1",0.651096197792428
74,"lag2",5.97865455674083
74,"lag3",2.70373676275326
74,"lag4",1.11108928299163
74,"lag5",-0.0209124043412682
74,"lag6",1.69618951267216
74,"lag7",-0.639253075563056
74,"lag8",-0.120397641096377
74,"lag9",0.637647041266339
74,"lag10",4.22493634520694
74,"lag11",1.12926136382779
74,"lag12",2.04611388482312
75,"lag1",-0.67905441204797
75,"lag2",-3.37930477849735
75,"lag3",1.20669821222721
75,"lag4",-0.140602227629588
75,"lag5",0.382517752665995
75,"lag6",2.78505313155158
75,"lag7",-1.15729629105759
75,"lag8",-3.20133448017922
75,"lag9",-1.09807834367784
75,"lag10",-0.0133086841346511
75,"lag11",6.17217992682472
75,"lag12",3.12169585535835
76,"lag1",-2.14109184432472
76,"lag2",-7.2649172853378
76,"lag3",-5.3346804293814
76,"lag4",-3.90753754347252
76,"lag5",-5.46260292668514
76,"lag6",-1.57132285651329
76,"lag7",-1.1791414491563
76,"lag8",-3.36942914662444
76,"lag9",-2.17465009013084
76,"lag10",-5.31685432119103
76,"lag11",-3.7119371072639
76,"lag12",-4.04171399036879
77,"lag1",2.08311118984567
77,"lag2",2.00395004128151
77,"lag3",8.42132258510302
77,"lag4",3.3218576590722
77,"lag5",0.737057408281439
77,"lag6",2.5493336852976
77,"lag7",0.649457236767567
77,"lag8",-4.10747106962153
77,"lag9",-0.981767879863134
77,"lag10",3.08541987297224
77,"lag11",6.34166399013406
77,"lag12",4.01221122930897
78,"lag1",-2.93293561962027
78,"lag2",-3.24364001885179
78,"lag3",-3.8081150068991
78,"lag4",-1.01961974874512
78,"lag5",-0.264016958178558
78,"lag6",-0.325552125864107
78,"lag7",-1.08002469376262
78,"lag8",-2.66309723006193
78,"lag9",-0.255077686972963
78,"lag10",4.96751913114644
78,"lag11",0.209336599162045
78,"lag12",5.15170032346391
79,"lag1",0.384145832288679
79,"lag2",2.27720776883686
79,"lag3",-1.52721953567585
79,"lag4",-1.22141005346618
79,"lag5",-0.229885163086683
79,"lag6",1.68235402491637
79,"lag7",1.52558659667217
79,"lag8",1.03134097970433
79,"lag9",5.46643040358032
79,"lag10",3.46150772020348
79,"lag11",6.96521468878102
79,"lag12",3.65393379300337
80,"lag1",-0.465519258818532
80,"lag2",0.226994070957531
80,"lag3",4.35985700123458
80,"lag4",2.62139587826784
80,"lag5",0.860855726580107
80,"lag6",5.85906785723589
80,"lag7",2.5254006136955
80,"lag8",0.458621853327555
80,"lag9",6.74850061120169
80,"lag10",3.21460937403669
80,"lag11",-1.70593544920346
80,"lag12",2.50731284538572
81,"lag1",0.113582840560437
81,"lag2",2.03005400001137
81,"lag3",2.56922260287659
81,"lag4",-1.01508533682853
81,"lag5",1.00568539028091
81,"lag6",3.46357489779668
81,"lag7",-0.344883523894797
81,"lag8",1.5117490988759
81,"lag9",0.599216146282759
81,"lag10",0.220432361164961
81,"lag11",-0.158991446278075
81,"lag12",4.42658300053896
82,"lag1",-2.71848776173805
82,"lag2",-2.22226420637562
82,"lag3",2.9102396673212
82,"lag4",-0.686756336701761
82,"lag5",-0.930923144909344
82,"lag6",0.128387211706328
82,"lag7",-2.36170080276321
82,"lag8",1.4657547633782
82,"lag9",5.56993664557281
82,"lag10",3.13241582636973
82,"lag11",3.85184368606696
82,"lag12",6.62534669975279
83,"lag1",1.89706053023507
83,"lag2",-2.10440026277285
83,"lag3",0.406849330371089
83,"lag4",-0.094709599586415
83,"lag5",-1.30709962219201
83,"lag6",2.16042964559899
83,"lag7",3.05816044337154
83,"lag8",-2.10657221529889
83,"lag9",3.61638078957997
83,"lag10",1.64907033691403
83,"lag11",0.147748100347053
83,"lag12",3.80386997849682
84,"lag1",-0.784241244494794
84,"lag2",-2.4039516413743
84,"lag3",-0.446763472286468
84,"lag4",-2.87897623855452
84,"lag5",1.29496972105135
84,"lag6",0.234699966040409
84,"lag7",0.0809799056057888
84,"lag8",-1.69834623063494
84,"lag9",0.871591123580266
84,"lag10",-0.356988963186672
84,"lag11",2.14466586428073
84,"lag12",-0.527640196220826
85,"lag1",2.63003262317454
85,"lag2",-0.503009224146495
85,"lag3",1.12542296579679
85,"lag4",1.83893669961155
85,"lag5",0.845189542380103
85,"lag6",0.932205217323798
85,"lag7",-1.7276721569989
85,"lag8",1.26856524578587
85,"lag9",0.579825819243503
85,"lag10",-1.03514119049303
85,"lag11",-1.67739490176098
85,"lag12",-1.81048761676677
86,"lag1",-1.74988162119915
86,"lag2",1.2501197226586
86,"lag3",0.906449006568868
86,"lag4",1.77014797642574
86,"lag5",-2.13433057244988
86,"lag6",-1.31692541420678
86,"lag7",-1.96737795148159
86,"lag8",-2.91818584490213
86,"lag9",1.28673110800633
86,"lag10",-1.40037730703078
86,"lag11",-0.522845792258499
86,"lag12",0.888709208427527
87,"lag1",2.22795483809481
87,"lag2",-2.09435832098521
87,"lag3",1.49457529671288
87,"lag4",2.55099198792435
87,"lag5",-0.418872462658298
87,"lag6",0.151200905955301
87,"lag7",2.26149234406016
87,"lag8",3.63823596137667
87,"lag9",1.10354329275074
87,"lag10",3.77408846686123
87,"lag11",-0.586110500372188
87,"lag12",1.61210538904396
88,"lag1",-0.577647448136863
88,"lag2",-1.64861528742109
88,"lag3",0.683932230163091
88,"lag4",-0.948691999477924
88,"lag5",-0.505732827571263
88,"lag6",2.85880017491983
88,"lag7",4.06189958046046
88,"lag8",1.75322906114468
88,"lag9",0.0634239608113418
88,"lag10",3.31086527384044
88,"lag11",6.80059772554534
88,"lag12",6.58850867206325
89,"lag1",1.52830750263869
89,"lag2",-1.16159694634682
89,"lag3",-0.689851845121265
89,"lag4",-1.90135327925284
89,"lag5",-2.28899313419854
89,"lag6",-1.14986778116479
89,"lag7",2.24443408939336
89,"lag8",-1.40739695880915
89,"lag9",-0.17137280541244
89,"lag10",-2.53683669024746
89,"lag11",0.00412215251095549
89,"lag12",1.79885779948678
90,"lag1",0.528679649805665
90,"lag2",-0.728374044513205
90,"lag3",-1.07430686304138
90,"lag4",-1.23267306413893
90,"lag5",0.10136710226969
90,"lag6",0.597168442924934
90,"lag7",-1.75906898139631
90,"lag8",0.417689930558753
90,"lag9",4.55057575197621
90,"lag10",6.96141207387491
90,"lag11",2.65598524898519
90,"lag12",6.14560570811452
91,"lag1",1.92800485033827
91,"lag2",-1.22353949543999
91,"lag3",2.05256369040436
91,"lag4",0.965446525596533
91,"lag5",-1.68890828419505
91,"lag6",0.492633849543877
91,"lag7",-1.63804968495801
91,"lag8",-0.917168577583963
91,"lag9",0.897774663710075
91,"lag10",-0.426763271100826
91,"lag11",0.145473379892672
91,"lag12",0.474737671396189
92,"lag1",-2.90635429930745
92,"lag2",-1.30856938854429
92,"lag3",1.16021434038087
92,"lag4",-1.00562819347303
92,"lag5",-1.27195953213269
92,"lag6",0.839498632651968
92,"lag7",-0.635280426126207
92,"lag8",3.2328392998096
92,"lag9",5.22690409789868
92,"lag10",1.9519160503712
92,"lag11",-1.10506767924022
92,"lag12",0.120601212047404
93,"lag1",3.07009862770576
93,"lag2",-1.02112578330066
93,"lag3",-0.460402297325545
93,"lag4",-1.42355312945151
93,"lag5",1.45960107101731
93,"lag6",0.00100416087445754
93,"lag7",1.07029356451401
93,"lag8",-3.05902297068251
93,"lag9",2.26772707687844
93,"lag10",3.58640093253115
93,"lag11",4.8747519472911
93,"lag12",4.13119201911757
94,"lag1",-3.30167273689606
94,"lag2",-2.54249186484601
94,"lag3",-3.90968797975618
94,"lag4",-3.14873171229425
94,"lag5",-1.68958160832924
94,"lag6",1.61365813701409
94,"lag7",-0.4779527259563
94,"lag8",1.73571655105443
94,"lag9",-0.662027221310124
94,"lag10",-0.304384151929541
94,"lag11",3.185170390337
94,"lag12",4.30405913474984
95,"lag1",-1.89805131541174
95,"lag2",-1.54676815293133
95,"lag3",7.75871000600115
95,"lag4",5.04498415209864
95,"lag5",-0.75819316343423
95,"lag6",0.553713429522436
95,"lag7",1.42086572930082
95,"lag8",-2.79294579925328
95,"lag9",12.630602494123
95,"lag10",5.00545391112612
95,"lag11",3.6463533289241
95,"lag12",0.886777586357151
96,"lag1",-4.22796364191299
96,"lag2",-6.75399926533345
96,"lag3",3.61718517494124
96,"lag4",1.18148572181982
96,"lag5",-2.55069478691981
96,"lag6",3.36789773756714
96,"lag7",-0.570168692387438
96,"lag8",-2.49897093786451
96,"lag9",8.28849151998272
96,"lag10",1.85412252248519
96,"lag11",7.49613035908495
96,"lag12",7.99446751311646
97,"lag1",-4.44640798057647
97,"lag2",-6.4732242791566
97,"lag3",-3.89008948032688
97,"lag4",-3.24581981957497
97,"lag5",-3.08120327107016
97,"lag6",-3.00108432875977
97,"lag7",-0.676549909071028
97,"lag8",-2.18391715488391
97,"lag9",-0.319745217996741
97,"lag10",3.17052627448995
97,"lag11",0.967458450394346
97,"lag12",2.3902152569909
98,"lag1",-0.410415302708528
98,"lag2",4.88946073640843
98,"lag3",3.90612369157811
98,"lag4",-0.29371933725829
98,"lag5",-1.07553723887512
98,"lag6",-0.358524110078334
98,"lag7",1.47837613950024
98,"lag8",1.75448337007815
98,"lag9",5.86631356732042
98,"lag10",-0.0777181986606053
98,"lag11",4.53338838250579
98,"lag12",0.209041085443884
99,"lag1",-2.28032354326594
99,"lag2",-1.52951112871402
99,"lag3",-2.17921523726844
99,"lag4",-1.58421864914796
99,"lag5",-0.948805207953645
99,"lag6",-0.101275193389948
99,"lag7",-2.15514935373885
99,"lag8",-3.58282917306022
99,"lag9",-0.956545632180005
99,"lag10",-1.67458420253419
99,"lag11",-2.93045744457667
99,"lag12",-0.556803342995238
100,"lag1",-2.42688130312752
100,"lag2",-6.13850968930606
100,"lag3",-0.829608225000467
100,"lag4",-1.40781110194351
100,"lag5",-1.6524896183158
100,"lag6",0.436286783706012
100,"lag7",-0.132540691869216
100,"lag8",-1.60376069407136
100,"lag9",2.1329657133972
100,"lag10",0.113708405679966
100,"lag11",0.998412804307576
100,"lag12",2.01492194336122
101,"lag1",-0.928120924315986
101,"lag2",-1.81234260133204
101,"lag3",5.30618787389243
101,"lag4",5.77646749450727
101,"lag5",1.22401388173651
101,"lag6",-0.964301698290411
101,"lag7",-0.280139971903535
101,"lag8",0.0245188861004006
101,"lag9",10.8627441134556
101,"lag10",4.11571642546198
101,"lag11",2.5034051004134
101,"lag12",-0.00550695743930074
102,"lag1",2.57461126480448
102,"lag2",3.2195158215305
102,"lag3",2.7434101951924
102,"lag4",-1.35325464387471
102,"lag5",-3.25699331546634
102,"lag6",-0.181357553696778
102,"lag7",-0.74857986987657
102,"lag8",-1.76292275594402
102,"lag9",-0.7402135644919
102,"lag10",-2.41284212169957
102,"lag11",1.01151862733367
102,"lag12",1.09196721130117
103,"lag1",0.807400558784366
103,"lag2",0.271470539949816
103,"lag3",2.22605627733739
103,"lag4",7.21145301213528
103,"lag5",4.23980285460115
103,"lag6",0.129505999266614
103,"lag7",2.40990175074484
103,"lag8",4.46821575587965
103,"lag9",6.41073777168746
103,"lag10",9.33211412275206
103,"lag11",5.8534614236911
103,"lag12",0.852589473549145
104,"lag1",-2.54759912580751
104,"lag2",-4.46527428714205
104,"lag3",0.156776169352468
104,"lag4",0.831425117902799
104,"lag5",0.14106936115897
104,"lag6",2.00783120334426
104,"lag7",-0.741279149882525
104,"lag8",2.84583722991538
104,"lag9",1.90894417402901
104,"lag10",1.6722093427152
104,"lag11",3.83278212309159
104,"lag12",5.42004653557814
105,"lag1",-1.58358607741393
105,"lag2",-0.965542699751499
105,"lag3",-2.84285558364165
105,"lag4",-2.09038696524947
105,"lag5",-0.510092007613884
105,"lag6",0.243604177274124
105,"lag7",-0.982730931162793
105,"lag8",-2.89225596256261
105,"lag9",-2.43385487367312
105,"lag10",-2.48900896739132
105,"lag11",1.79048625546412
105,"lag12",1.18088624812566
106,"lag1",-0.178726039516924
106,"lag2",-2.65542737348804
106,"lag3",5.5727284346103
106,"lag4",2.39336732612628
106,"lag5",1.59813003010497
106,"lag6",-0.264750608254191
106,"lag7",0.93305544744435
106,"lag8",-2.65441981461561
106,"lag9",7.31052083435673
106,"lag10",3.37611507373978
106,"lag11",3.53064503196971
106,"lag12",2.41175103615135
107,"lag1",-2.66836946245279
107,"lag2",-0.695785894937597
107,"lag3",2.51815743155661
107,"lag4",1.896845762409
107,"lag5",-1.06385230423431
107,"lag6",2.12155089529924
107,"lag7",2.00072894495997
107,"lag8",2.06165986573251
107,"lag9",-0.398578695687101
107,"lag10",0.921480948210529
107,"lag11",2.74068621656803
107,"lag12",4.3482622102125
108,"lag1",-4.19146481372998
108,"lag2",-5.90819030849822
108,"lag3",-4.66721029780846
108,"lag4",0.470698760313
108,"lag5",-5.07702058055013
108,"lag6",-1.29148861279746
108,"lag7",0.644789106643465
108,"lag8",-2.28751416394223
108,"lag9",0.485997190324452
108,"lag10",0.880078009171265
108,"lag11",2.2031932928712
108,"lag12",-0.744176493537334
109,"lag1",-1.55275373862807
109,"lag2",-5.82983595403495
109,"lag3",0.949733610838573
109,"lag4",3.31196030599766
109,"lag5",-3.37254835279449
109,"lag6",-1.37932352859307
109,"lag7",4.32099543196334
109,"lag8",-6.19643432259107
109,"lag9",-1.93297797238763
109,"lag10",1.45486636042951
109,"lag11",4.93716029447832
109,"lag12",2.84187743184523
110,"lag1",-0.677084516413287
110,"lag2",0.239355708742089
110,"lag3",5.15907779686825
110,"lag4",-0.797168764694861
110,"lag5",-0.414466693517091
110,"lag6",-2.15130060441077
110,"lag7",-1.23216580625189
110,"lag8",2.83657499315276
110,"lag9",-1.52835398536992
110,"lag10",-0.618312175632797
110,"lag11",1.84287033779087
110,"lag12",0.332189590941365
111,"lag1",-2.20847081461203
111,"lag2",0.822139774134029
111,"lag3",-0.646308315269995
111,"lag4",-0.668758641673891
111,"lag5",-2.34477275069592
111,"lag6",-0.223468828610645
111,"lag7",0.596220903776112
111,"lag8",3.44002578827381
111,"lag9",3.0299964454545
111,"lag10",0.333657341244339
111,"lag11",0.606153367086981
111,"lag12",4.58668416476814
112,"lag1",-0.175052728908221
112,"lag2",1.48661357132051
112,"lag3",1.32772985282016
112,"lag4",3.16416662847318
112,"lag5",3.49626815582231
112,"lag6",1.54881687951037
112,"lag7",1.55974776357697
112,"lag8",4.01858652490928
112,"lag9",3.81187883499646
112,"lag10",1.35031178973919
112,"lag11",3.57200318139428
112,"lag12",5.14592431658214
113,"lag1",0.0925313261498679
113,"lag2",0.243979665698466
113,"lag3",-1.17516550454867
113,"lag4",2.29362549706751
113,"lag5",0.968013928869756
113,"lag6",7.40246400881195
113,"lag7",0.743206596944825
113,"lag8",3.25209345872903
113,"lag9",7.77087024725905
113,"lag10",0.16898622318087
113,"lag11",4.64351037100705
113,"lag12",6.65009061478345
114,"lag1",-4.57584281859714
114,"lag2",0.137418454347981
114,"lag3",0.467090353330275
114,"lag4",1.5386442808322
114,"lag5",-0.869314355087949
114,"lag6",-0.717322239213038
114,"lag7",-3.62470227055823
114,"lag8",-0.431365347618775
114,"lag9",1.18705887786141
114,"lag10",1.06144796467784
114,"lag11",1.00801066867425
114,"lag12",2.22016281151336
115,"lag1",-1.08616425921928
115,"lag2",-1.90969474326432
115,"lag3",0.215704020080532
115,"lag4",-2.21697343361148
115,"lag5",-0.954766114686711
115,"lag6",0.448024628658889
115,"lag7",0.6119380547886
115,"lag8",0.971927190244211
115,"lag9",4.76011216147114
115,"lag10",6.28873055227676
115,"lag11",3.69484453981362
115,"lag12",4.50551237769986
116,"lag1",-1.04766432268101
116,"lag2",-0.606784090383629
116,"lag3",-0.139139110065045
116,"lag4",0.432875639996687
116,"lag5",0.185320598532842
116,"lag6",2.33106756065907
116,"lag7",3.08102971795251
116,"lag8",3.26308486417014
116,"lag9",0.594304309602674
116,"lag10",1.70630034161687
116,"lag11",2.22883687199114
116,"lag12",5.54859561613424
117,"lag1",-1.06245229886052
117,"lag2",0.703260391355651
117,"lag3",-1.50896984032784
117,"lag4",0.276220129014951
117,"lag5",4.70584154220573
117,"lag6",3.68720560816704
117,"lag7",2.92349552856907
117,"lag8",1.85958949243635
117,"lag9",2.07822090719117
117,"lag10",1.21664491340841
117,"lag11",3.9756614884318
117,"lag12",0.709316642210298
118,"lag1",-2.24505429998536
118,"lag2",-3.22282364239751
118,"lag3",-2.202911249453
118,"lag4",1.56524892774936
118,"lag5",-3.2300492616129
118,"lag6",0.824176618084786
118,"lag7",-1.54686644330917
118,"lag8",-2.34482901003328
118,"lag9",2.50427744356459
118,"lag10",9.18502575964573
118,"lag11",-0.281512445928565
118,"lag12",2.76180114926396
119,"lag1",-2.49045062728523
119,"lag2",2.63010544326512
119,"lag3",-2.26392093881085
119,"lag4",-0.546655168220157
119,"lag5",-1.74966399504654
119,"lag6",-0.198428357640826
119,"lag7",-0.094141929388371
119,"lag8",-2.08559958586545
119,"lag9",0.382026084866823
119,"lag10",1.57788693333557
119,"lag11",4.12224402708886
119,"lag12",0.180756729448058
120,"lag1",-4.53872640844677
120,"lag2",-4.52511852354049
120,"lag3",4.28385589977503
120,"lag4",5.08693736475131
120,"lag5",-1.09629101201668
120,"lag6",0.0347375208653007
120,"lag7",-1.73765666211826
120,"lag8",-3.68775014664225
120,"lag9",7.40830237249168
120,"lag10",3.67525123599588
120,"lag11",5.56433117257545
120,"lag12",3.98224493046979
121,"lag1",-2.71554213043359
121,"lag2",-0.816996897118501
121,"lag3",-0.29156916593527
121,"lag4",0.574285351244288
121,"lag5",2.91027626800468
121,"lag6",3.31352530163181
121,"lag7",0.803156458804145
121,"lag8",2.02857654248239
121,"lag9",1.73090959718456
121,"lag10",0.112554526421929
121,"lag11",1.04890302894336
121,"lag12",1.47126858815661
122,"lag1",-0.896764564838469
122,"lag2",-1.45358437515571
122,"lag3",-2.6085662702648
122,"lag4",0.673782874933183
122,"lag5",-0.398978894801796
122,"lag6",-1.62323656521036
122,"lag7",3.16138399249167
122,"lag8",-0.182241585800289
122,"lag9",4.66936772743781
122,"lag10",0.209170788210666
122,"lag11",0.548797484065602
122,"lag12",1.26482063562406
123,"lag1",-0.159584706605009
123,"lag2",-1.01441656555255
123,"lag3",0.853771562289519
123,"lag4",-0.29621242511779
123,"lag5",-1.18041160487604
123,"lag6",1.27100902635848
123,"lag7",0.592545097279955
123,"lag8",4.73698500667115
123,"lag9",4.48010957213815
123,"lag10",3.9830923312084
123,"lag11",2.25882406208232
123,"lag12",2.09431444774652
124,"lag1",-3.5429122027679
124,"lag2",-4.57965213224583
124,"lag3",-1.60622684025935
124,"lag4",3.78716268641027
124,"lag5",0.93681477578972
124,"lag6",1.32690427606239
124,"lag7",-0.128489303161122
124,"lag8",-0.67041324201862
124,"lag9",0.977108291044335
124,"lag10",3.38945992573269
124,"lag11",2.77781128813097
124,"lag12",2.03946672058289
125,"lag1",2.35688754033579
125,"lag2",-1.06975328479808
125,"lag3",0.132785926487178
125,"lag4",2.35462897013622
125,"lag5",2.81334098862227
125,"lag6",4.17345528943968
125,"lag7",3.31896736108614
125,"lag8",4.71819254994465
125,"lag9",5.19685839035185
125,"lag10",0.876080943369809
125,"lag11",1.15113926850076
125,"lag12",0.873565758596416
126,"lag1",-1.89096915644722
126,"lag2",-0.245101227612884
126,"lag3",-0.059897026210512
126,"lag4",1.45855018689775
126,"lag5",-1.26758014415585
126,"lag6",-0.30153023050465
126,"lag7",0.0743510869486225
126,"lag8",3.6121850195376
126,"lag9",2.31304823967691
126,"lag10",0.687467200728148
126,"lag11",1.35412709934378
126,"lag12",0.138127325107199
127,"lag1",-3.26485542129464
127,"lag2",-2.91056996012572
127,"lag3",-4.07277815081714
127,"lag4",1.40387247572854
127,"lag5",-0.0409995644873847
127,"lag6",1.71800249301164
127,"lag7",1.29753998533656
127,"lag8",0.0439960921847725
127,"lag9",2.03243367457558
127,"lag10",0.913797587071779
127,"lag11",-0.0909448076396404
127,"lag12",-0.785009326295139
128,"lag1",-5.21196044116578
128,"lag2",-3.89632355625114
128,"lag3",-1.13253077923342
128,"lag4",-3.83222715334237
128,"lag5",-0.955244562624665
128,"lag6",-2.46429928686707
128,"lag7",-2.31561255198294
128,"lag8",-0.271721489051349
128,"lag9",2.98297328103484
128,"lag10",-0.159376465285327
128,"lag11",-0.809529262280784
128,"lag12",-0.314003477435928
129,"lag1",1.41834548877029
129,"lag2",0.197262059445873
129,"lag3",-2.65297866692848
129,"lag4",-0.973492116072163
129,"lag5",1.80366773346466
129,"lag6",-0.109934045786577
129,"lag7",0.249660748709873
129,"lag8",0.907703741973184
129,"lag9",-1.98709304182695
129,"lag10",-0.0899905781405079
129,"lag11",2.1589540955476
129,"lag12",1.97667019719457
130,"lag1",-1.74849641019849
130,"lag2",-1.05660620271776
130,"lag3",-2.80593491218416
130,"lag4",-1.98353635728717
130,"lag5",0.683675240207865
130,"lag6",-1.49309694405607
130,"lag7",1.2180432365436
130,"lag8",-1.23180943525945
130,"lag9",-1.28039474342468
130,"lag10",-1.0747443544775
130,"lag11",0.414200960250391
130,"lag12",-0.728028534478715
131,"lag1",-0.257819317131401
131,"lag2",-1.81984152646287
131,"lag3",1.44007582738238
131,"lag4",1.66786948727703
131,"lag5",-0.824089001483924
131,"lag6",-1.66965984114957
131,"lag7",0.799485643827718
131,"lag8",-3.36478730184037
131,"lag9",-0.286162752850745
131,"lag10",-0.0212897626200688
131,"lag11",1.69964010545347
131,"lag12",0.00188349704679056
132,"lag1",2.12962756881609
132,"lag2",0.471211336248429
132,"lag3",2.91780374054577
132,"lag4",4.31702034252123
132,"lag5",1.76621575146912
132,"lag6",1.83779652070142
132,"lag7",4.99437025731866
132,"lag8",4.41391981008214
132,"lag9",3.33185086059027
132,"lag10",-0.459266728834301
132,"lag11",3.51459676228753
132,"lag12",2.40168813964859
133,"lag1",1.70165389136902
133,"lag2",-1.70526693376346
133,"lag3",-2.28716581639362
133,"lag4",0.808689949351281
133,"lag5",1.67409832481599
133,"lag6",0.550759063802279
133,"lag7",2.74630662135081
133,"lag8",-0.762964572073606
133,"lag9",1.79533501108096
133,"lag10",2.68399221558563
133,"lag11",3.89878258904075
133,"lag12",0.959898670595746
134,"lag1",-1.01888755946978
134,"lag2",1.60736310109018
134,"lag3",-0.62689631738883
134,"lag4",-0.892097558491091
134,"lag5",-3.28080380013899
134,"lag6",-2.85451198456302
134,"lag7",2.91811421711478
134,"lag8",4.15695882144608
134,"lag9",3.10473886327796
134,"lag10",3.10107541252339
134,"lag11",0.359354265486721
134,"lag12",1.01850098421012
135,"lag1",-2.74720303138347
135,"lag2",-3.63744117656799
135,"lag3",0.081433420990332
135,"lag4",-1.491938520248
135,"lag5",-1.29600207462938
135,"lag6",0.524889753588984
135,"lag7",-0.0959085801556219
135,"lag8",5.08622406828771
135,"lag9",6.08985491197331
135,"lag10",0.913146615625598
135,"lag11",-0.974986859801864
135,"lag12",1.60161417291542
136,"lag1",4.78784697850911
136,"lag2",-2.75853597476453
136,"lag3",1.59473083589201
136,"lag4",-0.306228240352109
136,"lag5",-1.11477866548664
136,"lag6",0.624700740844148
136,"lag7",2.19112434589336
136,"lag8",-1.20326896303995
136,"lag9",0.709664046519107
136,"lag10",1.53134656406242
136,"lag11",0.924572521855559
136,"lag12",-1.37817028706782
137,"lag1",-1.38011030263679
137,"lag2",-1.95430863820256
137,"lag3",-1.26264642138495
137,"lag4",-0.0692094315445846
137,"lag5",-1.46140583187369
137,"lag6",2.20732182746388
137,"lag7",1.68248113298992
137,"lag8",2.13580676141462
137,"lag9",0.956865055322839
137,"lag10",2.4537330065009
137,"lag11",8.28329984434755
137,"lag12",6.01600208280455
138,"lag1",-3.96947812573482
138,"lag2",0.06300442171858
138,"lag3",3.37836793260818
138,"lag4",2.18610700312189
138,"lag5",-2.26086379824551
138,"lag6",1.14831815398696
138,"lag7",2.47426805877035
138,"lag8",-1.22676517262701
138,"lag9",0.893938480656864
138,"lag10",2.7676845891888
138,"lag11",8.55238828689709
138,"lag12",5.31697799302899
139,"lag1",-2.14634527814688
139,"lag2",1.74108394605836
139,"lag3",-2.59152271930318
139,"lag4",1.65201940819053
139,"lag5",-1.68104915384999
139,"lag6",-0.529347524727736
139,"lag7",1.74367205492927
139,"lag8",1.23442513449495
139,"lag9",3.12861703204473
139,"lag10",2.65983421220471
139,"lag11",1.32305100316306
139,"lag12",2.27818572456621
140,"lag1",-2.96576892673805
140,"lag2",-4.28846440298579
140,"lag3",2.59724372864212
140,"lag4",3.64557871607147
140,"lag5",-1.8822826671069
140,"lag6",1.23830708619447
140,"lag7",-0.557170705962377
140,"lag8",-0.873939923662376
140,"lag9",3.35777375718823
140,"lag10",3.39501291540795
140,"lag11",0.342314802814092
140,"lag12",1.1844991415815
141,"lag1",1.26356106300285
141,"lag2",-0.881430503924774
141,"lag3",-5.45744802533049
141,"lag4",-1.39424661678622
141,"lag5",-2.78333652672439
141,"lag6",2.8112181679789
141,"lag7",6.93002900546776
141,"lag8",1.95975256224534
141,"lag9",2.05981030890558
141,"lag10",5.88806943221466
141,"lag11",2.69125176870583
141,"lag12",4.26926603486125
142,"lag1",0.188075459582728
142,"lag2",-1.04505274122809
142,"lag3",-1.28066418972884
142,"lag4",0.861725387503373
142,"lag5",-0.216674821603826
142,"lag6",2.57086030553833
142,"lag7",-0.0929934065131996
142,"lag8",-0.316420625618479
142,"lag9",0.354630362713079
142,"lag10",2.36338821371724
142,"lag11",-0.556299701071175
142,"lag12",0.76068033178559
143,"lag1",0.566419980399403
143,"lag2",-2.34639635802339
143,"lag3",-0.441175478864229
143,"lag4",4.04156747938101
143,"lag5",-2.26032771484956
143,"lag6",1.16369767349306
143,"lag7",-0.149719641290696
143,"lag8",-2.17288874895759
143,"lag9",2.91276288416264
143,"lag10",3.22756201200133
143,"lag11",2.92556712454507
143,"lag12",3.25716422838625
144,"lag1",4.21929355903675
144,"lag2",0.672236454757321
144,"lag3",0.298679873742626
144,"lag4",0.926577747263632
144,"lag5",0.492415953214494
144,"lag6",0.885968791201373
144,"lag7",3.43822101896618
144,"lag8",-0.197595044978715
144,"lag9",-1.26137989850146
144,"lag10",-1.62642845145819
144,"lag11",2.311014086687
144,"lag12",1.84638656487263
145,"lag1",-2.56775109102378
145,"lag2",-0.992013136346742
145,"lag3",-4.4942513128806
145,"lag4",-0.920441940777511
145,"lag5",1.5429442688077
145,"lag6",5.84668266564876
145,"lag7",2.24594778050373
145,"lag8",2.74337970097362
145,"lag9",2.35219641111664
145,"lag10",-1.31616796334962
145,"lag11",-2.88742129751213
145,"lag12",1.72454640623129
146,"lag1",0.186108978976995
146,"lag2",-0.386848080362186
146,"lag3",0.62277697602229
146,"lag4",-3.97872877475044
146,"lag5",-2.53037141159022
146,"lag6",-1.73609263451416
146,"lag7",0.7062579627161
146,"lag8",0.780025053671878
146,"lag9",2.2747207180428
146,"lag10",-0.0644094999049939
146,"lag11",1.47398718067042
146,"lag12",1.78124463920518
147,"lag1",0.459410407315101
147,"lag2",-1.13948923181514
147,"lag3",-0.960858424999407
147,"lag4",-0.896611833924538
147,"lag5",-0.826568551171173
147,"lag6",-0.573579165348351
147,"lag7",2.38251297454464
147,"lag8",-0.013874844824876
147,"lag9",-0.899619464868135
147,"lag10",-0.607959562661127
147,"lag11",2.81550236233171
147,"lag12",2.63535645409972
148,"lag1",-1.06012806246807
148,"lag2",-0.640192313580356
148,"lag3",-1.03601747674188
148,"lag4",3.63060433249127
148,"lag5",3.47224445525232
148,"lag6",4.47402496254592
148,"lag7",-0.315481834279503
148,"lag8",0.761405050839259
148,"lag9",6.32885324247374
148,"lag10",1.30223788551563
148,"lag11",3.74538559190389
148,"lag12",0.798719111773469
149,"lag1",-3.84906527644432
149,"lag2",-3.97953136304465
149,"lag3",-0.608554145593033
149,"lag4",-0.461613156370809
149,"lag5",-0.730871591786292
149,"lag6",-2.10785753741026
149,"lag7",0.833979631980477
149,"lag8",0.0684308369487318
149,"lag9",2.26553808650623
149,"lag10",1.92613787926182
149,"lag11",0.0557264976253716
149,"lag12",-1.97443475197841
150,"lag1",-2.08396001421607
150,"lag2",-4.37935149932791
150,"lag3",-5.26607237701833
150,"lag4",-4.2501313580398
150,"lag5",1.39976964721526
150,"lag6",5.15436884073731
150,"lag7",-1.75827710560802
150,"lag8",-2.22955544093221
150,"lag9",2.57693657100557
150,"lag10",1.42486454585024
150,"lag11",3.63240939383746
150,"lag12",4.104096402913
151,"lag1",-1.4985135869897
151,"lag2",2.58219480970177
151,"lag3",-0.867733251568482
151,"lag4",-0.698747966490054
151,"lag5",2.46358924762849
151,"lag6",0.766400110564606
151,"lag7",1.19970946758748
151,"lag8",-1.29034342267678
151,"lag9",2.53878501877386
151,"lag10",2.86532749135173
151,"lag11",0.349460410653402
151,"lag12",1.5860152950505
152,"lag1",2.77358008385504
152,"lag2",-0.339586217583743
152,"lag3",-0.0053120976160643
152,"lag4",1.53867586750106
152,"lag5",1.97174868850186
152,"lag6",0.515800061503488
152,"lag7",3.67908995606093
152,"lag8",1.63841299800079
152,"lag9",1.85569284480891
152,"lag10",3.50897326055401
152,"lag11",3.19869105443139
152,"lag12",3.24052601293816
153,"lag1",2.77800586225389
153,"lag2",2.64656981715181
153,"lag3",-0.444509587770811
153,"lag4",2.94545157258126
153,"lag5",2.04459187420812
153,"lag6",3.63405475590069
153,"lag7",6.1047832667491
153,"lag8",3.48376826704381
153,"lag9",-0.900569947402395
153,"lag10",-0.12826383018199
153,"lag11",5.72613276199867
153,"lag12",0.298396358480641
154,"lag1",-2.82608670724968
154,"lag2",-0.478022514357526
154,"lag3",5.08688124970915
154,"lag4",5.52410728028435
154,"lag5",-0.701235181930879
154,"lag6",-0.810594235851556
154,"lag7",-1.82744305788971
154,"lag8",0.36535077570315
154,"lag9",9.89678342497558
154,"lag10",4.71373831825597
154,"lag11",2.66994623318972
154,"lag12",2.15489534035931
155,"lag1",2.09431623367125
155,"lag2",-0.216492653513932
155,"lag3",-2.65714944128408
155,"lag4",-3.16307723273785
155,"lag5",1.23749951706697
155,"lag6",2.01315583300774
155,"lag7",3.76739435702904
155,"lag8",4.13744274726098
155,"lag9",2.40300211522111
155,"lag10",1.62502936523243
155,"lag11",1.97438722282173
155,"lag12",0.239164451357823
156,"lag1",1.61838935187043
156,"lag2",0.681197708601684
156,"lag3",-3.11889781017274
156,"lag4",-1.77099788128748
156,"lag5",1.82685434526012
156,"lag6",0.198740909801587
156,"lag7",-0.567332114748859
156,"lag8",-5.23430685037926
156,"lag9",-4.47964257089996
156,"lag10",2.98466741610044
156,"lag11",5.28771476800032
156,"lag12",0.616567617739726
157,"lag1",-2.22678900756614
157,"lag2",-2.54305395795887
157,"lag3",-2.13492686531972
157,"lag4",-2.03099900309841
157,"lag5",-3.18208430099893
157,"lag6",0.828892568515789
157,"lag7",5.25662756110819
157,"lag8",2.44514461856795
157,"lag9",1.48101184089927
157,"lag10",0.937842708784951
157,"lag11",-2.43691395295589
157,"lag12",3.68280643369401
158,"lag1",-2.81360640453204
158,"lag2",-3.84992958468595
158,"lag3",0.124299305512439
158,"lag4",-1.7340019723669
158,"lag5",-0.355931427844073
158,"lag6",-0.812619433600801
158,"lag7",-0.15996158355881
158,"lag8",1.0917904922916
158,"lag9",0.545516981437121
158,"lag10",3.36525571160165
158,"lag11",-0.434473318683593
158,"lag12",-3.09652097977193
159,"lag1",-1.43720618006662
159,"lag2",-0.889709842511055
159,"lag3",-0.143047738710791
159,"lag4",0.405991219493106
159,"lag5",3.48849358535678
159,"lag6",0.482461682033382
159,"lag7",0.517396029845057
159,"lag8",-0.0595712923530219
159,"lag9",4.5871496306735
159,"lag10",0.146182107602683
159,"lag11",0.563349314128146
159,"lag12",-0.793539812595891
160,"lag1",-1.97282117392732
160,"lag2",-0.322713936816194
160,"lag3",-0.106896852111552
160,"lag4",-1.37328272640827
160,"lag5",-2.42918690830041
160,"lag6",-2.5818663396148
160,"lag7",0.0994395777529271
160,"lag8",-1.99648790142565
160,"lag9",4.01841358823907
160,"lag10",3.41954859494381
160,"lag11",4.42378281546084
160,"lag12",1.75703111198883
161,"lag1",0.0191624719423452
161,"lag2",-1.72953875714209
161,"lag3",0.633155659974462
161,"lag4",1.01687802101458
161,"lag5",-0.696868450230751
161,"lag6",-0.531115765315507
161,"lag7",0.434381666680567
161,"lag8",5.26451931747423
161,"lag9",2.1887307864316
161,"lag10",-1.96553886344436
161,"lag11",-1.80733282387543
161,"lag12",3.37517032179187
162,"lag1",1.79082631823366
162,"lag2",2.2285285550836
162,"lag3",0.77420809572654
162,"lag4",4.84654140516622
162,"lag5",-0.386203167186653
162,"lag6",-0.442714041021489
162,"lag7",-1.06870497549281
162,"lag8",3.08677202979119
162,"lag9",2.72558924239618
162,"lag10",5.35069497887985
162,"lag11",1.09557578565647
162,"lag12",-0.31434830450132
163,"lag1",-0.423728452355559
163,"lag2",1.17944675249491
163,"lag3",5.55533692921348
163,"lag4",7.2917501564245
163,"lag5",3.98192708401199
163,"lag6",4.03674836084852
163,"lag7",0.198269702142113
163,"lag8",-0.889525925343432
163,"lag9",6.58415391210141
163,"lag10",0.678808053703032
163,"lag11",3.3253142881139
163,"lag12",2.62840364291068
164,"lag1",-1.12851560691352
164,"lag2",-2.12550174129037
164,"lag3",2.43800300839552
164,"lag4",3.93416486118067
164,"lag5",-0.271185009659779
164,"lag6",-1.90603126880562
164,"lag7",1.08993875074063
164,"lag8",-4.16186738552336
164,"lag9",1.70801806279703
164,"lag10",1.35483490571802
164,"lag11",0.797933912269492
164,"lag12",-3.06339760935166
165,"lag1",1.43880447247345
165,"lag2",-2.18052790230626
165,"lag3",0.939546941086704
165,"lag4",0.1778102147715
165,"lag5",2.37591886113467
165,"lag6",-0.4879174360369
165,"lag7",0.527388389399869
165,"lag8",-0.035592583861611
165,"lag9",3.84726838702231
165,"lag10",0.844017980943932
165,"lag11",2.13129087418706
165,"lag12",1.4864740812284
166,"lag1",-0.536322394516867
166,"lag2",-2.90748390957383
166,"lag3",-1.46615243866411
166,"lag4",1.91159376348198
166,"lag5",3.83306540910773
166,"lag6",1.51564803482778
166,"lag7",2.07868387505519
166,"lag8",1.62345510602428
166,"lag9",3.46181685924284
166,"lag10",4.33597608599378
166,"lag11",7.4653426086776
166,"lag12",3.69037806399187
167,"lag1",-0.467384923499954
167,"lag2",1.99466381606816
167,"lag3",0.581744015747413
167,"lag4",1.41277537341297
167,"lag5",1.20805882877459
167,"lag6",-0.901516690494955
167,"lag7",1.11861214111582
167,"lag8",-0.781710212288718
167,"lag9",0.164922647741647
167,"lag10",2.02425881143202
167,"lag11",-1.19277345929688
167,"lag12",-2.71290689995793
168,"lag1",-0.935213920892918
168,"lag2",-2.13121461650822
168,"lag3",-1.36171966320313
168,"lag4",-3.33927282737097
168,"lag5",-2.76544839290292
168,"lag6",-1.02911390601836
168,"lag7",0.80334952583485
168,"lag8",0.0331880042835029
168,"lag9",3.6466749528705
168,"lag10",3.12390382786978
168,"lag11",4.58769978085847
168,"lag12",1.9025930586734
169,"lag1",0.452580153710294
169,"lag2",-2.45896258961046
169,"lag3",-0.326895938139316
169,"lag4",-2.18273561111097
169,"lag5",-0.377937863525335
169,"lag6",0.120132825185083
169,"lag7",-0.433392086660288
169,"lag8",0.19331512161524
169,"lag9",1.07918933660548
169,"lag10",-1.07560523906378
169,"lag11",-2.59569654000913
169,"lag12",-1.69272513231671
170,"lag1",0.5900823732671
170,"lag2",4.41349030820616
170,"lag3",3.7537577081078
170,"lag4",0.408420241731877
170,"lag5",-0.431973920235622
170,"lag6",3.40664007175367
170,"lag7",5.9761210004846
170,"lag8",4.21351651119301
170,"lag9",5.43460201584899
170,"lag10",1.95547902578218
170,"lag11",4.29885863789202
170,"lag12",3.7868932497965
171,"lag1",0.875073581492599
171,"lag2",-0.437331244345948
171,"lag3",1.35518191496882
171,"lag4",0.033608637166409
171,"lag5",3.1528248837815
171,"lag6",2.06201354897499
171,"lag7",2.10007022485505
171,"lag8",2.81262259164374
171,"lag9",3.86709254564433
171,"lag10",2.65024757471909
171,"lag11",1.60492498184927
171,"lag12",2.92102895829965
172,"lag1",-1.23112161935322
172,"lag2",-0.724937725697365
172,"lag3",-0.00352055483758409
172,"lag4",3.2305328622048
172,"lag5",0.295197395200221
172,"lag6",1.04922515441659
172,"lag7",1.9594505652543
172,"lag8",1.35084047389453
172,"lag9",1.88485649362591
172,"lag10",0.303773099361212
172,"lag11",2.1721170100736
172,"lag12",4.09247119576809
173,"lag1",0.121454662225672
173,"lag2",1.94558988103124
173,"lag3",-0.843054852256431
173,"lag4",0.16076416659144
173,"lag5",0.111386381943834
173,"lag6",2.48514080538186
173,"lag7",2.605183808865
173,"lag8",4.87382117062198
173,"lag9",7.00203804640786
173,"lag10",4.57915552467886
173,"lag11",4.58079951338624
173,"lag12",4.1506239755619
174,"lag1",-0.69264545807312
174,"lag2",-0.62780660400393
174,"lag3",-2.81734220854739
174,"lag4",-2.60078148147433
174,"lag5",-0.891885218960207
174,"lag6",-2.18453382952096
174,"lag7",2.02645363715216
174,"lag8",-4.10608330440927
174,"lag9",0.404001916033405
174,"lag10",-2.051074952527
174,"lag11",-2.03580120149967
174,"lag12",-1.05346502903453
175,"lag1",-1.64192423767129
175,"lag2",0.221061264745782
175,"lag3",3.44557714284592
175,"lag4",-3.12204558743002
175,"lag5",-2.70218206435229
175,"lag6",-0.599394412553594
175,"lag7",0.507531465843919
175,"lag8",2.46760202061997
175,"lag9",4.87762427470845
175,"lag10",-0.725153310357766
175,"lag11",4.33635278828019
175,"lag12",2.0675615722967
176,"lag1",-1.12448248449404
176,"lag2",-1.00286295003032
176,"lag3",-1.15579070777674
176,"lag4",-3.09898198454365
176,"lag5",-3.45234415757018
176,"lag6",1.09412910967689
176,"lag7",0.218307655935367
176,"lag8",0.985682155242872
176,"lag9",3.58139211290534
176,"lag10",4.02453154699565
176,"lag11",6.38129750632336
176,"lag12",1.68064496615011
177,"lag1",-2.2868003067274
177,"lag2",-2.72739892510773
177,"lag3",0.18982529345262
177,"lag4",5.10833940617076
177,"lag5",1.9495448511457
177,"lag6",2.83037941389466
177,"lag7",2.79226321992531
177,"lag8",-3.98142465807494
177,"lag9",0.638503310287178
177,"lag10",6.6880375466644
177,"lag11",8.06657165564584
177,"lag12",5.7629191148125
178,"lag1",2.30217070098804
178,"lag2",-0.380084981015982
178,"lag3",3.68780351641646
178,"lag4",0.954267130200376
178,"lag5",5.50519107288014
178,"lag6",-0.432712859258731
178,"lag7",2.11870522925079
178,"lag8",1.00318616968188
178,"lag9",4.58601608301403
178,"lag10",-0.561752595846005
178,"lag11",1.23415613394266
178,"lag12",-0.983234002334946
179,"lag1",0.937282062080661
179,"lag2",-1.0931782916807
179,"lag3",-0.845475361216029
179,"lag4",2.34460186896258
179,"lag5",0.894081317600852
179,"lag6",-1.10876796099097
179,"lag7",-2.07143763485439
179,"lag8",-4.1792498948862
179,"lag9",-0.0492871886603344
179,"lag10",0.400844727766087
179,"lag11",-0.337703911999467
179,"lag12",0.0855912297794231
180,"lag1",-2.3331741754375
180,"lag2",-1.45513838032226
180,"lag3",-1.85556990176078
180,"lag4",-2.4068066604729
180,"lag5",-1.26288741067553
180,"lag6",-0.0773785265604437
180,"lag7",-1.21954706227367
180,"lag8",-2.62012660723068
180,"lag9",2.78860266691474
180,"lag10",2.20182779408165
180,"lag11",2.04304546822467
180,"lag12",-0.476199033469025
181,"lag1",-0.372328010645866
181,"lag2",-1.44904964271733
181,"lag3",-2.50003825511609
181,"lag4",0.384836699303588
181,"lag5",2.3989274616798
181,"lag6",3.98579115622853
181,"lag7",1.29337985626575
181,"lag8",1.51365974626392
181,"lag9",2.85536120778531
181,"lag10",4.3413964092706
181,"lag11",1.21823784089941
181,"lag12",5.26342849095715
182,"lag1",0.441392408749992
182,"lag2",-2.84762330810713
182,"lag3",-1.91723788543306
182,"lag4",1.95045066542116
182,"lag5",1.55124929285197
182,"lag6",3.19495548518485
182,"lag7",0.1554994641313
182,"lag8",-0.576339263258999
182,"lag9",4.63790900762855
182,"lag10",1.01185082174391
182,"lag11",1.73723622398621
182,"lag12",5.55883839386427
183,"lag1",-0.188743984217508
183,"lag2",-1.06084386140127
183,"lag3",1.45412589160546
183,"lag4",-1.42576825430036
183,"lag5",-3.98788775584885
183,"lag6",-1.31474840093911
183,"lag7",1.90679817388826
183,"lag8",2.01516698772291
183,"lag9",2.5454486256617
183,"lag10",1.96393073876498
183,"lag11",-0.295969063452357
183,"lag12",0.0589990439898143
184,"lag1",-1.82172620884739
184,"lag2",0.00657964233614577
184,"lag3",0.457666516998226
184,"lag4",-0.240035043840843
184,"lag5",3.75773736348894
184,"lag6",0.61728488525969
184,"lag7",2.09510749427017
184,"lag8",-1.82541372477346
184,"lag9",0.821448945470927
184,"lag10",2.53262870272729
184,"lag11",2.23341645792079
184,"lag12",0.433148125043373
185,"lag1",0.0255041606752764
185,"lag2",-1.68396762376138
185,"lag3",-0.358306028469474
185,"lag4",0.250215735909954
185,"lag5",3.14121391199411
185,"lag6",5.85339685206478
185,"lag7",5.20816964630032
185,"lag8",2.56224227600922
185,"lag9",5.12465389031215
185,"lag10",4.19080343791143
185,"lag11",2.984295197965
185,"lag12",4.72348883940157
186,"lag1",-0.630655547402644
186,"lag2",-3.05352053481461
186,"lag3",5.31346182301903
186,"lag4",-1.97218297563092
186,"lag5",-2.45326069984055
186,"lag6",-3.07610753802037
186,"lag7",-4.40861904267286
186,"lag8",-0.849512594307893
186,"lag9",1.43127521115572
186,"lag10",-0.350564383227939
186,"lag11",0.0221237923010159
186,"lag12",0.999745327723107
187,"lag1",-4.07102245915806
187,"lag2",-2.16586195072005
187,"lag3",-2.10376360688293
187,"lag4",1.04903007821767
187,"lag5",1.19969462902293
187,"lag6",-1.44977776233952
187,"lag7",-4.60546464978503
187,"lag8",-6.03487536867522
187,"lag9",1.64222575812741
187,"lag10",0.0453318763941194
187,"lag11",-0.0301936581805098
187,"lag12",-0.659873326255694
188,"lag1",0.0523926967369592
188,"lag2",0.515134637775315
188,"lag3",-0.973916066628973
188,"lag4",-0.22646079710679
188,"lag5",1.6708247076327
188,"lag6",-0.0426476323040239
188,"lag7",-0.242969534630566
188,"lag8",-4.31889496780544
188,"lag9",1.6714341644122
188,"lag10",4.32918633011218
188,"lag11",4.04897336650751
188,"lag12",3.36732702685738
189,"lag1",4.48972688924805
189,"lag2",6.152473820777
189,"lag3",0.8825277378397
189,"lag4",1.04986044153531
189,"lag5",4.01986516864938
189,"lag6",2.96097287142642
189,"lag7",2.73625683066333
189,"lag8",2.35020226664791
189,"lag9",2.32333471469146
189,"lag10",7.11237118128215
189,"lag11",0.507981125695964
189,"lag12",1.2290879288317
190,"lag1",-0.509746168471654
190,"lag2",-1.70916273979095
190,"lag3",-2.50603285369461
190,"lag4",-2.56706423372519
190,"lag5",-2.80884090529816
190,"lag6",-0.85147971405058
190,"lag7",1.96457162896428
190,"lag8",1.07167648103498
190,"lag9",2.773889620883
190,"lag10",4.4783111180375
190,"lag11",3.12844147107125
190,"lag12",0.141733727940753
191,"lag1",-0.763029159444645
191,"lag2",-1.80696775244396
191,"lag3",1.37456697987491
191,"lag4",1.08584473820506
191,"lag5",0.696875099619975
191,"lag6",-0.0280243388113137
191,"lag7",2.6309702407696
191,"lag8",3.15175499268269
191,"lag9",4.76166285307112
191,"lag10",1.85171923411043
191,"lag11",3.65667172408186
191,"lag12",1.58680720151514
192,"lag1",-2.35550624149983
192,"lag2",0.801737198606652
192,"lag3",3.57438259653444
192,"lag4",-0.422170729664575
192,"lag5",-0.342794308716749
192,"lag6",0.270584070733694
192,"lag7",1.6722655299155
192,"lag8",-0.680592134967334
192,"lag9",-1.82142125306667
192,"lag10",-1.97358978511533
192,"lag11",0.0168720530046216
192,"lag12",2.89290740903619
193,"lag1",-1.84626262654533
193,"lag2",2.79794626106882
193,"lag3",0.547641635391385
193,"lag4",0.987368780979181
193,"lag5",-1.90983400899318
193,"lag6",-0.421192698069337
193,"lag7",1.13665299175167
193,"lag8",4.14304015034356
193,"lag9",4.07703373894543
193,"lag10",1.25796192459797
193,"lag11",0.714023840694937
193,"lag12",5.80306101285807
194,"lag1",-1.1597873131465
194,"lag2",-2.42539779747343
194,"lag3",-4.64680273283823
194,"lag4",-1.34943372177667
194,"lag5",0.584901715028949
194,"lag6",2.68505131736262
194,"lag7",-0.0258941072781046
194,"lag8",2.99776715797954
194,"lag9",3.89892615506598
194,"lag10",4.50076902485138
194,"lag11",5.91216477283746
194,"lag12",4.60753059618762
195,"lag1",1.16421058907632
195,"lag2",1.36432705907213
195,"lag3",-2.115050150491
195,"lag4",0.410137873088741
195,"lag5",-0.0748576202872919
195,"lag6",-0.945493072316647
195,"lag7",0.283069127954214
195,"lag8",-1.7313281550523
195,"lag9",3.35228460422289
195,"lag10",1.83866216268761
195,"lag11",3.10451749458217
195,"lag12",0.92080602692161
196,"lag1",0.52342240331933
196,"lag2",2.40004310621247
196,"lag3",1.14045559212858
196,"lag4",-0.0455358446694532
196,"lag5",-0.333086809492471
196,"lag6",2.17553413231482
196,"lag7",-3.49830112365712
196,"lag8",-1.61258833495348
196,"lag9",-0.0909519685455472
196,"lag10",2.44523921748391
196,"lag11",2.66464605440816
196,"lag12",-0.642341517430567
197,"lag1",2.51442171077714
197,"lag2",7.47097603612496
197,"lag3",-1.1262638818821
197,"lag4",0.140874895362524
197,"lag5",0.153108355417871
197,"lag6",1.80112314804737
197,"lag7",0.395471071451337
197,"lag8",1.9520027135309
197,"lag9",-0.0126836506965047
197,"lag10",1.44227130269564
197,"lag11",1.72213381221284
197,"lag12",-2.28327328443563
198,"lag1",0.150135851920953
198,"lag2",-1.68025870008949
198,"lag3",-0.657320406332453
198,"lag4",1.26370362900607
198,"lag5",-3.4260942839308
198,"lag6",-1.5073289450214
198,"lag7",-3.92453963819775
198,"lag8",-2.77763196871135
198,"lag9",-2.08063308312043
198,"lag10",-0.503569244476239
198,"lag11",2.6006082928727
198,"lag12",3.62231900766164
199,"lag1",0.0110569420974211
199,"lag2",-2.90847605000478
199,"lag3",0.113154796080501
199,"lag4",-0.382843667523313
199,"lag5",-0.990146252669222
199,"lag6",-1.44503482137386
199,"lag7",0.0970148859889305
199,"lag8",-0.521007607119238
199,"lag9",-0.191903026926034
199,"lag10",-1.90589954404289
199,"lag11",0.759236937792857
199,"lag12",0.104775560863059
200,"lag1",0.180841662939302
200,"lag2",0.814282352621767
200,"lag3",-1.41967412090141
200,"lag4",0.348182521504475
200,"lag5",-1.94014762381802
200,"lag6",0.790281268283603
200,"lag7",-1.03909558762901
200,"lag8",1.1341282427797
200,"lag9",-1.85680344641877
200,"lag10",1.55418042318011
200,"lag11",1.63986299137909
200,"lag12",1.52947064186342
201,"lag1",-1.10922756190875
201,"lag2",-0.977840132363839
201,"lag3",3.38833023266263
201,"lag4",-3.30430938471615
201,"lag5",0.268048052971904
201,"lag6",-0.614670949913022
201,"lag7",3.51138917602294
201,"lag8",4.16892761085795
201,"lag9",2.3231446301135
201,"lag10",2.86975280950527
201,"lag11",5.08023539496343
201,"lag12",0.100532383096829
202,"lag1",-5.04388718583501
202,"lag2",-5.21795563901371
202,"lag3",-4.86904314064878
202,"lag4",-4.2935529643841
202,"lag5",-3.24180283670624
202,"lag6",1.13022040718211
202,"lag7",-0.690760905061889
202,"lag8",-0.979146419071201
202,"lag9",-0.0519198399403931
202,"lag10",2.33500993124567
202,"lag11",1.57310724394544
202,"lag12",3.7643884509478
203,"lag1",-0.653133064562599
203,"lag2",-3.04252631101898
203,"lag3",-1.40957302412273
203,"lag4",0.886681829167925
203,"lag5",0.738101395871427
203,"lag6",1.72669404719935
203,"lag7",-1.4423006458369
203,"lag8",-3.21308421595817
203,"lag9",-0.069334785065948
203,"lag10",6.73026407542757
203,"lag11",2.12553027469177
203,"lag12",2.37971034340044
204,"lag1",0.933298218165526
204,"lag2",-1.40611460961074
204,"lag3",3.43441246150647
204,"lag4",1.7505310746848
204,"lag5",-0.625865579837989
204,"lag6",-1.1305245882574
204,"lag7",5.27582200957005
204,"lag8",3.291863791879
204,"lag9",4.81153536003776
204,"lag10",-0.813484249662372
204,"lag11",4.73312932173917
204,"lag12",4.44312202313587
205,"lag1",0.397486027899597
205,"lag2",-1.64363687529905
205,"lag3",-0.756528574970481
205,"lag4",2.78568583179165
205,"lag5",2.23611010239051
205,"lag6",4.43896488510125
205,"lag7",1.73872200028893
205,"lag8",3.04722463143285
205,"lag9",2.14529400570316
205,"lag10",4.6705606849063
205,"lag11",3.1432857780189
205,"lag12",2.17000859616645
206,"lag1",-1.43006456050809
206,"lag2",-5.09201744154509
206,"lag3",1.72992060659585
206,"lag4",-1.23153732838533
206,"lag5",0.0317998177941156
206,"lag6",-1.30004812235909
206,"lag7",-0.791949673324369
206,"lag8",-5.52164771239349
206,"lag9",0.00575155447886205
206,"lag10",-1.17014575885209
206,"lag11",-0.831116029475765
206,"lag12",1.7669810498555
207,"lag1",-2.58733754961932
207,"lag2",-4.83441763043829
207,"lag3",0.79761722835102
207,"lag4",1.37483448007245
207,"lag5",0.225747725818243
207,"lag6",0.527003873338457
207,"lag7",1.66745935671802
207,"lag8",1.07306108687505
207,"lag9",2.32188828524935
207,"lag10",0.393000495103774
207,"lag11",1.15653057157648
207,"lag12",1.61350039742366
208,"lag1",-0.371830923303159
208,"lag2",3.46110761295968
208,"lag3",-0.0114742874878612
208,"lag4",0.0802440332197744
208,"lag5",1.03654114118118
208,"lag6",-0.555357116993577
208,"lag7",-2.82623765021831
208,"lag8",-3.9554289668337
208,"lag9",-2.83808479680567
208,"lag10",0.0560421563979661
208,"lag11",1.25683450696508
208,"lag12",1.28682314927028
209,"lag1",1.01613196118208
209,"lag2",-1.35379930647844
209,"lag3",1.20315962115125
209,"lag4",1.43463777415882
209,"lag5",-0.0675131500969895
209,"lag6",-0.715054441240816
209,"lag7",-0.398344860468632
209,"lag8",-3.44571097422817
209,"lag9",3.76110111515323
209,"lag10",6.29865424672046
209,"lag11",4.29751041208587
209,"lag12",5.99350050646685
210,"lag1",0.32947280269369
210,"lag2",-1.65610372603443
210,"lag3",6.62848309883659
210,"lag4",3.80447540701581
210,"lag5",3.94903502918299
210,"lag6",4.18531364807073
210,"lag7",4.52070125121353
210,"lag8",-0.0993531443809226
210,"lag9",5.78502856980395
210,"lag10",3.53327057193291
210,"lag11",1.43899127980148
210,"lag12",-0.124086293175095
211,"lag1",-0.0488994166820329
211,"lag2",0.650648220052626
211,"lag3",3.12129966826464
211,"lag4",1.67620220208383
211,"lag5",-0.268720545349049
211,"lag6",-1.90765479122985
211,"lag7",-0.829415634852367
211,"lag8",-1.62943009185242
211,"lag9",2.47468721346582
211,"lag10",1.92508945801585
211,"lag11",1.17487835369525
211,"lag12",0.0850712862968455
212,"lag1",-1.93106673379646
212,"lag2",-1.24686077613979
212,"lag3",-1.97920508655359
212,"lag4",-0.977440361125622
212,"lag5",1.91895499127505
212,"lag6",0.650444332899254
212,"lag7",0.200324602368977
212,"lag8",-4.31604099249524
212,"lag9",2.09419966511385
212,"lag10",5.7571298139814
212,"lag11",3.13141870454293
212,"lag12",0.500016866948655
213,"lag1",-1.50343102443412
213,"lag2",-1.53153922548359
213,"lag3",-1.18519094379993
213,"lag4",0.556024827433417
213,"lag5",-1.51590768792372
213,"lag6",0.751037202130238
213,"lag7",2.63055723565793
213,"lag8",5.29518978558476
213,"lag9",4.64463826101708
213,"lag10",2.21878482311418
213,"lag11",1.13298782953067
213,"lag12",-0.458356039446874
214,"lag1",3.39591714529755
214,"lag2",-0.833033367051503
214,"lag3",2.01970655417086
214,"lag4",1.66994513346184
214,"lag5",1.32581856435146
214,"lag6",6.31601697561168
214,"lag7",5.05591537020044
214,"lag8",1.3053925714047
214,"lag9",0.457527053627748
214,"lag10",-0.627155333998444
214,"lag11",4.44444761884193
214,"lag12",3.82465622698595
215,"lag1",1.04973842753306
215,"lag2",0.546926006300541
215,"lag3",-0.639395296692235
215,"lag4",3.26235175662736
215,"lag5",-0.597274735129545
215,"lag6",1.76957350963396
215,"lag7",-1.41054025094715
215,"lag8",-0.878337825775062
215,"lag9",0.375333499583754
215,"lag10",7.01907763867767
215,"lag11",5.66788564917868
215,"lag12",3.11348903436601
216,"lag1",-3.97636464894745
216,"lag2",-2.60066898503899
216,"lag3",7.87549616766005
216,"lag4",6.09162998625058
216,"lag5",1.58268658530747
216,"lag6",1.51404396053054
216,"lag7",0.080391424258718
216,"lag8",-0.625299212324078
216,"lag9",5.69592248293216
216,"lag10",3.8081286757675
216,"lag11",3.98323727497133
216,"lag12",1.40242030736304
217,"lag1",-3.43302027892962
217,"lag2",-0.845945540281255
217,"lag3",5.90220018062441
217,"lag4",4.47723718987495
217,"lag5",-0.0330435314428532
217,"lag6",1.78443919234279
217,"lag7",1.57860586776102
217,"lag8",0.262527108389862
217,"lag9",6.41391530110182
217,"lag10",1.2591795697784
217,"lag11",1.93096391564464
217,"lag12",1.98090248159319
218,"lag1",-0.926878977202036
218,"lag2",-2.1537067964572
218,"lag3",5.43598172257969
218,"lag4",3.62444232182149
218,"lag5",1.48522407443883
218,"lag6",2.78415308974044
218,"lag7",1.88693603772455
218,"lag8",-0.281769526346226
218,"lag9",4.07481650531753
218,"lag10",2.80910037724929
218,"lag11",3.53737699401316
218,"lag12",0.957717668017648
219,"lag1",-1.84463655332234
219,"lag2",-3.58492316602037
219,"lag3",-0.61663081065915
219,"lag4",-0.689187433807161
219,"lag5",2.69567437229513
219,"lag6",-0.902362740307644
219,"lag7",-0.284473020273041
219,"lag8",-2.11120055223841
219,"lag9",3.72119033138166
219,"lag10",3.0538247051964
219,"lag11",-0.976249432399709
219,"lag12",-0.245059211265577
220,"lag1",2.29248806022766
220,"lag2",-0.0727243014161465
220,"lag3",-1.13306778858996
220,"lag4",0.304687092760448
220,"lag5",1.31325396336331
220,"lag6",0.444877041461137
220,"lag7",-0.582230400968486
220,"lag8",-2.15017247821952
220,"lag9",1.18056609830947
220,"lag10",5.44254450565363
220,"lag11",1.75735568839029
220,"lag12",2.22794430078905
221,"lag1",-0.994383923367792
221,"lag2",0.930949502617858
221,"lag3",3.02113376728831
221,"lag4",2.41149127648333
221,"lag5",0.561936983352683
221,"lag6",-0.876609251614657
221,"lag7",-0.925541671744349
221,"lag8",-3.90005709699409
221,"lag9",-0.774001227174406
221,"lag10",0.549767926380375
221,"lag11",2.45141939463852
221,"lag12",0.921796988351474
222,"lag1",-0.909280151106366
222,"lag2",-4.13844245211981
222,"lag3",-0.372891283560426
222,"lag4",-3.74813690532436
222,"lag5",-0.906793678024825
222,"lag6",-1.51438626693518
222,"lag7",0.372585985925151
222,"lag8",5.02554594230185
222,"lag9",3.95579677385689
222,"lag10",-0.450945966902413
222,"lag11",3.49225173790673
222,"lag12",4.20507243599424
223,"lag1",-3.72936899529091
223,"lag2",-4.33884268094315
223,"lag3",0.0080491976062173
223,"lag4",-2.59501001937264
223,"lag5",-2.32813779749591
223,"lag6",0.0827736197810715
223,"lag7",4.18556771438779
223,"lag8",-2.0800147157585
223,"lag9",1.7192467579799
223,"lag10",-0.0554387420998502
223,"lag11",6.18007367476278
223,"lag12",0.959582883025771
224,"lag1",-1.19646316072738
224,"lag2",-1.1023922755715
224,"lag3",3.21456270355602
224,"lag4",2.76478423565218
224,"lag5",-1.30642444273163
224,"lag6",-0.316103006872886
224,"lag7",2.12930972488915
224,"lag8",-2.8831690721606
224,"lag9",2.99645284458807
224,"lag10",6.9565982701914
224,"lag11",-0.252455629525925
224,"lag12",-0.422110676900087
225,"lag1",-1.18287505768616
225,"lag2",-1.74490588925327
225,"lag3",-0.142604213968941
225,"lag4",-2.40200826889194
225,"lag5",-4.41913513761745
225,"lag6",-3.31203400983293
225,"lag7",0.0636089897381892
225,"lag8",-3.05191946741702
225,"lag9",-1.25933343920785
225,"lag10",2.21502727485964
225,"lag11",6.10807116562365
225,"lag12",6.81044754536635
226,"lag1",-5.19056152689302
226,"lag2",-0.791778965747492
226,"lag3",3.8731200620236
226,"lag4",2.31074105498957
226,"lag5",-2.01239397794737
226,"lag6",0.512681849706058
226,"lag7",0.0281404378724063
226,"lag8",-2.84938669618778
226,"lag9",2.33387070230723
226,"lag10",1.97773021238884
226,"lag11",0.752330529339961
226,"lag12",-0.235063990574088
227,"lag1",-4.38254327707515
227,"lag2",-1.86614719568679
227,"lag3",0.913031813220888
227,"lag4",0.0659545870166429
227,"lag5",-0.539843596299912
227,"lag6",1.833688077701
227,"lag7",1.7753471547539
227,"lag8",2.68230642493274
227,"lag9",6.5670133857115
227,"lag10",4.92897888834206
227,"lag11",4.33060916358244
227,"lag12",1.42694424763932
228,"lag1",-1.56968731798512
228,"lag2",-3.05252834420842
228,"lag3",-0.0590651544942214
228,"lag4",0.141282159866317
228,"lag5",2.80026064617166
228,"lag6",2.12846457727521
228,"lag7",-0.840638106048188
228,"lag8",1.22322080253789
228,"lag9",7.46108647506957
228,"lag10",4.44080578465919
228,"lag11",1.61172615002823
228,"lag12",1.81824127692622
229,"lag1",1.41298389392129
229,"lag2",0.198925201378268
229,"lag3",3.82327143798718
229,"lag4",5.32048879741926
229,"lag5",3.04677436231017
229,"lag6",3.03916278430333
229,"lag7",0.586458327973578
229,"lag8",4.23154235586019
229,"lag9",3.90962998829167
229,"lag10",0.159651546109381
229,"lag11",0.934482753203747
229,"lag12",3.87538441052464
230,"lag1",2.99299660466552
230,"lag2",2.74409187787804
230,"lag3",-2.35111081116233
230,"lag4",-1.20619888715443
230,"lag5",-0.536469674621846
230,"lag6",4.43823314885134
230,"lag7",2.05696356829101
230,"lag8",0.0747397609255816
230,"lag9",2.73716795057005
230,"lag10",1.46294839185193
230,"lag11",0.00554005545907507
230,"lag12",1.32703162915868
231,"lag1",2.22752537968853
231,"lag2",0.42282771741637
231,"lag3",0.348602332833162
231,"lag4",-0.0140691847234226
231,"lag5",-3.30572722205327
231,"lag6",-2.4474929845418
231,"lag7",-2.52789824287707
231,"lag8",-1.80445498951034
231,"lag9",6.1016210272502
231,"lag10",-0.136101187676154
231,"lag11",1.93731398136144
231,"lag12",-1.51348771283961
232,"lag1",2.7361184840357
232,"lag2",1.38373703896473
232,"lag3",-1.27598361009801
232,"lag4",-2.58203080673631
232,"lag5",-3.34408321387305
232,"lag6",0.344065788892942
232,"lag7",0.429329325724632
232,"lag8",-0.529308352813848
232,"lag9",-0.859288891551073
232,"lag10",2.6437457354224
232,"lag11",3.2304529590081
232,"lag12",2.32621227796145
233,"lag1",1.52689282079001
233,"lag2",-2.35107724319117
233,"lag3",-0.919169150044037
233,"lag4",-0.61891580284673
233,"lag5",0.908154478145163
233,"lag6",2.50226048921773
233,"lag7",2.48599881901448
233,"lag8",0.0733566517400786
233,"lag9",0.731548528581719
233,"lag10",0.0450873672467691
233,"lag11",4.77784035216225
233,"lag12",1.62917436245656
234,"lag1",-0.901118646663351
234,"lag2",0.367402288940992
234,"lag3",1.2005228675241
234,"lag4",3.4976539940769
234,"lag5",1.10319120314441
234,"lag6",-1.00714434243047
234,"lag7",2.54833804121328
234,"lag8",2.16387951016865
234,"lag9",2.26775149254509
234,"lag10",0.894216273220177
234,"lag11",2.5370520365829
234,"lag12",0.96013134435047
235,"lag1",-1.69239463443045
235,"lag2",-3.42899927296196
235,"lag3",3.92131582976818
235,"lag4",2.30740577534326
235,"lag5",-1.10927281063693
235,"lag6",0.670793840453614
235,"lag7",0.437016560374897
235,"lag8",-2.08340910585308
235,"lag9",1.3114842872268
235,"lag10",3.29135460655319
235,"lag11",0.76644737723787
235,"lag12",3.00009460024192
236,"lag1",-1.9268199763243
236,"lag2",-5.17825917816535
236,"lag3",-3.57539372952337
236,"lag4",-3.70179956500185
236,"lag5",3.06160550376836
236,"lag6",0.0229657795441384
236,"lag7",1.27107904929468
236,"lag8",-1.50022862083673
236,"lag9",-2.69611827780562
236,"lag10",1.11761272090446
236,"lag11",-0.849108233861947
236,"lag12",1.24511997827719
237,"lag1",-2.13919235422461
237,"lag2",-1.71199321557078
237,"lag3",-3.79744580832373
237,"lag4",-3.52194756499785
237,"lag5",-0.912744927743059
237,"lag6",0.728557696571973
237,"lag7",0.285388741921028
237,"lag8",-3.05128665406268
237,"lag9",0.527438935734561
237,"lag10",-3.68212588982397
237,"lag11",-1.02151379565413
237,"lag12",0.103807095416093
238,"lag1",-2.01154501390113
238,"lag2",0.190127407097471
238,"lag3",5.14776984486881
238,"lag4",3.22514185965452
238,"lag5",3.84585716770008
238,"lag6",2.87763032947732
238,"lag7",-1.249280697629
238,"lag8",-1.54072106340383
238,"lag9",8.28155286471103
238,"lag10",5.26940448083077
238,"lag11",3.63432556423446
238,"lag12",4.28947614819306
239,"lag1",-3.46988901042221
239,"lag2",-5.68072554354864
239,"lag3",-4.94579838004219
239,"lag4",-4.18035124493272
239,"lag5",-2.50391780003386
239,"lag6",-4.74481281142338
239,"lag7",-4.09571412284902
239,"lag8",-2.61239355981479
239,"lag9",-4.0366315818469
239,"lag10",-2.74486109808487
239,"lag11",-1.30860096562187
239,"lag12",-2.35283224183891
240,"lag1",-3.07765759919298
240,"lag2",-5.18915361484741
240,"lag3",-3.67257815848878
240,"lag4",-4.78551762067038
240,"lag5",1.40449097305197
240,"lag6",1.30108506723393
240,"lag7",-0.813988848776661
240,"lag8",-3.5920481290422
240,"lag9",-2.29892596692978
240,"lag10",-4.44981137843114
240,"lag11",0.197335072545621
240,"lag12",-3.87602489344649
241,"lag1",1.97444342346355
241,"lag2",-2.34816872332412
241,"lag3",0.289657571261114
241,"lag4",0.0519187852721854
241,"lag5",0.874894718544182
241,"lag6",4.24461653789806
241,"lag7",1.13074381684034
241,"lag8",0.976930895260177
241,"lag9",3.20694465295018
241,"lag10",1.09642904680755
241,"lag11",0.720087596937366
241,"lag12",1.664736805808
242,"lag1",0.123128996824295
242,"lag2",0.123643711602635
242,"lag3",-0.518885657956904
242,"lag4",-1.2132739124346
242,"lag5",1.45349944186878
242,"lag6",0.444442663037518
242,"lag7",1.91005377985199
242,"lag8",0.746442625985825
242,"lag9",2.94323754151224
242,"lag10",1.59055934310217
242,"lag11",0.423979007788575
242,"lag12",-0.0123108610933649
243,"lag1",-1.24454324881519
243,"lag2",-1.00895408457498
243,"lag3",5.36433035995833
243,"lag4",4.31980833726435
243,"lag5",2.296291114347
243,"lag6",2.76580481963686
243,"lag7",4.85391109333545
243,"lag8",2.95093814831686
243,"lag9",3.51329139262837
243,"lag10",0.0144107386917169
243,"lag11",5.57409414166759
243,"lag12",2.43756917529859
244,"lag1",-3.19590734319808
244,"lag2",-1.69352997384981
244,"lag3",1.77795084705594
244,"lag4",-2.13643765485568
244,"lag5",2.07711173145431
244,"lag6",-1.15100024736238
244,"lag7",2.05741702247868
244,"lag8",2.4552094133138
244,"lag9",11.9429915759923
244,"lag10",5.57563743764523
244,"lag11",1.17021729005449
244,"lag12",0.770765265458901
245,"lag1",-0.345300780169022
245,"lag2",-1.45409985788622
245,"lag3",-2.46331114285641
245,"lag4",-0.386282667215707
245,"lag5",1.52453863242651
245,"lag6",0.425925550021265
245,"lag7",3.19055142611775
245,"lag8",2.2602535752191
245,"lag9",4.46445988750056
245,"lag10",1.58311982834438
245,"lag11",3.4450366243274
245,"lag12",1.65376527910202
246,"lag1",2.85330082973842
246,"lag2",1.72753322465806
246,"lag3",-1.74623768682705
246,"lag4",-0.893490729450909
246,"lag5",0.635859273562905
246,"lag6",1.36849440341105
246,"lag7",5.34296314234327
246,"lag8",2.52972694485456
246,"lag9",2.01206339016722
246,"lag10",2.11605654048706
246,"lag11",1.06248504190811
246,"lag12",0.906116129393954
247,"lag1",1.01201316101074
247,"lag2",-3.53235953186174
247,"lag3",-0.566155825389583
247,"lag4",-2.61018852270163
247,"lag5",-1.27140024753532
247,"lag6",-3.77353544650537
247,"lag7",-0.443695774372817
247,"lag8",-0.918844989028196
247,"lag9",-1.84884912594268
247,"lag10",-3.52806652073001
247,"lag11",2.5568627891232
247,"lag12",2.51118011766307
248,"lag1",-2.68054162503243
248,"lag2",0.538837104421572
248,"lag3",-0.805889910257436
248,"lag4",3.09987501469763
248,"lag5",-1.12148479366217
248,"lag6",0.788753684552299
248,"lag7",8.34026213018507
248,"lag8",-0.625723028538181
248,"lag9",1.69659019150242
248,"lag10",2.02027574592586
248,"lag11",1.6908815540325
248,"lag12",0.0918390082628423
249,"lag1",1.30129785265108
249,"lag2",-1.34327197633025
249,"lag3",-1.86218228287999
249,"lag4",-1.61981788113349
249,"lag5",1.33082751978565
249,"lag6",2.39904835619129
249,"lag7",4.24759544250995
249,"lag8",0.590152864649687
249,"lag9",-0.418420879870289
249,"lag10",-0.692373244214586
249,"lag11",-0.477632785612621
249,"lag12",0.591741926326344
250,"lag1",-0.0363266943505012
250,"lag2",-0.0683648067534265
250,"lag3",-1.21531102842337
250,"lag4",-1.32903167792296
250,"lag5",-1.57459916190496
250,"lag6",-1.66970933085274
250,"lag7",0.0697471869118112
250,"lag8",-3.24105385322778
250,"lag9",-2.48019352170132
250,"lag10",-1.72908789715528
250,"lag11",0.416429682845163
250,"lag12",1.61621337406055
251,"lag1",7.24834696543837
251,"lag2",-0.808493998487921
251,"lag3",-0.984854224947943
251,"lag4",-0.690618323968259
251,"lag5",-1.33194062038095
251,"lag6",-0.0380033312741236
251,"lag7",-2.28752914102209
251,"lag8",-1.09344605909638
251,"lag9",3.19032869824044
251,"lag10",0.510801566102269
251,"lag11",3.16518304799905
251,"lag12",2.33363415345839
252,"lag1",1.22725866070883
252,"lag2",-0.90003271359938
252,"lag3",2.05451575888448
252,"lag4",1.23007014798299
252,"lag5",2.40697439221927
252,"lag6",1.66723396038931
252,"lag7",0.352552405318059
252,"lag8",-2.23359206594015
252,"lag9",2.86326212677392
252,"lag10",4.35445477798594
252,"lag11",6.82665611093706
252,"lag12",2.36700900506017
253,"lag1",-0.208683478492867
253,"lag2",-3.33281846366065
253,"lag3",1.92584296928808
253,"lag4",1.90022581964008
253,"lag5",0.178529862376493
253,"lag6",0.410350450749557
253,"lag7",0.0148509002380492
253,"lag8",-1.98036349939004
253,"lag9",-0.328191051650213
253,"lag10",-0.847217178792192
253,"lag11",4.31056491180391
253,"lag12",-0.0178936676842695
254,"lag1",-2.31741780331949
254,"lag2",-4.5494482894873
254,"lag3",-4.93919304518029
254,"lag4",-3.84007396885316
254,"lag5",3.96012437381808
254,"lag6",1.06293724131204
254,"lag7",0.67557927974239
254,"lag8",-1.6845378809072
254,"lag9",-1.26295228808495
254,"lag10",-1.40884924254234
254,"lag11",-0.506067598492899
254,"lag12",2.99443323549481
255,"lag1",-1.03174485952162
255,"lag2",-1.47917882541226
255,"lag3",3.17094323912074
255,"lag4",-0.0984419329423651
255,"lag5",0.327251284232443
255,"lag6",-0.238962941233565
255,"lag7",-0.126190799914529
255,"lag8",2.37380318608352
255,"lag9",5.28868440278926
255,"lag10",-1.79929869094018
255,"lag11",-0.203984584659429
255,"lag12",0.762856698870362
256,"lag1",1.30118932186158
256,"lag2",-0.763472794982587
256,"lag3",-1.86837163299881
256,"lag4",0.537889219392645
256,"lag5",-0.561538035500267
256,"lag6",-1.00120605435778
256,"lag7",0.895184922170386
256,"lag8",4.40862382339633
256,"lag9",-0.376960486295901
256,"lag10",0.740626830287372
256,"lag11",3.21581281537774
256,"lag12",5.49294581908392
257,"lag1",-3.52651497939204
257,"lag2",-2.78140084791888
257,"lag3",3.12068519831704
257,"lag4",-1.71122383374492
257,"lag5",-0.860821370082185
257,"lag6",-1.83693143338705
257,"lag7",-4.29906234779733
257,"lag8",-5.19621688004304
257,"lag9",1.84518755065777
257,"lag10",3.58979346737103
257,"lag11",2.60354313182257
257,"lag12",-0.908059253057356
258,"lag1",0.949810615973686
258,"lag2",-0.203648743721617
258,"lag3",-1.05128651811845
258,"lag4",-0.427586319737666
258,"lag5",1.40890289947966
258,"lag6",3.98406886861298
258,"lag7",0.858160401474241
258,"lag8",1.58952192424152
258,"lag9",4.0075524941453
258,"lag10",3.88040403527033
258,"lag11",2.42059989781184
258,"lag12",1.54179482968735
259,"lag1",1.31227941165469
259,"lag2",0.671275408879501
259,"lag3",2.6140957335244
259,"lag4",-2.75374846717124
259,"lag5",-1.55018931994492
259,"lag6",-0.32642045433253
259,"lag7",0.469223794938044
259,"lag8",-0.526515168703126
259,"lag9",1.62022715602872
259,"lag10",10.8158863775597
259,"lag11",4.04441705399935
259,"lag12",4.03414784576268
260,"lag1",-4.22183885836261
260,"lag2",-3.12004600224229
260,"lag3",0.737479066464699
260,"lag4",-2.22272913702147
260,"lag5",-0.235530999750273
260,"lag6",3.08240683112517
260,"lag7",-1.52727792488568
260,"lag8",-1.48306371780513
260,"lag9",-0.60981150098833
260,"lag10",-0.67818331543117
260,"lag11",-0.178604510609318
260,"lag12",0.804030500652341
261,"lag1",1.09313680635014
261,"lag2",-0.619894699151508
261,"lag3",2.46674055010825
261,"lag4",-0.508558902261243
261,"lag5",-1.29703556691558
261,"lag6",2.70828268935672
261,"lag7",-1.67897230820028
261,"lag8",-4.20612562196052
261,"lag9",-0.247038049233717
261,"lag10",2.03006757210766
261,"lag11",3.94691524645986
261,"lag12",1.9005363948483
262,"lag1",0.898526186257818
262,"lag2",-3.88186960053481
262,"lag3",-5.67422921626476
262,"lag4",-2.94705694754944
262,"lag5",-0.298947312378045
262,"lag6",-0.724090310712423
262,"lag7",-0.740977997794035
262,"lag8",-3.60342620939383
262,"lag9",-2.94161301007815
262,"lag10",-1.94922864220706
262,"lag11",0.187467359929999
262,"lag12",1.41080829363307
263,"lag1",1.19616187304993
263,"lag2",-0.134885908313474
263,"lag3",-1.82386555265336
263,"lag4",-4.44667373458401
263,"lag5",-3.50053962155803
263,"lag6",0.693675280965809
263,"lag7",1.83407360489463
263,"lag8",2.60061276111747
263,"lag9",3.5098173116261
263,"lag10",0.171469859407645
263,"lag11",1.92911525958528
263,"lag12",0.28728990948476
264,"lag1",1.34752432522195
264,"lag2",1.83929797008242
264,"lag3",-0.123347708602935
264,"lag4",-2.62248554416631
264,"lag5",-2.80437656767675
264,"lag6",-3.95636908130736
264,"lag7",-2.01409668959302
264,"lag8",3.64108996916552
264,"lag9",2.85077780484011
264,"lag10",1.31388678081331
264,"lag11",-2.44425480578429
264,"lag12",-1.61910529302709
265,"lag1",0.659313963459434
265,"lag2",1.26270357760905
265,"lag3",-1.28158971067981
265,"lag4",-1.6092570002663
265,"lag5",-1.09509749934447
265,"lag6",-0.745237314415221
265,"lag7",2.16238101050647
265,"lag8",-1.05876875129751
265,"lag9",0.914105160643884
265,"lag10",-1.0833994679432
265,"lag11",-2.30967785711722
265,"lag12",0.231882621220597
266,"lag1",-0.947911209977785
266,"lag2",-1.21729942275791
266,"lag3",-1.91099516703916
266,"lag4",1.17044534598952
266,"lag5",2.47244856965937
266,"lag6",0.528196881430973
266,"lag7",0.725314914335409
266,"lag8",-0.356426933172589
266,"lag9",-0.000679845906307652
266,"lag10",3.45804530481932
266,"lag11",4.83334127465027
266,"lag12",5.27341188220137
267,"lag1",-1.4962118403034
267,"lag2",-1.93092209821404
267,"lag3",0.670491506633041
267,"lag4",-2.33712498457277
267,"lag5",-1.3269066733568
267,"lag6",0.100817596936077
267,"lag7",-2.41094688605059
267,"lag8",-2.62565334477831
267,"lag9",0.742756875258168
267,"lag10",-0.0597883990447148
267,"lag11",0.285866549186816
267,"lag12",-0.052285092511723
268,"lag1",-1.25883114936723
268,"lag2",-1.47826238407831
268,"lag3",0.461876367571646
268,"lag4",0.566341128540752
268,"lag5",-1.80245665333445
268,"lag6",-0.919187630747927
268,"lag7",-1.9886191697144
268,"lag8",-3.10333665925659
268,"lag9",-0.5442535853289
268,"lag10",1.7175217066272
268,"lag11",4.93051062496159
268,"lag12",4.74517602669791
269,"lag1",1.8115225261199
269,"lag2",-0.958800482495006
269,"lag3",4.77589554688667
269,"lag4",5.38944661296727
269,"lag5",-0.85330357995589
269,"lag6",0.704357985469335
269,"lag7",1.5301831612828
269,"lag8",-3.23263475026887
269,"lag9",1.63714440544705
269,"lag10",1.17670618135767
269,"lag11",6.78530286881566
269,"lag12",6.69102925808484
270,"lag1",-0.690816766990921
270,"lag2",-0.909654991767423
270,"lag3",-1.65559152186398
270,"lag4",-5.53111095368348
270,"lag5",1.80381076194837
270,"lag6",0.507508925511457
270,"lag7",2.57738161377023
270,"lag8",-0.720955760837855
270,"lag9",2.82725895831265
270,"lag10",-0.0853113509914631
270,"lag11",-1.81221654400912
270,"lag12",0.212580584624244
271,"lag1",-3.03415509569976
271,"lag2",-4.73903187796854
271,"lag3",-7.09982365085794
271,"lag4",-6.28705051183754
271,"lag5",-4.06698737625437
271,"lag6",-4.45190538553486
271,"lag7",-4.0839077201714
271,"lag8",-2.71880259006596
271,"lag9",-1.60465814542214
271,"lag10",-1.31406131618144
271,"lag11",-1.03003102987562
271,"lag12",2.49449537128638
272,"lag1",-3.61751528067137
272,"lag2",-4.22037244826037
272,"lag3",-1.96588654531454
272,"lag4",-2.6771776792515
272,"lag5",-1.93657160809948
272,"lag6",-0.309774181350626
272,"lag7",4.11743245023822
272,"lag8",5.57207922943595
272,"lag9",2.13783523701683
272,"lag10",3.37829599719354
272,"lag11",-0.144203312247085
272,"lag12",1.54776261056295
273,"lag1",-1.22983238935634
273,"lag2",1.36381116826954
273,"lag3",3.63346694587354
273,"lag4",0.0990699348337644
273,"lag5",1.42239523200878
273,"lag6",-1.5537636006418
273,"lag7",0.897736292575758
273,"lag8",3.49276918088311
273,"lag9",6.42488994458088
273,"lag10",1.61246727124937
273,"lag11",1.58512001780831
273,"lag12",1.27712617862332
274,"lag1",-0.166597288043643
274,"lag2",-3.64812263040795
274,"lag3",-0.248003614465056
274,"lag4",2.14300570618746
274,"lag5",3.07191416049514
274,"lag6",2.44193999421253
274,"lag7",1.97386901581187
274,"lag8",-1.60007422287057
274,"lag9",0.679124312793512
274,"lag10",3.57824626061815
274,"lag11",1.81852846407159
274,"lag12",0.274522419040847
275,"lag1",-3.37845241240947
275,"lag2",-3.46305406945818
275,"lag3",6.63594394605103
275,"lag4",2.17924344980335
275,"lag5",0.145580318125444
275,"lag6",-1.6468823170962
275,"lag7",-1.07327155122309
275,"lag8",-0.713886052934933
275,"lag9",4.90440953451534
275,"lag10",-0.718698475599298
275,"lag11",5.14836137962489
275,"lag12",1.01176180960034
276,"lag1",-2.14910194964126
276,"lag2",-4.40005801552344
276,"lag3",-0.25849470211553
276,"lag4",3.38086803262021
276,"lag5",4.07514446411921
276,"lag6",5.1359549762629
276,"lag7",2.2113669167281
276,"lag8",1.01337792281096
276,"lag9",1.63841359670727
276,"lag10",1.71191039382757
276,"lag11",1.40763174185086
276,"lag12",1.95397910539698
277,"lag1",1.77285384973392
277,"lag2",0.518833312669026
277,"lag3",-0.00262053956383374
277,"lag4",-1.86404433458744
277,"lag5",-1.62513174132344
277,"lag6",0.871922109305128
277,"lag7",2.49688079583239
277,"lag8",3.49141662181047
277,"lag9",4.35117517256229
277,"lag10",3.92985247496099
277,"lag11",-1.38983629709023
277,"lag12",-0.38134024955407
278,"lag1",-0.802858445510249
278,"lag2",-2.71539853310791
278,"lag3",3.69633689595744
278,"lag4",4.98717401252245
278,"lag5",0.0161960048953536
278,"lag6",-0.0834194106920527
278,"lag7",-1.28594816599045
278,"lag8",-1.38930565196934
278,"lag9",5.87679132168717
278,"lag10",4.51487069304003
278,"lag11",-0.468321015074281
278,"lag12",2.61510085684544
279,"lag1",3.4948131233596
279,"lag2",-1.37933125320622
279,"lag3",-1.8100737787524
279,"lag4",-3.76157274797532
279,"lag5",-5.04118815110924
279,"lag6",-2.99807457564322
279,"lag7",-2.23083641037285
279,"lag8",-3.57325613035632
279,"lag9",-4.04890008679139
279,"lag10",1.4485847172977
279,"lag11",2.63262812264668
279,"lag12",3.16447535788709
280,"lag1",0.158393869235515
280,"lag2",-0.665653278198607
280,"lag3",1.45857914877645
280,"lag4",0.0317540229428984
280,"lag5",1.49876658959794
280,"lag6",1.31461826586442
280,"lag7",-0.621275299043815
280,"lag8",-1.61763346374692
280,"lag9",4.85486020669764
280,"lag10",1.13602393699832
280,"lag11",0.0230089991037438
280,"lag12",1.38319030578056
281,"lag1",-0.481644832541057
281,"lag2",-0.392094295723926
281,"lag3",1.14818323623773
281,"lag4",3.21392169128732
281,"lag5",1.22321593084404
281,"lag6",-0.0102657756174765
281,"lag7",0.165681920196383
281,"lag8",-1.01236027311515
281,"lag9",2.35185850862121
281,"lag10",-0.66382852716805
281,"lag11",-0.225173064703997
281,"lag12",1.51560030437187
282,"lag1",-2.61242641303298
282,"lag2",-2.5192228389331
282,"lag3",-4.20151189424288
282,"lag4",-3.09608595834928
282,"lag5",-3.91888611775589
282,"lag6",-2.52365856269605
282,"lag7",-1.32367216348048
282,"lag8",-2.00902255448337
282,"lag9",-2.12584005297718
282,"lag10",-3.02571894613259
282,"lag11",-1.37109286359561
282,"lag12",1.02510192424429
283,"lag1",0.630313099344531
283,"lag2",-1.33378166383484
283,"lag3",4.00569508826188
283,"lag4",3.83000754989467
283,"lag5",1.42076797771829
283,"lag6",-0.607502903924256
283,"lag7",0.409999673914158
283,"lag8",4.55262885956832
283,"lag9",6.83626321804883
283,"lag10",4.64490676861631
283,"lag11",2.16671846932274
283,"lag12",-1.01178033386121
284,"lag1",-1.27384941465919
284,"lag2",-3.28618002032415
284,"lag3",-2.8680708119093
284,"lag4",-1.83145630504323
284,"lag5",1.84130143699993
284,"lag6",2.20414570493544
284,"lag7",2.75022205407265
284,"lag8",0.0488587043116453
284,"lag9",1.74005881674554
284,"lag10",0.0823659973738382
284,"lag11",3.57665600225853
284,"lag12",3.6638367327424
285,"lag1",-0.420570300481186
285,"lag2",1.06426403550504
285,"lag3",2.15644569301139
285,"lag4",-0.0706224341802218
285,"lag5",-0.609651690487744
285,"lag6",0.183834582238512
285,"lag7",0.253861013095038
285,"lag8",-0.0777424082299743
285,"lag9",0.898355127655571
285,"lag10",2.13947726412097
285,"lag11",0.313268723466991
285,"lag12",0.197196323104719
286,"lag1",1.4550348839296
286,"lag2",-0.671644162072643
286,"lag3",-0.0157618939533892
286,"lag4",-0.483300903886798
286,"lag5",3.74766254165207
286,"lag6",0.241308112501289
286,"lag7",2.81326929342115
286,"lag8",2.0447301688829
286,"lag9",2.58808610938292
286,"lag10",0.110460992614545
286,"lag11",3.41309981583327
286,"lag12",3.78832796996879
287,"lag1",-4.47452375868466
287,"lag2",-3.25884410134981
287,"lag3",-0.930809779727393
287,"lag4",0.15862924850204
287,"lag5",-1.72251287613524
287,"lag6",-3.04886322174358
287,"lag7",-2.60098505435248
287,"lag8",-2.89259083964602
287,"lag9",0.885365358586874
287,"lag10",3.36923308395474
287,"lag11",-1.05434630984851
287,"lag12",1.56618163667298
288,"lag1",0.0961618000420757
288,"lag2",-1.03520714006814
288,"lag3",-0.492682024234032
288,"lag4",0.482216636807861
288,"lag5",5.58398700711766
288,"lag6",1.51690677900981
288,"lag7",1.01049814505996
288,"lag8",0.303513425361257
288,"lag9",9.58626516171222
288,"lag10",9.23305267128023
288,"lag11",2.50931086052282
288,"lag12",1.77480398240318
289,"lag1",1.52127269066476
289,"lag2",-1.46172514347324
289,"lag3",-1.61119836322021
289,"lag4",1.89126967549894
289,"lag5",0.35656203034495
289,"lag6",1.11946957350566
289,"lag7",2.81079930732214
289,"lag8",-0.274940777815842
289,"lag9",2.56833350557005
289,"lag10",4.70186812815523
289,"lag11",4.72634471299429
289,"lag12",5.29895028752838
290,"lag1",-1.07337348268678
290,"lag2",-0.630284538852498
290,"lag3",-0.157941854448381
290,"lag4",-1.47027712072687
290,"lag5",-2.09406752597284
290,"lag6",1.4915377455325
290,"lag7",0.789509888314079
290,"lag8",-1.48293554812292
290,"lag9",-1.18542151494358
290,"lag10",4.55401845224432
290,"lag11",3.50444735839654
290,"lag12",3.34159535781141
291,"lag1",0.0422921753709941
291,"lag2",-1.61726523850698
291,"lag3",6.46435222157965
291,"lag4",2.2345295927443
291,"lag5",0.00453697225017757
291,"lag6",2.26624481648898
291,"lag7",3.76324120540363
291,"lag8",3.11542598633344
291,"lag9",5.17817239786394
291,"lag10",2.57470776658725
291,"lag11",3.47124595418031
291,"lag12",3.2940968583302
292,"lag1",-1.72228766849934
292,"lag2",-4.30315905238903
292,"lag3",-5.45622575578514
292,"lag4",-3.95719595266905
292,"lag5",0.458425711735632
292,"lag6",-0.3812355380602
292,"lag7",3.78120389823247
292,"lag8",-4.11737206849646
292,"lag9",-2.87947778465302
292,"lag10",1.91784213104119
292,"lag11",3.15252579118881
292,"lag12",-3.19580850340666
293,"lag1",-0.999659938326049
293,"lag2",-1.88852219807537
293,"lag3",-2.12369088355357
293,"lag4",0.87588077472024
293,"lag5",-1.40018491470253
293,"lag6",0.449643155672087
293,"lag7",-0.850764985434928
293,"lag8",-0.591904264776193
293,"lag9",0.791657652037593
293,"lag10",-0.532955264777942
293,"lag11",-1.14979072898057
293,"lag12",-0.474403243365746
294,"lag1",-0.384275956395785
294,"lag2",-1.72190205604468
294,"lag3",0.749392652041193
294,"lag4",0.84469078710022
294,"lag5",2.1040590087723
294,"lag6",-1.09836672672877
294,"lag7",-0.864469156436102
294,"lag8",1.19987514501602
294,"lag9",3.27121892245899
294,"lag10",-0.141863738737294
294,"lag11",1.54571374203516
294,"lag12",-0.153499432417466
295,"lag1",3.32578357841595
295,"lag2",-1.3538524547547
295,"lag3",0.344602794158766
295,"lag4",0.519925445711391
295,"lag5",3.95225599847084
295,"lag6",1.51524361600768
295,"lag7",1.05519100842739
295,"lag8",1.01794635699439
295,"lag9",6.26403504316449
295,"lag10",7.51563770984885
295,"lag11",5.128909131421
295,"lag12",5.48780142024431
296,"lag1",-3.44832180947229
296,"lag2",-3.06727146862003
296,"lag3",0.414551102872126
296,"lag4",-2.70947805163538
296,"lag5",-2.43728943441503
296,"lag6",-1.7714091775142
296,"lag7",-2.68574633172693
296,"lag8",-3.15146677443316
296,"lag9",-0.147413515215147
296,"lag10",-1.48907169405038
296,"lag11",2.00467677794843
296,"lag12",0.281748735628673
297,"lag1",-1.97919754663521
297,"lag2",-1.72284309158452
297,"lag3",-1.61280783992346
297,"lag4",-1.81392433420617
297,"lag5",2.69528301287043
297,"lag6",3.28733512262362
297,"lag7",1.52219693628704
297,"lag8",1.12396035130849
297,"lag9",1.84251324974153
297,"lag10",1.46693760857927
297,"lag11",4.29248359646205
297,"lag12",3.68573113307243
298,"lag1",0.968989070944505
298,"lag2",0.527453686597445
298,"lag3",1.49516082961325
298,"lag4",0.0225435323219478
298,"lag5",-0.354477909439284
298,"lag6",-1.18275991204853
298,"lag7",0.505629551455122
298,"lag8",0.825622087318704
298,"lag9",8.58601345966145
298,"lag10",-1.0579362559234
298,"lag11",2.59458293508116
298,"lag12",2.40453384092512
299,"lag1",0.0322079248259011
299,"lag2",1.36037247019717
299,"lag3",1.59230709528064
299,"lag4",-1.23872304716807
299,"lag5",-4.56912762102348
299,"lag6",1.33268225922065
299,"lag7",-0.437328015876344
299,"lag8",4.10351629755399
299,"lag9",4.11119510811996
299,"lag10",2.740148459701
299,"lag11",3.96029608898817
299,"lag12",5.23172730330497
300,"lag1",1.68259809761916
300,"lag2",-2.16728288598999
300,"lag3",-2.24172141075661
300,"lag4",6.41255308626499
300,"lag5",-3.26631941649759
300,"lag6",-0.0462055158822879
300,"lag7",0.922710349595962
300,"lag8",-4.65881497278842
300,"lag9",-3.13160720038318
300,"lag10",4.2054571302756
300,"lag11",0.722400426837406
300,"lag12",-1.27916434878652
301,"lag1",-1.04647593675327
301,"lag2",1.8485284214866
301,"lag3",-4.02420865093779
301,"lag4",-3.61736959366733
301,"lag5",-1.81959358725603
301,"lag6",-1.51716368387653
301,"lag7",-1.12273803733168
301,"lag8",-5.07646716732812
301,"lag9",0.108373027034603
301,"lag10",2.12792640908062
301,"lag11",2.11639880677046
301,"lag12",-3.56394768491462
302,"lag1",0.344404706567216
302,"lag2",-3.71388321780133
302,"lag3",-0.454677120828371
302,"lag4",0.495244495474979
302,"lag5",0.118251652637359
302,"lag6",-0.00277225085006527
302,"lag7",1.4744882295665
302,"lag8",1.26496434500076
302,"lag9",3.65990499860605
302,"lag10",-0.65422025452401
302,"lag11",1.24053520870917
302,"lag12",3.0116086522231
303,"lag1",-2.75148464856696
303,"lag2",-0.492749498139615
303,"lag3",-1.36179932997795
303,"lag4",-1.8904722590442
303,"lag5",-1.23435063174688
303,"lag6",-0.893639693269956
303,"lag7",1.0327831418043
303,"lag8",1.78085124151172
303,"lag9",1.55908008031598
303,"lag10",3.14566731716081
303,"lag11",1.97431454778403
303,"lag12",1.14673024540216
304,"lag1",2.50083291576932
304,"lag2",-1.17422480960931
304,"lag3",-1.36436140576669
304,"lag4",0.292614033353055
304,"lag5",-2.75520727761368
304,"lag6",-1.80005702293831
304,"lag7",-1.40426824764494
304,"lag8",-3.78002400548653
304,"lag9",-0.346526820186178
304,"lag10",-3.6261526421782
304,"lag11",0.971347105880899
304,"lag12",1.66111883343312
305,"lag1",2.0955143648714
305,"lag2",-1.54675289947944
305,"lag3",0.307332490674211
305,"lag4",-2.01869696674136
305,"lag5",-0.465866455318615
305,"lag6",-1.96560831752542
305,"lag7",2.26934439767856
305,"lag8",3.70655989190934
305,"lag9",3.28677582231599
305,"lag10",-1.41669616811127
305,"lag11",1.30210248794797
305,"lag12",-1.93465861417614
306,"lag1",-3.0697919308261
306,"lag2",-1.33173075269099
306,"lag3",-0.925908280227012
306,"lag4",-2.01765932109397
306,"lag5",-2.63215172790722
306,"lag6",5.71478249785544
306,"lag7",6.99666216818496
306,"lag8",5.3499379902986
306,"lag9",3.46500529198617
306,"lag10",4.63155301067398
306,"lag11",0.769349797363173
306,"lag12",5.20338128497287
307,"lag1",-1.09097970542218
307,"lag2",-2.14300134584714
307,"lag3",-0.583872903568551
307,"lag4",3.78510872150763
307,"lag5",3.66822143298589
307,"lag6",4.39490049308318
307,"lag7",4.5499070368581
307,"lag8",1.56430882159453
307,"lag9",5.0216009072951
307,"lag10",2.4837198914955
307,"lag11",7.6314760494866
307,"lag12",5.06395878701076
308,"lag1",-1.92902555986127
308,"lag2",-1.82441831441714
308,"lag3",1.30747328950487
308,"lag4",2.3665116863071
308,"lag5",0.112432262891204
308,"lag6",-2.55158016947374
308,"lag7",-1.65929730746064
308,"lag8",-3.83252729150373
308,"lag9",0.590986623678843
308,"lag10",0.527470053416805
308,"lag11",2.80975178345747
308,"lag12",0.0543867000744302
309,"lag1",-1.48674545534239
309,"lag2",-1.42398468001243
309,"lag3",-1.23473042650165
309,"lag4",-0.520836537056052
309,"lag5",-0.586485094899106
309,"lag6",1.85521968990634
309,"lag7",1.36597348768201
309,"lag8",-1.84429814528729
309,"lag9",0.622313511649668
309,"lag10",5.20777873384645
309,"lag11",5.77507329091005
309,"lag12",0.970225192841602
310,"lag1",-4.25563075540728
310,"lag2",-5.30368842253256
310,"lag3",-5.27279661979151
310,"lag4",-4.91112896559731
310,"lag5",-4.20525925762848
310,"lag6",0.648482930931821
310,"lag7",-3.53887911707836
310,"lag8",-3.48311768448745
310,"lag9",-5.25384961366732
310,"lag10",-3.45601641496679
310,"lag11",-0.720956461480075
310,"lag12",0.595109699324273
311,"lag1",-3.71623711651623
311,"lag2",-4.10254246737263
311,"lag3",-2.56588308518638
311,"lag4",-3.2034288846852
311,"lag5",-0.671980404152805
311,"lag6",-1.84600586225035
311,"lag7",0.905590610001634
311,"lag8",2.1063803178504
311,"lag9",6.06167806671321
311,"lag10",-0.0362582510652291
311,"lag11",1.3841636353702
311,"lag12",2.35886226697834
312,"lag1",1.97913657986952
312,"lag2",0.0966950736644798
312,"lag3",0.425057041629238
312,"lag4",1.37649684764107
312,"lag5",2.18764020371515
312,"lag6",1.00318738700854
312,"lag7",1.06893732942801
312,"lag8",-1.41605228830926
312,"lag9",1.3217945620188
312,"lag10",-1.31595285563086
312,"lag11",2.85409597706036
312,"lag12",-0.750209248741652
313,"lag1",-4.01433645692454
313,"lag2",-3.41231762062684
313,"lag3",-2.32324522212438
313,"lag4",1.45227451241417
313,"lag5",-2.68275882857795
313,"lag6",-0.724891981285116
313,"lag7",-0.745142346240722
313,"lag8",-0.833587022994447
313,"lag9",-0.426669300562918
313,"lag10",-0.214617029152914
313,"lag11",-2.87426647881613
313,"lag12",1.21114634507669
314,"lag1",-1.48068761444958
314,"lag2",4.02623188228127
314,"lag3",0.610758347514943
314,"lag4",0.044500961690668
314,"lag5",1.33470649949059
314,"lag6",-2.20327613816791
314,"lag7",-0.661180696508956
314,"lag8",-0.422373105116138
314,"lag9",0.332684753922851
314,"lag10",2.20624129158867
314,"lag11",1.52848860615036
314,"lag12",-0.996017205946829
315,"lag1",3.88879094645861
315,"lag2",-0.329203049235957
315,"lag3",-0.872311908556263
315,"lag4",0.058240699082628
315,"lag5",-0.254236644460413
315,"lag6",-0.179927663876584
315,"lag7",1.02840068155871
315,"lag8",-3.86239207912864
315,"lag9",-1.36934774446789
315,"lag10",0.631494335102219
315,"lag11",4.04490505560458
315,"lag12",2.88758185291265
316,"lag1",-1.30542131935967
316,"lag2",-2.76280900320182
316,"lag3",-2.49499754895952
316,"lag4",-0.582374253406324
316,"lag5",2.22243661684223
316,"lag6",-0.262353205102554
316,"lag7",0.481202890616792
316,"lag8",-0.197186096375268
316,"lag9",4.14081489135189
316,"lag10",-0.876267854852916
316,"lag11",2.88062023929869
316,"lag12",-0.0483714476977426
317,"lag1",1.22881943328792
317,"lag2",-0.221315679899177
317,"lag3",2.34619389479898
317,"lag4",-0.300152278172264
317,"lag5",0.632554327759467
317,"lag6",1.98461355676247
317,"lag7",0.508639610225346
317,"lag8",2.7131088959536
317,"lag9",1.63689435064823
317,"lag10",5.95905692823676
317,"lag11",3.54120924399257
317,"lag12",0.035574407720339
318,"lag1",-0.932709077016588
318,"lag2",0.0440208807430414
318,"lag3",-1.64610106538887
318,"lag4",-1.30799082575297
318,"lag5",1.69261239383375
318,"lag6",0.138207008691814
318,"lag7",-0.3400201370757
318,"lag8",-0.112389505094401
318,"lag9",-3.89866972943976
318,"lag10",-0.417043828326504
318,"lag11",-0.235906189947218
318,"lag12",-1.74672114052235
319,"lag1",-0.311822647088807
319,"lag2",-0.567605459394637
319,"lag3",-2.49784472121877
319,"lag4",0.184910320355394
319,"lag5",0.907388513670374
319,"lag6",-0.383825968294741
319,"lag7",3.85905759610101
319,"lag8",1.04179041590102
319,"lag9",-0.673830904841679
319,"lag10",0.148640052512825
319,"lag11",0.192087974363925
319,"lag12",1.94624579450227
320,"lag1",-4.9690288208264
320,"lag2",-1.00948958295185
320,"lag3",-0.949132266804446
320,"lag4",0.701775314397667
320,"lag5",-1.08706232597969
320,"lag6",0.360921751726105
320,"lag7",-0.466929391881825
320,"lag8",-1.00926379985199
320,"lag9",1.80707427600529
320,"lag10",7.20817544546493
320,"lag11",3.21297066903889
320,"lag12",-2.10451660537564
321,"lag1",-0.288054159561063
321,"lag2",-0.0723511774144556
321,"lag3",3.28369421784939
321,"lag4",1.19084520376164
321,"lag5",-0.287900878283467
321,"lag6",-1.18254449886794
321,"lag7",-1.06734685158585
321,"lag8",1.32071230208924
321,"lag9",5.29681806458771
321,"lag10",6.53999031276207
321,"lag11",5.76286815471357
321,"lag12",4.25460766801653
322,"lag1",1.41556362234015
322,"lag2",-0.185343581692736
322,"lag3",0.518108818520054
322,"lag4",-1.03138261463785
322,"lag5",-0.0931163415314615
322,"lag6",1.16526262337356
322,"lag7",0.638418156676121
322,"lag8",-0.611540093406877
322,"lag9",-0.173288173078637
322,"lag10",1.19539372395941
322,"lag11",0.869129800365551
322,"lag12",-0.355510870114069
323,"lag1",0.0454560467198946
323,"lag2",-1.6884929872845
323,"lag3",-1.43590734933316
323,"lag4",0.611854234792544
323,"lag5",3.17382948982101
323,"lag6",-1.15030410650455
323,"lag7",2.08460042342244
323,"lag8",2.40648864042531
323,"lag9",1.08289630034732
323,"lag10",-0.00690841113713962
323,"lag11",1.25831174921019
323,"lag12",0.469681898209634
324,"lag1",-0.344669084687884
324,"lag2",-0.785619457820128
324,"lag3",-1.11583550048012
324,"lag4",-2.97859050495266
324,"lag5",-1.16631027915669
324,"lag6",2.36630639413851
324,"lag7",0.729783025057919
324,"lag8",-1.57575599586326
324,"lag9",-0.345517812103797
324,"lag10",5.1616181104391
324,"lag11",3.07803682207369
324,"lag12",2.8224005846622
325,"lag1",0.0797631324880381
325,"lag2",3.09813964157256
325,"lag3",3.53042941397063
325,"lag4",1.49061525158105
325,"lag5",0.966230842986971
325,"lag6",3.04125549459359
325,"lag7",2.04549125976648
325,"lag8",1.74903433337483
325,"lag9",0.683346774022509
325,"lag10",0.668639734791275
325,"lag11",1.70246116427346
325,"lag12",2.78671162707853
326,"lag1",-0.747109494204188
326,"lag2",-0.738904841869654
326,"lag3",-1.70799275947097
326,"lag4",-1.54211588027495
326,"lag5",-0.548904954661977
326,"lag6",1.12136731872968
326,"lag7",1.5965092229897
326,"lag8",2.4210034513981
326,"lag9",-0.597697858435572
326,"lag10",0.875432840202994
326,"lag11",2.63383769305254
326,"lag12",-0.929764592214063
327,"lag1",3.96701114801427
327,"lag2",-1.90563026429584
327,"lag3",-0.24259567490023
327,"lag4",-0.463565239208062
327,"lag5",0.860040849018604
327,"lag6",-1.50891640316957
327,"lag7",1.13789901539578
327,"lag8",2.1963779334861
327,"lag9",4.77577144694929
327,"lag10",1.57948268034419
327,"lag11",1.82978844047079
327,"lag12",-0.144567288024791
328,"lag1",-1.63346256610624
328,"lag2",-2.0811718557172
328,"lag3",-3.25156349895472
328,"lag4",-1.10276611175338
328,"lag5",1.45911441497998
328,"lag6",-0.401972922425111
328,"lag7",1.77945983867969
328,"lag8",-3.7643323929317
328,"lag9",-3.42139688538377
328,"lag10",-0.386460847329171
328,"lag11",4.0346765214233
328,"lag12",-0.615135785085409
329,"lag1",1.71041061072178
329,"lag2",-0.116881627056165
329,"lag3",-0.114168238413918
329,"lag4",4.99587494171449
329,"lag5",0.337548649527513
329,"lag6",1.29391949599726
329,"lag7",-0.162517852639955
329,"lag8",1.35222294769491
329,"lag9",-1.30144849652938
329,"lag10",3.02580999369152
329,"lag11",3.3816445152969
329,"lag12",2.46742995400871
330,"lag1",-1.3294847883952
330,"lag2",-3.85393167418632
330,"lag3",1.97646354835101
330,"lag4",-0.93016472421799
330,"lag5",-0.267653300932627
330,"lag6",-2.60730228302984
330,"lag7",-2.96413602817313
330,"lag8",-2.0613115273692
330,"lag9",-2.12894818663262
330,"lag10",-3.03034251205564
330,"lag11",-1.37815743853407
330,"lag12",-0.52475752740999
331,"lag1",-0.790015293755177
331,"lag2",-3.55393998926753
331,"lag3",-1.26974008683854
331,"lag4",-0.758917198890071
331,"lag5",-1.4437526126364
331,"lag6",0.540830314893409
331,"lag7",2.59134814434571
331,"lag8",-1.64464760138854
331,"lag9",2.26636287440242
331,"lag10",-0.839949866486053
331,"lag11",1.01159645064573
331,"lag12",4.91592204125229
332,"lag1",0.351796794338646
332,"lag2",-4.74786818606985
332,"lag3",-0.233158592158978
332,"lag4",-2.92176887227622
332,"lag5",-1.52566238247253
332,"lag6",0.185612978358972
332,"lag7",1.22362110745709
332,"lag8",-2.75336055311403
332,"lag9",1.67319908741903
332,"lag10",2.29450875923872
332,"lag11",2.10247041771714
332,"lag12",6.85329115847219
333,"lag1",0.475692388689515
333,"lag2",-0.152863708604986
333,"lag3",5.28055302286799
333,"lag4",5.05817291465088
333,"lag5",1.84752786393795
333,"lag6",0.824078876434123
333,"lag7",0.512450020980095
333,"lag8",1.27686821038483
333,"lag9",9.80853149522154
333,"lag10",7.64633420729866
333,"lag11",1.55187007549691
333,"lag12",3.82375114104102
334,"lag1",-0.405256718323466
334,"lag2",-0.904371094102683
334,"lag3",-3.49455132435377
334,"lag4",1.71551439829876
334,"lag5",0.159619529674884
334,"lag6",0.81829917691656
334,"lag7",3.15689187531367
334,"lag8",0.187206282300375
334,"lag9",2.59087713309806
334,"lag10",5.69350322381684
334,"lag11",2.46319800558754
334,"lag12",0.566303258990587
335,"lag1",-1.45051803553255
335,"lag2",4.84051226904669
335,"lag3",0.707345819283726
335,"lag4",4.90482933470137
335,"lag5",4.66801068771251
335,"lag6",0.556458264291837
335,"lag7",-0.624503557686476
335,"lag8",-3.24805446706928
335,"lag9",3.68593969707018
335,"lag10",1.63238507854633
335,"lag11",1.23162129673718
335,"lag12",-1.06618867880368
336,"lag1",-1.7702424905826
336,"lag2",-2.82399730516762
336,"lag3",-4.50204219373843
336,"lag4",0.503159567646775
336,"lag5",-0.754630537162596
336,"lag6",-0.902540242453019
336,"lag7",-0.825736230377703
336,"lag8",0.716391712672064
336,"lag9",-0.506322052022123
336,"lag10",-0.532911094282673
336,"lag11",2.97171131898451
336,"lag12",-2.07901982083154
337,"lag1",2.78953444428666
337,"lag2",-1.88992324672236
337,"lag3",-0.828931910105108
337,"lag4",-1.40139712932828
337,"lag5",-3.32408836583575
337,"lag6",-1.71838717225755
337,"lag7",1.5250711239591
337,"lag8",0.424238023101238
337,"lag9",2.00184721288818
337,"lag10",1.37396094798111
337,"lag11",0.604783275539585
337,"lag12",-0.903026700593094
338,"lag1",-0.473845443673327
338,"lag2",3.58222364297473
338,"lag3",7.2264532857808
338,"lag4",8.40451502317136
338,"lag5",-0.217300194410744
338,"lag6",-0.266355737125571
338,"lag7",1.7834790695168
338,"lag8",1.38918203827644
338,"lag9",4.84656294731396
338,"lag10",3.32283466347949
338,"lag11",2.07665326617977
338,"lag12",-1.05238766645847
339,"lag1",-3.01022452748901
339,"lag2",-2.81175225578257
339,"lag3",-0.679444939949038
339,"lag4",1.02200920762349
339,"lag5",-0.195015625736068
339,"lag6",-1.42772360829313
339,"lag7",1.92188614711066
339,"lag8",-1.20591490248408
339,"lag9",6.58141479460246
339,"lag10",5.17135907539996
339,"lag11",4.83979097383599
339,"lag12",-0.928613355203697
340,"lag1",0.426353261990905
340,"lag2",0.873757622654447
340,"lag3",-0.0607717764329255
340,"lag4",-1.84536306522011
340,"lag5",-3.14039943241314
340,"lag6",-3.14304806353613
340,"lag7",0.24835891738391
340,"lag8",-1.86174613877631
340,"lag9",0.502268900205468
340,"lag10",1.53081628832167
340,"lag11",1.63787997894357
340,"lag12",-0.614847861963659
341,"lag1",-3.17443610611844
341,"lag2",-0.566078605484836
341,"lag3",-2.48728083974175
341,"lag4",-2.86269565189452
341,"lag5",-0.969867500005008
341,"lag6",0.842549433226861
341,"lag7",-0.78122790469641
341,"lag8",-1.96765339159835
341,"lag9",0.291241129116666
341,"lag10",-1.19387779469913
341,"lag11",1.14071780506763
341,"lag12",-0.1648977081487
342,"lag1",-0.566902620395537
342,"lag2",-0.173412575613527
342,"lag3",-0.739737905627753
342,"lag4",1.25366701043204
342,"lag5",2.04144329041887
342,"lag6",-1.80130103662983
342,"lag7",-0.819070495233535
342,"lag8",-0.135542144359536
342,"lag9",-0.042972515537949
342,"lag10",1.87435355075376
342,"lag11",1.36100521857015
342,"lag12",-0.695870037101953
343,"lag1",0.321348776037255
343,"lag2",0.432220417717559
343,"lag3",0.35904354325399
343,"lag4",4.67012783313023
343,"lag5",1.69779931385192
343,"lag6",2.35427128314817
343,"lag7",0.393342267924926
343,"lag8",0.677152542161572
343,"lag9",1.80391897930057
343,"lag10",3.01171614814709
343,"lag11",0.454183821410781
343,"lag12",2.13014339361029
344,"lag1",-0.925846290711961
344,"lag2",-0.402294590339346
344,"lag3",2.86270520899772
344,"lag4",-1.28649561828564
344,"lag5",4.36912493537448
344,"lag6",4.49241489545307
344,"lag7",1.76273450508772
344,"lag8",2.65611206294747
344,"lag9",1.11298898516592
344,"lag10",1.54476923972757
344,"lag11",2.38836233562107
344,"lag12",2.02575089596506
345,"lag1",-1.41168067175583
345,"lag2",-0.778648434201084
345,"lag3",0.589928866752448
345,"lag4",0.0642402169163735
345,"lag5",-3.49510450429504
345,"lag6",-1.1093659059055
345,"lag7",2.59339855308133
345,"lag8",0.577063524515745
345,"lag9",1.0985653440144
345,"lag10",-1.52571058695836
345,"lag11",-0.350981964767488
345,"lag12",-1.47707912929851
346,"lag1",0.128846369647075
346,"lag2",2.83453602848969
346,"lag3",2.7215383803937
346,"lag4",1.30468839826586
346,"lag5",2.04702374657662
346,"lag6",1.10046512817066
346,"lag7",-1.43471522041449
346,"lag8",2.56196330826222
346,"lag9",3.82717192592532
346,"lag10",0.390156929485459
346,"lag11",2.5386188591775
346,"lag12",1.91466420279273
347,"lag1",-0.0919904525190413
347,"lag2",-1.03396211480784
347,"lag3",0.913753844019698
347,"lag4",0.493224092212283
347,"lag5",0.862530005358424
347,"lag6",-1.01810027393869
347,"lag7",0.970196757345643
347,"lag8",-1.17453231685278
347,"lag9",-2.52208574399208
347,"lag10",-1.73896303711342
347,"lag11",-1.97816245713074
347,"lag12",-0.334989178023057
348,"lag1",-0.532224752355215
348,"lag2",-1.53460493723118
348,"lag3",3.26963197928974
348,"lag4",0.424025844639727
348,"lag5",0.276259403999036
348,"lag6",0.203455071718091
348,"lag7",0.0551980294197481
348,"lag8",-4.17558581941776
348,"lag9",4.28638461969016
348,"lag10",1.46133523732897
348,"lag11",0.820621191519873
348,"lag12",1.19317964704453
349,"lag1",-0.929184347769858
349,"lag2",-0.865279088179819
349,"lag3",-1.19294654495269
349,"lag4",-0.99504727445964
349,"lag5",-0.702235378626597
349,"lag6",-0.00590446524793697
349,"lag7",2.56200375183715
349,"lag8",2.01606327357365
349,"lag9",1.88340452255827
349,"lag10",1.74772070842272
349,"lag11",3.02903710820211
349,"lag12",1.77508386654131
350,"lag1",-0.502180536741356
350,"lag2",-1.76615538677685
350,"lag3",2.3261418667901
350,"lag4",1.89870480143667
350,"lag5",-2.12204125804928
350,"lag6",0.19059981184499
350,"lag7",2.47033491191586
350,"lag8",-2.09571192137636
350,"lag9",4.81688582692904
350,"lag10",3.58889695224428
350,"lag11",0.72207447840309
350,"lag12",4.39959140349728
351,"lag1",0.695813028053516
351,"lag2",-2.64122069148607
351,"lag3",-3.54141151900819
351,"lag4",-0.445914568236834
351,"lag5",-2.73071457790735
351,"lag6",0.042309277286571
351,"lag7",0.98169262499929
351,"lag8",1.04600659295768
351,"lag9",-1.03548737818919
351,"lag10",0.76889618788997
351,"lag11",0.52215278096382
351,"lag12",0.950792238914089
352,"lag1",0.239055826057546
352,"lag2",-0.152624798677937
352,"lag3",4.28522077255765
352,"lag4",5.41437911993488
352,"lag5",1.76576856257828
352,"lag6",0.20263491918054
352,"lag7",2.95207967258233
352,"lag8",0.890789597780354
352,"lag9",3.28319434847221
352,"lag10",-0.262458607081039
352,"lag11",0.673570225386801
352,"lag12",1.97117233881415
353,"lag1",0.527219952687323
353,"lag2",-1.36309324060567
353,"lag3",-3.35329742697757
353,"lag4",-0.112747042605646
353,"lag5",1.09589308179955
353,"lag6",2.70112938649053
353,"lag7",5.12884209356784
353,"lag8",5.58609390892603
353,"lag9",5.01809765856683
353,"lag10",6.46021205533813
353,"lag11",2.030566863538
353,"lag12",0.352299015190886
354,"lag1",-2.19393041835452
354,"lag2",0.389300438169427
354,"lag3",-2.1637307235931
354,"lag4",0.646187488685773
354,"lag5",-0.0327963040948855
354,"lag6",0.0785350525826089
354,"lag7",0.482561586744338
354,"lag8",2.45287817666052
354,"lag9",7.75211219474189
354,"lag10",0.262222122180162
354,"lag11",-1.7286284825119
354,"lag12",2.41327485915848
355,"lag1",-3.08275886404544
355,"lag2",-3.28131025829165
355,"lag3",5.93721345395089
355,"lag4",4.16092518685409
355,"lag5",1.94615797361347
355,"lag6",-1.72167879641765
355,"lag7",-2.01048432103601
355,"lag8",-3.88400061305576
355,"lag9",8.18634669482744
355,"lag10",3.88730914144787
355,"lag11",1.41440228187709
355,"lag12",-1.20184836128319
356,"lag1",-0.862413296263104
356,"lag2",-0.187361679226319
356,"lag3",-1.15207765334101
356,"lag4",2.12349146931522
356,"lag5",5.42837353636461
356,"lag6",-0.202682495879812
356,"lag7",-0.157662922834584
356,"lag8",-0.335918003356395
356,"lag9",2.77216364417998
356,"lag10",2.78494564677771
356,"lag11",1.33185380641671
356,"lag12",0.673504685868975
357,"lag1",-5.02631267605048
357,"lag2",0.75548139759679
357,"lag3",3.46156097875867
357,"lag4",1.9830638660584
357,"lag5",2.57482589665404
357,"lag6",0.824102036213625
357,"lag7",3.90219359508234
357,"lag8",-1.14992303998761
357,"lag9",6.14302863692773
357,"lag10",4.93180379019398
357,"lag11",1.28485361763153
357,"lag12",0.345358179408615
358,"lag1",0.550513124152668
358,"lag2",-5.03099065272646
358,"lag3",-0.898710859167308
358,"lag4",-1.46356338273731
358,"lag5",-0.556264390286208
358,"lag6",0.699704087204989
358,"lag7",-1.12395945685803
358,"lag8",-1.31717193739622
358,"lag9",-1.31908429801381
358,"lag10",-0.964856901065691
358,"lag11",1.41487572869933
358,"lag12",0.128750146257493
359,"lag1",1.58885793080067
359,"lag2",0.169704026727203
359,"lag3",1.56645684334115
359,"lag4",-0.829673828434713
359,"lag5",1.2723953293422
359,"lag6",0.716630831064968
359,"lag7",1.19482058582258
359,"lag8",2.05659286714669
359,"lag9",0.11903958403703
359,"lag10",-1.13134446108582
359,"lag11",3.29574963621418
359,"lag12",2.97364472760515
360,"lag1",-3.13123300658552
360,"lag2",-5.01573484048722
360,"lag3",2.7367022944756
360,"lag4",-0.670096049769962
360,"lag5",-1.56665148740762
360,"lag6",-1.86836031530171
360,"lag7",-2.35515121372771
360,"lag8",-3.80555684197202
360,"lag9",1.43062279202845
360,"lag10",-1.61933802614519
360,"lag11",2.19620798394017
360,"lag12",0.680082612850451
361,"lag1",-0.377403777342013
361,"lag2",0.689752001393086
361,"lag3",6.40257966558308
361,"lag4",4.77587324800146
361,"lag5",4.13873023481686
361,"lag6",0.273371113841304
361,"lag7",-0.139774921659826
361,"lag8",-0.975625365944727
361,"lag9",4.32196270694571
361,"lag10",3.11081392845375
361,"lag11",2.48886268256547
361,"lag12",-1.95326336127989
362,"lag1",0.816598178453623
362,"lag2",-2.34943914317552
362,"lag3",0.930798420647248
362,"lag4",-2.55171848296145
362,"lag5",0.239573127563341
362,"lag6",1.38388530065205
362,"lag7",-0.0805594276454912
362,"lag8",0.298389233229504
362,"lag9",2.91549169126551
362,"lag10",-0.482790643764118
362,"lag11",2.67797683364973
362,"lag12",2.95572742272047
363,"lag1",-2.7067160356228
363,"lag2",-1.96310316586111
363,"lag3",-0.442676219574138
363,"lag4",-2.1669475670026
363,"lag5",-3.92672411162361
363,"lag6",-0.888014552797885
363,"lag7",-0.905349313649648
363,"lag8",-1.28289406887494
363,"lag9",-1.99601243777733
363,"lag10",-2.04283439833998
363,"lag11",-1.11819567619477
363,"lag12",1.10339845350691
364,"lag1",-1.74443808670646
364,"lag2",-1.47577700491384
364,"lag3",1.07520664063435
364,"lag4",0.991916002395519
364,"lag5",-1.29419613270013
364,"lag6",-1.03654228539705
364,"lag7",0.72917192914148
364,"lag8",-0.422226070320068
364,"lag9",3.32094826394881
364,"lag10",3.42199012160759
364,"lag11",2.3454197748908
364,"lag12",1.72396829145927
365,"lag1",-3.61693650249497
365,"lag2",-5.72581661612156
365,"lag3",-4.26336724114453
365,"lag4",-0.235720888495741
365,"lag5",-1.58728420514373
365,"lag6",-1.87786120792719
365,"lag7",-1.17450711170666
365,"lag8",2.33232987127445
365,"lag9",2.07212528107443
365,"lag10",-2.11789284309023
365,"lag11",0.226312487386278
365,"lag12",0.110353331690491
366,"lag1",0.96517851621952
366,"lag2",-0.747146492201903
366,"lag3",0.0617397200385718
366,"lag4",-1.13462897233439
366,"lag5",-1.00554262284144
366,"lag6",0.951726677477522
366,"lag7",-0.185665149079575
366,"lag8",-1.23209539698464
366,"lag9",1.74868396788806
366,"lag10",2.68433524243499
366,"lag11",5.41484738514225
366,"lag12",4.06696003761547
367,"lag1",-2.66098360821895
367,"lag2",-0.0247347584155423
367,"lag3",2.48621223954814
367,"lag4",1.51008935000216
367,"lag5",1.47766216623953
367,"lag6",-0.580412557067853
367,"lag7",-0.786696433119767
367,"lag8",-0.211051158714609
367,"lag9",6.80919370723866
367,"lag10",5.03119309288846
367,"lag11",1.28503566260578
367,"lag12",2.29342061480226
368,"lag1",-1.42186602740223
368,"lag2",-0.270635508855339
368,"lag3",2.39932108384365
368,"lag4",-2.50463835347359
368,"lag5",0.158201330519177
368,"lag6",-1.42765284226787
368,"lag7",1.77664078439615
368,"lag8",0.0214568884576425
368,"lag9",3.62858776013183
368,"lag10",-0.372815070329145
368,"lag11",1.99631880424469
368,"lag12",0.138008032220384
369,"lag1",-1.02308398983082
369,"lag2",-1.64266497620941
369,"lag3",-2.09694159898631
369,"lag4",0.577693710610762
369,"lag5",-1.61646298325078
369,"lag6",0.337050312570003
369,"lag7",2.39247624287442
369,"lag8",2.32757217196494
369,"lag9",0.780939224921487
369,"lag10",0.762220962464498
369,"lag11",0.362048753345656
369,"lag12",-2.05039305664104
370,"lag1",-2.60966759355621
370,"lag2",-0.544094204703398
370,"lag3",-0.502921165906908
370,"lag4",-0.607488638174906
370,"lag5",-0.762113492341267
370,"lag6",1.74626434704678
370,"lag7",1.15634788562501
370,"lag8",-1.23667377116687
370,"lag9",2.49481188194171
370,"lag10",3.71587095047579
370,"lag11",2.90095269147646
370,"lag12",-0.233599068395775
371,"lag1",-0.273904775443178
371,"lag2",-1.34632744087074
371,"lag3",1.23163002057156
371,"lag4",-0.498151010016491
371,"lag5",-1.42687631602748
371,"lag6",-0.0700297821404557
371,"lag7",-1.36960089425437
371,"lag8",-2.1449016496285
371,"lag9",6.63607921870087
371,"lag10",1.79077830381938
371,"lag11",-0.97225650912266
371,"lag12",-1.74923021408206
372,"lag1",0.0216247221190809
372,"lag2",-0.0139976530430412
372,"lag3",0.354052022014704
372,"lag4",-3.24339877333074
372,"lag5",-0.514024921876117
372,"lag6",-0.781417595774281
372,"lag7",-0.191236402990521
372,"lag8",-3.79590456259534
372,"lag9",0.181079882602624
372,"lag10",-2.8877831227724
372,"lag11",-0.436684882700471
372,"lag12",-0.973279439515504
373,"lag1",-3.56913592301436
373,"lag2",-1.15225925557889
373,"lag3",-2.75683868647446
373,"lag4",-0.241579124341779
373,"lag5",-1.14443513580602
373,"lag6",0.938046284920117
373,"lag7",-1.92840008454387
373,"lag8",1.00708833751802
373,"lag9",-2.1743105046409
373,"lag10",-0.900956238834107
373,"lag11",-1.18584301833759
373,"lag12",-0.303341352024527
374,"lag1",0.950024391513225
374,"lag2",-3.95235727087581
374,"lag3",-4.12337438316667
374,"lag4",-1.36337520845759
374,"lag5",0.207253501638448
374,"lag6",-0.0766738639607301
374,"lag7",-1.45403019376426
374,"lag8",-2.21568462899456
374,"lag9",-0.38210359456377
374,"lag10",-1.59535085092463
374,"lag11",1.6085316427476
374,"lag12",1.20453367758526
375,"lag1",2.67133499905203
375,"lag2",-2.13057462990072
375,"lag3",-1.10027058900043
375,"lag4",-3.44294289742328
375,"lag5",2.48851546692249
375,"lag6",0.954773044497406
375,"lag7",1.11069638429386
375,"lag8",-2.00952356859523
375,"lag9",2.31371762860839
375,"lag10",-1.02195672559939
375,"lag11",0.418702969756746
375,"lag12",0.271687775472919
376,"lag1",-3.21267522857601
376,"lag2",-3.66039665526474
376,"lag3",-5.20110464685931
376,"lag4",-2.66287794965267
376,"lag5",0.00852023141098506
376,"lag6",0.177955804894766
376,"lag7",0.708447678082335
376,"lag8",-1.52960269651839
376,"lag9",1.33729514601117
376,"lag10",3.61068421052031
376,"lag11",0.94806261950991
376,"lag12",-0.291579739928908
377,"lag1",-2.61814622178976
377,"lag2",-2.88817768046123
377,"lag3",-1.11640358595762
377,"lag4",-2.09842747253127
377,"lag5",1.59132277698846
377,"lag6",0.738549373392935
377,"lag7",1.42407742565529
377,"lag8",-2.08094987684627
377,"lag9",-0.154086650412347
377,"lag10",-0.851631568792269
377,"lag11",3.764518498667
377,"lag12",3.76708926602528
378,"lag1",0.649398729197961
378,"lag2",-2.19386043777159
378,"lag3",-4.02954261041645
378,"lag4",-2.34782114982757
378,"lag5",2.41527258042841
378,"lag6",5.22456491099313
378,"lag7",5.21929420890841
378,"lag8",2.64837522400898
378,"lag9",2.71975252440658
378,"lag10",2.10506488279473
378,"lag11",5.83308846896954
378,"lag12",4.00827264182532
379,"lag1",0.441857430567374
379,"lag2",-0.49179556737106
379,"lag3",-0.757313931450926
379,"lag4",-0.745632309932421
379,"lag5",-3.53318703185524
379,"lag6",-2.29777860781628
379,"lag7",1.23570450308751
379,"lag8",-2.23979051100771
379,"lag9",2.21503081235634
379,"lag10",-1.32427795056545
379,"lag11",2.32345821177424
379,"lag12",-0.800781016344352
380,"lag1",0.574910212621141
380,"lag2",-1.09369376553089
380,"lag3",-1.858347591095
380,"lag4",-1.35080736489255
380,"lag5",0.546601436589216
380,"lag6",1.87771914021998
380,"lag7",1.22857116754304
380,"lag8",-4.01795451614278
380,"lag9",0.610090661934161
380,"lag10",1.27538956000164
380,"lag11",2.63012355042246
380,"lag12",2.40295087446369
381,"lag1",-0.282453673678356
381,"lag2",-2.14493397732886
381,"lag3",1.63119506545493
381,"lag4",0.651124876369062
381,"lag5",0.215924428462038
381,"lag6",1.37304607215901
381,"lag7",0.752029529924493
381,"lag8",-1.53143778482098
381,"lag9",3.42619888191806
381,"lag10",4.87765158841288
381,"lag11",1.97014576517171
381,"lag12",0.243222219728723
382,"lag1",0.424603372930144
382,"lag2",-2.84476300648963
382,"lag3",-3.7799266803351
382,"lag4",1.5708068212686
382,"lag5",0.78206576696904
382,"lag6",0.982291889815893
382,"lag7",-1.26279899264947
382,"lag8",-3.05589975863235
382,"lag9",7.39002569205272
382,"lag10",2.1195140602353
382,"lag11",6.39030690129113
382,"lag12",2.62114259913255
383,"lag1",4.36335878223023
383,"lag2",-0.00683235325331005
383,"lag3",-0.627646989574945
383,"lag4",1.44379766505556
383,"lag5",0.718554408131388
383,"lag6",-1.55784400817931
383,"lag7",2.28353512330456
383,"lag8",0.296049587972215
383,"lag9",2.42487811313652
383,"lag10",-2.37514929432022
383,"lag11",0.203210918898399
383,"lag12",2.77526754400078
384,"lag1",0.122556686869723
384,"lag2",0.388535139615016
384,"lag3",-0.504262386552314
384,"lag4",-0.0172078541442065
384,"lag5",1.61528809328749
384,"lag6",2.05999010520139
384,"lag7",0.750895590684554
384,"lag8",-3.32342339157143
384,"lag9",-2.37444735747528
384,"lag10",-2.20364641488952
384,"lag11",3.43249595224444
384,"lag12",0.812094233552012
385,"lag1",0.255014636977777
385,"lag2",-1.52235981417431
385,"lag3",1.18826982048265
385,"lag4",-1.33263795381126
385,"lag5",-0.0518135223381411
385,"lag6",-0.475186225840166
385,"lag7",-0.0290711905177088
385,"lag8",1.37804233167352
385,"lag9",4.13084166537921
385,"lag10",0.23509909195227
385,"lag11",4.90040433552864
385,"lag12",0.996226510788364
386,"lag1",-0.281283517598826
386,"lag2",-0.939645560435454
386,"lag3",-1.40645537614484
386,"lag4",-1.16001248122422
386,"lag5",-2.60049491128064
386,"lag6",-1.81026403863876
386,"lag7",-2.75468421218655
386,"lag8",-2.41035671992443
386,"lag9",-0.611616262878202
386,"lag10",-2.25472074267581
386,"lag11",2.21855233887019
386,"lag12",0.74655722479147
387,"lag1",-1.46121966302062
387,"lag2",-0.767623527957092
387,"lag3",-1.1487251000888
387,"lag4",-0.763266156567302
387,"lag5",0.682163107387998
387,"lag6",-1.77086623212306
387,"lag7",0.714670332196907
387,"lag8",-1.24572994247045
387,"lag9",-1.08095660758217
387,"lag10",0.105730969285602
387,"lag11",1.41661785201599
387,"lag12",-1.70501781494485
388,"lag1",2.21928046749139
388,"lag2",1.12055435205261
388,"lag3",2.45551501997783
388,"lag4",-1.1411039631134
388,"lag5",5.03617128530308
388,"lag6",0.785243456185125
388,"lag7",-0.257110093248221
388,"lag8",-0.0917194483652088
388,"lag9",4.11572770817685
388,"lag10",3.07034473269553
388,"lag11",3.10360256066956
388,"lag12",2.25884155018207
389,"lag1",1.3271603607253
389,"lag2",0.50489942466642
389,"lag3",-4.28317511586991
389,"lag4",-0.496530388914608
389,"lag5",-1.9777442504642
389,"lag6",-1.14063930534242
389,"lag7",-3.76621459368679
389,"lag8",0.921390959725156
389,"lag9",0.0401892683349444
389,"lag10",-3.50868142525917
389,"lag11",-3.55924560113425
389,"lag12",-1.34693651654117
390,"lag1",-2.61842897932974
390,"lag2",-3.47366274912623
390,"lag3",-0.809152413499435
390,"lag4",2.93946730618047
390,"lag5",2.05376183902116
390,"lag6",-0.706620314832703
390,"lag7",-0.529397701840209
390,"lag8",-2.09810864146419
390,"lag9",2.96315012757451
390,"lag10",0.0697093155513125
390,"lag11",-0.780215634963782
390,"lag12",0.629573911867263
391,"lag1",-0.26402477805913
391,"lag2",-5.36261272140531
391,"lag3",-2.56811568853896
391,"lag4",-0.961215520741099
391,"lag5",1.55993450592422
391,"lag6",-0.353643137465532
391,"lag7",0.222779066874518
391,"lag8",-1.63952899162371
391,"lag9",-2.79370708606718
391,"lag10",-2.2959671343498
391,"lag11",2.50990548700838
391,"lag12",0.668790947363887
392,"lag1",-1.57630594736657
392,"lag2",0.394682049147987
392,"lag3",-1.35784255341902
392,"lag4",-1.59357849472579
392,"lag5",1.73683414817193
392,"lag6",1.51066149225155
392,"lag7",2.97115060843628
392,"lag8",0.102265117786936
392,"lag9",2.17677278440306
392,"lag10",-2.1036706197883
392,"lag11",-0.770434026863346
392,"lag12",-0.161500042364767
393,"lag1",-1.90854908411891
393,"lag2",-0.551014417715169
393,"lag3",4.29492376030349
393,"lag4",0.265628395877364
393,"lag5",0.414225276715942
393,"lag6",-1.28041251782223
393,"lag7",-1.06745735450668
393,"lag8",-1.31103220996527
393,"lag9",7.91699401757734
393,"lag10",2.04700802121635
393,"lag11",0.166917103164612
393,"lag12",-2.70169012638282
394,"lag1",0.0953222330207746
394,"lag2",0.671204680609701
394,"lag3",1.71996848916241
394,"lag4",-1.05583128184271
394,"lag5",-2.05985575912002
394,"lag6",3.4959504822656
394,"lag7",3.63102511361249
394,"lag8",3.3355343109737
394,"lag9",2.4886399811156
394,"lag10",-3.03165948097297
394,"lag11",1.42960693776735
394,"lag12",1.52406640829331
395,"lag1",1.03437455893342
395,"lag2",0.343417299617132
395,"lag3",-0.624808888316822
395,"lag4",0.697827654791491
395,"lag5",1.44714785141556
395,"lag6",4.01060266762277
395,"lag7",7.45738293992781
395,"lag8",1.21965398120987
395,"lag9",1.9088252358073
395,"lag10",1.5592923687109
395,"lag11",4.10643847832085
395,"lag12",5.05475318868474
396,"lag1",-1.07880115393526
396,"lag2",-2.6249176042136
396,"lag3",1.2186966203771
396,"lag4",0.888720577637351
396,"lag5",-1.94948791530605
396,"lag6",-1.5402588404739
396,"lag7",-0.235730809964095
396,"lag8",-1.81465701610253
396,"lag9",2.68221871316157
396,"lag10",2.78663660901467
396,"lag11",6.4080008294514
396,"lag12",4.79473744455584
397,"lag1",1.09268553718686
397,"lag2",1.54493850499319
397,"lag3",-1.07182591277668
397,"lag4",-0.711531881507062
397,"lag5",3.97070543798447
397,"lag6",3.19491938233476
397,"lag7",2.84661569089957
397,"lag8",2.08644409548401
397,"lag9",1.49729933067528
397,"lag10",2.38984818690808
397,"lag11",5.05491317003768
397,"lag12",1.80391464520984
398,"lag1",0.235828927841845
398,"lag2",-1.65641260206453
398,"lag3",-0.17594805014971
398,"lag4",-0.662106992835023
398,"lag5",-0.424461072144396
398,"lag6",1.29522429509495
398,"lag7",1.7326393449836
398,"lag8",-3.82675613228507
398,"lag9",0.361736599197151
398,"lag10",-7.23296274341556
398,"lag11",-2.45530830476216
398,"lag12",1.170871883865
399,"lag1",-2.00098193304188
399,"lag2",-4.37759343048175
399,"lag3",-2.07448915409555
399,"lag4",-2.94802091302504
399,"lag5",-1.41146938012068
399,"lag6",-0.148871069608862
399,"lag7",0.00825897701803437
399,"lag8",-3.03071670273172
399,"lag9",-3.14983363619388
399,"lag10",-3.66646177692899
399,"lag11",-1.88742301701157
399,"lag12",-2.38514183382705
400,"lag1",-2.67597091682219
400,"lag2",-2.56263406365961
400,"lag3",-3.62352659418234
400,"lag4",-2.44955771568164
400,"lag5",-0.669299238554249
400,"lag6",-0.631376503584123
400,"lag7",-1.86548305427893
400,"lag8",-4.97680531093673
400,"lag9",-2.88633114351152
400,"lag10",1.22829104202977
400,"lag11",3.1320497420749
400,"lag12",0.490823143365775
401,"lag1",-2.10814880802624
401,"lag2",-3.42220186634614
401,"lag3",4.52521017167884
401,"lag4",1.88843540001358
401,"lag5",1.46918064334596
401,"lag6",3.57950921565266
401,"lag7",3.1209072438393
401,"lag8",6.08318415055511
401,"lag9",9.08312950003757
401,"lag10",2.77747438554544
401,"lag11",4.83575276357923
401,"lag12",4.03501427517392
402,"lag1",2.7584271007198
402,"lag2",1.32433297600146
402,"lag3",-1.0906489895628
402,"lag4",0.25879785227387
402,"lag5",1.4542843914521
402,"lag6",0.310551685170797
402,"lag7",1.43608369800948
402,"lag8",1.66354997013196
402,"lag9",0.883793708829412
402,"lag10",1.00201075989414
402,"lag11",-0.222354316111591
402,"lag12",-0.715740948720826
403,"lag1",-0.810535974258532
403,"lag2",-1.09049058821216
403,"lag3",-2.47031554805574
403,"lag4",-4.02448916508435
403,"lag5",-2.34325139457023
403,"lag6",-0.188689542171569
403,"lag7",-0.306907369834762
403,"lag8",-1.14229052506964
403,"lag9",0.928275720736275
403,"lag10",1.41461417559815
403,"lag11",5.85226958718376
403,"lag12",3.37852518249875
404,"lag1",-2.23886426577898
404,"lag2",0.587167165152622
404,"lag3",-0.136022903422453
404,"lag4",-1.87615457654416
404,"lag5",3.65338680706099
404,"lag6",3.13709187414469
404,"lag7",2.04239874332316
404,"lag8",3.92340032135585
404,"lag9",8.62463391854967
404,"lag10",5.6928955014706
404,"lag11",7.67691319283546
404,"lag12",0.456334250658907
405,"lag1",0.240174520918118
405,"lag2",-1.41516926265617
405,"lag3",-0.0375253769220411
405,"lag4",0.0577539828340514
405,"lag5",2.42358600158547
405,"lag6",0.385625956745734
405,"lag7",-0.971573968818416
405,"lag8",1.73255707198773
405,"lag9",3.11907831038522
405,"lag10",1.94512556106957
405,"lag11",2.72831850237288
405,"lag12",2.79013678705945
406,"lag1",-0.0732784635915764
406,"lag2",-1.51434820147251
406,"lag3",-2.52178287323406
406,"lag4",-1.91986086758139
406,"lag5",-1.15619935655513
406,"lag6",0.555514735367439
406,"lag7",4.66073529429168
406,"lag8",1.15805852852756
406,"lag9",-0.0444298269474289
406,"lag10",1.40501735659469
406,"lag11",4.24083836359102
406,"lag12",4.18554118543571
407,"lag1",0.761719781311446
407,"lag2",-1.67266834155208
407,"lag3",-2.85646009650573
407,"lag4",-1.81283509082284
407,"lag5",-2.24342606407573
407,"lag6",-2.36383799432658
407,"lag7",-0.679810907406873
407,"lag8",1.37973710041274
407,"lag9",4.82482080986612
407,"lag10",1.52541674032805
407,"lag11",0.914043562215192
407,"lag12",0.938957849647551
408,"lag1",-1.74832906370952
408,"lag2",-2.86507492601534
408,"lag3",-2.70728625164775
408,"lag4",1.82678013233581
408,"lag5",0.140591674848464
408,"lag6",-0.857017322861971
408,"lag7",-0.941546746717695
408,"lag8",-1.42857017884549
408,"lag9",-1.5783400133221
408,"lag10",2.73829175963097
408,"lag11",3.17963035763904
408,"lag12",1.22373675385403
409,"lag1",-3.06397767185595
409,"lag2",-0.850992944052451
409,"lag3",2.99416488583075
409,"lag4",1.21520418588117
409,"lag5",1.63761050351615
409,"lag6",1.44802535709797
409,"lag7",2.5718721758997
409,"lag8",2.3622234668695
409,"lag9",4.7480581527201
409,"lag10",-0.329298792661135
409,"lag11",0.824590838399967
409,"lag12",1.07834380737054
410,"lag1",0.376494983143371
410,"lag2",-0.110374412568455
410,"lag3",-5.64586768229444
410,"lag4",-1.6785787893546
410,"lag5",0.0329283277588248
410,"lag6",-0.630045798106141
410,"lag7",1.84552662792076
410,"lag8",1.79064036633416
410,"lag9",3.03412039907062
410,"lag10",0.774942690581983
410,"lag11",0.182820885749385
410,"lag12",-0.500773980788245
411,"lag1",0.836890930624572
411,"lag2",-2.98450128371953
411,"lag3",-1.57830078578948
411,"lag4",1.42307813368144
411,"lag5",-1.68441608298291
411,"lag6",-2.3726504395559
411,"lag7",-0.0442721937875196
411,"lag8",0.689470739730538
411,"lag9",1.59570646364718
411,"lag10",3.63105274648637
411,"lag11",1.1000350361146
411,"lag12",3.31430902439436
412,"lag1",-1.56722185423059
412,"lag2",-3.22096073147161
412,"lag3",-1.40071703358998
412,"lag4",-5.38232070639196
412,"lag5",-5.67448959138808
412,"lag6",-5.45793001695842
412,"lag7",-2.75326232444343
412,"lag8",-0.417114024557031
412,"lag9",-1.88194839145828
412,"lag10",-2.86483054836272
412,"lag11",-0.597881451403995
412,"lag12",-1.41286013954636
413,"lag1",0.230702841935336
413,"lag2",0.769625107588588
413,"lag3",-0.573830974577204
413,"lag4",1.09246429165897
413,"lag5",0.743594310717505
413,"lag6",-2.15089392582459
413,"lag7",-1.23728517523054
413,"lag8",-2.79989118374962
413,"lag9",3.08575370541023
413,"lag10",0.148898271421846
413,"lag11",-0.0718803821714364
413,"lag12",-3.03927661439466
414,"lag1",-0.986164421708897
414,"lag2",0.675566365661795
414,"lag3",-1.46079409462128
414,"lag4",-1.51282377025225
414,"lag5",-2.71057933480368
414,"lag6",-0.167179358883019
414,"lag7",0.635573544690191
414,"lag8",-2.88836498612842
414,"lag9",-3.85694696230509
414,"lag10",-0.469247841038422
414,"lag11",1.79500097082693
414,"lag12",1.98973533172659
415,"lag1",0.131894417347817
415,"lag2",-1.38649944416699
415,"lag3",0.700599268156427
415,"lag4",-2.91313853145587
415,"lag5",-0.830262776183399
415,"lag6",0.3456747525343
415,"lag7",0.194899167507058
415,"lag8",1.75474417109297
415,"lag9",3.92154259790146
415,"lag10",-1.19201012238138
415,"lag11",-2.30782731592611
415,"lag12",0.175216106435016
416,"lag1",-0.488479453549292
416,"lag2",-0.0243870353632448
416,"lag3",1.68807752465101
416,"lag4",8.00420916600515
416,"lag5",4.799186654937
416,"lag6",6.70791769757886
416,"lag7",9.48014039020749
416,"lag8",1.02245536197833
416,"lag9",5.93446686528017
416,"lag10",1.91473582506525
416,"lag11",6.97544563669436
416,"lag12",0.307803514281393
417,"lag1",-3.07495778755704
417,"lag2",-2.09312223893069
417,"lag3",-4.81563802210735
417,"lag4",2.32409502106011
417,"lag5",-3.31613360317198
417,"lag6",-2.0948896893962
417,"lag7",-4.79702271485687
417,"lag8",-1.71695884258621
417,"lag9",-1.11851680170042
417,"lag10",-0.195062313475585
417,"lag11",3.11078089958222
417,"lag12",1.78656935281776
418,"lag1",1.45314925468948
418,"lag2",0.20730050602017
418,"lag3",-2.48166024686643
418,"lag4",-2.46799386518917
418,"lag5",-0.24500214812683
418,"lag6",-0.878193354966084
418,"lag7",0.804884028234524
418,"lag8",1.39587197348613
418,"lag9",0.284623067972112
418,"lag10",1.232906713695
418,"lag11",4.1153990873045
418,"lag12",2.00293812253766
419,"lag1",0.562209250534621
419,"lag2",-2.01125386910202
419,"lag3",-4.83791527627275
419,"lag4",-2.14102073596881
419,"lag5",-1.24713076074711
419,"lag6",0.684621142497977
419,"lag7",4.78024521831188
419,"lag8",1.46354157933848
419,"lag9",-4.0644671789285
419,"lag10",1.47381809661635
419,"lag11",4.24602556644123
419,"lag12",2.20577678655289
420,"lag1",-1.78876919705891
420,"lag2",3.84519567837674
420,"lag3",1.64697298984186
420,"lag4",0.331611401027548
420,"lag5",-0.0315755922834927
420,"lag6",-0.815487520830144
420,"lag7",2.30856168849511
420,"lag8",-0.137520732641935
420,"lag9",2.00553573730055
420,"lag10",0.785674039748557
420,"lag11",-0.519602691973538
420,"lag12",3.04627796912638
421,"lag1",-2.46298938633226
421,"lag2",-0.576356983878336
421,"lag3",0.61684517784086
421,"lag4",-0.970412081540026
421,"lag5",-1.78430914797268
421,"lag6",0.492976719870792
421,"lag7",1.48735426867743
421,"lag8",0.217036913462372
421,"lag9",1.90487348052805
421,"lag10",2.94315677311166
421,"lag11",1.46938652802087
421,"lag12",6.79125926913484
422,"lag1",1.46852700953448
422,"lag2",-2.80551509247194
422,"lag3",0.726593359605616
422,"lag4",-2.0968372207534
422,"lag5",0.0680619638273702
422,"lag6",-2.28973664772715
422,"lag7",0.627191582557323
422,"lag8",-3.1625574268801
422,"lag9",-4.00920555972017
422,"lag10",-3.92103789506983
422,"lag11",-1.04232499581001
422,"lag12",-2.07045143236872
423,"lag1",0.482133863074042
423,"lag2",-0.466055335678057
423,"lag3",2.23706200612129
423,"lag4",-0.529384310828014
423,"lag5",0.468576694388435
423,"lag6",-0.332095048329162
423,"lag7",2.57914567053163
423,"lag8",0.787942663607425
423,"lag9",7.38481811466537
423,"lag10",1.77198749178245
423,"lag11",-1.68001860320784
423,"lag12",-1.22647779102739
424,"lag1",-0.152908452311722
424,"lag2",-4.68935736019796
424,"lag3",-1.51134210756747
424,"lag4",0.39760366888394
424,"lag5",0.35312237332736
424,"lag6",-0.00410477135563804
424,"lag7",-1.14534288919834
424,"lag8",0.616171431321336
424,"lag9",1.68023370113875
424,"lag10",-0.45787615056655
424,"lag11",3.08223694984167
424,"lag12",-0.540186777160836
425,"lag1",-1.74171000645188
425,"lag2",-3.05987763009418
425,"lag3",7.81804137350411
425,"lag4",1.92352118305308
425,"lag5",-0.389898503851884
425,"lag6",-0.325735320715267
425,"lag7",0.866186378910083
425,"lag8",-1.84455861126302
425,"lag9",2.15598238488666
425,"lag10",1.26375452858698
425,"lag11",1.8548652117968
425,"lag12",1.02409699909225
426,"lag1",-3.35911009424889
426,"lag2",-2.1653746956695
426,"lag3",-0.00321893665838408
426,"lag4",-0.382011149231094
426,"lag5",-3.00591000006826
426,"lag6",-0.112607592131145
426,"lag7",2.73048384207827
426,"lag8",1.0145061149115
426,"lag9",2.07705685123974
426,"lag10",-1.86051456569465
426,"lag11",-1.55550137211889
426,"lag12",1.12964846648605
427,"lag1",-2.47595249046294
427,"lag2",-2.76557892612327
427,"lag3",-3.61875079057292
427,"lag4",-5.1502984020785
427,"lag5",-9.40829169807314
427,"lag6",-6.83611124831923
427,"lag7",-4.88296735335124
427,"lag8",-4.17767027780185
427,"lag9",-1.92236922451149
427,"lag10",-0.42316927386325
427,"lag11",5.53079556695623
427,"lag12",2.63505487611878
428,"lag1",1.32027396399988
428,"lag2",-0.442398397657984
428,"lag3",4.38541558463156
428,"lag4",0.0101291820370176
428,"lag5",0.445163374528328
428,"lag6",-0.901649814822434
428,"lag7",1.16114527947122
428,"lag8",-3.55073514711542
428,"lag9",3.37551890059669
428,"lag10",2.54897574748308
428,"lag11",1.50640691461818
428,"lag12",-2.07097439594469
429,"lag1",-2.41610173406694
429,"lag2",1.90437388621627
429,"lag3",0.29135345915738
429,"lag4",-3.02393259743313
429,"lag5",-2.22390744746557
429,"lag6",-1.38315321840757
429,"lag7",1.05911511184193
429,"lag8",0.509974960941801
429,"lag9",-0.148521024254955
429,"lag10",-1.31071928313008
429,"lag11",2.71236279838568
429,"lag12",2.37351066966369
430,"lag1",-0.949896273790237
430,"lag2",-1.94262479246939
430,"lag3",-1.38912700519656
430,"lag4",-1.71642786900448
430,"lag5",0.307345786572871
430,"lag6",-1.08533925651401
430,"lag7",-1.59460940800155
430,"lag8",0.811800138534957
430,"lag9",-1.20524117056748
430,"lag10",1.05695278274552
430,"lag11",-0.400467726033535
430,"lag12",-1.20158827182729
431,"lag1",-0.386111698190451
431,"lag2",-0.77750713318527
431,"lag3",-2.54922804594388
431,"lag4",-1.01282916530292
431,"lag5",0.33790619627059
431,"lag6",-0.63253753055534
431,"lag7",1.85525389985234
431,"lag8",-1.73602439040831
431,"lag9",-1.97093422782083
431,"lag10",-1.08335622713809
431,"lag11",-0.810855216818314
431,"lag12",0.0488452440215016
432,"lag1",-1.24260427275032
432,"lag2",-0.968963644896312
432,"lag3",-1.92155708523715
432,"lag4",-2.79246208645456
432,"lag5",-2.17296775089493
432,"lag6",1.07697200005206
432,"lag7",2.90436996852915
432,"lag8",-1.04450996372127
432,"lag9",-0.899049868991909
432,"lag10",1.07124767081369
432,"lag11",7.83968955341825
432,"lag12",3.08622739137779
433,"lag1",3.57273791797941
433,"lag2",0.917890779712638
433,"lag3",2.08248713545732
433,"lag4",3.44685790424595
433,"lag5",-0.0263400457985965
433,"lag6",2.67223335916299
433,"lag7",2.58512700674123
433,"lag8",-0.0867659469083784
433,"lag9",1.51027934993739
433,"lag10",2.9498037818503
433,"lag11",2.69783833958728
433,"lag12",0.587283002059761
434,"lag1",-1.35385612918245
434,"lag2",-1.70282179153915
434,"lag3",0.934283490767124
434,"lag4",-4.15542352983403
434,"lag5",-2.44585819976756
434,"lag6",-0.360293918100001
434,"lag7",-2.57366160340385
434,"lag8",-3.40272307989699
434,"lag9",-0.763951836118209
434,"lag10",-2.17235032115863
434,"lag11",-2.16774040604305
434,"lag12",2.17977730383469
435,"lag1",3.19642413230885
435,"lag2",2.40235051937513
435,"lag3",0.798281551502056
435,"lag4",-1.10348674803607
435,"lag5",-0.961082062099705
435,"lag6",1.44149256662415
435,"lag7",1.43118439345057
435,"lag8",-0.763278947353031
435,"lag9",-2.45579011756851
435,"lag10",-3.16029772895259
435,"lag11",0.890997135824993
435,"lag12",-0.211622644818186
436,"lag1",-4.24065765598091
436,"lag2",-0.262663173511486
436,"lag3",3.39332881822113
436,"lag4",0.304132278560881
436,"lag5",-2.52825791012593
436,"lag6",-1.88946437316522
436,"lag7",-2.79868629910176
436,"lag8",-2.37059802753035
436,"lag9",-0.618132806537294
436,"lag10",3.36082601547909
436,"lag11",-0.485503284660435
436,"lag12",-0.31912464260202
437,"lag1",2.16044343951879
437,"lag2",1.3622242025145
437,"lag3",5.26688292983488
437,"lag4",0.598423428661857
437,"lag5",0.060963320487608
437,"lag6",0.764758208787547
437,"lag7",3.32263725804186
437,"lag8",5.92333348552774
437,"lag9",6.0969304262157
437,"lag10",2.55329763216139
437,"lag11",3.47286324701367
437,"lag12",7.27654521383628
438,"lag1",-2.13123489878917
438,"lag2",-1.96354532565563
438,"lag3",-1.58531454303047
438,"lag4",-2.34855681343012
438,"lag5",-2.90893957540121
438,"lag6",0.865520386548368
438,"lag7",4.6957760389518
438,"lag8",2.40572589727317
438,"lag9",0.702245064862226
438,"lag10",-6.1466765495005
438,"lag11",-3.74819186133901
438,"lag12",-1.58306636200825
439,"lag1",0.0199773822003419
439,"lag2",-1.94940112043505
439,"lag3",-0.65655414355824
439,"lag4",0.787753565710637
439,"lag5",0.410123391400834
439,"lag6",2.73684181857903
439,"lag7",3.42809843099502
439,"lag8",-1.93874751239149
439,"lag9",-0.878407884431139
439,"lag10",4.22185817679877
439,"lag11",2.85461760707126
439,"lag12",0.68879609011781
440,"lag1",-1.33523030632898
440,"lag2",-1.81492389003617
440,"lag3",0.665533296133751
440,"lag4",1.31143833640765
440,"lag5",1.62682743285001
440,"lag6",-0.58048992170897
440,"lag7",3.60709354940926
440,"lag8",1.98711607029547
440,"lag9",1.09283489045437
440,"lag10",1.87174183179103
440,"lag11",3.65051339576429
440,"lag12",1.76362044667063
441,"lag1",-0.301632446108832
441,"lag2",-0.422487881007065
441,"lag3",7.20662569020372
441,"lag4",6.09394489527589
441,"lag5",0.688896646556204
441,"lag6",0.0674991401948566
441,"lag7",0.941077375849718
441,"lag8",-2.77453621229933
441,"lag9",10.2984613542573
441,"lag10",6.21814286904919
441,"lag11",3.60612561304411
441,"lag12",2.98358089842732
442,"lag1",1.09439591252671
442,"lag2",-2.21299756032143
442,"lag3",-1.33469535158006
442,"lag4",-3.35485520938149
442,"lag5",0.822493197674322
442,"lag6",1.83262226744501
442,"lag7",0.11069782411616
442,"lag8",-0.906550236281505
442,"lag9",-0.573739185807447
442,"lag10",-0.230474231565179
442,"lag11",2.02067979267758
442,"lag12",-0.0515246259802346
443,"lag1",2.9642712367324
443,"lag2",-0.475350627076268
443,"lag3",1.81054973632121
443,"lag4",1.47055212145736
443,"lag5",-0.703281265327275
443,"lag6",-1.65465472601744
443,"lag7",-1.15219465586966
443,"lag8",-3.47831294123329
443,"lag9",0.235260859987766
443,"lag10",2.26018025158637
443,"lag11",0.935495063385435
443,"lag12",-2.53098785952792
444,"lag1",-4.08958362770159
444,"lag2",-0.818740129197033
444,"lag3",-0.212073690076652
444,"lag4",2.67171211202994
444,"lag5",0.532115934115015
444,"lag6",0.42193260034233
444,"lag7",0.974499872042627
444,"lag8",0.694769301238663
444,"lag9",7.69134034282905
444,"lag10",1.88870283798435
444,"lag11",1.78019076439261
444,"lag12",-1.08110274731239
445,"lag1",1.23102798004184
445,"lag2",-1.94371287433406
445,"lag3",-0.159661616915664
445,"lag4",0.946392062197041
445,"lag5",0.196561275040365
445,"lag6",-0.476956847251025
445,"lag7",-1.33828769688753
445,"lag8",0.290007578946991
445,"lag9",1.32083750490464
445,"lag10",0.859906395287656
445,"lag11",1.35859751747269
445,"lag12",-0.567698172986219
446,"lag1",0.0494756556949043
446,"lag2",1.84917669036429
446,"lag3",-2.20333048845287
446,"lag4",1.25875898273113
446,"lag5",-3.12518606908221
446,"lag6",-0.810677071253665
446,"lag7",-1.43243929619812
446,"lag8",-2.62265349062073
446,"lag9",-2.84613902048482
446,"lag10",4.07401704167434
446,"lag11",0.590280076084908
446,"lag12",-2.10074020106706
447,"lag1",-2.35866209376173
447,"lag2",4.19065302818349
447,"lag3",-0.926758569793231
447,"lag4",4.02455152275482
447,"lag5",-0.0806113924217887
447,"lag6",1.65091346216933
447,"lag7",-2.56022124688167
447,"lag8",0.0875508272499244
447,"lag9",2.9888391614256
447,"lag10",7.04006070315827
447,"lag11",2.96520181536139
447,"lag12",-2.09070952024105
448,"lag1",0.194657698823223
448,"lag2",-1.35585335004588
448,"lag3",1.38676806939998
448,"lag4",-1.04735905340956
448,"lag5",-0.570383689570296
448,"lag6",0.201721869628256
448,"lag7",0.78497396585506
448,"lag8",-2.91471993045088
448,"lag9",1.21605966437065
448,"lag10",2.81710159869812
448,"lag11",1.8893772294734
448,"lag12",-0.596507760283979
449,"lag1",-0.946471590946104
449,"lag2",1.0015104885524
449,"lag3",1.9065027816064
449,"lag4",-0.755015875384027
449,"lag5",-2.01344610933621
449,"lag6",-0.995322837836045
449,"lag7",-2.57761799114947
449,"lag8",-1.51823559361223
449,"lag9",1.00408724731434
449,"lag10",-1.53897029230255
449,"lag11",2.03317604230799
449,"lag12",1.54667165072269
450,"lag1",3.50378996197056
450,"lag2",0.22868547383947
450,"lag3",2.42553513738999
450,"lag4",-1.56838476298562
450,"lag5",-3.45685720117023
450,"lag6",-1.19645034860149
450,"lag7",-2.15425985327918
450,"lag8",-1.91577984117971
450,"lag9",3.57333517096076
450,"lag10",-1.49456479716968
450,"lag11",-1.2515857303512
450,"lag12",-3.70529917729326
451,"lag1",-4.6658173643205
451,"lag2",-4.3299038938666
451,"lag3",-3.54105331192448
451,"lag4",-2.80887222544753
451,"lag5",-1.67674192180007
451,"lag6",4.59065695771299
451,"lag7",4.60428720934615
451,"lag8",-0.594265805544378
451,"lag9",0.183297574571853
451,"lag10",5.20806031658856
451,"lag11",0.157466602847557
451,"lag12",1.77161714039221
452,"lag1",0.871234055287772
452,"lag2",1.47448563192904
452,"lag3",-3.09169827731218
452,"lag4",-2.69316632027054
452,"lag5",-3.14726844889832
452,"lag6",2.02015506359658
452,"lag7",8.49037165440109
452,"lag8",6.83575657442768
452,"lag9",4.9538040581858
452,"lag10",2.2083685720104
452,"lag11",1.21904696932309
452,"lag12",1.08193646105632
453,"lag1",-0.628326934019596
453,"lag2",-0.993704016163742
453,"lag3",-1.14384139315809
453,"lag4",1.1264525803865
453,"lag5",1.74072292845893
453,"lag6",0.0529711605506435
453,"lag7",3.58057651837442
453,"lag8",1.62713736200631
453,"lag9",-1.44755060225521
453,"lag10",1.42428699043044
453,"lag11",4.40021217864736
453,"lag12",2.44852048964569
454,"lag1",-2.42794245179775
454,"lag2",1.49769789092488
454,"lag3",-2.55165368490623
454,"lag4",-1.96998087915076
454,"lag5",1.76152773665149
454,"lag6",0.820100663677199
454,"lag7",-1.53433098573313
454,"lag8",-7.26719564558535
454,"lag9",-2.97062905322569
454,"lag10",1.09040486713726
454,"lag11",0.0235925217598804
454,"lag12",0.204156358274675
455,"lag1",-3.81097077044963
455,"lag2",-2.36926623335815
455,"lag3",4.11154351167768
455,"lag4",5.27411061984108
455,"lag5",2.7932389169601
455,"lag6",1.89100033783889
455,"lag7",2.66832264175363
455,"lag8",1.53311025058548
455,"lag9",9.53338658820455
455,"lag10",9.30487538713639
455,"lag11",3.81801316151503
455,"lag12",0.000876589309534334
456,"lag1",-1.93961779556266
456,"lag2",0.234952948010677
456,"lag3",0.356915026744518
456,"lag4",0.646620424467539
456,"lag5",1.29882237708284
456,"lag6",0.934173610447767
456,"lag7",2.46233015833068
456,"lag8",-2.8010014735099
456,"lag9",2.12482217024011
456,"lag10",1.35742091863329
456,"lag11",-0.0888387711353412
456,"lag12",0.309817393103615
457,"lag1",-1.3182272828481
457,"lag2",-3.40215490326465
457,"lag3",-1.01425435815793
457,"lag4",0.320869496090447
457,"lag5",-1.75366501379205
457,"lag6",3.53848700621085
457,"lag7",3.65572760841558
457,"lag8",1.71708640553827
457,"lag9",3.89315916318786
457,"lag10",4.66385977616131
457,"lag11",3.78238386088755
457,"lag12",2.00426275841275
458,"lag1",-2.18812416227368
458,"lag2",-3.18502991471185
458,"lag3",8.9605530988515
458,"lag4",2.90075332679279
458,"lag5",1.57283550462195
458,"lag6",2.95889998668348
458,"lag7",3.19821494663378
458,"lag8",2.31598007531286
458,"lag9",14.8326618777618
458,"lag10",4.16995635861177
458,"lag11",0.65604145858079
458,"lag12",1.81076469896079
459,"lag1",1.87652296456499
459,"lag2",2.99897022159328
459,"lag3",1.93244009007344
459,"lag4",-0.402196191062023
459,"lag5",0.621484015930925
459,"lag6",-1.20110285280117
459,"lag7",3.82627596334689
459,"lag8",3.75464758538652
459,"lag9",3.92946926517736
459,"lag10",3.30223081784991
459,"lag11",0.313415074973469
459,"lag12",6.18429003349355
460,"lag1",-3.67051778792252
460,"lag2",-4.37487555563608
460,"lag3",-4.1342739969499
460,"lag4",-3.66640591321865
460,"lag5",-1.32352819014144
460,"lag6",-1.4293272431169
460,"lag7",-3.19657006487653
460,"lag8",-4.76168756952366
460,"lag9",-2.90185004343134
460,"lag10",-2.89445204834869
460,"lag11",-0.155965984365028
460,"lag12",0.298914429184744
461,"lag1",-0.250137776684616
461,"lag2",-2.08938339018262
461,"lag3",-0.792950336619284
461,"lag4",-2.07549581795452
461,"lag5",-1.28592288384574
461,"lag6",0.640882222827054
461,"lag7",3.38952545622176
461,"lag8",0.04788578391994
461,"lag9",2.57081843869454
461,"lag10",-0.479310150429656
461,"lag11",0.910500865890686
461,"lag12",0.0392164796110906
462,"lag1",-0.626160191326239
462,"lag2",-1.79943437547605
462,"lag3",0.968174860738094
462,"lag4",-1.002016513095
462,"lag5",-2.08659177994611
462,"lag6",-0.91201949455138
462,"lag7",-2.03808369167888
462,"lag8",-3.78292326147409
462,"lag9",-0.208156630983203
462,"lag10",1.81112901778079
462,"lag11",1.39447289835975
462,"lag12",-3.15787970545848
463,"lag1",-2.8590239306136
463,"lag2",-0.178394316086781
463,"lag3",0.0837730936640427
463,"lag4",2.42304347411033
463,"lag5",1.6366213950407
463,"lag6",-1.72987935719805
463,"lag7",-2.6452969011105
463,"lag8",-2.7050568733469
463,"lag9",1.83688287165233
463,"lag10",2.63130947080626
463,"lag11",3.18955947030073
463,"lag12",-1.89735579203568
464,"lag1",-0.723913981105807
464,"lag2",-2.74336491058658
464,"lag3",-2.28130576328955
464,"lag4",-1.99058821493138
464,"lag5",-2.16590396218585
464,"lag6",-2.13886063166485
464,"lag7",-2.75053939029581
464,"lag8",-1.57182856450154
464,"lag9",-0.0279375834476813
464,"lag10",-2.51163986768735
464,"lag11",0.0677622532532378
464,"lag12",3.51257209080873
465,"lag1",0.58188240862196
465,"lag2",1.07001159704116
465,"lag3",1.10648777467592
465,"lag4",-2.10342940131622
465,"lag5",0.829294685904139
465,"lag6",5.67807909113876
465,"lag7",3.96899065990432
465,"lag8",1.06706643075174
465,"lag9",-0.778531583570011
465,"lag10",-1.26899252117175
465,"lag11",4.91645659333151
465,"lag12",4.12964118058822
466,"lag1",-1.25180894094126
466,"lag2",-1.41532594544457
466,"lag3",-1.30949344744041
466,"lag4",-2.46245573072192
466,"lag5",-2.49866475414485
466,"lag6",-0.540331828433619
466,"lag7",-0.674359261706144
466,"lag8",1.80432410958154
466,"lag9",-0.381815292664482
466,"lag10",-3.37970299514105
466,"lag11",-0.299614013665377
466,"lag12",-0.500437414669969
467,"lag1",-0.0718875644408206
467,"lag2",-1.25822376631443
467,"lag3",4.31858720640742
467,"lag4",0.289029324731873
467,"lag5",3.63210397638731
467,"lag6",-2.6744789904289
467,"lag7",-0.35193140290454
467,"lag8",-2.71777900873071
467,"lag9",3.44525379227818
467,"lag10",-2.85040493842637
467,"lag11",4.08978296779305
467,"lag12",-2.17140416391886
468,"lag1",-2.63587532154351
468,"lag2",-2.43373054351254
468,"lag3",0.575891673227547
468,"lag4",0.532547329039433
468,"lag5",-2.90822513340633
468,"lag6",-0.258667326384695
468,"lag7",-0.536333179662745
468,"lag8",-0.392334442217189
468,"lag9",7.31898104007106
468,"lag10",0.915005164032422
468,"lag11",-0.498856373329238
468,"lag12",-0.174311005820178
469,"lag1",-1.4533053071122
469,"lag2",-2.37588959634349
469,"lag3",-2.89336291336885
469,"lag4",-1.79242284960704
469,"lag5",0.0210487541216298
469,"lag6",-0.998269984118479
469,"lag7",-0.195312851875299
469,"lag8",-1.53863666422026
469,"lag9",-1.01628162244879
469,"lag10",-1.60206559251461
469,"lag11",0.702345334771663
469,"lag12",-0.173191303043635
470,"lag1",2.26091168610541
470,"lag2",-2.81485166796462
470,"lag3",-2.04203689886685
470,"lag4",0.412195926775883
470,"lag5",-1.996314620796
470,"lag6",2.06201114974095
470,"lag7",1.07804283097075
470,"lag8",3.45411220508637
470,"lag9",2.17266767009817
470,"lag10",-3.37033196544676
470,"lag11",2.47853256321425
470,"lag12",4.03456936591109
471,"lag1",-4.27147418633715
471,"lag2",-1.9475273515022
471,"lag3",-1.20350725138766
471,"lag4",2.27289712882752
471,"lag5",2.8951076490841
471,"lag6",3.32947447654789
471,"lag7",3.80891973324934
471,"lag8",2.25342969962965
471,"lag9",0.902788861365095
471,"lag10",0.23714800547645
471,"lag11",0.843273974261072
471,"lag12",-0.93739696645816
472,"lag1",1.85349353252518
472,"lag2",-2.22589719820756
472,"lag3",0.822424086361576
472,"lag4",1.96463966959359
472,"lag5",-2.83792420369298
472,"lag6",-0.66240143822644
472,"lag7",0.832313582686843
472,"lag8",1.92294380250654
472,"lag9",6.88457136487249
472,"lag10",4.81213757401978
472,"lag11",-0.253081343440317
472,"lag12",2.24870476322407
473,"lag1",-1.74986690594126
473,"lag2",-1.15031230186663
473,"lag3",-1.34824395124413
473,"lag4",1.36166825942467
473,"lag5",-0.364135486236725
473,"lag6",-1.78270389687048
473,"lag7",-1.29323501143129
473,"lag8",1.50311178084505
473,"lag9",3.2311249643295
473,"lag10",0.697379998654248
473,"lag11",2.89629964288401
473,"lag12",1.73229829654531
474,"lag1",2.28106899902999
474,"lag2",-1.83031090990455
474,"lag3",2.4906602991317
474,"lag4",0.612677488191443
474,"lag5",0.869288285177903
474,"lag6",2.21790864092891
474,"lag7",0.719699750229823
474,"lag8",0.346360059104358
474,"lag9",1.46763900815291
474,"lag10",-0.879025872195341
474,"lag11",4.50082454548383
474,"lag12",-1.43831709917969
475,"lag1",1.09377321627491
475,"lag2",0.731165811670454
475,"lag3",-2.99701915466469
475,"lag4",-3.25560639699111
475,"lag5",-1.32157115000599
475,"lag6",-2.20047740865416
475,"lag7",1.76221955319155
475,"lag8",2.76019616485539
475,"lag9",4.87071138204076
475,"lag10",2.77852082506869
475,"lag11",0.536123549816145
475,"lag12",2.5141508731308
476,"lag1",-2.91987684626668
476,"lag2",-1.0864884646789
476,"lag3",0.429916115355736
476,"lag4",0.251117338368919
476,"lag5",-0.212368630361898
476,"lag6",0.420737633253556
476,"lag7",3.10788012324518
476,"lag8",1.8994468696589
476,"lag9",4.33650824639777
476,"lag10",5.62010506212702
476,"lag11",1.21015531824491
476,"lag12",0.464994147537302
477,"lag1",-0.94814732498652
477,"lag2",-3.07704352756163
477,"lag3",1.89099352910289
477,"lag4",-0.051198757480838
477,"lag5",-1.32009588301994
477,"lag6",2.42946145805076
477,"lag7",2.2133620721197
477,"lag8",2.2502524860857
477,"lag9",4.89559472246799
477,"lag10",4.30004071909811
477,"lag11",10.1838598641319
477,"lag12",7.47049317238962
478,"lag1",-2.81751162126453
478,"lag2",-3.7376001625224
478,"lag3",-2.59814632590783
478,"lag4",1.03697027935227
478,"lag5",-1.57503597106399
478,"lag6",2.08385404549751
478,"lag7",4.10954748920897
478,"lag8",2.65364338589611
478,"lag9",5.5256835126328
478,"lag10",6.91286044335277
478,"lag11",1.82479623003092
478,"lag12",-0.371989702580998
479,"lag1",-4.36257161269764
479,"lag2",-3.35533747874701
479,"lag3",-0.71266954667486
479,"lag4",-0.772185714771298
479,"lag5",-2.42741338576934
479,"lag6",0.633822616886703
479,"lag7",-0.770683960660026
479,"lag8",0.899264533904876
479,"lag9",-0.840716074260695
479,"lag10",-0.633641992200294
479,"lag11",1.04505923117734
479,"lag12",2.21839361165188
480,"lag1",-2.5883186463308
480,"lag2",-1.40544248245597
480,"lag3",-1.05300961044288
480,"lag4",-1.89495406447175
480,"lag5",1.90250993159164
480,"lag6",0.604383457562495
480,"lag7",0.623306078682283
480,"lag8",3.94486057001363
480,"lag9",-0.322774987304774
480,"lag10",0.317537111036678
480,"lag11",0.259311583336583
480,"lag12",-0.627756898727491
481,"lag1",0.214916416120094
481,"lag2",-1.41894928226716
481,"lag3",2.02643466270847
481,"lag4",1.29249501348177
481,"lag5",1.92970932541903
481,"lag6",3.13456427700922
481,"lag7",2.60234866404037
481,"lag8",-2.18776570706158
481,"lag9",3.21901230895425
481,"lag10",6.15976926703919
481,"lag11",3.39808047028724
481,"lag12",2.42667598091365
482,"lag1",1.02393428962226
482,"lag2",-0.949257132286718
482,"lag3",1.15452217827368
482,"lag4",-3.57538467554077
482,"lag5",-1.16573975406308
482,"lag6",0.443802499864429
482,"lag7",1.92991858046588
482,"lag8",2.15313139689608
482,"lag9",5.49856442048713
482,"lag10",3.31988329434015
482,"lag11",5.80906211430668
482,"lag12",2.40764829788438
483,"lag1",-3.17006716459208
483,"lag2",3.56909009974192
483,"lag3",-1.35726730437773
483,"lag4",1.68743997098951
483,"lag5",1.5772964344182
483,"lag6",1.07666054867716
483,"lag7",-2.71330216496604
483,"lag8",-4.80912743622114
483,"lag9",1.18329554357232
483,"lag10",4.47484238209979
483,"lag11",1.89957263645543
483,"lag12",-4.11856768290748
484,"lag1",-3.4962805045307
484,"lag2",-2.50479220345608
484,"lag3",1.05775779723143
484,"lag4",-1.68134073798442
484,"lag5",0.072911567484652
484,"lag6",3.59857683334128
484,"lag7",1.40728856304885
484,"lag8",-0.34254569510038
484,"lag9",1.80573167283499
484,"lag10",-0.417969693657248
484,"lag11",3.66219602284557
484,"lag12",5.21768515768303
485,"lag1",-0.678894742774442
485,"lag2",0.388291786229151
485,"lag3",-0.733943133093578
485,"lag4",-1.12867515636244
485,"lag5",-0.966765044488176
485,"lag6",-2.34651976418493
485,"lag7",-1.85598346486127
485,"lag8",-1.00729429825672
485,"lag9",1.47784051099988
485,"lag10",0.862245796587369
485,"lag11",-1.13896895137442
485,"lag12",1.96363366226387
486,"lag1",-0.0260512692606229
486,"lag2",-0.602985867221379
486,"lag3",3.03812543728475
486,"lag4",1.07554225013971
486,"lag5",-0.605953638244571
486,"lag6",0.0266782755093103
486,"lag7",1.75066033919517
486,"lag8",4.13777250164505
486,"lag9",3.91512968216823
486,"lag10",3.67349135682853
486,"lag11",4.5871796587817
486,"lag12",2.22161577082449
487,"lag1",2.33107657637893
487,"lag2",2.26696569610416
487,"lag3",1.69445925820383
487,"lag4",-0.909965542368759
487,"lag5",-0.0327174272475904
487,"lag6",0.616419000020364
487,"lag7",-0.41675342200087
487,"lag8",1.07962102537984
487,"lag9",4.94864844223252
487,"lag10",9.27514516063269
487,"lag11",1.5916026611767
487,"lag12",1.89014869886355
488,"lag1",1.14172875575067
488,"lag2",-1.99203693939811
488,"lag3",0.375852414281263
488,"lag4",3.64864121339833
488,"lag5",2.47686763586736
488,"lag6",0.796742766749262
488,"lag7",1.88476720631216
488,"lag8",-1.31882457404743
488,"lag9",-1.11609418054367
488,"lag10",-0.469358345990315
488,"lag11",1.86455435808298
488,"lag12",1.61658021343683
489,"lag1",-0.731704105516729
489,"lag2",-1.12527316952481
489,"lag3",3.41840656975311
489,"lag4",-1.0689750581933
489,"lag5",-1.1916822487738
489,"lag6",-0.66795664765998
489,"lag7",-1.12299376501699
489,"lag8",0.54861990333521
489,"lag9",-0.0652549721647268
489,"lag10",0.150388606929292
489,"lag11",-0.538213723512414
489,"lag12",2.98464926982872
490,"lag1",-1.98796841771393
490,"lag2",-0.623604888392757
490,"lag3",-1.45038431308999
490,"lag4",-1.91215176487201
490,"lag5",-1.56384244676164
490,"lag6",0.941532162720976
490,"lag7",0.323477304659014
490,"lag8",2.00897663416663
490,"lag9",0.400013552218425
490,"lag10",-2.50268906841484
490,"lag11",0.805063132903331
490,"lag12",1.70179177211143
491,"lag1",2.53902283366808
491,"lag2",-1.9374721979151
491,"lag3",-0.0472977462638355
491,"lag4",2.51067303688434
491,"lag5",0.984264909285208
491,"lag6",1.27263699982864
491,"lag7",2.0125507590994
491,"lag8",0.682291658764291
491,"lag9",3.89858046084304
491,"lag10",3.279935264371
491,"lag11",0.489902315630221
491,"lag12",0.463247714835791
492,"lag1",1.58875341410745
492,"lag2",2.08620728460938
492,"lag3",-0.653820216113127
492,"lag4",0.232981477822072
492,"lag5",-1.02750394509942
492,"lag6",0.630079997513054
492,"lag7",6.52134727400204
492,"lag8",-0.662062558682679
492,"lag9",-3.0784978318491
492,"lag10",-2.52336177782233
492,"lag11",-2.15207167581904
492,"lag12",-2.05616205690482
493,"lag1",-0.208223465244467
493,"lag2",2.45003653825659
493,"lag3",-0.366899072406845
493,"lag4",0.635118920130368
493,"lag5",-1.0974050272526
493,"lag6",-0.0764908556337648
493,"lag7",4.4486535406296
493,"lag8",2.01495029909781
493,"lag9",3.38179519264893
493,"lag10",-0.96869220228817
493,"lag11",4.41051027983546
493,"lag12",1.00859457826973
494,"lag1",-3.24725609612256
494,"lag2",-3.1793877896213
494,"lag3",0.829207725864676
494,"lag4",3.93318616440978
494,"lag5",3.49324559809501
494,"lag6",1.1750543824079
494,"lag7",5.09075952414997
494,"lag8",1.03712012667902
494,"lag9",0.917439818820757
494,"lag10",-1.40194399033617
494,"lag11",2.34852030053365
494,"lag12",-0.703094399599073
495,"lag1",0.651448181306464
495,"lag2",0.870765356398055
495,"lag3",2.34417186199877
495,"lag4",1.32477753809077
495,"lag5",2.35628568485249
495,"lag6",2.02507940929349
495,"lag7",2.87544100832145
495,"lag8",-4.04264131031398
495,"lag9",-2.63767943073368
495,"lag10",3.44352909806338
495,"lag11",1.24112501279526
495,"lag12",-0.865311004143479
496,"lag1",-1.52465920588503
496,"lag2",-0.763326881781422
496,"lag3",0.496965538562091
496,"lag4",-1.93334527735559
496,"lag5",1.34913956457831
496,"lag6",0.316300988441122
496,"lag7",1.36821041179332
496,"lag8",-1.7960530035794
496,"lag9",2.54084541993413
496,"lag10",-0.902749755288738
496,"lag11",-0.562628280248752
496,"lag12",0.0603508324360787
497,"lag1",-2.13208984391992
497,"lag2",-6.18415632812017
497,"lag3",-1.5575758408787
497,"lag4",0.574273426173396
497,"lag5",2.17508693562206
497,"lag6",3.85462388108281
497,"lag7",3.62153112689659
497,"lag8",-1.83817223740661
497,"lag9",-0.849402077947338
497,"lag10",3.47996216369413
497,"lag11",5.57581514235508
497,"lag12",7.23563425794843
498,"lag1",-3.15070318033158
498,"lag2",-2.50913985980231
498,"lag3",-1.55576861582314
498,"lag4",-2.63334142848914
498,"lag5",0.0731166228495523
498,"lag6",0.572285371431603
498,"lag7",-0.884250690319593
498,"lag8",-1.2140042946446
498,"lag9",0.045402543563225
498,"lag10",-0.097985107195807
498,"lag11",-1.07270894168475
498,"lag12",-1.10936977443131
499,"lag1",-1.40951404881182
499,"lag2",0.0593959172478593
499,"lag3",-0.712599694521957
499,"lag4",1.05031576335062
499,"lag5",-0.509296384870524
499,"lag6",1.68445016484361
499,"lag7",3.21621318389749
499,"lag8",4.06608427494296
499,"lag9",2.31882769299501
499,"lag10",4.34519290277979
499,"lag11",1.00006834702855
499,"lag12",4.71204504120038
500,"lag1",-2.77988435426137
500,"lag2",-2.61759338374949
500,"lag3",0.986668219452839
500,"lag4",4.73043153069908
500,"lag5",1.37915975629782
500,"lag6",4.1355732897201
500,"lag7",3.93049043136802
500,"lag8",4.3741727811581
500,"lag9",7.76534921111567
500,"lag10",5.74264550193648
500,"lag11",3.31520958266689
500,"lag12",1.99017102301164
