"iteration","term","estimate"
1,"lag1",0.586343338100997
1,"lag2",2.69574530451793
1,"lag3",0.189484234198153
1,"lag4",1.90835409298643
1,"lag5",-1.24341083037432
1,"lag6",-3.40986884030431
1,"lag7",-3.54293356422104
1,"lag8",2.95587456172903
1,"lag9",-0.530822643520879
1,"lag10",-0.827209511056397
1,"lag11",-1.26744502212184
1,"lag12",3.82454814368909
2,"lag1",-1.94972086922121
2,"lag2",-0.576737145634023
2,"lag3",-2.16772084879958
2,"lag4",-4.26104551789232
2,"lag5",-1.88816330849646
2,"lag6",-2.65057658921211
2,"lag7",-1.8352053609843
2,"lag8",2.09026093164258
2,"lag9",-0.966377606281379
2,"lag10",2.24882669466466
2,"lag11",1.44656297606383
2,"lag12",2.77240280438185
3,"lag1",-2.25884143859187
3,"lag2",-0.0279283086148721
3,"lag3",-2.95482976395299
3,"lag4",1.58005072022035
3,"lag5",-1.57236396544495
3,"lag6",-2.29407005992873
3,"lag7",-4.58141661634185
3,"lag8",-3.69619771447013
3,"lag9",-3.86498264704229
3,"lag10",-1.48625069774302
3,"lag11",-0.724946891704065
3,"lag12",-1.39990734338003
4,"lag1",2.16672749863155
4,"lag2",1.67037380493651
4,"lag3",-1.03110620491062
4,"lag4",0.225531825221888
4,"lag5",-2.43871373520854
4,"lag6",-2.46156723108306
4,"lag7",-1.89217318035401
4,"lag8",0.423363103326441
4,"lag9",-0.656547158907125
4,"lag10",1.23481858746662
4,"lag11",2.76161887011966
4,"lag12",0.0378463247444404
5,"lag1",4.4514367759556
5,"lag2",-1.5570801647554
5,"lag3",2.95214031254
5,"lag4",2.61300285893939
5,"lag5",5.52773163453016
5,"lag6",6.3116373238895
5,"lag7",-1.29699651005439
5,"lag8",4.98929367346581
5,"lag9",0.545793607227398
5,"lag10",-0.21311357264812
5,"lag11",2.91676648916264
5,"lag12",9.30583099478878
6,"lag1",1.46993066525685
6,"lag2",-0.146792226252651
6,"lag3",-0.940254489653289
6,"lag4",0.852464374614915
6,"lag5",4.83540359445255
6,"lag6",1.02747456199081
6,"lag7",1.22788889313772
6,"lag8",-0.972603554504046
6,"lag9",0.608755128416037
6,"lag10",-0.584327015435644
6,"lag11",0.670658744441627
6,"lag12",1.17719018862773
7,"lag1",1.09479552410283
7,"lag2",1.32282649273344
7,"lag3",3.27093948739459
7,"lag4",2.16398909704802
7,"lag5",1.06677159884777
7,"lag6",-0.376807056058383
7,"lag7",-2.18466732000134
7,"lag8",-0.918982102072995
7,"lag9",-0.922810034725425
7,"lag10",0.761168344320099
7,"lag11",0.463873651826958
7,"lag12",0.309631593995397
8,"lag1",1.52097728818628
8,"lag2",-0.320862985818264
8,"lag3",1.4831327374662
8,"lag4",4.94389364668009
8,"lag5",-2.61268421326347
8,"lag6",-2.64809671466082
8,"lag7",-2.88171009979442
8,"lag8",-3.19720364932191
8,"lag9",4.89608267855565
8,"lag10",-0.0737447199438975
8,"lag11",-0.00134603557706836
8,"lag12",2.75418296404044
9,"lag1",2.42681932446059
9,"lag2",3.67410888756088
9,"lag3",1.82418702309973
9,"lag4",-0.211764167524388
9,"lag5",0.768211808168223
9,"lag6",-0.441975892541962
9,"lag7",-0.472936975916605
9,"lag8",-1.35565721024571
9,"lag9",2.36587251678984
9,"lag10",-1.44623310054959
9,"lag11",-0.251226970279003
9,"lag12",2.7965192563029
10,"lag1",-4.0324403972999
10,"lag2",0.352424183999603
10,"lag3",-1.51485045016541
10,"lag4",-1.38921297225823
10,"lag5",-2.97338708339648
10,"lag6",-1.33164632125419
10,"lag7",-0.248475663924219
10,"lag8",0.0421310953583714
10,"lag9",-2.62154311548381
10,"lag10",-3.58214412396609
10,"lag11",-3.745910288443
10,"lag12",-0.426862370312914
11,"lag1",6.25423174846266
11,"lag2",2.62163455442486
11,"lag3",-1.27160464157149
11,"lag4",0.635410765385559
11,"lag5",1.22138845777601
11,"lag6",0.0851402629964805
11,"lag7",-1.81296946938814
11,"lag8",-1.11805984263119
11,"lag9",0.667175517249625
11,"lag10",-2.63249683989997
11,"lag11",1.78673127430068
11,"lag12",-1.21263240806416
12,"lag1",-0.503687384354513
12,"lag2",1.97796585257836
12,"lag3",-1.9459299935882
12,"lag4",0.598255567149366
12,"lag5",-2.02081956215418
12,"lag6",0.809703287009896
12,"lag7",-0.567623099595586
12,"lag8",0.035278841432526
12,"lag9",-1.20512506499591
12,"lag10",-2.77918085671627
12,"lag11",-1.71514491850294
12,"lag12",-1.50949247501328
13,"lag1",-5.17935159751379
13,"lag2",-3.44092799623664
13,"lag3",-0.392818529139737
13,"lag4",1.78952484795946
13,"lag5",-2.32473957903848
13,"lag6",-2.71725893514599
13,"lag7",-7.15663486576521
13,"lag8",-0.766113846284076
13,"lag9",-3.42113529195104
13,"lag10",-0.636356045453838
13,"lag11",-1.86631487010814
13,"lag12",-0.42974322306509
14,"lag1",2.544340302807
14,"lag2",-0.411054009056363
14,"lag3",-2.85086193548801
14,"lag4",-0.482826465609973
14,"lag5",-0.469763411563492
14,"lag6",2.45399316424474
14,"lag7",2.48944040471783
14,"lag8",-2.25600265608043
14,"lag9",-2.39602882337581
14,"lag10",-5.75404096379097
14,"lag11",1.31523317738814
14,"lag12",-0.949174520863883
15,"lag1",4.48041001025055
15,"lag2",-0.434091139630703
15,"lag3",0.331969080942963
15,"lag4",-1.2559643444972
15,"lag5",-0.960629799122205
15,"lag6",1.15816432283208
15,"lag7",0.587478867501395
15,"lag8",0.627690472614894
15,"lag9",2.26534003093184
15,"lag10",0.367464630672589
15,"lag11",0.490056285672515
15,"lag12",4.9083878829841
16,"lag1",0.305348850375547
16,"lag2",3.89385726376241
16,"lag3",-2.04969751819392
16,"lag4",-1.01994444788479
16,"lag5",-0.835837674077546
16,"lag6",0.456578357265576
16,"lag7",-0.05826235902461
16,"lag8",0.859859527116489
16,"lag9",2.20524528459355
16,"lag10",0.345825413187127
16,"lag11",1.91033053880632
16,"lag12",-1.45470136937891
17,"lag1",0.252604940446111
17,"lag2",-1.06130425425221
17,"lag3",-0.0598281719903713
17,"lag4",3.07972824998044
17,"lag5",3.42092949665713
17,"lag6",2.42392299024073
17,"lag7",0.457385080147124
17,"lag8",-0.108166962526606
17,"lag9",2.65209022933385
17,"lag10",3.36331927326547
17,"lag11",1.93062814729765
17,"lag12",0.567770385924547
18,"lag1",0.339326633507913
18,"lag2",0.426237715609883
18,"lag3",-1.49322893536108
18,"lag4",-2.17677879826658
18,"lag5",-3.13779867144252
18,"lag6",0.663433918753706
18,"lag7",-0.212419916711587
18,"lag8",0.686747319237959
18,"lag9",-0.596243424906729
18,"lag10",-2.32630640580656
18,"lag11",-1.25203067428939
18,"lag12",-3.44647041512777
19,"lag1",-1.05228960809643
19,"lag2",-1.15421539897227
19,"lag3",-2.81711281589306
19,"lag4",-2.70640362344032
19,"lag5",0.347329354338826
19,"lag6",-2.71582129071139
19,"lag7",-1.25294685450196
19,"lag8",-0.468850056519988
19,"lag9",-1.26840795947411
19,"lag10",-1.99300354577791
19,"lag11",-0.980325631054386
19,"lag12",-1.83505920652159
20,"lag1",0.0324308132218868
20,"lag2",0.822007150307613
20,"lag3",-0.467392097914078
20,"lag4",2.58279692715704
20,"lag5",0.479529052447192
20,"lag6",-0.536175009433098
20,"lag7",1.14245537722939
20,"lag8",-3.66923614497263
20,"lag9",0.695134409506386
20,"lag10",-1.6500100222721
20,"lag11",2.17644392159563
20,"lag12",2.86633192335156
21,"lag1",-0.612466240255446
21,"lag2",3.16963883496279
21,"lag3",-2.90810980145191
21,"lag4",-2.20961859334706
21,"lag5",-0.729764468456651
21,"lag6",-2.94338025814855
21,"lag7",-2.47003737266442
21,"lag8",-1.05790998271021
21,"lag9",1.84596430004098
21,"lag10",-3.61146841700694
21,"lag11",-2.26715759765697
21,"lag12",-0.767473125248984
22,"lag1",-1.11321003291248
22,"lag2",-1.6639978787492
22,"lag3",-4.05778145578813
22,"lag4",0.801774297182664
22,"lag5",-5.18316539215068
22,"lag6",-1.97630655077783
22,"lag7",-1.58635306519235
22,"lag8",-2.95785537134611
22,"lag9",-3.94385351321966
22,"lag10",-4.03909786776104
22,"lag11",-0.590680805413663
22,"lag12",-1.32776949745893
23,"lag1",4.10752173501881
23,"lag2",5.58476332836985
23,"lag3",2.43282171582482
23,"lag4",3.45309361786296
23,"lag5",-0.784069941871255
23,"lag6",-0.38481351165458
23,"lag7",1.84873186020648
23,"lag8",0.834160676697929
23,"lag9",0.0676556161255244
23,"lag10",2.23389967299264
23,"lag11",2.36465343004189
23,"lag12",3.39972996092509
24,"lag1",3.3044954451409
24,"lag2",-2.28378643484306
24,"lag3",1.68606788112696
24,"lag4",0.264205420420725
24,"lag5",4.22022116148106
24,"lag6",2.82645424976851
24,"lag7",2.17970988263653
24,"lag8",4.89413329377428
24,"lag9",5.5105370249826
24,"lag10",1.74250776541271
24,"lag11",3.31733806929004
24,"lag12",5.56777547335904
25,"lag1",-0.694679534780356
25,"lag2",-2.56846517388059
25,"lag3",-3.11409528740169
25,"lag4",3.44549550932166
25,"lag5",-1.398337057801
25,"lag6",-1.69992679345862
25,"lag7",-3.27614978025113
25,"lag8",0.939441080778214
25,"lag9",-0.715310433102396
25,"lag10",-0.071551333049298
25,"lag11",-0.337720654987222
25,"lag12",1.11395637441714
26,"lag1",2.37664878026107
26,"lag2",7.04047147483751
26,"lag3",3.1391625636975
26,"lag4",0.744928127728675
26,"lag5",-0.162554842362162
26,"lag6",-2.71418628918057
26,"lag7",3.58904016697351
26,"lag8",1.00723944889384
26,"lag9",3.56854195029023
26,"lag10",-1.32433733761201
26,"lag11",0.824662359780705
26,"lag12",0.393315638981864
27,"lag1",-1.20351676727508
27,"lag2",-0.424327112101843
27,"lag3",-1.14238070832651
27,"lag4",1.34467660549748
27,"lag5",2.56062623622417
27,"lag6",0.727169013219211
27,"lag7",0.587630501360925
27,"lag8",1.85116503389692
27,"lag9",0.983373498312247
27,"lag10",-2.01999056380479
27,"lag11",-0.765435236303175
27,"lag12",-2.59272549792614
28,"lag1",1.67802740839903
28,"lag2",2.27985647033295
28,"lag3",-0.116798301186826
28,"lag4",-3.78291875095716
28,"lag5",-1.25236632488136
28,"lag6",-2.76737325408347
28,"lag7",2.61062663208295
28,"lag8",0.698262375137063
28,"lag9",-0.830433601245098
28,"lag10",-4.94675433311509
28,"lag11",-4.18060916002517
28,"lag12",-2.27512461882474
29,"lag1",2.41789737708032
29,"lag2",1.17831810447478
29,"lag3",0.440261931147914
29,"lag4",0.0112720557127032
29,"lag5",1.62631276625197
29,"lag6",1.20150415847496
29,"lag7",-0.216214947214918
29,"lag8",6.06027071868774
29,"lag9",4.97647029824263
29,"lag10",2.64514707964132
29,"lag11",1.36237967553965
29,"lag12",0.160410486887726
30,"lag1",1.11555430428423
30,"lag2",5.00294544488097
30,"lag3",0.920492971314366
30,"lag4",3.0260336261648
30,"lag5",-0.187830398346311
30,"lag6",0.581153467233493
30,"lag7",-2.57858429155295
30,"lag8",2.2701807694732
30,"lag9",0.606252309366766
30,"lag10",0.101265792636273
30,"lag11",-0.868052050946555
30,"lag12",0.0286706919738266
31,"lag1",-1.05766422048774
31,"lag2",0.677937401425254
31,"lag3",-1.19639189568488
31,"lag4",-0.429760833419661
31,"lag5",-3.47028997013519
31,"lag6",-0.716553664451488
31,"lag7",-0.914816760359462
31,"lag8",-0.814309346643148
31,"lag9",1.46772094393627
31,"lag10",-1.94726383532858
31,"lag11",-3.17461706779323
31,"lag12",1.36936260700336
32,"lag1",1.11659828550901
32,"lag2",-0.353460702060148
32,"lag3",-1.2923999904439
32,"lag4",-1.73809454810001
32,"lag5",-0.823916081384995
32,"lag6",-2.75392176808955
32,"lag7",-2.61052439440297
32,"lag8",2.4768689442027
32,"lag9",1.86579582743498
32,"lag10",0.00746854814723225
32,"lag11",-3.16204625304094
32,"lag12",-2.95286700853974
33,"lag1",-0.536033515053298
33,"lag2",-0.892511171251001
33,"lag3",-0.491220762001909
33,"lag4",0.357525165932113
33,"lag5",0.420069140502343
33,"lag6",-1.01132486371013
33,"lag7",0.211129395977095
33,"lag8",0.249950635738668
33,"lag9",3.90806542849622
33,"lag10",0.756879253154311
33,"lag11",-0.706652940385205
33,"lag12",1.54116772411963
34,"lag1",0.679543548335542
34,"lag2",0.938479479565098
34,"lag3",0.0880567555956507
34,"lag4",1.25531504137415
34,"lag5",-2.77927694884974
34,"lag6",1.32597786652646
34,"lag7",1.82747174197871
34,"lag8",-2.05727290414483
34,"lag9",2.56155757714127
34,"lag10",-0.130575104286829
34,"lag11",-1.60009881573962
34,"lag12",-1.06105146507292
35,"lag1",1.95492096565787
35,"lag2",2.59048234014037
35,"lag3",-2.06499050970874
35,"lag4",-1.55600658134993
35,"lag5",-3.37808785824117
35,"lag6",-1.64242672042829
35,"lag7",-1.29742287973488
35,"lag8",-4.55502388096185
35,"lag9",-1.62912233283191
35,"lag10",-4.20275634861821
35,"lag11",-2.29163759440582
35,"lag12",-4.32431840087962
36,"lag1",0.863452071522079
36,"lag2",0.452638097481056
36,"lag3",0.729994079133789
36,"lag4",-3.21297058021722
36,"lag5",1.34978770487092
36,"lag6",2.48171519585226
36,"lag7",1.61477514657975
36,"lag8",0.573787854453682
36,"lag9",0.0215396407531131
36,"lag10",3.56777776396768
36,"lag11",2.48771664389808
36,"lag12",3.10653803250155
37,"lag1",2.81091560022966
37,"lag2",2.98501193951758
37,"lag3",-1.22744409801418
37,"lag4",1.19419491124023
37,"lag5",-0.841322344199354
37,"lag6",-2.1840027219497
37,"lag7",-0.80635545337573
37,"lag8",-1.82656675379909
37,"lag9",-2.38776188945082
37,"lag10",-3.41616721465022
37,"lag11",-1.13043746662912
37,"lag12",-1.51646410107714
38,"lag1",-2.00433069508692
38,"lag2",0.963351237068431
38,"lag3",-0.180844293847319
38,"lag4",-3.05952559967056
38,"lag5",-1.45213399806323
38,"lag6",-0.782549189466449
38,"lag7",-1.77280407195419
38,"lag8",-3.02323076951899
38,"lag9",-1.98966607002521
38,"lag10",-4.22983340832022
38,"lag11",-2.67715039282012
38,"lag12",-0.233086853598151
39,"lag1",2.62839497433621
39,"lag2",0.462337867708279
39,"lag3",0.260391460669046
39,"lag4",3.84105732124538
39,"lag5",1.64129406926944
39,"lag6",-1.51858395449783
39,"lag7",-2.00864548200452
39,"lag8",-1.10675232730735
39,"lag9",0.733147969730777
39,"lag10",-1.65422145387525
39,"lag11",-2.42545239266202
39,"lag12",0.350734867176025
40,"lag1",0.649995250212403
40,"lag2",1.27112693231977
40,"lag3",-2.36046659339506
40,"lag4",-3.23524128981061
40,"lag5",-0.669230413228783
40,"lag6",0.0589949684921925
40,"lag7",-0.473592103401272
40,"lag8",1.42377684745419
40,"lag9",-2.59269719404703
40,"lag10",-2.39050894944976
40,"lag11",-0.838579165533387
40,"lag12",0.564226672892011
41,"lag1",5.72582672329043
41,"lag2",8.06691379785155
41,"lag3",4.56300663855118
41,"lag4",4.57384078752314
41,"lag5",4.59610504418999
41,"lag6",2.52865282825901
41,"lag7",4.82260641202898
41,"lag8",3.1527609583855
41,"lag9",2.95102613707656
41,"lag10",4.51482365801375
41,"lag11",3.77150827152568
41,"lag12",2.23242883022729
42,"lag1",2.00066670454233
42,"lag2",2.75606617708723
42,"lag3",-0.28607129707103
42,"lag4",-1.39727844470024
42,"lag5",-1.24428532534737
42,"lag6",-0.158809907357785
42,"lag7",-0.876430336105927
42,"lag8",2.2817579850458
42,"lag9",-1.50023600144865
42,"lag10",1.58198273434759
42,"lag11",-1.83026736458956
42,"lag12",-1.1381099196619
43,"lag1",-4.68877303859454
43,"lag2",-1.20072277219646
43,"lag3",2.49489204188409
43,"lag4",-3.97348184698723
43,"lag5",-3.92433929613719
43,"lag6",-3.90722220727539
43,"lag7",-6.74363077960443
43,"lag8",0.0502409957795819
43,"lag9",-2.04815272038866
43,"lag10",-5.771772598086
43,"lag11",-4.54224162811755
43,"lag12",-3.03191611167471
44,"lag1",4.13027821053056
44,"lag2",2.57512923795399
44,"lag3",-1.94618051945827
44,"lag4",0.525610129481972
44,"lag5",-3.10804530480671
44,"lag6",-5.7856290094294
44,"lag7",-2.44418705185916
44,"lag8",-3.80303208857276
44,"lag9",-3.76030857995555
44,"lag10",-3.19729264179998
44,"lag11",-2.47697102971404
44,"lag12",-1.38622828511305
45,"lag1",-1.06321703733841
45,"lag2",-0.698746097607269
45,"lag3",-0.247640513494408
45,"lag4",0.679865045421856
45,"lag5",-2.74912639315625
45,"lag6",-2.85343052227323
45,"lag7",1.52922059714794
45,"lag8",3.71140884730124
45,"lag9",5.064686549397
45,"lag10",3.06096984550582
45,"lag11",-1.61855442051466
45,"lag12",-0.622408512386603
46,"lag1",6.10779059952499
46,"lag2",-0.604633082833905
46,"lag3",-0.994429240816915
46,"lag4",2.67320728605961
46,"lag5",2.33763117952044
46,"lag6",0.513813632090055
46,"lag7",-0.739327713721873
46,"lag8",-0.839168448329678
46,"lag9",3.46401353551212
46,"lag10",-0.254548942128092
46,"lag11",-1.38787325294896
46,"lag12",1.13157814570477
47,"lag1",-1.52020899110297
47,"lag2",-2.84886999898446
47,"lag3",1.22267850471183
47,"lag4",-1.742919962013
47,"lag5",-2.8863997032161
47,"lag6",-3.13209212286577
47,"lag7",-0.785579669118633
47,"lag8",0.557403616785889
47,"lag9",1.54381473018183
47,"lag10",-1.85545088422173
47,"lag11",-0.56756034437173
47,"lag12",-1.96508182100176
48,"lag1",1.01580421674332
48,"lag2",0.0534991993790566
48,"lag3",-0.672794916898731
48,"lag4",-1.21418207129474
48,"lag5",-2.41882324299915
48,"lag6",-1.93490169136743
48,"lag7",1.70194670435154
48,"lag8",1.6968486426478
48,"lag9",4.76482028849569
48,"lag10",-2.99757451619439
48,"lag11",-2.76042655419272
48,"lag12",-1.01651724125879
49,"lag1",1.03951253517668
49,"lag2",0.449651647798501
49,"lag3",-1.71898366553928
49,"lag4",-2.70447091005994
49,"lag5",-1.31306498225616
49,"lag6",-0.0404536658022772
49,"lag7",1.90753490798329
49,"lag8",2.069772416115
49,"lag9",1.3486507381643
49,"lag10",0.2239136683044
49,"lag11",0.902095332993254
49,"lag12",3.11029672644011
50,"lag1",1.26552541871825
50,"lag2",4.59698168610298
50,"lag3",3.64020088720129
50,"lag4",1.12620658836668
50,"lag5",-1.12925735508462
50,"lag6",-2.33423113365803
50,"lag7",-1.21966092068928
50,"lag8",0.324582208818774
50,"lag9",-0.216994053294569
50,"lag10",-1.33539994793708
50,"lag11",-0.0166162121105365
50,"lag12",1.10852980234808
51,"lag1",-1.34642833478779
51,"lag2",-0.919167292977443
51,"lag3",1.27284784681432
51,"lag4",-2.12140050315151
51,"lag5",-0.24695079746378
51,"lag6",0.239529084888862
51,"lag7",-0.0864446523903029
51,"lag8",8.83779059845323
51,"lag9",4.36075878918464
51,"lag10",2.36304648435702
51,"lag11",-2.19279111313708
51,"lag12",0.425805863077461
52,"lag1",0.308243814942827
52,"lag2",2.17361723062397
52,"lag3",-2.93981452819528
52,"lag4",0.94595338769757
52,"lag5",-4.12617190961782
52,"lag6",-2.89590877315104
52,"lag7",-1.93941782150514
52,"lag8",-0.488966498587926
52,"lag9",-2.08556754538949
52,"lag10",-3.60568033017208
52,"lag11",-0.485309236099664
52,"lag12",0.766370450695276
53,"lag1",2.40429191654303
53,"lag2",2.14282039776958
53,"lag3",1.23902963630222
53,"lag4",-0.696447034985173
53,"lag5",-1.06965007286353
53,"lag6",-2.17729711428426
53,"lag7",0.79758905414045
53,"lag8",-2.33820096094474
53,"lag9",1.91386140462477
53,"lag10",-2.34410235063387
53,"lag11",-0.549311179468254
53,"lag12",0.727947148709263
54,"lag1",-3.12099968643056
54,"lag2",1.54456921629048
54,"lag3",-1.46612837160838
54,"lag4",-0.266842118794826
54,"lag5",-2.63104595658608
54,"lag6",0.0497332059361867
54,"lag7",2.54270877516357
54,"lag8",1.1786016307291
54,"lag9",-0.875560425372309
54,"lag10",-3.81463234292865
54,"lag11",-3.19411561580074
54,"lag12",-0.302560392999501
55,"lag1",-2.24604340992766
55,"lag2",-0.335919292961964
55,"lag3",6.0302661447984
55,"lag4",-3.30856011595819
55,"lag5",-2.42717698161178
55,"lag6",-1.70822209761704
55,"lag7",-2.98231500794451
55,"lag8",0.379739210462057
55,"lag9",2.92306578147171
55,"lag10",-1.97739481604212
55,"lag11",0.670240177307529
55,"lag12",2.16078378699448
56,"lag1",-1.00815794660642
56,"lag2",1.56501511108991
56,"lag3",-0.106385683962858
56,"lag4",-0.674527548151737
56,"lag5",-2.92807249115689
56,"lag6",-6.73916808625838
56,"lag7",-8.33633774462841
56,"lag8",-3.42505956850084
56,"lag9",-2.1180063890426
56,"lag10",0.690097912670529
56,"lag11",-2.91758324720508
56,"lag12",-0.327186667485183
57,"lag1",3.16555816160305
57,"lag2",4.93838548430021
57,"lag3",2.90246716874185
57,"lag4",-3.61281632915149
57,"lag5",-0.696914144119762
57,"lag6",2.37063936710849
57,"lag7",5.39444751823384
57,"lag8",2.09150735767081
57,"lag9",3.32124241223759
57,"lag10",0.312014832638458
57,"lag11",0.914293037297794
57,"lag12",4.28444823394097
58,"lag1",-2.23306702643441
58,"lag2",0.159320421364152
58,"lag3",-1.10527451681983
58,"lag4",5.65033287914207
58,"lag5",-0.726862639466783
58,"lag6",-1.70028108014779
58,"lag7",2.0418229637402
58,"lag8",6.68940684579854
58,"lag9",4.78119850735614
58,"lag10",-0.846614054192585
58,"lag11",0.590361435882452
58,"lag12",3.3045066348768
59,"lag1",-3.50168561919209
59,"lag2",0.27872859045879
59,"lag3",1.1430913666346
59,"lag4",1.8052489415487
59,"lag5",-2.18150114188615
59,"lag6",-2.35151564454032
59,"lag7",-4.7778206904079
59,"lag8",-3.05767554309334
59,"lag9",-0.399026304173066
59,"lag10",-0.382922400650178
59,"lag11",1.26091867283004
59,"lag12",0.161805791929934
60,"lag1",5.36604965210643
60,"lag2",4.4489459385898
60,"lag3",-0.334206919558021
60,"lag4",-0.386611494913363
60,"lag5",1.90618098375171
60,"lag6",0.194555226055673
60,"lag7",1.22685029443478
60,"lag8",3.81348291270324
60,"lag9",0.656491376105574
60,"lag10",-0.208068410815041
60,"lag11",1.19121988732754
60,"lag12",0.958475924539431
61,"lag1",5.5932044309399
61,"lag2",6.87542891100471
61,"lag3",4.99898987432112
61,"lag4",6.79884844230008
61,"lag5",-1.0323231610638
61,"lag6",-1.22332865647919
61,"lag7",1.97179263505127
61,"lag8",0.976532193139565
61,"lag9",3.15077323138483
61,"lag10",1.78982158355508
61,"lag11",3.3155969557027
61,"lag12",3.77113951831043
62,"lag1",-2.73602573116174
62,"lag2",3.10643776485129
62,"lag3",0.640681679878599
62,"lag4",-0.32226388689714
62,"lag5",-1.9645319479523
62,"lag6",0.103500602933926
62,"lag7",7.41018886096599
62,"lag8",-0.0952727628182334
62,"lag9",-0.17591778877253
62,"lag10",-2.9618445674548
62,"lag11",-2.89037084971706
62,"lag12",-3.78413857110268
63,"lag1",-3.42768634037521
63,"lag2",4.50544878996579
63,"lag3",3.45681035395142
63,"lag4",-0.324586634560813
63,"lag5",2.07868426908789
63,"lag6",1.09684360036586
63,"lag7",4.7134158491637
63,"lag8",2.03336307584277
63,"lag9",2.19741354326395
63,"lag10",-1.51740662292451
63,"lag11",-2.3524699527885
63,"lag12",0.144622759935189
64,"lag1",3.53828483956402
64,"lag2",3.74194776905697
64,"lag3",1.22893018667434
64,"lag4",-2.05283270387437
64,"lag5",3.32794949909606
64,"lag6",2.44879042167355
64,"lag7",0.53386201646325
64,"lag8",-0.727751948617503
64,"lag9",0.472690325962868
64,"lag10",-0.935659050769599
64,"lag11",-2.21503001067061
64,"lag12",-1.84653731175974
65,"lag1",-1.14271946002317
65,"lag2",-0.439261281210699
65,"lag3",-0.771242825957456
65,"lag4",-2.4141778147161
65,"lag5",1.35963547530855
65,"lag6",-3.05068255260228
65,"lag7",-1.74484877388199
65,"lag8",5.5276628195258
65,"lag9",0.11078828563997
65,"lag10",-2.95617206672889
65,"lag11",2.17963697681149
65,"lag12",1.36625337644276
66,"lag1",-0.0610148014455855
66,"lag2",-1.7285211554017
66,"lag3",-1.83825798102647
66,"lag4",0.093774944177566
66,"lag5",-0.580553334512513
66,"lag6",0.649929401579569
66,"lag7",-1.91459763782395
66,"lag8",-1.4898526310919
66,"lag9",5.46295347362515
66,"lag10",0.757935168032522
66,"lag11",1.2378884267887
66,"lag12",-0.200726572265569
67,"lag1",3.76931051936446
67,"lag2",0.199514155482669
67,"lag3",-3.4896848879595
67,"lag4",-0.555345806993194
67,"lag5",-3.08396935194808
67,"lag6",-0.708230596060594
67,"lag7",-3.23262533579894
67,"lag8",-0.317458176192706
67,"lag9",2.89836964257872
67,"lag10",-2.72310572271245
67,"lag11",-2.63693629409852
67,"lag12",0.44562056922677
68,"lag1",0.419715734488068
68,"lag2",0.113292084209689
68,"lag3",0.66053414715514
68,"lag4",0.0095708224375291
68,"lag5",-0.327190977710874
68,"lag6",1.19352177735284
68,"lag7",3.14655696436194
68,"lag8",-2.24258807671664
68,"lag9",2.10481227531364
68,"lag10",0.245918175191569
68,"lag11",3.75635453025255
68,"lag12",9.33820394413664
69,"lag1",0.514981277412593
69,"lag2",7.4374458135278
69,"lag3",6.04915231261222
69,"lag4",0.730261194478697
69,"lag5",7.97721283276176
69,"lag6",1.61355452600083
69,"lag7",5.80205113089155
69,"lag8",2.62114494173789
69,"lag9",-0.874784802872586
69,"lag10",0.621086007596158
69,"lag11",-0.392448278513459
69,"lag12",0.0757437780959785
70,"lag1",6.96024871496575
70,"lag2",8.46576779582307
70,"lag3",4.72838336892132
70,"lag4",3.06471719896054
70,"lag5",0.405572334783139
70,"lag6",3.14767371146083
70,"lag7",0.597018713382661
70,"lag8",0.316162435118862
70,"lag9",3.57623085802401
70,"lag10",1.01424347181356
70,"lag11",3.3173457267261
70,"lag12",2.10991549465233
71,"lag1",-2.46217535694933
71,"lag2",1.01567528173972
71,"lag3",-0.942308948734902
71,"lag4",-3.43932430398189
71,"lag5",-4.08191935725638
71,"lag6",2.39435792519762
71,"lag7",3.12095912687598
71,"lag8",-0.168422199849325
71,"lag9",-4.50353572544039
71,"lag10",-4.29496400408356
71,"lag11",-1.63437517870868
71,"lag12",0.798736412655866
72,"lag1",2.73686424687686
72,"lag2",2.30262752506722
72,"lag3",1.08864168659912
72,"lag4",0.750388131266458
72,"lag5",-1.49855708608869
72,"lag6",-4.23563229249259
72,"lag7",1.48445166802604
72,"lag8",0.380536439788236
72,"lag9",0.118201548965706
72,"lag10",0.242401582935034
72,"lag11",-0.806824714937479
72,"lag12",0.487391757669235
73,"lag1",2.50932221221976
73,"lag2",3.06877274026158
73,"lag3",4.0075435624394
73,"lag4",4.59521404764602
73,"lag5",2.04302167690188
73,"lag6",-1.80435156389999
73,"lag7",3.25626995565685
73,"lag8",4.51456873496652
73,"lag9",3.17535054960829
73,"lag10",3.21838900984239
73,"lag11",4.15297934819472
73,"lag12",5.87652332661588
74,"lag1",1.68761598047455
74,"lag2",-2.457701110176
74,"lag3",-2.28555262562724
74,"lag4",-2.26250370160834
74,"lag5",-1.13574928744131
74,"lag6",-6.48216400660369
74,"lag7",-2.59110059595933
74,"lag8",8.21969887452334
74,"lag9",-0.137577060555323
74,"lag10",-4.44607802164396
74,"lag11",-3.34113591196939
74,"lag12",1.47836886759092
75,"lag1",-0.0935008350704188
75,"lag2",-1.91405609511932
75,"lag3",0.748866068920737
75,"lag4",-4.51625514212398
75,"lag5",-0.335015257460219
75,"lag6",1.09846703697759
75,"lag7",3.0651013797058
75,"lag8",4.99071589730814
75,"lag9",3.31912239388774
75,"lag10",-1.05336557819505
75,"lag11",-0.733501574753389
75,"lag12",3.76719357118677
76,"lag1",-1.06229799911487
76,"lag2",4.6523825454208
76,"lag3",4.78813524521951
76,"lag4",-1.03670789952584
76,"lag5",-0.538123621973056
76,"lag6",-2.21792615295926
76,"lag7",-3.13092122015113
76,"lag8",8.12962999686429
76,"lag9",5.97623151026855
76,"lag10",-0.289889122186564
76,"lag11",-2.10307038388946
76,"lag12",1.17624198776336
77,"lag1",-1.83330870306187
77,"lag2",-3.25498234045913
77,"lag3",-0.984048228152102
77,"lag4",-2.77533043848234
77,"lag5",0.755833318870634
77,"lag6",2.17138290759295
77,"lag7",4.58609911449783
77,"lag8",-0.544428770658398
77,"lag9",1.09815009587614
77,"lag10",0.697849398348572
77,"lag11",-3.9922788791015
77,"lag12",0.573505520659643
78,"lag1",3.582551570696
78,"lag2",-0.338329220131495
78,"lag3",-2.95560330984937
78,"lag4",-3.33022707927317
78,"lag5",-0.724637322832857
78,"lag6",3.76562438824588
78,"lag7",3.34717982903221
78,"lag8",-1.16128800448506
78,"lag9",-4.2732638437058
78,"lag10",4.61783777760868
78,"lag11",-0.767921995673083
78,"lag12",6.89360726358312
79,"lag1",-0.905361140936291
79,"lag2",2.22734652927483
79,"lag3",-0.0525827143289175
79,"lag4",-1.27936312204729
79,"lag5",-1.3161802485203
79,"lag6",-2.32792885629724
79,"lag7",-2.65807273856517
79,"lag8",2.44769583829838
79,"lag9",0.59187054147519
79,"lag10",-0.894603450823081
79,"lag11",0.272097347641683
79,"lag12",1.28872765914368
80,"lag1",0.00637569792291943
80,"lag2",2.46447335513343
80,"lag3",1.97451617120153
80,"lag4",4.17575351677726
80,"lag5",-2.74645981102492
80,"lag6",0.283818557345745
80,"lag7",-0.52243363476339
80,"lag8",2.23803195526547
80,"lag9",5.6692617085595
80,"lag10",3.17972019008079
80,"lag11",0.608498216031489
80,"lag12",-0.73702744966545
81,"lag1",-1.1856484015549
81,"lag2",2.1358179329394
81,"lag3",0.62542979098573
81,"lag4",2.06343484889581
81,"lag5",-1.37557283192288
81,"lag6",-3.41877180842511
81,"lag7",-2.1792268900208
81,"lag8",4.43901556715123
81,"lag9",-3.7741730478655
81,"lag10",-3.73672348023311
81,"lag11",-4.66641246921255
81,"lag12",-2.74929863435591
82,"lag1",0.0994581110531702
82,"lag2",4.22078691492404
82,"lag3",-1.0089366220942
82,"lag4",3.88987213061195
82,"lag5",-3.10488074187664
82,"lag6",-3.35858248905896
82,"lag7",-1.56612461892253
82,"lag8",0.240155739868186
82,"lag9",1.85824940255706
82,"lag10",-1.62729035540091
82,"lag11",-4.39789622226826
82,"lag12",-0.852193404079892
83,"lag1",-1.14630665967235
83,"lag2",-0.573282165848087
83,"lag3",-1.00252847371096
83,"lag4",-1.26759330093946
83,"lag5",0.377885871429586
83,"lag6",-0.61733722486186
83,"lag7",0.652131007332064
83,"lag8",-1.82686606069014
83,"lag9",-3.30220077572984
83,"lag10",0.775698371591266
83,"lag11",0.464100398409197
83,"lag12",-1.9699336077484
84,"lag1",-0.494190153285411
84,"lag2",0.81020166694476
84,"lag3",-3.04176886736398
84,"lag4",-2.783426643495
84,"lag5",-3.71198843799467
84,"lag6",-0.737749603339357
84,"lag7",0.383970988984349
84,"lag8",3.66652079055317
84,"lag9",-1.38184508832744
84,"lag10",-1.22442244166021
84,"lag11",0.0978802686419684
84,"lag12",5.019983056445
85,"lag1",1.42195445808545
85,"lag2",0.857314645731267
85,"lag3",-1.91066661502417
85,"lag4",-1.51548373666725
85,"lag5",-1.6074741963825
85,"lag6",0.535073018856904
85,"lag7",-0.475813211651119
85,"lag8",-1.70148807637033
85,"lag9",-0.259489309253551
85,"lag10",-1.65114718406972
85,"lag11",-0.506147584974644
85,"lag12",-2.53209864852526
86,"lag1",5.17944253589998
86,"lag2",2.50988436104056
86,"lag3",3.41938759507973
86,"lag4",0.95527438223794
86,"lag5",1.32631815188595
86,"lag6",1.5608626907969
86,"lag7",-0.944696063637321
86,"lag8",1.77875976423721
86,"lag9",-0.969875058041628
86,"lag10",-2.47861779202571
86,"lag11",-0.610409921974638
86,"lag12",0.351804330121126
87,"lag1",4.01172392377914
87,"lag2",2.17764755044238
87,"lag3",0.724177568622526
87,"lag4",3.5603485923609
87,"lag5",-1.62324013561743
87,"lag6",-1.04304997455067
87,"lag7",0.335523327716048
87,"lag8",3.37226506144361
87,"lag9",1.07942993654064
87,"lag10",-2.26922516556195
87,"lag11",-0.137800360634334
87,"lag12",1.00820644906923
88,"lag1",0.464035699862351
88,"lag2",-2.36833421032257
88,"lag3",-2.91658924550017
88,"lag4",0.994409653708989
88,"lag5",1.48709889387789
88,"lag6",-1.65603249421949
88,"lag7",0.0728409811459284
88,"lag8",1.05081415703087
88,"lag9",1.37231168249055
88,"lag10",-1.68544715269436
88,"lag11",2.19671767584376
88,"lag12",2.03338519633212
89,"lag1",-2.95211037410543
89,"lag2",-3.54403460943807
89,"lag3",0.173846901880975
89,"lag4",-2.73841698646888
89,"lag5",0.762626330474754
89,"lag6",1.34472464395076
89,"lag7",4.88197774444397
89,"lag8",0.418417238662476
89,"lag9",-0.342389255852452
89,"lag10",-0.490765106111198
89,"lag11",0.725721856996487
89,"lag12",5.94513821341775
90,"lag1",-5.24115896970634
90,"lag2",2.15666428014023
90,"lag3",1.41623266400778
90,"lag4",-2.0955169956704
90,"lag5",-2.79789087455234
90,"lag6",-3.45905363958709
90,"lag7",1.05139123915446
90,"lag8",5.04908275074217
90,"lag9",4.48969467604981
90,"lag10",0.126764994146076
90,"lag11",0.921081873728019
90,"lag12",2.13846856075149
91,"lag1",-2.26297653256004
91,"lag2",-3.90774837888852
91,"lag3",-2.07628246696384
91,"lag4",-2.16494211045299
91,"lag5",-1.30568429427212
91,"lag6",-2.63067267936398
91,"lag7",1.36066928893271
91,"lag8",4.70121861038482
91,"lag9",4.29830920931562
91,"lag10",-2.76943159446922
91,"lag11",0.502405545604331
91,"lag12",-1.72184909533142
92,"lag1",-4.32510486548624
92,"lag2",-2.26883279443219
92,"lag3",-1.82120488817391
92,"lag4",-4.83630987952918
92,"lag5",-0.593696246190542
92,"lag6",-2.00436477654665
92,"lag7",-0.623775606708611
92,"lag8",3.14633426089586
92,"lag9",1.24090951151233
92,"lag10",-3.13671926117847
92,"lag11",-1.10374870759684
92,"lag12",0.26177282587461
93,"lag1",-0.0558162329487092
93,"lag2",-2.89398612770258
93,"lag3",-2.7007286198495
93,"lag4",-3.83605097732721
93,"lag5",-1.39687045124263
93,"lag6",0.0645337125603556
93,"lag7",0.261805893433999
93,"lag8",-1.12698986946282
93,"lag9",-6.55324921768952
93,"lag10",-1.98337020398784
93,"lag11",-0.0752902454794524
93,"lag12",3.17905276486571
94,"lag1",3.33639365775079
94,"lag2",2.03575692823195
94,"lag3",6.33586881395815
94,"lag4",3.35822741071761
94,"lag5",0.373529083514319
94,"lag6",-2.10422690195698
94,"lag7",3.62744264328419
94,"lag8",4.84592871930033
94,"lag9",3.52220160874805
94,"lag10",1.6812144919011
94,"lag11",4.48349394675658
94,"lag12",4.02704700303453
95,"lag1",2.10263267301006
95,"lag2",0.839197207547508
95,"lag3",0.743736161025894
95,"lag4",1.27870593465251
95,"lag5",-0.349014877140495
95,"lag6",5.37479115263065
95,"lag7",1.60725701516946
95,"lag8",1.02392598331783
95,"lag9",1.33674086263029
95,"lag10",0.080102129330935
95,"lag11",2.23214261244469
95,"lag12",0.257232259218099
96,"lag1",1.18238748945183
96,"lag2",-4.60710718576111
96,"lag3",0.400748337478964
96,"lag4",-3.92492507867072
96,"lag5",-3.7172594077327
96,"lag6",-3.08036116596152
96,"lag7",-1.13582383568494
96,"lag8",-0.029505572916148
96,"lag9",0.4289116212507
96,"lag10",0.362917472613502
96,"lag11",-1.61614437908731
96,"lag12",-0.0885273668631327
97,"lag1",-4.93181772131254
97,"lag2",-3.1454250584928
97,"lag3",-0.941160182999855
97,"lag4",-4.09779002565364
97,"lag5",-2.32880441998201
97,"lag6",-3.99779676249353
97,"lag7",-3.695936998888
97,"lag8",-8.25425120277026
97,"lag9",-0.653013171920004
97,"lag10",-4.31100796308374
97,"lag11",-2.86324800605421
97,"lag12",-2.58646050353625
98,"lag1",-2.60815647015945
98,"lag2",-5.20712466394319
98,"lag3",-2.22668227710369
98,"lag4",-0.933229503377464
98,"lag5",0.948773039914767
98,"lag6",-5.00162063133803
98,"lag7",-6.3700544020756
98,"lag8",3.68004214942141
98,"lag9",0.698491608133559
98,"lag10",-2.14997428155829
98,"lag11",-3.01328848821781
98,"lag12",0.556953999163704
99,"lag1",-0.966750114851088
99,"lag2",-4.84829222278109
99,"lag3",-3.57897163620451
99,"lag4",-1.95340174641679
99,"lag5",0.549375082771506
99,"lag6",-0.185913966253073
99,"lag7",2.23706604158889
99,"lag8",-2.94797479225443
99,"lag9",-1.17720131130447
99,"lag10",1.14265691721405
99,"lag11",-2.7872653993056
99,"lag12",-0.556775702646117
100,"lag1",-1.28476372467281
100,"lag2",4.67222217371035
100,"lag3",-1.64999592977768
100,"lag4",-3.6694336277945
100,"lag5",-0.849619823426175
100,"lag6",0.787777049262117
100,"lag7",0.786011784979009
100,"lag8",2.6035460057152
100,"lag9",-0.390385709026468
100,"lag10",-0.701979991851364
100,"lag11",-2.73515775547274
100,"lag12",-2.42956167571929
101,"lag1",-2.33527166456622
101,"lag2",-2.27176981296823
101,"lag3",-0.0565823650362221
101,"lag4",-3.66585734773487
101,"lag5",-6.25017684284334
101,"lag6",-3.0584052527056
101,"lag7",-3.09562663924375
101,"lag8",-2.76102212295943
101,"lag9",-2.47051793165919
101,"lag10",-3.56495400203668
101,"lag11",-1.93094481753637
101,"lag12",-3.20458436045561
102,"lag1",-3.99184643185121
102,"lag2",1.50112170364904
102,"lag3",-0.860582775670941
102,"lag4",-3.95798767320974
102,"lag5",-3.49324633331818
102,"lag6",-4.163830948356
102,"lag7",1.48826243392136
102,"lag8",-1.40971047902218
102,"lag9",-2.17832697063983
102,"lag10",-5.08257495562106
102,"lag11",1.05439198198524
102,"lag12",-0.994221120007231
103,"lag1",0.0385910053446792
103,"lag2",-3.07140300843931
103,"lag3",-1.70864474297219
103,"lag4",7.57039356979496
103,"lag5",-0.215691858650709
103,"lag6",-0.268397758411514
103,"lag7",-2.50053263499799
103,"lag8",6.03082314777945
103,"lag9",0.542144181289324
103,"lag10",-2.82581532802819
103,"lag11",-1.38188797371915
103,"lag12",0.0150010904946259
104,"lag1",4.20335461304218
104,"lag2",-0.0377505920517428
104,"lag3",-1.19530557858375
104,"lag4",3.12196387323654
104,"lag5",-0.832578459913706
104,"lag6",1.32248680643401
104,"lag7",2.4837328152757
104,"lag8",1.48680450930371
104,"lag9",2.29151705811008
104,"lag10",-0.693139895110574
104,"lag11",0.786143930506612
104,"lag12",-0.438122028762663
105,"lag1",3.88360170588239
105,"lag2",4.97078015116973
105,"lag3",3.69574398366413
105,"lag4",0.926213185655786
105,"lag5",0.746613441619245
105,"lag6",0.524086253335503
105,"lag7",2.30938718361165
105,"lag8",4.23986599644601
105,"lag9",2.64417639741798
105,"lag10",-3.77222601811513
105,"lag11",0.987936949431871
105,"lag12",-0.0152327849068357
106,"lag1",-4.2066560407755
106,"lag2",-1.46044266076436
106,"lag3",1.09809257805612
106,"lag4",-1.97908999707843
106,"lag5",1.21226719937944
106,"lag6",0.144184340278206
106,"lag7",8.35085306873048
106,"lag8",-2.38877679511911
106,"lag9",2.32025327260374
106,"lag10",1.49687754335582
106,"lag11",5.93833295236221
106,"lag12",4.5740250138329
107,"lag1",-0.595384868184013
107,"lag2",-1.61604947356574
107,"lag3",-2.05543708560261
107,"lag4",0.576711063832741
107,"lag5",-2.37485170113738
107,"lag6",-0.938131694042924
107,"lag7",2.76468262211046
107,"lag8",-0.45411844700543
107,"lag9",-1.33402363706606
107,"lag10",-0.882593220054354
107,"lag11",1.14697194858229
107,"lag12",2.98972645288622
108,"lag1",-1.31363784587736
108,"lag2",1.7161883068927
108,"lag3",-1.72205815535036
108,"lag4",-1.01042545461198
108,"lag5",-4.90738814112063
108,"lag6",-3.01630009917171
108,"lag7",0.267782453057915
108,"lag8",-1.96965471256047
108,"lag9",-1.11417913246769
108,"lag10",-1.6880980225631
108,"lag11",2.38292231135895
108,"lag12",0.342240806210882
109,"lag1",-2.4899983973969
109,"lag2",-0.842904224536924
109,"lag3",-1.92704063875203
109,"lag4",-2.88917102438888
109,"lag5",-0.912971179338675
109,"lag6",-0.717486575894598
109,"lag7",-0.0941615507788472
109,"lag8",6.344689298184
109,"lag9",1.71964246258817
109,"lag10",-1.88298058403429
109,"lag11",1.06751379617782
109,"lag12",0.30740110692166
110,"lag1",1.51492868172853
110,"lag2",0.269548906882991
110,"lag3",-1.32075364817647
110,"lag4",-4.19286186320918
110,"lag5",0.488686519516153
110,"lag6",-4.51528445685604
110,"lag7",-3.53406328640274
110,"lag8",-5.83929114407271
110,"lag9",-2.68884537837124
110,"lag10",-1.83695968012042
110,"lag11",0.519234328138337
110,"lag12",-0.726436670413988
111,"lag1",-3.64595678503901
111,"lag2",-3.40518577044665
111,"lag3",0.297207396176159
111,"lag4",-3.87009536516162
111,"lag5",-5.81064240011827
111,"lag6",-2.93658476929369
111,"lag7",-3.9070454444322
111,"lag8",-0.643778291831301
111,"lag9",0.505727781619074
111,"lag10",-1.51831668485017
111,"lag11",-4.37990353782954
111,"lag12",2.27485727105786
112,"lag1",1.56596936793414
112,"lag2",2.49716601962584
112,"lag3",-0.223559283355271
112,"lag4",2.50493309658347
112,"lag5",1.31536030976892
112,"lag6",2.36123518074649
112,"lag7",-0.493740785977268
112,"lag8",3.07660560483818
112,"lag9",2.22781690147638
112,"lag10",0.427964324384784
112,"lag11",1.34302038386567
112,"lag12",2.46853806896268
113,"lag1",-0.0233790640509028
113,"lag2",0.984533864538144
113,"lag3",-1.83610472982257
113,"lag4",-1.12569390897324
113,"lag5",-3.07268564030574
113,"lag6",-0.690234418901892
113,"lag7",0.31568458930235
113,"lag8",2.07875623824565
113,"lag9",0.349666442910832
113,"lag10",-0.23711765206224
113,"lag11",-0.307525729715636
113,"lag12",2.57964228311288
114,"lag1",-1.5935505634383
114,"lag2",-0.315904574452473
114,"lag3",-0.629884304033643
114,"lag4",0.667250580928907
114,"lag5",2.74664095894905
114,"lag6",2.39795516569954
114,"lag7",6.52453483876228
114,"lag8",1.76052744301835
114,"lag9",6.75789259528213
114,"lag10",2.5431196178293
114,"lag11",0.491947187746943
114,"lag12",7.05129040778184
115,"lag1",6.30158061076705
115,"lag2",4.87425404385984
115,"lag3",-0.0269325410955597
115,"lag4",-3.41605030234876
115,"lag5",-1.65896142260661
115,"lag6",-1.53122281539261
115,"lag7",1.73278831268967
115,"lag8",2.8028799135544
115,"lag9",0.705180810679021
115,"lag10",-2.22616468596026
115,"lag11",2.26885976605606
115,"lag12",7.04316430173313
116,"lag1",1.66016835226698
116,"lag2",1.96700122822614
116,"lag3",-0.359659224071601
116,"lag4",0.70012025921249
116,"lag5",-2.49576767365016
116,"lag6",-3.22057515971216
116,"lag7",-2.92692028724734
116,"lag8",1.47172484444771
116,"lag9",2.45778708512852
116,"lag10",-0.0978988745443423
116,"lag11",-1.37698076221598
116,"lag12",-0.551232667071925
117,"lag1",1.7546127210653
117,"lag2",1.09728548651592
117,"lag3",3.48406891752486
117,"lag4",-3.67937959723608
117,"lag5",-5.30765496501108
117,"lag6",-1.84488616593363
117,"lag7",-3.18992813285223
117,"lag8",-3.66263545754828
117,"lag9",-0.422735866912579
117,"lag10",-4.28457618497775
117,"lag11",-4.36006750917393
117,"lag12",-1.38682450892542
118,"lag1",-1.60737441095787
118,"lag2",3.35702289020198
118,"lag3",3.52387512847044
118,"lag4",2.47259594733586
118,"lag5",0.206927221434168
118,"lag6",3.25735491488411
118,"lag7",3.27849382438695
118,"lag8",2.90975319590845
118,"lag9",1.70164281771029
118,"lag10",1.33092592166225
118,"lag11",-0.601270932657411
118,"lag12",2.10844542839116
119,"lag1",1.22222015743792
119,"lag2",0.784295418501989
119,"lag3",-0.23252945003216
119,"lag4",-0.912070985338528
119,"lag5",-0.135651046346506
119,"lag6",-2.74301876690984
119,"lag7",-1.26814432768265
119,"lag8",-1.59031269282789
119,"lag9",-1.35863661546824
119,"lag10",-3.62553311571733
119,"lag11",-4.40140979515417
119,"lag12",-2.83411999012401
120,"lag1",-1.54132437966741
120,"lag2",0.481631590168042
120,"lag3",0.148329577899686
120,"lag4",0.49160445853627
120,"lag5",-0.509749649609774
120,"lag6",-0.807441463885644
120,"lag7",-1.0470341936555
120,"lag8",-0.878293915357558
120,"lag9",-0.53326549402351
120,"lag10",-2.47216759387606
120,"lag11",-3.84407522142051
120,"lag12",2.78121596713418
121,"lag1",1.20767224739332
121,"lag2",1.27251107901935
121,"lag3",0.189226383437524
121,"lag4",-1.65757843976505
121,"lag5",-0.71181779775515
121,"lag6",-0.972111792775504
121,"lag7",-0.616553041988894
121,"lag8",1.7813719106706
121,"lag9",0.0498768474456988
121,"lag10",-3.11449224985047
121,"lag11",-1.21851456730328
121,"lag12",-1.81092427706826
122,"lag1",4.51428272030421
122,"lag2",2.12235875141872
122,"lag3",0.955194443864065
122,"lag4",-1.95374708035384
122,"lag5",-0.385527756994773
122,"lag6",-0.701376608402357
122,"lag7",-4.51390988434043
122,"lag8",-4.04288114261341
122,"lag9",1.10896370331011
122,"lag10",1.9219963250191
122,"lag11",-1.82829129334519
122,"lag12",-2.1351882199386
123,"lag1",3.49953222173913
123,"lag2",3.96457273721918
123,"lag3",2.07980358833183
123,"lag4",4.10726735130652
123,"lag5",0.373461563946734
123,"lag6",0.568726560797101
123,"lag7",-2.68528855718715
123,"lag8",0.896859913188059
123,"lag9",0.77867016861373
123,"lag10",0.472970414706545
123,"lag11",-0.0874406575449145
123,"lag12",2.09493981855335
124,"lag1",-1.20216243190126
124,"lag2",-3.27984235715186
124,"lag3",-1.45361812207851
124,"lag4",1.10493861718401
124,"lag5",-2.54018777908349
124,"lag6",-1.11800179911657
124,"lag7",-1.79319375971042
124,"lag8",0.933072165274681
124,"lag9",1.94379516947333
124,"lag10",4.1764050314691
124,"lag11",-0.644020119734785
124,"lag12",0.0167034681460179
125,"lag1",-2.23090269062733
125,"lag2",-1.88226819290703
125,"lag3",-4.56524151145505
125,"lag4",1.30928079802641
125,"lag5",-2.23695133588444
125,"lag6",-0.892411771386428
125,"lag7",-3.58307463557112
125,"lag8",0.853961867597463
125,"lag9",-0.888748066404799
125,"lag10",-1.46032255025024
125,"lag11",0.681056799298753
125,"lag12",8.283647942795
126,"lag1",-5.74344181577866
126,"lag2",-3.21086507654813
126,"lag3",-3.3451095902292
126,"lag4",-6.97329985441244
126,"lag5",-3.52433691790818
126,"lag6",-0.611310359592255
126,"lag7",-4.45410017588875
126,"lag8",-4.44156453685911
126,"lag9",-1.90293656466677
126,"lag10",-3.29666804221366
126,"lag11",-3.56960733874144
126,"lag12",-3.96944042224445
127,"lag1",-2.90158808113447
127,"lag2",0.0418150872391066
127,"lag3",-0.993271234774599
127,"lag4",2.43250508212893
127,"lag5",0.570902535471419
127,"lag6",-4.13407488929537
127,"lag7",0.0849191214384004
127,"lag8",-1.20932430191593
127,"lag9",0.188442238222364
127,"lag10",-0.58523542445335
127,"lag11",-0.344143700295723
127,"lag12",-1.23721404628575
128,"lag1",-3.9174135893327
128,"lag2",4.59498099351569
128,"lag3",-4.89647987084244
128,"lag4",-3.96776440921634
128,"lag5",-5.08137106453704
128,"lag6",-5.07988538447991
128,"lag7",-1.47082623949129
128,"lag8",2.67422661171155
128,"lag9",-0.0366487961043576
128,"lag10",-4.80716044201605
128,"lag11",-3.35611810763462
128,"lag12",-4.91498765086118
129,"lag1",-1.00972322319714
129,"lag2",3.48396012274493
129,"lag3",5.00574977923063
129,"lag4",1.57472928213476
129,"lag5",5.75925765247205
129,"lag6",1.57199689130849
129,"lag7",0.143594380814379
129,"lag8",-1.26238546761158
129,"lag9",-0.314142883387994
129,"lag10",-2.84379530651666
129,"lag11",-1.79236422295506
129,"lag12",-2.17536926456601
130,"lag1",0.0531241835190987
130,"lag2",0.733716857539993
130,"lag3",1.57256026445523
130,"lag4",0.436312843975796
130,"lag5",-2.32902692436016
130,"lag6",0.625311116712446
130,"lag7",1.77858690214805
130,"lag8",-0.530693832545411
130,"lag9",2.4621117641693
130,"lag10",-2.91116033764613
130,"lag11",-2.07193249104356
130,"lag12",-0.237721361259638
131,"lag1",3.01065393542129
131,"lag2",-0.0991273124068281
131,"lag3",0.510962552091376
131,"lag4",2.06188760454804
131,"lag5",0.0256024832386052
131,"lag6",-0.98684269389782
131,"lag7",2.39585004727316
131,"lag8",-1.80697696813576
131,"lag9",-3.13447305067947
131,"lag10",-2.53193046090674
131,"lag11",-2.01160014017468
131,"lag12",-1.29714905211959
132,"lag1",-0.133892121697816
132,"lag2",-2.91521206781185
132,"lag3",1.27117275852975
132,"lag4",-0.00761080981645246
132,"lag5",-0.0850425382143669
132,"lag6",1.59067560481907
132,"lag7",3.01693581285325
132,"lag8",1.43582807475673
132,"lag9",7.73788609923503
132,"lag10",1.34403989594042
132,"lag11",2.92550495615143
132,"lag12",4.48216183989989
133,"lag1",0.121329628763137
133,"lag2",0.98362280906957
133,"lag3",-2.07655619376506
133,"lag4",-0.536353717511454
133,"lag5",0.998772580075277
133,"lag6",3.79782282778791
133,"lag7",5.49197375252579
133,"lag8",1.17331928048144
133,"lag9",0.176711447922739
133,"lag10",-2.77536780556291
133,"lag11",0.405213781012188
133,"lag12",5.07456111531797
134,"lag1",-0.72073254296093
134,"lag2",3.13929428606504
134,"lag3",-1.6080753609233
134,"lag4",2.24242250324074
134,"lag5",-2.24416681613946
134,"lag6",-1.21159163694153
134,"lag7",-0.837894256741089
134,"lag8",1.1890410891094
134,"lag9",-1.81573831596635
134,"lag10",0.145624574654796
134,"lag11",4.4318734919217
134,"lag12",5.67442158996502
135,"lag1",2.08694668905604
135,"lag2",-0.936227838353433
135,"lag3",-2.65096859756145
135,"lag4",-1.39957031563447
135,"lag5",-0.645071692684269
135,"lag6",3.97011430027276
135,"lag7",0.40011459902405
135,"lag8",-3.42401773392994
135,"lag9",0.143977341165342
135,"lag10",2.83148584623293
135,"lag11",-1.91125748691146
135,"lag12",2.40874069151789
136,"lag1",-2.54932030151415
136,"lag2",-1.29024152827603
136,"lag3",-3.12619397874313
136,"lag4",0.61288858137563
136,"lag5",-1.44842131190991
136,"lag6",-3.06722207473751
136,"lag7",-4.8111183111749
136,"lag8",-3.95114997184556
136,"lag9",-0.860560586300431
136,"lag10",-0.0380214227608416
136,"lag11",-1.16052382889746
136,"lag12",0.910163698733196
137,"lag1",0.0486796869485759
137,"lag2",-3.84163508854574
137,"lag3",-1.0990654722534
137,"lag4",-2.01060315976106
137,"lag5",1.89904052709839
137,"lag6",1.16314981738888
137,"lag7",3.30819579793981
137,"lag8",5.49081614326468
137,"lag9",5.55982568128799
137,"lag10",1.81788076942553
137,"lag11",-0.122383707635049
137,"lag12",1.30356354216728
138,"lag1",2.21800321349527
138,"lag2",2.16908452675121
138,"lag3",1.74923013440026
138,"lag4",2.41163166367926
138,"lag5",-3.22881415383656
138,"lag6",1.44267785144759
138,"lag7",0.886694461911527
138,"lag8",0.610913363840614
138,"lag9",-1.12092831441309
138,"lag10",-2.47445328058865
138,"lag11",0.945129688546246
138,"lag12",-0.990135052887949
139,"lag1",0.547252394357283
139,"lag2",3.32271352714123
139,"lag3",0.908154532139344
139,"lag4",-0.636172471031128
139,"lag5",-0.12442768781085
139,"lag6",-1.68687812813353
139,"lag7",4.56594559927651
139,"lag8",9.29463594255743
139,"lag9",1.61344131302465
139,"lag10",-3.95633474613748
139,"lag11",-3.9018847715792
139,"lag12",-1.23752382209038
140,"lag1",-2.86861659151435
140,"lag2",-2.21413993601729
140,"lag3",-3.32064946020885
140,"lag4",-0.788354241502711
140,"lag5",-2.64781722725054
140,"lag6",-3.33736805898908
140,"lag7",-2.22716061038004
140,"lag8",0.375004084873228
140,"lag9",0.363377856573265
140,"lag10",-1.86637521423528
140,"lag11",-0.925747916515224
140,"lag12",-0.930367691911011
141,"lag1",2.68710866969655
141,"lag2",0.0682218280749682
141,"lag3",-1.55860521403588
141,"lag4",1.35373592366184
141,"lag5",-0.776750494562144
141,"lag6",1.13372858683069
141,"lag7",-1.26576718319308
141,"lag8",3.88912168173579
141,"lag9",1.9959881648417
141,"lag10",-1.3121243819698
141,"lag11",-1.53410499972549
141,"lag12",-1.41413424681906
142,"lag1",3.55156774642686
142,"lag2",-0.203982364619314
142,"lag3",3.18867326486867
142,"lag4",3.92347773371642
142,"lag5",0.0831146596535147
142,"lag6",1.94867988976428
142,"lag7",1.86286140861245
142,"lag8",3.28721347720075
142,"lag9",2.17314760510377
142,"lag10",-2.12831047460809
142,"lag11",-3.70222191954106
142,"lag12",2.93124949408445
143,"lag1",5.69011261167458
143,"lag2",5.14752995348369
143,"lag3",-2.52387246511586
143,"lag4",3.1341262375437
143,"lag5",-1.55741448169548
143,"lag6",2.54468262682711
143,"lag7",0.470815888477159
143,"lag8",5.24784312436374
143,"lag9",5.47653879708743
143,"lag10",0.0623470614885586
143,"lag11",1.12723779680231
143,"lag12",-0.431585440294824
144,"lag1",1.95288278464772
144,"lag2",5.70824918874179
144,"lag3",-1.69385592086303
144,"lag4",-0.168992614629221
144,"lag5",-1.33779839041465
144,"lag6",-2.27773767736807
144,"lag7",1.22493239931895
144,"lag8",2.25358888427004
144,"lag9",3.23826080816095
144,"lag10",2.11314570424856
144,"lag11",0.976361100306522
144,"lag12",-1.55590472559571
145,"lag1",-1.97427758652731
145,"lag2",-3.15276902548956
145,"lag3",1.0277207393226
145,"lag4",-3.32129112052536
145,"lag5",-4.21444238273166
145,"lag6",-0.247650656673056
145,"lag7",-0.594963725456745
145,"lag8",-0.758039523118095
145,"lag9",2.55325147848003
145,"lag10",-2.36784800278381
145,"lag11",-5.82210959293873
145,"lag12",-3.27289413912556
146,"lag1",-2.33939839317669
146,"lag2",-3.14246913385901
146,"lag3",-5.70519329008168
146,"lag4",-2.42013791491178
146,"lag5",-1.91365110222654
146,"lag6",-3.27581401039269
146,"lag7",-4.22369176396823
146,"lag8",-2.5480381302856
146,"lag9",-4.45532854472832
146,"lag10",-3.92561298732588
146,"lag11",-1.21479707577494
146,"lag12",-5.30638991977106
147,"lag1",-1.13018408209949
147,"lag2",0.573614237485187
147,"lag3",-0.0302295814653979
147,"lag4",0.565555231161778
147,"lag5",-4.17430427737989
147,"lag6",-0.797373294270218
147,"lag7",0.674275527010141
147,"lag8",0.0236261657870039
147,"lag9",2.16272331145889
147,"lag10",-0.930772246490085
147,"lag11",0.194298900049341
147,"lag12",7.38097812774249
148,"lag1",-2.11276093666878
148,"lag2",3.50051442051342
148,"lag3",-1.16643266222936
148,"lag4",0.0842964585886059
148,"lag5",1.71222605248469
148,"lag6",-1.9512695665969
148,"lag7",-6.59878218207039
148,"lag8",0.15979473980091
148,"lag9",-1.17920324427385
148,"lag10",1.42246444628062
148,"lag11",3.95527216319785
148,"lag12",9.08180681119483
149,"lag1",-1.11461577320698
149,"lag2",-3.00264401651798
149,"lag3",-3.00349748332402
149,"lag4",-2.48063389025252
149,"lag5",-2.12726630588755
149,"lag6",-0.837084661969929
149,"lag7",-3.48616817592141
149,"lag8",0.660694959446613
149,"lag9",-1.09246871642316
149,"lag10",-0.287819129154262
149,"lag11",-0.96232869725492
149,"lag12",4.68053077581928
150,"lag1",-1.89018061760936
150,"lag2",-3.79967503457471
150,"lag3",3.17024462886955
150,"lag4",3.29939177382326
150,"lag5",0.397042270557911
150,"lag6",-2.04385071353193
150,"lag7",3.62577666335908
150,"lag8",-5.11200794006088
150,"lag9",-1.13346357458991
150,"lag10",-0.561818160328492
150,"lag11",-0.222830928428242
150,"lag12",-2.67782926850812
151,"lag1",3.49808010072372
151,"lag2",0.886794499205929
151,"lag3",1.40758922952345
151,"lag4",2.44069200148417
151,"lag5",-0.884641831397817
151,"lag6",-0.834456637458188
151,"lag7",-1.57480518378082
151,"lag8",-1.36200172301754
151,"lag9",-2.10666480904057
151,"lag10",0.571132768619151
151,"lag11",-2.25151194300295
151,"lag12",-0.196410065326931
152,"lag1",0.615233265841183
152,"lag2",1.378639505731
152,"lag3",-0.560686807885173
152,"lag4",-0.0209676000570134
152,"lag5",-3.46502742642757
152,"lag6",-2.14635618747823
152,"lag7",-2.65252402715385
152,"lag8",2.06742182408024
152,"lag9",-1.64534493133599
152,"lag10",-5.19641134527009
152,"lag11",-1.63694984016603
152,"lag12",-1.94691099397845
153,"lag1",-2.39341626520209
153,"lag2",-0.0545285972193009
153,"lag3",-0.972537940340279
153,"lag4",-3.04829263660712
153,"lag5",-0.670591449172005
153,"lag6",1.00537080795494
153,"lag7",-0.700655967679502
153,"lag8",5.25162714006287
153,"lag9",2.17135457941081
153,"lag10",-2.2803989676234
153,"lag11",-3.28427684018252
153,"lag12",3.16347628577295
154,"lag1",1.62835736695675
154,"lag2",4.58756142942643
154,"lag3",1.66240728340187
154,"lag4",0.444519414479628
154,"lag5",0.215574885789091
154,"lag6",3.05650902947376
154,"lag7",4.07394035795821
154,"lag8",6.21680859300911
154,"lag9",-0.0597505735023998
154,"lag10",1.92574295049583
154,"lag11",2.90030067562911
154,"lag12",4.47406177733513
155,"lag1",0.509846392782218
155,"lag2",1.13551336937569
155,"lag3",-3.35540882792441
155,"lag4",0.0113974754312953
155,"lag5",-3.65977102154765
155,"lag6",1.14440407183747
155,"lag7",-4.28827274460154
155,"lag8",0.698806682413386
155,"lag9",-1.53528107698427
155,"lag10",-2.28226224226252
155,"lag11",-1.7460006602061
155,"lag12",1.7650466287042
156,"lag1",-0.623565748725208
156,"lag2",3.22503622976828
156,"lag3",1.7390768511326
156,"lag4",-1.70487719919652
156,"lag5",-3.12792590850222
156,"lag6",-2.85266554180974
156,"lag7",-2.25753102880262
156,"lag8",9.54242514705798
156,"lag9",0.996208083257841
156,"lag10",-3.13353907244002
156,"lag11",-4.13433553660857
156,"lag12",-3.00358073403174
157,"lag1",-0.856956830928237
157,"lag2",3.95636740308257
157,"lag3",3.73255880820817
157,"lag4",-3.39260330853538
157,"lag5",-2.03366721089479
157,"lag6",0.983290630903532
157,"lag7",-2.71903769601784
157,"lag8",-0.763223920080535
157,"lag9",1.9795540073461
157,"lag10",-1.9899219370957
157,"lag11",-2.45040352860484
157,"lag12",0.428045391274268
158,"lag1",3.54031079557003
158,"lag2",2.10707316376056
158,"lag3",0.47445597783932
158,"lag4",5.17032805658074
158,"lag5",0.559667513644333
158,"lag6",2.04319121547097
158,"lag7",0.00642925086621338
158,"lag8",3.72785752772253
158,"lag9",1.62031043067993
158,"lag10",-1.5968780224675
158,"lag11",-1.94908040457191
158,"lag12",1.07956354660368
159,"lag1",0.736775952494877
159,"lag2",3.00497246698437
159,"lag3",2.63798083733041
159,"lag4",2.65321431506206
159,"lag5",2.70713632963687
159,"lag6",1.9753265309266
159,"lag7",0.338665890812482
159,"lag8",4.26098139231112
159,"lag9",2.40522145641224
159,"lag10",0.474705515879452
159,"lag11",0.629147847304574
159,"lag12",1.70226166059824
160,"lag1",0.343428962870509
160,"lag2",3.06045951553071
160,"lag3",1.19334156643891
160,"lag4",1.03303031400205
160,"lag5",-1.89607163426266
160,"lag6",-0.033622657510218
160,"lag7",4.34741234458346
160,"lag8",4.41269289291564
160,"lag9",2.77888308699875
160,"lag10",-1.14431618411503
160,"lag11",-0.3700215598033
160,"lag12",-1.08847183611193
161,"lag1",5.05451635293576
161,"lag2",5.15502709649666
161,"lag3",1.0721021998244
161,"lag4",-0.0419739130054396
161,"lag5",3.14156246422056
161,"lag6",1.59453663349043
161,"lag7",2.99266050556061
161,"lag8",2.71544446332025
161,"lag9",0.467154488688913
161,"lag10",0.00400760519209081
161,"lag11",3.595802095424
161,"lag12",4.60725651586424
162,"lag1",0.916474974511748
162,"lag2",1.04828466213795
162,"lag3",-0.221077503915922
162,"lag4",0.445168833740616
162,"lag5",-0.382227447437961
162,"lag6",0.592602711037041
162,"lag7",4.62673552187152
162,"lag8",-2.84591465556128
162,"lag9",-1.25571598957503
162,"lag10",-2.50036381334314
162,"lag11",-1.96066026306992
162,"lag12",0.448476325330384
163,"lag1",0.109804901756747
163,"lag2",2.36215373443878
163,"lag3",1.65029028532563
163,"lag4",1.53021601113722
163,"lag5",1.68327656917672
163,"lag6",2.41505249240765
163,"lag7",-0.517639945008235
163,"lag8",3.84350425553012
163,"lag9",1.35607211362504
163,"lag10",-0.837600371168204
163,"lag11",-1.83524122898
163,"lag12",-2.97704060324022
164,"lag1",-1.00398815191765
164,"lag2",-3.18812226366015
164,"lag3",-0.968181331627056
164,"lag4",0.740217267665089
164,"lag5",0.0123827896357622
164,"lag6",-0.0836185717516599
164,"lag7",-2.84292482279998
164,"lag8",3.77008548816456
164,"lag9",2.99401948901711
164,"lag10",-1.37952087859693
164,"lag11",1.09237663265809
164,"lag12",2.54387023217792
165,"lag1",3.06456610474326
165,"lag2",-3.53697763141425
165,"lag3",0.929797256979515
165,"lag4",2.4267913820243
165,"lag5",-1.49653883742343
165,"lag6",-3.23703158456452
165,"lag7",-2.28316708671223
165,"lag8",0.957896273692703
165,"lag9",5.92684997477729
165,"lag10",0.881624091461977
165,"lag11",0.619658554108245
165,"lag12",-1.09152966482103
166,"lag1",0.378075056571774
166,"lag2",2.22295939196679
166,"lag3",-0.288429916184483
166,"lag4",-0.380857119485192
166,"lag5",-2.81197858297958
166,"lag6",-2.0302197478303
166,"lag7",-0.42479104928878
166,"lag8",1.80986213707238
166,"lag9",-0.110388817144541
166,"lag10",-0.332808835701917
166,"lag11",-2.4601827609843
166,"lag12",1.06628184128369
167,"lag1",0.815357184656017
167,"lag2",6.61441672253649
167,"lag3",-3.78820161325783
167,"lag4",-1.5711050915767
167,"lag5",-2.36585917422159
167,"lag6",-1.02759085673503
167,"lag7",2.58832786507727
167,"lag8",6.69907706208005
167,"lag9",-0.976886859846225
167,"lag10",-1.09622917313363
167,"lag11",1.0318860560571
167,"lag12",-2.07768215732396
168,"lag1",-0.301309414793105
168,"lag2",0.582180936058996
168,"lag3",-2.76488965188028
168,"lag4",-2.19878907995388
168,"lag5",-2.13798996011393
168,"lag6",-1.35371103985524
168,"lag7",-0.703812839194659
168,"lag8",-2.07525253951789
168,"lag9",-1.84977978417727
168,"lag10",-5.31460739093292
168,"lag11",-1.65256955636989
168,"lag12",-1.26482674066064
169,"lag1",4.79579158539679
169,"lag2",3.07869517313771
169,"lag3",-1.73600522474578
169,"lag4",1.53690678209684
169,"lag5",2.16855568012588
169,"lag6",-0.948826841503034
169,"lag7",7.87029128320379
169,"lag8",0.438685912142346
169,"lag9",3.10419382387526
169,"lag10",2.04402852701967
169,"lag11",1.23291771722581
169,"lag12",0.02561313394167
170,"lag1",-0.668275851357086
170,"lag2",-0.913001113866122
170,"lag3",1.15594474302542
170,"lag4",2.52766870501081
170,"lag5",-0.409159614368573
170,"lag6",-0.846704902338099
170,"lag7",-1.74595993523641
170,"lag8",0.232371538815656
170,"lag9",0.170748134253961
170,"lag10",1.42462070846365
170,"lag11",5.0436528087574
170,"lag12",8.04701246301318
171,"lag1",0.035995075536839
171,"lag2",4.2139079234093
171,"lag3",-2.44149868043081
171,"lag4",-0.925437123486451
171,"lag5",-1.36362154230226
171,"lag6",0.703365573068344
171,"lag7",6.30212458389457
171,"lag8",-1.43482026918059
171,"lag9",-1.27119001735704
171,"lag10",-1.40509645925188
171,"lag11",2.17159196543487
171,"lag12",1.52345467069327
172,"lag1",1.8658033170816
172,"lag2",5.11225431040393
172,"lag3",0.736422697530686
172,"lag4",-2.34938429489669
172,"lag5",-3.49707634981636
172,"lag6",-0.801753050638022
172,"lag7",-1.01868516686222
172,"lag8",0.872086178213008
172,"lag9",-4.27154487042897
172,"lag10",-1.90293213648137
172,"lag11",-0.075904414584251
172,"lag12",4.24183866308978
173,"lag1",-1.58653339816848
173,"lag2",-1.17440446992191
173,"lag3",-1.01132847420707
173,"lag4",-1.95340745316021
173,"lag5",-2.82264172378276
173,"lag6",-0.00343927227359207
173,"lag7",-4.00746357089908
173,"lag8",1.58888484179073
173,"lag9",0.332750670235424
173,"lag10",-1.59974740444563
173,"lag11",-3.12665187254125
173,"lag12",-2.33441701597588
174,"lag1",-0.571321774968152
174,"lag2",-1.19883054549814
174,"lag3",0.208380126236959
174,"lag4",0.878492165677382
174,"lag5",-2.14220594289232
174,"lag6",2.51756078572137
174,"lag7",-3.73907805265191
174,"lag8",-1.04388304998429
174,"lag9",0.112900940901375
174,"lag10",-0.790116571126187
174,"lag11",-1.85710772982794
174,"lag12",2.95562709102378
175,"lag1",3.09167674212907
175,"lag2",6.38983085122856
175,"lag3",4.05338741456676
175,"lag4",-5.91728360340286
175,"lag5",-0.752059007601839
175,"lag6",-3.88863213038825
175,"lag7",-0.0753549046131376
175,"lag8",0.670371563386664
175,"lag9",-2.26912495768671
175,"lag10",-5.27093966434104
175,"lag11",2.51522804994472
175,"lag12",-1.37343185968661
176,"lag1",-1.20647081513999
176,"lag2",-2.40682581590574
176,"lag3",1.38970149283016
176,"lag4",2.71005699037184
176,"lag5",1.10012677074576
176,"lag6",-0.974481370072553
176,"lag7",-1.51750924268197
176,"lag8",-2.64558203713194
176,"lag9",-0.282060218311218
176,"lag10",0.617714121138104
176,"lag11",-0.694482252869088
176,"lag12",-2.087457429083
177,"lag1",0.783026004972995
177,"lag2",-1.95486609026752
177,"lag3",-2.29231889910871
177,"lag4",-1.89232677976012
177,"lag5",-2.75358389963672
177,"lag6",-3.1576010597092
177,"lag7",-0.753731694413931
177,"lag8",2.19773417485335
177,"lag9",1.62062450598407
177,"lag10",0.428408580709896
177,"lag11",-1.92719196515098
177,"lag12",0.805893003014634
178,"lag1",0.786273726813906
178,"lag2",-2.51269059508771
178,"lag3",3.31630321570005
178,"lag4",0.678523403170701
178,"lag5",3.46393255595146
178,"lag6",0.34934291233821
178,"lag7",-1.54227648260938
178,"lag8",5.67303749833114
178,"lag9",3.7960843295365
178,"lag10",0.025084596010881
178,"lag11",-0.990685402932712
178,"lag12",0.466622741186263
179,"lag1",-0.0865169148095704
179,"lag2",2.6697211152866
179,"lag3",-1.78221098282382
179,"lag4",1.3774624661556
179,"lag5",-0.511990993687953
179,"lag6",1.50060589336898
179,"lag7",-0.728970138089372
179,"lag8",0.986864027353004
179,"lag9",1.912453654991
179,"lag10",-0.218320640138756
179,"lag11",-0.744507424112825
179,"lag12",-1.15443838824359
180,"lag1",2.0664627994056
180,"lag2",0.70031571541498
180,"lag3",1.38833358549776
180,"lag4",-0.552624420258472
180,"lag5",-0.0618212416486789
180,"lag6",1.52346357620801
180,"lag7",1.64044538890246
180,"lag8",0.828183014347885
180,"lag9",4.5581660533254
180,"lag10",-2.27145960148964
180,"lag11",0.0699414560619027
180,"lag12",0.942327398660678
181,"lag1",-0.241800857030854
181,"lag2",-0.929472847752323
181,"lag3",-3.65748790571384
181,"lag4",-3.18287146749944
181,"lag5",-0.420225623327024
181,"lag6",-1.0468913020181
181,"lag7",1.16674272513999
181,"lag8",-3.3210054766983
181,"lag9",-1.55211918099977
181,"lag10",-2.52937651247674
181,"lag11",-4.09319705300426
181,"lag12",-5.33258264235783
182,"lag1",1.45702417364404
182,"lag2",5.77896301180824
182,"lag3",1.57911340425621
182,"lag4",0.75610617683578
182,"lag5",-1.12538490605836
182,"lag6",-0.755688128619409
182,"lag7",-0.843219232183671
182,"lag8",8.07484986173025
182,"lag9",6.57600585690538
182,"lag10",-1.71631629892826
182,"lag11",-1.00930370817431
182,"lag12",0.439386241725958
183,"lag1",-2.86183615853141
183,"lag2",-1.45595149044364
183,"lag3",0.632509175483834
183,"lag4",0.464720430049498
183,"lag5",0.811268259544636
183,"lag6",-0.884475109335602
183,"lag7",-2.41682989904307
183,"lag8",1.4521603088744
183,"lag9",-3.0380529254788
183,"lag10",-1.23617705820605
183,"lag11",-2.04054631465719
183,"lag12",-0.848881348638185
184,"lag1",-0.357691529575186
184,"lag2",1.71035594783048
184,"lag3",4.28057167814767
184,"lag4",2.58090112659151
184,"lag5",1.32016134122849
184,"lag6",0.0492544607526848
184,"lag7",5.16567883211542
184,"lag8",3.67485464887306
184,"lag9",-1.2876204162192
184,"lag10",-0.283621683269052
184,"lag11",1.08011490007538
184,"lag12",3.35938532861162
185,"lag1",0.988492025723144
185,"lag2",2.73539732286339
185,"lag3",0.78216914019152
185,"lag4",1.50894805824217
185,"lag5",-0.00247835352361502
185,"lag6",3.02003546638093
185,"lag7",-0.57745501122727
185,"lag8",-0.143973231198593
185,"lag9",2.34005863232453
185,"lag10",3.99991471617829
185,"lag11",-0.721265878044103
185,"lag12",-2.60019541943699
186,"lag1",2.59644426889631
186,"lag2",3.51147633769081
186,"lag3",-1.05349201651197
186,"lag4",-0.601470172643896
186,"lag5",3.67809453323643
186,"lag6",-0.714346310379715
186,"lag7",-3.42295792962956
186,"lag8",-2.15085245328186
186,"lag9",0.639431531551072
186,"lag10",-2.4761333872873
186,"lag11",-1.79029807019897
186,"lag12",1.71963841936089
187,"lag1",-0.657864864971963
187,"lag2",-1.44901808631114
187,"lag3",-2.10935388499415
187,"lag4",0.613981207676587
187,"lag5",-1.0203059912302
187,"lag6",0.680227325902982
187,"lag7",0.344790748144492
187,"lag8",-3.46117778283861
187,"lag9",-0.0647172340567383
187,"lag10",-1.70789049177888
187,"lag11",-2.9195090307246
187,"lag12",0.597430594697482
188,"lag1",5.71252745060755
188,"lag2",-1.21615481078002
188,"lag3",-3.69901263267253
188,"lag4",-1.32476008679326
188,"lag5",-0.971603049749129
188,"lag6",0.53424015486191
188,"lag7",-0.649285330891624
188,"lag8",-1.008909547099
188,"lag9",5.12044721163048
188,"lag10",-3.16363227993923
188,"lag11",-0.503279249299823
188,"lag12",0.503071480151942
189,"lag1",1.73295160811311
189,"lag2",1.21329465435798
189,"lag3",1.03951603404505
189,"lag4",-1.26704341776948
189,"lag5",-1.1009160980723
189,"lag6",0.286807667346427
189,"lag7",3.91558957724039
189,"lag8",-0.138260538623539
189,"lag9",0.00652472931914901
189,"lag10",2.49363580627967
189,"lag11",1.192169065977
189,"lag12",-1.13839667161251
190,"lag1",-0.604587235863604
190,"lag2",2.01461545164893
190,"lag3",-0.350701808496756
190,"lag4",1.81917557121496
190,"lag5",-0.332791874465988
190,"lag6",2.59739197095192
190,"lag7",-2.28961409641803
190,"lag8",0.00797079936425832
190,"lag9",0.288623270921757
190,"lag10",-1.0766605962895
190,"lag11",-1.25404220788023
190,"lag12",1.5797794669559
191,"lag1",-0.75133399225029
191,"lag2",-5.67908646236939
191,"lag3",-2.60735408953703
191,"lag4",-2.62876016443227
191,"lag5",-2.39572987634057
191,"lag6",-0.693710482693529
191,"lag7",-1.49697924830134
191,"lag8",2.31916742704303
191,"lag9",3.66904765574111
191,"lag10",-5.04719678012763
191,"lag11",-2.47962259141829
191,"lag12",-1.03404001264732
192,"lag1",5.39052335628124
192,"lag2",6.04044197291013
192,"lag3",0.134093947253058
192,"lag4",-2.11507556140885
192,"lag5",3.49163730148257
192,"lag6",0.397967898256135
192,"lag7",1.35425042639254
192,"lag8",-1.15050479861765
192,"lag9",-3.84396450420317
192,"lag10",-1.31221750817851
192,"lag11",1.19360439674133
192,"lag12",-0.516983314910684
193,"lag1",-5.51214272132458
193,"lag2",-4.20369770569345
193,"lag3",-0.710535400413825
193,"lag4",-1.42213245129844
193,"lag5",-1.62413407800413
193,"lag6",-3.8607588471822
193,"lag7",-2.60800489730851
193,"lag8",-1.00659432980252
193,"lag9",-1.50093446611569
193,"lag10",-3.23237960490094
193,"lag11",-0.983868588945701
193,"lag12",2.14298569981
194,"lag1",-2.23702928355163
194,"lag2",-0.613407703884681
194,"lag3",1.46048164747518
194,"lag4",-1.47010249693295
194,"lag5",-4.26240066390133
194,"lag6",-0.141925762491219
194,"lag7",-1.31391670592633
194,"lag8",2.20361173498102
194,"lag9",3.93091518127583
194,"lag10",-2.85808818148648
194,"lag11",-3.74214128851305
194,"lag12",-3.04248269363446
195,"lag1",4.98619449644224
195,"lag2",-1.09160844478949
195,"lag3",-3.91506562338964
195,"lag4",2.34300748905048
195,"lag5",-0.499303358367871
195,"lag6",-0.513201428230088
195,"lag7",1.38050228490119
195,"lag8",-0.820604067044546
195,"lag9",5.07464021075214
195,"lag10",-0.369001413244338
195,"lag11",7.49383887377482
195,"lag12",8.4542027331742
196,"lag1",2.6659279868558
196,"lag2",10.2084597674592
196,"lag3",2.19831429078218
196,"lag4",3.14404230863956
196,"lag5",-1.13210769205751
196,"lag6",1.50580634277027
196,"lag7",0.712180105259111
196,"lag8",-2.99492879848066
196,"lag9",1.70763337582504
196,"lag10",0.106269455116964
196,"lag11",1.46826801161631
196,"lag12",-1.95016265184177
197,"lag1",-2.96719984948246
197,"lag2",-3.12344016350624
197,"lag3",2.87135747811452
197,"lag4",-2.30717691805625
197,"lag5",-0.257205666346135
197,"lag6",-3.09238197687651
197,"lag7",-6.56256037285469
197,"lag8",-6.48655322756789
197,"lag9",-1.87249513400241
197,"lag10",-3.43418431458907
197,"lag11",0.397695524465028
197,"lag12",0.40182782954452
198,"lag1",2.82262259082344
198,"lag2",-1.8276635455312
198,"lag3",-3.88690449540514
198,"lag4",0.0278591027606546
198,"lag5",-1.14224121039287
198,"lag6",0.00338146527767356
198,"lag7",-1.1844546554378
198,"lag8",7.75300471090139
198,"lag9",-3.6061592239808
198,"lag10",-1.31917226911621
198,"lag11",0.551192728650263
198,"lag12",0.259729350590151
199,"lag1",1.38378944114903
199,"lag2",2.53457527680444
199,"lag3",-0.89621551727939
199,"lag4",1.10795280844876
199,"lag5",-0.477790269641508
199,"lag6",-1.9187619540682
199,"lag7",-0.832419823277063
199,"lag8",-1.13366122899485
199,"lag9",2.75264131416818
199,"lag10",-2.27080824828324
199,"lag11",0.117288927215861
199,"lag12",-2.33945023666741
200,"lag1",-0.948335839496228
200,"lag2",3.11153724707427
200,"lag3",0.831533033598106
200,"lag4",0.615829614672337
200,"lag5",-2.0815621049936
200,"lag6",-0.151595570191042
200,"lag7",-3.72643185764812
200,"lag8",-1.70928933026392
200,"lag9",0.540944041713042
200,"lag10",-2.24726210328584
200,"lag11",0.135237847622957
200,"lag12",-4.62097058258269
201,"lag1",-0.223187373719191
201,"lag2",3.14865820467414
201,"lag3",0.424325083826591
201,"lag4",1.80518597891189
201,"lag5",-1.50084937419578
201,"lag6",4.32189478914755
201,"lag7",2.07333134591361
201,"lag8",2.0480046953907
201,"lag9",3.17227986225776
201,"lag10",0.613552428376104
201,"lag11",1.281343715979
201,"lag12",-0.896652951578659
202,"lag1",-0.482750456406672
202,"lag2",0.151888396899222
202,"lag3",-3.57029976005904
202,"lag4",0.247648427948045
202,"lag5",2.68197494852727
202,"lag6",2.12201069516071
202,"lag7",10.4418699649693
202,"lag8",-1.76969054240536
202,"lag9",3.92147433637218
202,"lag10",-0.434740605517951
202,"lag11",-1.6422011011255
202,"lag12",5.92500725518725
203,"lag1",0.00574125218469958
203,"lag2",2.29199673298491
203,"lag3",-0.0609448951689775
203,"lag4",1.39894641934761
203,"lag5",-2.08664185738055
203,"lag6",-0.598107030591255
203,"lag7",-1.78166754372184
203,"lag8",2.18964905833011
203,"lag9",1.69755181666272
203,"lag10",0.974709254236809
203,"lag11",1.19898715222237
203,"lag12",-1.1516134866752
204,"lag1",-0.946466784003336
204,"lag2",3.31212223870931
204,"lag3",3.77258131959665
204,"lag4",0.0224809477519063
204,"lag5",-1.53773381453018
204,"lag6",-0.135854213388412
204,"lag7",-2.6464063857993
204,"lag8",3.04794168491205
204,"lag9",2.33231146916353
204,"lag10",-0.358567504909925
204,"lag11",-0.750773011397219
204,"lag12",0.567750733691432
205,"lag1",-3.20022225559202
205,"lag2",-1.49406206395002
205,"lag3",0.745863677179595
205,"lag4",-2.06126601955111
205,"lag5",-2.77488345469946
205,"lag6",-1.3743759190937
205,"lag7",-1.29591527340836
205,"lag8",-0.222447673703325
205,"lag9",2.03814607158474
205,"lag10",-0.14376456040749
205,"lag11",-1.23724064128775
205,"lag12",1.48252413828327
206,"lag1",0.0734743472403895
206,"lag2",-1.9711679183025
206,"lag3",0.119486662505436
206,"lag4",2.99458573911819
206,"lag5",0.45228814920725
206,"lag6",0.66957849176686
206,"lag7",3.92313424180897
206,"lag8",6.52460345528337
206,"lag9",3.25238432368935
206,"lag10",-1.75433911411928
206,"lag11",0.256749571659163
206,"lag12",1.45184021356423
207,"lag1",0.0423644130019596
207,"lag2",1.53175161521643
207,"lag3",-3.55906765323751
207,"lag4",-1.78318373040692
207,"lag5",2.71044272558619
207,"lag6",3.6090371447637
207,"lag7",-0.742658210985068
207,"lag8",2.74601686065975
207,"lag9",3.40793002330525
207,"lag10",0.507843026424783
207,"lag11",3.46415039749398
207,"lag12",3.03253309340856
208,"lag1",1.37960182884399
208,"lag2",1.84935522682617
208,"lag3",-0.800392315846297
208,"lag4",0.91116344680732
208,"lag5",-0.993840867425185
208,"lag6",-0.929043610445199
208,"lag7",-1.1781554294286
208,"lag8",8.7061391755804
208,"lag9",-0.519914657247371
208,"lag10",-4.76604266962982
208,"lag11",-3.70146222575853
208,"lag12",2.73313160699175
209,"lag1",-0.0282650624363388
209,"lag2",4.48227219159924
209,"lag3",0.950587541263628
209,"lag4",-1.35403205993018
209,"lag5",-1.62361118358191
209,"lag6",-1.52419545566426
209,"lag7",4.41016933360156
209,"lag8",3.81188456977721
209,"lag9",1.18473626681859
209,"lag10",0.607880100970621
209,"lag11",2.73271716285534
209,"lag12",4.05302579728011
210,"lag1",0.734100386045643
210,"lag2",-1.98606954160652
210,"lag3",-2.40034869262481
210,"lag4",-0.842476515984404
210,"lag5",-1.96241243066788
210,"lag6",-3.07169460919395
210,"lag7",1.13999285133674
210,"lag8",2.39890916589236
210,"lag9",2.91396931497254
210,"lag10",-0.0440390477868491
210,"lag11",1.94063234821856
210,"lag12",-1.39604062267677
211,"lag1",-3.6482456155417
211,"lag2",5.22852279359088
211,"lag3",2.51665167067475
211,"lag4",-0.92114354810235
211,"lag5",-1.70767974293026
211,"lag6",-1.59283889297773
211,"lag7",0.169871353524282
211,"lag8",2.24213566204253
211,"lag9",0.75766026432658
211,"lag10",2.48101234502408
211,"lag11",-1.63169976674521
211,"lag12",1.8769884001652
212,"lag1",-0.848225052247744
212,"lag2",2.43496661067401
212,"lag3",2.44497489588786
212,"lag4",-3.48149084897514
212,"lag5",-3.15483537897774
212,"lag6",-3.56607854914818
212,"lag7",-0.487588212014038
212,"lag8",-4.72284699030802
212,"lag9",-0.925508873739659
212,"lag10",-2.2180395290247
212,"lag11",-1.84113018977192
212,"lag12",-0.761255324752971
213,"lag1",2.28360915546238
213,"lag2",4.63698616766919
213,"lag3",2.97386279932262
213,"lag4",-1.98429955936591
213,"lag5",5.08922211462461
213,"lag6",4.52738939116962
213,"lag7",7.52158606488883
213,"lag8",-0.613114196600615
213,"lag9",-1.76798550113542
213,"lag10",-4.20510359422259
213,"lag11",-3.92626716862857
213,"lag12",-2.75679879347294
214,"lag1",-0.810653128614146
214,"lag2",-0.883701916203801
214,"lag3",0.66007825985135
214,"lag4",1.41774592588503
214,"lag5",2.25298572790161
214,"lag6",0.725442941603159
214,"lag7",1.01014246700386
214,"lag8",0.513222424872245
214,"lag9",0.0886913744070585
214,"lag10",-1.14655948795076
214,"lag11",-1.61592830899203
214,"lag12",-0.668818221374977
215,"lag1",-1.04583449267598
215,"lag2",-0.231422191000092
215,"lag3",-0.656400976848133
215,"lag4",-2.71729207244259
215,"lag5",-4.43182480063626
215,"lag6",1.48205042946437
215,"lag7",-4.71304208655449
215,"lag8",-1.38670240789536
215,"lag9",-2.13439626516482
215,"lag10",-6.46919579430434
215,"lag11",-4.68213850041139
215,"lag12",-1.7786150749789
216,"lag1",2.30905717213618
216,"lag2",4.03470465019457
216,"lag3",-0.898697855832183
216,"lag4",1.61393959526435
216,"lag5",-3.94018356822691
216,"lag6",-2.65253710424944
216,"lag7",-1.81712495531006
216,"lag8",-4.80950641135479
216,"lag9",1.32138174605674
216,"lag10",1.60768434280439
216,"lag11",2.21640038917358
216,"lag12",-1.475616763237
217,"lag1",-1.12389092102933
217,"lag2",3.07307492997501
217,"lag3",-0.166169682709213
217,"lag4",-1.36548445666854
217,"lag5",-1.50431618922448
217,"lag6",-3.36987428970487
217,"lag7",-1.17485409454883
217,"lag8",-0.753372194642767
217,"lag9",-1.46927717171425
217,"lag10",-2.29656357268451
217,"lag11",-2.87633870353434
217,"lag12",-3.68998464335914
218,"lag1",3.31478943794065
218,"lag2",1.01153989072201
218,"lag3",5.26059054223882
218,"lag4",0.468154957161418
218,"lag5",-1.23616372197208
218,"lag6",-1.03069688399757
218,"lag7",0.79331387164619
218,"lag8",-2.72353986495273
218,"lag9",-1.33288503665812
218,"lag10",-3.21689451712248
218,"lag11",0.546284488178268
218,"lag12",-1.33673066658249
219,"lag1",-0.112972404114188
219,"lag2",4.00124381509043
219,"lag3",-0.0932149187079286
219,"lag4",-0.727739559734609
219,"lag5",-0.701089260734654
219,"lag6",3.06937046164672
219,"lag7",3.44178632629822
219,"lag8",4.52315912910914
219,"lag9",2.72603956674125
219,"lag10",-0.345336152028557
219,"lag11",-0.824728280251541
219,"lag12",1.8206871593575
220,"lag1",-2.65959716376244
220,"lag2",-0.764531667887557
220,"lag3",-2.70514932876076
220,"lag4",-1.06357466470916
220,"lag5",-0.552137872168199
220,"lag6",0.254369059838566
220,"lag7",5.67454168475149
220,"lag8",1.2193191655399
220,"lag9",4.70870360723402
220,"lag10",3.62458408838358
220,"lag11",-0.70495970247838
220,"lag12",1.84321786556131
221,"lag1",0.794625662453865
221,"lag2",4.33473047004694
221,"lag3",-0.593507428736617
221,"lag4",-0.124840570242091
221,"lag5",-0.9841958466498
221,"lag6",-2.25657624772331
221,"lag7",3.63945986028985
221,"lag8",-1.29826851891588
221,"lag9",0.772228333096093
221,"lag10",-0.843769979077715
221,"lag11",-1.80054169910468
221,"lag12",-2.36180945112905
222,"lag1",-0.209723627260992
222,"lag2",-0.380605416611053
222,"lag3",0.859746531329641
222,"lag4",4.60893536126971
222,"lag5",-1.13875363361761
222,"lag6",-0.365221487652763
222,"lag7",-0.33927031839534
222,"lag8",1.90053599560072
222,"lag9",0.0834475481116279
222,"lag10",0.997572861254856
222,"lag11",1.26710274245407
222,"lag12",2.78031230833942
223,"lag1",-0.400844562514219
223,"lag2",5.01695529001151
223,"lag3",0.79064040435401
223,"lag4",-1.08254182555469
223,"lag5",-1.32054950369719
223,"lag6",1.57699317859829
223,"lag7",0.658901417640508
223,"lag8",-3.76265864813628
223,"lag9",2.27270191750548
223,"lag10",-0.806204377217296
223,"lag11",-1.35543116623317
223,"lag12",0.845107354005608
224,"lag1",0.261691460986811
224,"lag2",1.94559596455832
224,"lag3",-2.02456178849224
224,"lag4",-1.96311365245137
224,"lag5",1.24869623854207
224,"lag6",1.47339095137949
224,"lag7",4.87999603161546
224,"lag8",1.85251867081407
224,"lag9",-0.887806910026358
224,"lag10",1.25663419910754
224,"lag11",0.899758695148017
224,"lag12",1.00041105761379
225,"lag1",2.2937951388759
225,"lag2",-2.51932220359832
225,"lag3",-2.10081811909506
225,"lag4",-0.391218279698934
225,"lag5",-0.279738933788369
225,"lag6",0.887726128455991
225,"lag7",-1.1286096204975
225,"lag8",1.54864404962826
225,"lag9",5.35482175425233
225,"lag10",-1.26007408205508
225,"lag11",-1.81906811223799
225,"lag12",0.65536193873111
226,"lag1",0.830492391709893
226,"lag2",-1.53613914375301
226,"lag3",-3.9533930119619
226,"lag4",2.42497205778291
226,"lag5",-1.65580205213135
226,"lag6",1.08451124129096
226,"lag7",2.38463302495902
226,"lag8",-0.270443663261919
226,"lag9",-2.29330649921393
226,"lag10",-4.00447797815736
226,"lag11",-2.87760231433038
226,"lag12",3.06697947566588
227,"lag1",-3.4443124166645
227,"lag2",-2.39855664313986
227,"lag3",-0.146009725287237
227,"lag4",-2.58349146900014
227,"lag5",-5.17583269415594
227,"lag6",-2.2755914972053
227,"lag7",-1.55479755703324
227,"lag8",1.84685323193725
227,"lag9",3.80521815161629
227,"lag10",-0.499119727763363
227,"lag11",-4.01219840998287
227,"lag12",-1.49198970408024
228,"lag1",1.61038943580263
228,"lag2",1.97856939304907
228,"lag3",-2.07882448406272
228,"lag4",-0.490374560540684
228,"lag5",-2.56750395599511
228,"lag6",-3.3855296352641
228,"lag7",-1.85619584616883
228,"lag8",-3.87664956490354
228,"lag9",3.38291175296701
228,"lag10",-1.11186327953066
228,"lag11",0.387700390902412
228,"lag12",-2.5380101356211
229,"lag1",0.135477457550263
229,"lag2",4.96943708622415
229,"lag3",-2.9255159239394
229,"lag4",-2.42180756721463
229,"lag5",-2.56759915803551
229,"lag6",-6.3243344443897
229,"lag7",-3.25387602037813
229,"lag8",-0.754683219037937
229,"lag9",0.124124894189012
229,"lag10",-2.78008054280242
229,"lag11",-3.43714181802496
229,"lag12",-4.29106781270374
230,"lag1",0.651643224334783
230,"lag2",4.6485269044209
230,"lag3",2.50054416923486
230,"lag4",-0.944313661296567
230,"lag5",-2.32864448286562
230,"lag6",2.18677798165629
230,"lag7",2.58757778584826
230,"lag8",11.5946284678519
230,"lag9",2.79929989806103
230,"lag10",-1.38721740784665
230,"lag11",-1.27000540066484
230,"lag12",1.29432232698026
231,"lag1",-0.781349718347361
231,"lag2",-1.41970477706901
231,"lag3",-2.84147257679481
231,"lag4",-1.43203174372367
231,"lag5",-0.447440893562708
231,"lag6",-3.81670223151918
231,"lag7",-1.26158405766066
231,"lag8",-1.39587437094376
231,"lag9",-0.0794832715065302
231,"lag10",-0.401309411963433
231,"lag11",-2.88395570758775
231,"lag12",-2.44219459688222
232,"lag1",2.5104912255012
232,"lag2",9.13289640608156
232,"lag3",1.15924155895608
232,"lag4",-0.522928829075428
232,"lag5",0.409073523539258
232,"lag6",2.89924156468445
232,"lag7",3.11645988307745
232,"lag8",1.09776970515438
232,"lag9",-0.654156569410268
232,"lag10",-4.39170384826072
232,"lag11",0.51126443204534
232,"lag12",-0.352465880196632
233,"lag1",1.322350834126
233,"lag2",4.16500875109974
233,"lag3",0.00525215537304724
233,"lag4",2.16684132543298
233,"lag5",0.221838153006862
233,"lag6",-2.10738820900933
233,"lag7",-1.5615920575751
233,"lag8",0.397387821725728
233,"lag9",-0.495234981934769
233,"lag10",0.279421045345153
233,"lag11",3.82403966937645
233,"lag12",1.24483814333801
234,"lag1",-2.46840639302237
234,"lag2",-1.86833082476849
234,"lag3",-0.837647226118956
234,"lag4",-0.540235236449966
234,"lag5",-1.25642957124309
234,"lag6",0.822494838905514
234,"lag7",0.543768474677518
234,"lag8",5.35872945283244
234,"lag9",3.64583625923612
234,"lag10",3.71149639876892
234,"lag11",3.21768355836048
234,"lag12",3.93140453066778
235,"lag1",-0.773804158212178
235,"lag2",-0.177856664238924
235,"lag3",3.35892547188873
235,"lag4",-0.534131160590251
235,"lag5",-1.42244053030749
235,"lag6",6.68539018718207
235,"lag7",1.47942639675327
235,"lag8",2.41695752785935
235,"lag9",0.765502894575595
235,"lag10",-2.61531673647826
235,"lag11",0.157251626076926
235,"lag12",2.57865626653716
236,"lag1",0.899239236087104
236,"lag2",-2.39776395012276
236,"lag3",-2.20804538291067
236,"lag4",5.34293162405194
236,"lag5",3.18240256925822
236,"lag6",-0.188002906707588
236,"lag7",5.82336832463235
236,"lag8",2.34167262194434
236,"lag9",-0.990995411131787
236,"lag10",0.336206059178482
236,"lag11",2.62389207755256
236,"lag12",6.04808101866476
237,"lag1",-0.424874267499354
237,"lag2",-1.67245068808615
237,"lag3",1.23687656381785
237,"lag4",-1.72111394047203
237,"lag5",-1.92097295460402
237,"lag6",-2.00553162953223
237,"lag7",-3.19199868395709
237,"lag8",3.03911227640895
237,"lag9",2.86776704494487
237,"lag10",3.63089423939132
237,"lag11",-1.57880441917411
237,"lag12",-0.183393089171586
238,"lag1",-0.712032773684438
238,"lag2",6.22227122328454
238,"lag3",2.80356967747718
238,"lag4",1.02946825206411
238,"lag5",3.43210335951444
238,"lag6",2.68335156091879
238,"lag7",-0.581872045924074
238,"lag8",-0.0740650057277699
238,"lag9",-0.502104206353275
238,"lag10",-1.54018247449658
238,"lag11",-0.409898256049202
238,"lag12",-1.10683940113116
239,"lag1",-0.0571604832268604
239,"lag2",0.497605117941224
239,"lag3",-0.814765605514193
239,"lag4",2.24400227677979
239,"lag5",-0.484172036092458
239,"lag6",-1.91120128008652
239,"lag7",-4.13136586532653
239,"lag8",2.03645320520609
239,"lag9",-1.8048101379152
239,"lag10",-2.13361665873949
239,"lag11",0.457119154235456
239,"lag12",-0.0103422335215363
240,"lag1",1.3150554033377
240,"lag2",1.03658381965599
240,"lag3",-1.22491208571224
240,"lag4",1.32659916319004
240,"lag5",-2.50983343077806
240,"lag6",-2.05988531476484
240,"lag7",-0.10958400053515
240,"lag8",3.83461969263838
240,"lag9",1.74146698618074
240,"lag10",-1.14067146154722
240,"lag11",4.20038069038928
240,"lag12",1.68200437718388
241,"lag1",0.939826677191469
241,"lag2",-0.424961133445073
241,"lag3",-2.0065651304589
241,"lag4",1.7447754581928
241,"lag5",1.71174865678324
241,"lag6",3.14175303162079
241,"lag7",1.11283449534655
241,"lag8",-1.28237660676735
241,"lag9",6.01304414676306
241,"lag10",-2.29921906969311
241,"lag11",-0.561676040751756
241,"lag12",2.82127821621296
242,"lag1",-2.38934591834574
242,"lag2",-1.49710007099558
242,"lag3",-0.0310682779163115
242,"lag4",-5.03680137270244
242,"lag5",-3.14309319507788
242,"lag6",-0.102610023450281
242,"lag7",-0.867151451264034
242,"lag8",4.53786793023693
242,"lag9",-1.0712648672933
242,"lag10",-4.63463361572915
242,"lag11",-3.62648874120847
242,"lag12",-5.12289804171897
243,"lag1",5.4635219505722
243,"lag2",2.54407566334659
243,"lag3",-1.80883397338527
243,"lag4",3.65097258237291
243,"lag5",2.25219071909302
243,"lag6",1.85686504495005
243,"lag7",1.38127518368214
243,"lag8",5.4707958226442
243,"lag9",4.31688381040995
243,"lag10",1.85838475258107
243,"lag11",5.94462067253816
243,"lag12",9.88998747456845
244,"lag1",0.491624777515022
244,"lag2",1.9249518908985
244,"lag3",0.715584189125316
244,"lag4",-0.860612568554669
244,"lag5",-0.170542120447966
244,"lag6",-1.04068648042146
244,"lag7",-1.34144972651257
244,"lag8",5.01458515056473
244,"lag9",1.81015398956387
244,"lag10",1.24567228959365
244,"lag11",0.171658958730205
244,"lag12",-1.06082869704369
245,"lag1",2.67465973590173
245,"lag2",-0.724053898017104
245,"lag3",4.02281802864915
245,"lag4",1.12247871572862
245,"lag5",5.26820187436886
245,"lag6",5.97456614015589
245,"lag7",0.623884481423277
245,"lag8",4.3873145958995
245,"lag9",1.43036660722565
245,"lag10",-1.45798827249331
245,"lag11",1.0561379219692
245,"lag12",1.83763918534477
246,"lag1",-0.152445651064517
246,"lag2",2.65696766159187
246,"lag3",0.650770106241628
246,"lag4",-1.26494013636241
246,"lag5",2.89835611945313
246,"lag6",1.35158746693036
246,"lag7",-3.79115370339026
246,"lag8",-2.56505852153415
246,"lag9",-1.35699986837734
246,"lag10",-1.02504741844862
246,"lag11",-1.32443524686161
246,"lag12",0.888747203271234
247,"lag1",-5.50945735803038
247,"lag2",3.79038016315876
247,"lag3",-2.66675611968842
247,"lag4",-4.0762347075348
247,"lag5",-5.86736586578035
247,"lag6",-0.441356957768964
247,"lag7",-2.86363625858823
247,"lag8",1.87368436665772
247,"lag9",0.520482691906853
247,"lag10",-3.45095156315941
247,"lag11",-0.277141713723036
247,"lag12",-6.43343764686179
248,"lag1",-1.52166842132425
248,"lag2",0.114337897560808
248,"lag3",-0.0194963789468943
248,"lag4",-1.22206800002647
248,"lag5",-2.56906965173681
248,"lag6",-2.0710014147941
248,"lag7",1.75912997984178
248,"lag8",1.76026582148341
248,"lag9",-0.878358794017423
248,"lag10",-1.81912468426839
248,"lag11",-1.05374317481346
248,"lag12",0.914798992269122
249,"lag1",0.188923042013521
249,"lag2",1.94020419036195
249,"lag3",-1.69694084849786
249,"lag4",-3.14883170191125
249,"lag5",-1.28686983020686
249,"lag6",-1.84339051004167
249,"lag7",-1.01945583043315
249,"lag8",-4.44760904395245
249,"lag9",-2.17257131069528
249,"lag10",-5.8809782911341
249,"lag11",-2.60962830936952
249,"lag12",-0.693900289007689
250,"lag1",-0.970480226909045
250,"lag2",2.47297810301423
250,"lag3",-1.60372145840092
250,"lag4",-1.55245836348035
250,"lag5",-3.31999558591891
250,"lag6",-2.85766604519641
250,"lag7",-2.59068435681399
250,"lag8",-0.749748335411965
250,"lag9",0.208455854334935
250,"lag10",-1.42118339385571
250,"lag11",0.173692063643137
250,"lag12",2.54276562097917
251,"lag1",1.73307605849577
251,"lag2",4.52853436608089
251,"lag3",1.58750234068917
251,"lag4",0.662166306837015
251,"lag5",-2.18949937551997
251,"lag6",-0.824085736045814
251,"lag7",-0.735433829744633
251,"lag8",-0.844945270717135
251,"lag9",3.20635391273087
251,"lag10",1.43019950342307
251,"lag11",-0.639917863240232
251,"lag12",-0.860419840181723
252,"lag1",6.75445606924633
252,"lag2",6.66549284559119
252,"lag3",0.191348419152024
252,"lag4",2.38650481250062
252,"lag5",-0.370280766413911
252,"lag6",-1.23109001546384
252,"lag7",3.10348243775224
252,"lag8",4.99288990047745
252,"lag9",2.48449454450308
252,"lag10",-0.67627838438909
252,"lag11",2.23547566927118
252,"lag12",0.00578322118100333
253,"lag1",-6.20244245103306
253,"lag2",-5.5119441291852
253,"lag3",-0.452709289910324
253,"lag4",-0.332714585950674
253,"lag5",-6.08781313661831
253,"lag6",-3.52402555763792
253,"lag7",-7.6566671641057
253,"lag8",-4.61923289402313
253,"lag9",-4.37009107027855
253,"lag10",-4.22234945473059
253,"lag11",-0.367382973860735
253,"lag12",-2.95664942315655
254,"lag1",0.643428825167592
254,"lag2",2.34751365544874
254,"lag3",-0.152982024788671
254,"lag4",0.512107333414648
254,"lag5",-0.0212623945155278
254,"lag6",2.24845988646375
254,"lag7",6.12700408613741
254,"lag8",6.49275126367726
254,"lag9",2.70047826315824
254,"lag10",-0.607212328677903
254,"lag11",4.95313527070015
254,"lag12",-0.0565855507838128
255,"lag1",3.88546236130137
255,"lag2",1.5977300897598
255,"lag3",4.31889165607135
255,"lag4",-3.96984204500254
255,"lag5",1.28100059559301
255,"lag6",0.508750019616236
255,"lag7",-0.403561896896185
255,"lag8",-5.97298979260064
255,"lag9",-2.39771311103466
255,"lag10",-4.9450924302115
255,"lag11",-1.06722952155603
255,"lag12",0.213884351126133
256,"lag1",1.80620000771317
256,"lag2",-0.074943899894608
256,"lag3",-2.37499185576641
256,"lag4",0.269717987616275
256,"lag5",-0.169172694707169
256,"lag6",-0.0387325233915595
256,"lag7",0.637581463748034
256,"lag8",7.25547036236851
256,"lag9",4.24676175405382
256,"lag10",0.01275644813591
256,"lag11",2.30368613975612
256,"lag12",-1.2555397277196
257,"lag1",1.25737514600149
257,"lag2",-1.88245661510882
257,"lag3",-0.903827657131146
257,"lag4",-0.00529094239477393
257,"lag5",0.592045263328515
257,"lag6",0.797715542805365
257,"lag7",6.16321271112121
257,"lag8",-2.70491505445452
257,"lag9",-1.67854717808526
257,"lag10",-2.83799204632325
257,"lag11",-0.121189921576665
257,"lag12",-1.23892961020764
258,"lag1",-0.193718670990097
258,"lag2",4.05619730870347
258,"lag3",0.558268855968638
258,"lag4",-3.83929227874336
258,"lag5",-1.80407184200386
258,"lag6",-2.61723509555025
258,"lag7",-3.63454279200879
258,"lag8",2.44910798730276
258,"lag9",-1.16933267422407
258,"lag10",-4.56161715314128
258,"lag11",-0.309999715400633
258,"lag12",-4.01662889583189
259,"lag1",-0.558469545543485
259,"lag2",-3.43139704291728
259,"lag3",1.31369869544119
259,"lag4",2.5358988911591
259,"lag5",0.495276014407292
259,"lag6",0.932129123454107
259,"lag7",0.114126552589128
259,"lag8",-2.64855333734858
259,"lag9",2.15096840123284
259,"lag10",4.16802213831679
259,"lag11",2.31611939725618
259,"lag12",2.73143378945985
260,"lag1",-3.45706763446681
260,"lag2",-3.14796061098593
260,"lag3",-1.8553479336231
260,"lag4",1.0756617933153
260,"lag5",-1.49249952473916
260,"lag6",4.71151136163626
260,"lag7",-0.329837736210411
260,"lag8",3.77214555020676
260,"lag9",2.48209200532143
260,"lag10",-2.15977292880425
260,"lag11",-3.5183422164894
260,"lag12",-2.06799222679313
261,"lag1",-2.41160380822036
261,"lag2",-1.52755419120984
261,"lag3",-3.59245323658293
261,"lag4",-3.34540413999045
261,"lag5",-5.48730295120468
261,"lag6",-2.51296796908737
261,"lag7",-5.75081128354482
261,"lag8",-9.17470514217237
261,"lag9",-1.91956742552059
261,"lag10",-1.43170632855673
261,"lag11",-0.228545796822525
261,"lag12",-0.121503544652285
262,"lag1",0.71209185847355
262,"lag2",1.93197683101327
262,"lag3",2.35177395760165
262,"lag4",3.36563022093063
262,"lag5",-2.90704017503897
262,"lag6",-1.96179328761924
262,"lag7",5.09206971442069
262,"lag8",-1.41297815609324
262,"lag9",0.561002399852396
262,"lag10",0.178998939700259
262,"lag11",1.14479422947554
262,"lag12",-0.93180075728974
263,"lag1",1.83132075239746
263,"lag2",2.34656578049092
263,"lag3",-1.59397393859483
263,"lag4",-2.5503640909298
263,"lag5",3.25237185601676
263,"lag6",4.32282402634387
263,"lag7",5.44875136436994
263,"lag8",4.01022732174032
263,"lag9",6.08852545492732
263,"lag10",0.259877545495812
263,"lag11",0.619505484186101
263,"lag12",4.04932286877742
264,"lag1",-1.29030546539409
264,"lag2",-0.546732399591732
264,"lag3",-1.83391526535408
264,"lag4",-1.46398612255814
264,"lag5",-3.55107133800703
264,"lag6",-4.72893248840146
264,"lag7",-2.44743803199234
264,"lag8",-2.52116552296492
264,"lag9",-2.38989757065111
264,"lag10",-4.88332807869206
264,"lag11",-5.64750170969557
264,"lag12",-4.51234564661612
265,"lag1",-2.20511575265481
265,"lag2",-0.626045657021418
265,"lag3",3.12887893326122
265,"lag4",-1.9457253344606
265,"lag5",0.196677932995677
265,"lag6",-0.00592203384750078
265,"lag7",0.096582498701369
265,"lag8",4.01273811869337
265,"lag9",1.53568525651452
265,"lag10",0.843984603196245
265,"lag11",1.82523035095951
265,"lag12",3.12968371246678
266,"lag1",2.07055270980387
266,"lag2",3.6940446233352
266,"lag3",-2.70561727516476
266,"lag4",-0.427369751725757
266,"lag5",2.1167971346755
266,"lag6",3.83643497688803
266,"lag7",5.51518575359567
266,"lag8",8.99552175734305
266,"lag9",0.310355160623957
266,"lag10",0.694015523017475
266,"lag11",2.54953383152586
266,"lag12",2.56609614763273
267,"lag1",3.11951850722991
267,"lag2",3.27302733288344
267,"lag3",0.0981990980566764
267,"lag4",-2.00606826787358
267,"lag5",3.57661876141247
267,"lag6",3.18548805106426
267,"lag7",5.79773820385113
267,"lag8",5.15593521241771
267,"lag9",4.16310327965648
267,"lag10",-3.09872379351841
267,"lag11",0.449006955629751
267,"lag12",2.3065622837979
268,"lag1",1.28954402685252
268,"lag2",-2.78992265373733
268,"lag3",-0.512429316646058
268,"lag4",1.07159898234155
268,"lag5",2.17982769207513
268,"lag6",4.64260026850441
268,"lag7",2.8272077225026
268,"lag8",4.17831629285242
268,"lag9",8.55562818183522
268,"lag10",3.15978605494125
268,"lag11",4.171156865272
268,"lag12",5.23356849032966
269,"lag1",1.14727890940398
269,"lag2",-0.854873457915094
269,"lag3",-1.86509112266781
269,"lag4",-0.422873006311907
269,"lag5",0.1634732712337
269,"lag6",4.7467421568591
269,"lag7",-2.86593389922137
269,"lag8",3.57075261133849
269,"lag9",5.71629207437952
269,"lag10",-3.31890597709466
269,"lag11",-1.9468077423255
269,"lag12",0.321654362127902
270,"lag1",-0.60888734825066
270,"lag2",-0.139011424301095
270,"lag3",-2.49848989613265
270,"lag4",-2.64088998736248
270,"lag5",-0.0550442135142285
270,"lag6",-0.781091100441985
270,"lag7",3.02715225135249
270,"lag8",7.02013147229057
270,"lag9",5.77955210833162
270,"lag10",-1.49890791925545
270,"lag11",-1.60917549061169
270,"lag12",2.17816739771719
271,"lag1",7.36175542943352
271,"lag2",0.760057844589887
271,"lag3",-0.470499393420564
271,"lag4",0.244566281762344
271,"lag5",-0.356011693382102
271,"lag6",-2.76692812659787
271,"lag7",-3.07723079026613
271,"lag8",-6.2927730883997
271,"lag9",1.08256235170044
271,"lag10",0.516712910566407
271,"lag11",2.79128238496742
271,"lag12",0.435522060521405
272,"lag1",4.06003188742569
272,"lag2",1.95693426582427
272,"lag3",-0.991494965801457
272,"lag4",-0.888957417991117
272,"lag5",1.28357001751401
272,"lag6",0.168585252316667
272,"lag7",-0.027456380471485
272,"lag8",3.99538744290072
272,"lag9",-0.801790312072689
272,"lag10",-2.26915029368478
272,"lag11",-0.548870404725675
272,"lag12",1.48166622600427
273,"lag1",1.81702286844321
273,"lag2",-2.02194904474098
273,"lag3",-0.44144907572031
273,"lag4",-0.195478864057815
273,"lag5",-0.836529387319514
273,"lag6",-3.8309843853196
273,"lag7",-0.950162985433418
273,"lag8",-1.1460939028971
273,"lag9",5.01116856592603
273,"lag10",-1.71531961694313
273,"lag11",0.886955670434161
273,"lag12",-2.64209821674862
274,"lag1",-0.919529649628118
274,"lag2",0.573869004364867
274,"lag3",-2.78428191838104
274,"lag4",-1.84511036788693
274,"lag5",0.88225679039886
274,"lag6",0.881247062096862
274,"lag7",3.37055359510947
274,"lag8",-0.971476038090452
274,"lag9",1.90535113146745
274,"lag10",1.03121238584524
274,"lag11",-0.455952995595773
274,"lag12",-1.06676176170138
275,"lag1",3.55154598129263
275,"lag2",5.50103161812713
275,"lag3",-3.30692131080182
275,"lag4",0.31212658073283
275,"lag5",0.119412477059519
275,"lag6",3.73110526293932
275,"lag7",1.94941998266921
275,"lag8",-0.889013579014149
275,"lag9",-4.36959025076486
275,"lag10",-1.56347639932176
275,"lag11",5.04367399265197
275,"lag12",3.46016517173599
276,"lag1",-0.0921414640826501
276,"lag2",1.64820083580244
276,"lag3",1.16146226612331
276,"lag4",2.02266307533738
276,"lag5",-1.90100677077621
276,"lag6",-1.60067828824116
276,"lag7",-2.41493249938022
276,"lag8",-0.888439048801936
276,"lag9",-0.361299631053961
276,"lag10",0.76744103016974
276,"lag11",0.721729615450398
276,"lag12",1.09015574931322
277,"lag1",3.51677165521337
277,"lag2",-2.06224467053256
277,"lag3",1.38191000616155
277,"lag4",-3.23129167161036
277,"lag5",-3.60154867770556
277,"lag6",-2.55889312706998
277,"lag7",-3.54654493635979
277,"lag8",-1.47319449463189
277,"lag9",4.47189021110202
277,"lag10",-5.76660870330469
277,"lag11",-2.3423943554481
277,"lag12",-2.55929206100056
278,"lag1",-2.26946188447222
278,"lag2",-1.31573858347168
278,"lag3",1.02120125419573
278,"lag4",0.72627235005549
278,"lag5",0.455135432986604
278,"lag6",2.67444394463989
278,"lag7",2.46912046283354
278,"lag8",1.90532893168417
278,"lag9",2.0703618670153
278,"lag10",0.838188746611211
278,"lag11",0.799197625889337
278,"lag12",-0.202379307917562
279,"lag1",-2.38228146395904
279,"lag2",-1.18389949128693
279,"lag3",-2.99598676018657
279,"lag4",1.09611944232145
279,"lag5",-0.248388134518663
279,"lag6",-3.81211780661884
279,"lag7",-5.97539342049977
279,"lag8",-4.72665511444457
279,"lag9",0.371228408602086
279,"lag10",-0.522293434002164
279,"lag11",0.354487301869022
279,"lag12",2.07010999255737
280,"lag1",-0.736784150802582
280,"lag2",1.96003649242174
280,"lag3",0.374381974187916
280,"lag4",-0.155398952386885
280,"lag5",1.48898894257271
280,"lag6",-1.21250292920135
280,"lag7",3.66650989475738
280,"lag8",-0.116056648749377
280,"lag9",4.60047948402537
280,"lag10",0.856636659008792
280,"lag11",2.29229616041934
280,"lag12",-0.888421866376577
281,"lag1",-2.76423336395146
281,"lag2",-2.07630420026839
281,"lag3",-3.81818616468266
281,"lag4",-3.06600286054717
281,"lag5",-2.78847921231877
281,"lag6",-3.49850485691982
281,"lag7",1.89341094458951
281,"lag8",-4.71611185349847
281,"lag9",-2.20885439992321
281,"lag10",-1.54058552352866
281,"lag11",0.503940961812219
281,"lag12",4.96728659812784
282,"lag1",2.66936731272796
282,"lag2",1.86228629406356
282,"lag3",2.18158975918215
282,"lag4",2.3679774188963
282,"lag5",-0.231426615964013
282,"lag6",-1.08253378918189
282,"lag7",1.62515183983762
282,"lag8",9.11141003355029
282,"lag9",7.57683255629462
282,"lag10",0.412852009703758
282,"lag11",1.32188534190451
282,"lag12",-0.421636488362533
283,"lag1",1.30214311388429
283,"lag2",-0.408141569413727
283,"lag3",0.370757278856363
283,"lag4",-0.298264904655671
283,"lag5",-2.00105070652531
283,"lag6",-1.9537901406534
283,"lag7",2.01451441625887
283,"lag8",-1.33048752839942
283,"lag9",1.22849665314519
283,"lag10",-0.921508667006037
283,"lag11",0.411836888708985
283,"lag12",-0.197107162629011
284,"lag1",2.55688723345523
284,"lag2",1.13050689591185
284,"lag3",-2.21845072151752
284,"lag4",2.72679863637173
284,"lag5",-1.73234399527017
284,"lag6",-2.83676199357774
284,"lag7",-0.961924284554816
284,"lag8",2.67884992744288
284,"lag9",1.23306185830033
284,"lag10",-1.92933025580539
284,"lag11",-4.40018052338352
284,"lag12",-3.43579481670095
285,"lag1",3.24943883628138
285,"lag2",0.186228660535205
285,"lag3",1.60594058055688
285,"lag4",-0.743493485282525
285,"lag5",-1.96355677244145
285,"lag6",-1.73480755726207
285,"lag7",-3.72055634405189
285,"lag8",0.13461818611507
285,"lag9",0.476523372580957
285,"lag10",1.02534467103734
285,"lag11",1.50289553377259
285,"lag12",1.33707803653855
286,"lag1",1.81824698771023
286,"lag2",0.919243827302381
286,"lag3",-3.50540300450825
286,"lag4",-2.19823679726983
286,"lag5",0.215571074320881
286,"lag6",2.08362504742337
286,"lag7",4.3253569307986
286,"lag8",2.40209035930837
286,"lag9",0.0113061398719814
286,"lag10",-0.987048712110979
286,"lag11",0.909131398148322
286,"lag12",-0.0388434368595858
287,"lag1",-4.46626423237758
287,"lag2",-1.3312669161403
287,"lag3",-3.3316243656652
287,"lag4",-2.0155022833926
287,"lag5",-5.15593798346252
287,"lag6",-6.54588232342224
287,"lag7",0.453948234492472
287,"lag8",-1.33869329902831
287,"lag9",0.956976879198303
287,"lag10",-0.610873592354057
287,"lag11",-4.41312067449937
287,"lag12",-4.28865631053406
288,"lag1",2.56948823852685
288,"lag2",0.565411421122534
288,"lag3",0.575910167330779
288,"lag4",3.73868709211145
288,"lag5",3.61357624823735
288,"lag6",0.173469507238423
288,"lag7",0.587366815502799
288,"lag8",8.08604271629739
288,"lag9",2.96973970993632
288,"lag10",1.09227228621729
288,"lag11",1.70356370193773
288,"lag12",1.73555493695673
289,"lag1",-1.42950251026329
289,"lag2",-0.569880551802247
289,"lag3",3.48088517642329
289,"lag4",-2.63702620959089
289,"lag5",-2.13945737447957
289,"lag6",-0.0954659038573093
289,"lag7",6.86760769161941
289,"lag8",4.62276176001077
289,"lag9",0.845321934127904
289,"lag10",0.570077114265783
289,"lag11",3.31703352363734
289,"lag12",1.81735094195315
290,"lag1",2.34241249549761
290,"lag2",4.59524098437292
290,"lag3",-1.62375942789649
290,"lag4",0.598256455982018
290,"lag5",-1.5917892803599
290,"lag6",1.86670715513418
290,"lag7",0.237022906595136
290,"lag8",2.39522773875375
290,"lag9",4.19128524889727
290,"lag10",-2.95219763423553
290,"lag11",1.71440120764143
290,"lag12",4.67334109667775
291,"lag1",3.09806324867004
291,"lag2",2.20787707805525
291,"lag3",3.30092571925159
291,"lag4",-1.01323088355034
291,"lag5",-1.78115956451188
291,"lag6",-0.194968977501673
291,"lag7",-0.709914808708998
291,"lag8",1.77105209317531
291,"lag9",1.55746846244701
291,"lag10",-2.35838558749397
291,"lag11",1.43613776915471
291,"lag12",0.190355942274384
292,"lag1",2.96662124915789
292,"lag2",3.31224002666438
292,"lag3",1.70179544196739
292,"lag4",2.44802414615847
292,"lag5",0.15940819904964
292,"lag6",1.24500548522286
292,"lag7",1.03813634748308
292,"lag8",-1.89175095621557
292,"lag9",6.73305271068022
292,"lag10",-2.36287776452598
292,"lag11",4.7065665054443
292,"lag12",2.11105392703193
293,"lag1",0.683377221145197
293,"lag2",2.70380395855407
293,"lag3",1.39942690405753
293,"lag4",-0.0331136557490471
293,"lag5",-0.886380515910649
293,"lag6",-2.31648543811067
293,"lag7",1.07667910633178
293,"lag8",1.22669239752787
293,"lag9",0.0114400811556159
293,"lag10",-0.024437983161795
293,"lag11",-1.45894135863173
293,"lag12",3.41412939022319
294,"lag1",-1.54598449192332
294,"lag2",7.65737741725163
294,"lag3",1.31391766450601
294,"lag4",1.47879422654435
294,"lag5",-1.779653136742
294,"lag6",-0.670287287319794
294,"lag7",-4.47527121841906
294,"lag8",-2.8701280273521
294,"lag9",1.63143562796441
294,"lag10",0.592448573645507
294,"lag11",2.88398260780012
294,"lag12",-0.617062706233292
295,"lag1",4.77009955752527
295,"lag2",8.00140142480481
295,"lag3",5.78582064853363
295,"lag4",-0.0098950521769848
295,"lag5",-0.715755938338881
295,"lag6",0.999294580709089
295,"lag7",0.700234514325434
295,"lag8",-1.25373286053703
295,"lag9",5.35827945171673
295,"lag10",0.409930964290615
295,"lag11",4.01274466097071
295,"lag12",8.10561865658972
296,"lag1",-2.16711316985542
296,"lag2",-1.58144650741425
296,"lag3",-3.02808465725159
296,"lag4",-3.60845657694582
296,"lag5",-3.52450785453721
296,"lag6",-1.35684679307906
296,"lag7",2.77858436175528
296,"lag8",-0.591809495691768
296,"lag9",-1.29595197035351
296,"lag10",-3.71259466062167
296,"lag11",-2.34206209729951
296,"lag12",-0.28847821965904
297,"lag1",1.68780731580273
297,"lag2",0.592671788622535
297,"lag3",1.65783262110565
297,"lag4",-1.46433924447032
297,"lag5",-1.69063894373352
297,"lag6",0.922011533958684
297,"lag7",4.13136664887193
297,"lag8",0.0157775676941787
297,"lag9",5.42894106499213
297,"lag10",-0.560089451812317
297,"lag11",-0.897011060948599
297,"lag12",0.500615827200774
298,"lag1",1.85323611976854
298,"lag2",-1.98232382046697
298,"lag3",-1.03782802192404
298,"lag4",-0.481985392693766
298,"lag5",-4.48914825673385
298,"lag6",-2.58805498608888
298,"lag7",-0.968890145705194
298,"lag8",0.864340634229668
298,"lag9",2.00172239049107
298,"lag10",-3.22626168219524
298,"lag11",-1.35389293330636
298,"lag12",1.69694306446607
299,"lag1",-0.269319390185316
299,"lag2",4.30551670552214
299,"lag3",1.0684776491579
299,"lag4",-1.16752878829511
299,"lag5",-4.19484560375346
299,"lag6",-0.162785424554607
299,"lag7",-0.645688544307133
299,"lag8",2.81969761864532
299,"lag9",7.39883327874975
299,"lag10",-2.97132997090798
299,"lag11",-2.57855030927253
299,"lag12",-0.706125445582924
300,"lag1",-4.4873568190025
300,"lag2",0.454684512836694
300,"lag3",-0.0943046018058508
300,"lag4",-2.58477975545045
300,"lag5",-3.76766360769904
300,"lag6",-3.34850521652332
300,"lag7",-1.11954769037046
300,"lag8",4.35591952851417
300,"lag9",0.350388053869309
300,"lag10",-1.31766623867661
300,"lag11",-0.602243377343032
300,"lag12",-2.74927625125832
301,"lag1",3.24001214634379
301,"lag2",-2.60968051954072
301,"lag3",2.95993031056644
301,"lag4",4.03994102189741
301,"lag5",-0.656607096010394
301,"lag6",-0.21609670712391
301,"lag7",0.0189471908587715
301,"lag8",-7.12454737369631
301,"lag9",-3.83156615756381
301,"lag10",-4.4988259235667
301,"lag11",1.26894567221009
301,"lag12",4.14147177607707
302,"lag1",-0.175906624634484
302,"lag2",3.10648737546276
302,"lag3",-0.363130529641566
302,"lag4",-0.182089213799988
302,"lag5",-1.28024152140158
302,"lag6",0.338054468374886
302,"lag7",-0.109283256352374
302,"lag8",-0.392325936748741
302,"lag9",-0.620517938569136
302,"lag10",-4.2398639591072
302,"lag11",0.253323970567827
302,"lag12",3.0935245764794
303,"lag1",0.500275384521231
303,"lag2",-1.53028694355345
303,"lag3",1.4446135660126
303,"lag4",-2.01020457348776
303,"lag5",-1.98232759277588
303,"lag6",1.38819864408358
303,"lag7",1.13827800552302
303,"lag8",0.57326750488697
303,"lag9",-1.6253464922524
303,"lag10",-2.83345734767224
303,"lag11",-0.491866378821322
303,"lag12",3.73348236792985
304,"lag1",1.25614852131052
304,"lag2",0.613483591941705
304,"lag3",-2.22627778427894
304,"lag4",-2.38471711864324
304,"lag5",-2.34499731038824
304,"lag6",3.13379059832192
304,"lag7",0.839276202706712
304,"lag8",1.57250811979752
304,"lag9",0.24453576761702
304,"lag10",-2.12416555629177
304,"lag11",-1.98651937082677
304,"lag12",-0.12695680902579
305,"lag1",1.65863274423306
305,"lag2",-0.537965581172147
305,"lag3",-0.333758938083363
305,"lag4",-0.292154135041634
305,"lag5",0.762528151577968
305,"lag6",-2.96174013306121
305,"lag7",-2.61971171157878
305,"lag8",1.22516247861937
305,"lag9",10.7165280235383
305,"lag10",-0.722103903382733
305,"lag11",-0.571811095155833
305,"lag12",0.62777210265198
306,"lag1",0.935436050340385
306,"lag2",0.515120172095678
306,"lag3",0.530685751980153
306,"lag4",0.295251792836947
306,"lag5",-1.1193227436392
306,"lag6",-0.86832586191691
306,"lag7",1.04339291932057
306,"lag8",7.84960095584235
306,"lag9",1.30621868196488
306,"lag10",-4.64347120860088
306,"lag11",-1.66059277131685
306,"lag12",1.36851764304947
307,"lag1",1.96676882022429
307,"lag2",1.3041800206391
307,"lag3",0.544420519670112
307,"lag4",-1.21861616623626
307,"lag5",1.99034909515027
307,"lag6",2.87591798226847
307,"lag7",5.67938505798675
307,"lag8",1.93073201971188
307,"lag9",0.820118555970423
307,"lag10",0.478243195690735
307,"lag11",0.918826392964973
307,"lag12",6.55806116615537
308,"lag1",0.0711802747322999
308,"lag2",4.08791958344321
308,"lag3",0.98603010000108
308,"lag4",-0.761328124127567
308,"lag5",-2.40716468732306
308,"lag6",-0.929136476926073
308,"lag7",3.47677800022641
308,"lag8",-2.04665272716215
308,"lag9",-2.07023219707012
308,"lag10",-3.37730680417328
308,"lag11",-1.85931102677414
308,"lag12",-1.78329377599439
309,"lag1",-2.38656133007389
309,"lag2",-2.10745599733377
309,"lag3",-4.35957845170631
309,"lag4",1.65482186326779
309,"lag5",-4.46715451635684
309,"lag6",-1.87437163227913
309,"lag7",-0.62512489524277
309,"lag8",-2.31728664542864
309,"lag9",-0.943493095586809
309,"lag10",-1.57272455397958
309,"lag11",2.59950630489112
309,"lag12",1.01398794643444
310,"lag1",-1.3931312609274
310,"lag2",-1.03048403089602
310,"lag3",-1.43006672708737
310,"lag4",1.50517357509276
310,"lag5",-1.27813176336655
310,"lag6",-0.400203182438452
310,"lag7",-1.14289170242749
310,"lag8",0.831043656516335
310,"lag9",0.833307911935918
310,"lag10",-2.01645943911114
310,"lag11",-2.11696688209814
310,"lag12",-0.252732950609376
311,"lag1",4.09508990661838
311,"lag2",2.67872893436342
311,"lag3",5.77365425187967
311,"lag4",0.281729344994732
311,"lag5",-1.79794319801007
311,"lag6",0.0960564301777756
311,"lag7",-3.58348545465059
311,"lag8",-3.51209047634572
311,"lag9",-0.874847946120925
311,"lag10",-3.51865922882965
311,"lag11",-1.90864156440014
311,"lag12",-2.38983792614805
312,"lag1",7.36783076949062
312,"lag2",5.95357846147681
312,"lag3",4.47228123194367
312,"lag4",-0.122566026660942
312,"lag5",-0.266764549775046
312,"lag6",-0.200117166911401
312,"lag7",0.169246232097271
312,"lag8",-1.92272170637847
312,"lag9",2.27281563884681
312,"lag10",-2.49173383983704
312,"lag11",-0.884205246814247
312,"lag12",-1.54362726376209
313,"lag1",3.2022738988363
313,"lag2",4.73813614558742
313,"lag3",2.26393118435109
313,"lag4",-0.591979304582401
313,"lag5",3.56331224302354
313,"lag6",1.82391640313384
313,"lag7",4.01063808839887
313,"lag8",-1.65048394086061
313,"lag9",-2.80012387470682
313,"lag10",0.89497528309301
313,"lag11",2.76848052281728
313,"lag12",2.28414685177198
314,"lag1",5.03499682134422
314,"lag2",6.58044932541666
314,"lag3",1.94981555889145
314,"lag4",1.37081816260749
314,"lag5",-0.767913904538328
314,"lag6",2.31606308005484
314,"lag7",0.939705022377344
314,"lag8",0.362658690087582
314,"lag9",5.37416891336015
314,"lag10",1.85435431595011
314,"lag11",1.2804407866576
314,"lag12",5.09273031820334
315,"lag1",1.46149714936712
315,"lag2",2.54374247494683
315,"lag3",-2.60438221588462
315,"lag4",-0.658357992954286
315,"lag5",-1.0946664921619
315,"lag6",-0.913876370948043
315,"lag7",0.302420319217247
315,"lag8",-0.702301816537115
315,"lag9",0.76298267268462
315,"lag10",-0.925027899024045
315,"lag11",0.576255990637946
315,"lag12",3.00039311697615
316,"lag1",0.523981283039359
316,"lag2",4.00019059069345
316,"lag3",1.6903766299815
316,"lag4",-0.301390415165304
316,"lag5",0.179924779357509
316,"lag6",4.06170557412298
316,"lag7",5.16857530359404
316,"lag8",4.36255077911163
316,"lag9",3.87684888491644
316,"lag10",-0.980808839275627
316,"lag11",-0.319405986581295
316,"lag12",0.64588547454759
317,"lag1",-1.00374188291009
317,"lag2",2.26818457982702
317,"lag3",0.932161756155125
317,"lag4",0.539793080822297
317,"lag5",2.30076631462359
317,"lag6",2.62114131917628
317,"lag7",-1.60829220682393
317,"lag8",4.17865825245947
317,"lag9",4.2897524074618
317,"lag10",-0.666469621676669
317,"lag11",-0.221375285121851
317,"lag12",2.9776629026102
318,"lag1",-1.26779984436099
318,"lag2",5.12935351749094
318,"lag3",0.15416422206802
318,"lag4",4.45230578953222
318,"lag5",-3.24068532363625
318,"lag6",-1.79148772297096
318,"lag7",-2.07984716726734
318,"lag8",0.759291570706798
318,"lag9",-1.70879960593594
318,"lag10",-3.67879076212916
318,"lag11",-3.08982126899563
318,"lag12",1.4173147825866
319,"lag1",3.79022476118741
319,"lag2",5.02202166763569
319,"lag3",-0.376356953560686
319,"lag4",-0.117311878571336
319,"lag5",-1.62378347784974
319,"lag6",0.149760545797724
319,"lag7",5.44065799483878
319,"lag8",1.57962877402474
319,"lag9",0.0949743899362336
319,"lag10",-1.10319887048906
319,"lag11",1.27842749380034
319,"lag12",2.09092408714225
320,"lag1",-1.72958144371295
320,"lag2",-0.916602346856345
320,"lag3",0.791759056763517
320,"lag4",0.837424646553137
320,"lag5",-2.68322675821823
320,"lag6",-2.99811579432225
320,"lag7",5.11489344775682
320,"lag8",0.700419930770713
320,"lag9",1.1396729852496
320,"lag10",-0.426047466371727
320,"lag11",3.31386951291175
320,"lag12",0.380643863238116
321,"lag1",-2.07840049155032
321,"lag2",0.0872037370190841
321,"lag3",1.13050874965182
321,"lag4",1.01843349761513
321,"lag5",-1.90340308174337
321,"lag6",-1.05012961201267
321,"lag7",-2.8123907477391
321,"lag8",-3.38183632219902
321,"lag9",1.44790801467087
321,"lag10",-1.34762603879053
321,"lag11",-0.655157752064357
321,"lag12",3.05378053396588
322,"lag1",5.03801548489735
322,"lag2",4.13530222786946
322,"lag3",-1.78824469992363
322,"lag4",2.71158188526273
322,"lag5",1.09128859031613
322,"lag6",2.35306387587407
322,"lag7",4.92627413154512
322,"lag8",2.23704282660334
322,"lag9",4.39984739858401
322,"lag10",1.24819257486292
322,"lag11",2.70492246001328
322,"lag12",0.680055466861
323,"lag1",1.36520210289899
323,"lag2",2.80916250674693
323,"lag3",4.63364624420277
323,"lag4",-0.900493438620782
323,"lag5",-2.25537182853089
323,"lag6",-3.82572982379332
323,"lag7",-3.28226374288029
323,"lag8",4.7666092833497
323,"lag9",2.55655331754921
323,"lag10",-0.692291535795604
323,"lag11",-1.35292793483004
323,"lag12",1.11959029554458
324,"lag1",0.088427603874518
324,"lag2",2.47757937078944
324,"lag3",-0.449625729864801
324,"lag4",1.02681709860548
324,"lag5",-1.82401678643383
324,"lag6",-2.64968092938774
324,"lag7",1.19909909521274
324,"lag8",2.7921644265161
324,"lag9",-1.47350302746676
324,"lag10",-1.42137387119756
324,"lag11",1.75364621974594
324,"lag12",1.86338036032504
325,"lag1",-3.7674439077723
325,"lag2",0.60235236744273
325,"lag3",-2.498095953291
325,"lag4",-2.39296418317009
325,"lag5",-2.828442916317
325,"lag6",-2.00925560225472
325,"lag7",-4.13671115924545
325,"lag8",2.14700348349125
325,"lag9",-3.32820661926506
325,"lag10",-1.44561651173617
325,"lag11",-1.66547053409014
325,"lag12",-2.6942292481922
326,"lag1",-0.891777558080094
326,"lag2",-1.72845664249759
326,"lag3",-3.15787946704619
326,"lag4",-3.01235843300036
326,"lag5",-0.544212244530654
326,"lag6",-4.29193128360839
326,"lag7",-3.21798654409217
326,"lag8",-3.39491740499738
326,"lag9",2.90733763490637
326,"lag10",-6.49108737828914
326,"lag11",-1.11136762315054
326,"lag12",-4.32230441650781
327,"lag1",2.91591562069878
327,"lag2",5.74823711086157
327,"lag3",-2.49054929811112
327,"lag4",-3.85920319041938
327,"lag5",-2.22197688368468
327,"lag6",1.97647408607482
327,"lag7",5.67147856384485
327,"lag8",-0.0698041375117468
327,"lag9",-0.0176134717719479
327,"lag10",-1.68815900285537
327,"lag11",2.41161264300391
327,"lag12",0.0361221739636032
328,"lag1",0.0875280153258121
328,"lag2",1.67158969488684
328,"lag3",-0.472805197167871
328,"lag4",-1.21141859190067
328,"lag5",-0.929160831822534
328,"lag6",0.858325342933342
328,"lag7",-0.860266172857354
328,"lag8",6.99601665308969
328,"lag9",3.29558196924623
328,"lag10",-2.39157443016054
328,"lag11",-1.74201467968471
328,"lag12",1.53870913988528
329,"lag1",9.02962984701703
329,"lag2",7.09080649553446
329,"lag3",5.56109965860402
329,"lag4",1.00943441302281
329,"lag5",2.39566210746266
329,"lag6",2.21961001550805
329,"lag7",6.99974325062512
329,"lag8",2.51674069594536
329,"lag9",5.5878363884591
329,"lag10",1.34720363438975
329,"lag11",1.12693827064208
329,"lag12",1.95977708479809
330,"lag1",2.44544326290249
330,"lag2",7.11590620738553
330,"lag3",3.31882441614819
330,"lag4",1.43715820749816
330,"lag5",0.0419749218001466
330,"lag6",0.995324835437798
330,"lag7",1.93986075727036
330,"lag8",-0.376985361697215
330,"lag9",2.55286105094577
330,"lag10",-0.966087661881388
330,"lag11",1.10253556459459
330,"lag12",1.29962784244245
331,"lag1",1.65524365084288
331,"lag2",4.36152691709739
331,"lag3",-2.38122509862328
331,"lag4",-0.644248241291013
331,"lag5",1.39753263887093
331,"lag6",-1.92735477859885
331,"lag7",-1.35641124113005
331,"lag8",1.33205190027543
331,"lag9",-1.29421435850659
331,"lag10",-1.89039832498888
331,"lag11",-1.88388982660172
331,"lag12",-2.76866392511631
332,"lag1",4.07061879123398
332,"lag2",-1.81346786366868
332,"lag3",-0.618525559070482
332,"lag4",1.72372566512768
332,"lag5",-1.37781655346841
332,"lag6",0.830018075301457
332,"lag7",-2.11303616202578
332,"lag8",-1.5998458395883
332,"lag9",-0.4378949895476
332,"lag10",-3.50177408591865
332,"lag11",-0.692955943169639
332,"lag12",4.31252557468767
333,"lag1",-0.0901201028263467
333,"lag2",-0.402594947738423
333,"lag3",-2.9484156434256
333,"lag4",-3.24045607996316
333,"lag5",-3.65872084453256
333,"lag6",-1.75892585415472
333,"lag7",-1.07354876462492
333,"lag8",-1.58323672160674
333,"lag9",-1.36487301524077
333,"lag10",-0.63301103680364
333,"lag11",0.30671444482973
333,"lag12",1.6632937395104
334,"lag1",-3.12761381877541
334,"lag2",1.81492547822661
334,"lag3",-1.23545615146801
334,"lag4",4.44505855001957
334,"lag5",2.00217327507272
334,"lag6",-0.42535224405998
334,"lag7",-1.15794402435165
334,"lag8",10.6533907766268
334,"lag9",2.03954808155976
334,"lag10",1.4598178431568
334,"lag11",2.82120370792219
334,"lag12",0.38092389882071
335,"lag1",3.31905579472906
335,"lag2",0.342894709228996
335,"lag3",-1.50324116413728
335,"lag4",-3.21346831661525
335,"lag5",-2.5510094845496
335,"lag6",-1.60098712031553
335,"lag7",0.0684872026990379
335,"lag8",-0.958304208774775
335,"lag9",-2.20963253223312
335,"lag10",-4.53865184629065
335,"lag11",0.340298872470043
335,"lag12",3.30192663870402
336,"lag1",0.748099506018933
336,"lag2",-0.279082538183483
336,"lag3",-0.391746399395486
336,"lag4",1.28667767080868
336,"lag5",-1.8151575989116
336,"lag6",2.6867249668563
336,"lag7",0.198139202096907
336,"lag8",-1.30363062769613
336,"lag9",1.55279158462075
336,"lag10",-3.3786051389967
336,"lag11",-1.84256753792584
336,"lag12",-1.53108782190974
337,"lag1",1.14661375634104
337,"lag2",1.23298937107682
337,"lag3",-1.06526195621792
337,"lag4",0.490772354098537
337,"lag5",1.37645276323371
337,"lag6",-1.32899743200666
337,"lag7",0.102787826073587
337,"lag8",0.240047352969759
337,"lag9",-1.82926546018915
337,"lag10",-1.5606287338507
337,"lag11",-1.37216060697044
337,"lag12",1.33636979257274
338,"lag1",-0.298177655612637
338,"lag2",4.19520381049452
338,"lag3",-0.639427315237528
338,"lag4",-0.89545132626977
338,"lag5",-1.4253924210226
338,"lag6",-0.664278348580429
338,"lag7",-0.760299079616511
338,"lag8",-0.0485919191978442
338,"lag9",3.2291572776005
338,"lag10",-0.883386777467243
338,"lag11",0.52847734877173
338,"lag12",3.23814522078329
339,"lag1",1.07620236355828
339,"lag2",5.50025467695204
339,"lag3",2.14216875212813
339,"lag4",1.41451902727169
339,"lag5",-0.277788765286271
339,"lag6",1.08200549414
339,"lag7",5.27159227742505
339,"lag8",0.361033173096348
339,"lag9",3.92106463813206
339,"lag10",0.109590916186748
339,"lag11",1.01814708171933
339,"lag12",1.33365111824284
340,"lag1",2.65484930974493
340,"lag2",-0.334106181589042
340,"lag3",-4.41354488747477
340,"lag4",-3.78838508704899
340,"lag5",-4.78827611299511
340,"lag6",-0.85364637889081
340,"lag7",-2.15883468001586
340,"lag8",-4.07062544965193
340,"lag9",1.47838804340277
340,"lag10",-3.25483864209977
340,"lag11",-2.34353580067755
340,"lag12",2.55948543808053
341,"lag1",-2.8473009854796
341,"lag2",1.27807119025685
341,"lag3",-1.27094775285264
341,"lag4",-0.754279070631614
341,"lag5",0.749450523492574
341,"lag6",-3.28336237772963
341,"lag7",-2.97805096105488
341,"lag8",-2.81424346964697
341,"lag9",-1.93674368452522
341,"lag10",-2.4482190840427
341,"lag11",0.610187405344526
341,"lag12",2.17688623265239
342,"lag1",1.48617063362881
342,"lag2",4.74171236253701
342,"lag3",1.12164590002243
342,"lag4",2.95610207207967
342,"lag5",2.99850608231394
342,"lag6",2.07485693275486
342,"lag7",2.31655750895228
342,"lag8",5.21016245023327
342,"lag9",10.9885214734669
342,"lag10",3.33197730113278
342,"lag11",0.755549188578526
342,"lag12",3.59873259943852
343,"lag1",1.82755598127009
343,"lag2",-0.392360940351107
343,"lag3",0.113162571927249
343,"lag4",-0.925742884960571
343,"lag5",1.42533897266368
343,"lag6",1.92215380241371
343,"lag7",-1.51480020661169
343,"lag8",0.963649830421515
343,"lag9",1.52131071004691
343,"lag10",-2.39527766929976
343,"lag11",-0.8453984596488
343,"lag12",-2.71756610736904
344,"lag1",3.35795829754453
344,"lag2",1.7879808098977
344,"lag3",-1.16630146201359
344,"lag4",0.545132092814907
344,"lag5",-2.97176654258013
344,"lag6",1.17096634229126
344,"lag7",-3.21583574003192
344,"lag8",-2.90431937863544
344,"lag9",-0.911025920110655
344,"lag10",-2.22037741157896
344,"lag11",-1.32284873019916
344,"lag12",-0.413370171390093
345,"lag1",0.745421458590147
345,"lag2",5.97428241802644
345,"lag3",1.31887848546871
345,"lag4",3.03278854373348
345,"lag5",0.834671176455362
345,"lag6",-0.324219219771659
345,"lag7",3.39095657596132
345,"lag8",1.98528779960546
345,"lag9",3.01054977987677
345,"lag10",-1.41144435120001
345,"lag11",-1.22067037516477
345,"lag12",0.536103701948351
346,"lag1",0.540026190629055
346,"lag2",4.77535915082171
346,"lag3",3.00234604477576
346,"lag4",0.427859379654203
346,"lag5",0.758702580919846
346,"lag6",6.94457488742773
346,"lag7",3.99767440297212
346,"lag8",2.04310780538157
346,"lag9",-1.28570353482176
346,"lag10",5.0152158979408
346,"lag11",0.836821044784489
346,"lag12",1.32247274700404
347,"lag1",0.377890115710713
347,"lag2",0.448217653626143
347,"lag3",1.36850672432205
347,"lag4",2.10536162511427
347,"lag5",0.898665822073117
347,"lag6",1.35021330325525
347,"lag7",-0.120963192246942
347,"lag8",-0.352781066232296
347,"lag9",0.126468131215799
347,"lag10",2.30750793826917
347,"lag11",-2.01771928777352
347,"lag12",0.503581363887471
348,"lag1",-2.37932247225671
348,"lag2",4.16433611106298
348,"lag3",2.02781173355964
348,"lag4",0.397622878762785
348,"lag5",-1.51774425108151
348,"lag6",-2.50241397407422
348,"lag7",-1.9346682818592
348,"lag8",1.17760245538631
348,"lag9",3.48149621057751
348,"lag10",1.00859202536695
348,"lag11",-0.859698559521422
348,"lag12",-2.14675811579271
349,"lag1",-1.28335811272419
349,"lag2",-5.77275362807249
349,"lag3",-3.58002425997252
349,"lag4",-4.80999772965564
349,"lag5",-7.60363133857604
349,"lag6",-5.80388229638639
349,"lag7",-7.37154425586924
349,"lag8",-5.23208377158245
349,"lag9",-4.13487248335644
349,"lag10",-6.45210781065938
349,"lag11",-5.47962538665902
349,"lag12",-4.12450744868339
350,"lag1",-2.02705470669761
350,"lag2",1.8715374649816
350,"lag3",-0.549972258904994
350,"lag4",2.30479429930131
350,"lag5",-2.36427931802282
350,"lag6",-5.84520804229479
350,"lag7",2.03028236833144
350,"lag8",-0.320277654766265
350,"lag9",-1.67811021755755
350,"lag10",-0.650142127451685
350,"lag11",1.91218438021322
350,"lag12",5.56621062292868
351,"lag1",2.53608007200515
351,"lag2",2.84193714323573
351,"lag3",-0.739511748063532
351,"lag4",-0.858302031260132
351,"lag5",-0.413368231497657
351,"lag6",5.44557880683322
351,"lag7",2.33477121806538
351,"lag8",3.68752286296747
351,"lag9",2.44118489457583
351,"lag10",-0.796601424371096
351,"lag11",0.347146822930225
351,"lag12",9.11849196863387
352,"lag1",-3.08059609707853
352,"lag2",-3.73232847239129
352,"lag3",-1.10659090277327
352,"lag4",-2.15266500175721
352,"lag5",-0.464221566636499
352,"lag6",-0.237226547204883
352,"lag7",7.96334430666416
352,"lag8",-2.3700456343215
352,"lag9",0.733513700000754
352,"lag10",-0.966564937512108
352,"lag11",-2.2756343164719
352,"lag12",1.51747297558983
353,"lag1",0.245863589689964
353,"lag2",2.2028931086006
353,"lag3",1.12295822925289
353,"lag4",-2.38392764061428
353,"lag5",-1.69706845248651
353,"lag6",-4.11798093436873
353,"lag7",-3.64342333388877
353,"lag8",0.0963554080230678
353,"lag9",4.00770926542614
353,"lag10",-0.223350107969497
353,"lag11",-2.34090118740699
353,"lag12",-3.30999480417152
354,"lag1",0.496168392378583
354,"lag2",-0.318960692852374
354,"lag3",1.73190665511649
354,"lag4",-0.619590632733822
354,"lag5",2.06284530363821
354,"lag6",-0.358484073196222
354,"lag7",0.100315965579002
354,"lag8",2.1507518216464
354,"lag9",-0.376829626544074
354,"lag10",-1.41348661903327
354,"lag11",-1.93439827782413
354,"lag12",-1.56311112601618
355,"lag1",1.79312231024842
355,"lag2",1.50014560176364
355,"lag3",0.0361017094911221
355,"lag4",0.925083874016485
355,"lag5",0.212212260567765
355,"lag6",1.25934780503656
355,"lag7",0.278082657224422
355,"lag8",-1.02931193078289
355,"lag9",-0.635872608383715
355,"lag10",-2.01132016121342
355,"lag11",-1.86235225295296
355,"lag12",-0.562003896791698
356,"lag1",-4.13692610048565
356,"lag2",-2.37222504897894
356,"lag3",-3.50888227499624
356,"lag4",-0.212434356557732
356,"lag5",-4.36287612598605
356,"lag6",-3.37304058270635
356,"lag7",-0.825016908116392
356,"lag8",0.636784039371766
356,"lag9",-0.385445991948672
356,"lag10",-0.722800869500006
356,"lag11",0.0403355048985176
356,"lag12",-0.281209686654722
357,"lag1",-3.55273697038777
357,"lag2",1.06207625646653
357,"lag3",-1.51667093113393
357,"lag4",-2.47438664730472
357,"lag5",-3.23285024017011
357,"lag6",-4.69301158110764
357,"lag7",-2.92671967489339
357,"lag8",-1.97446799193143
357,"lag9",-3.73522639834337
357,"lag10",-3.17798549291409
357,"lag11",-1.12695941756665
357,"lag12",-2.51864122541759
358,"lag1",-1.23564451214
358,"lag2",7.3694575694153
358,"lag3",2.14611886601889
358,"lag4",-2.62973601113117
358,"lag5",-2.3244599367019
358,"lag6",-1.62811290294394
358,"lag7",1.48519053647843
358,"lag8",0.301499419668563
358,"lag9",3.80680133960914
358,"lag10",-2.84297808212267
358,"lag11",-4.54725590103914
358,"lag12",-5.20874743305351
359,"lag1",-0.616140336995516
359,"lag2",-1.67149950320334
359,"lag3",-0.0463651829306272
359,"lag4",-1.81359249854992
359,"lag5",-2.69336305058155
359,"lag6",-2.02894848213326
359,"lag7",-6.87984406320158
359,"lag8",-4.20945210119733
359,"lag9",2.54503950371568
359,"lag10",-0.154851212705858
359,"lag11",-0.89707067220793
359,"lag12",-0.654065421993824
360,"lag1",0.172174999881405
360,"lag2",5.94164261528553
360,"lag3",-1.09625090747441
360,"lag4",-2.60913148537306
360,"lag5",-3.14220588777467
360,"lag6",-2.53046126952787
360,"lag7",6.32533328711815
360,"lag8",3.57891491187716
360,"lag9",-0.0960134988976945
360,"lag10",-5.25259410347025
360,"lag11",-3.35006621716708
360,"lag12",0.651377707387125
361,"lag1",-0.891518334120965
361,"lag2",8.65778508200032
361,"lag3",-4.27291116057606
361,"lag4",-2.59953631818741
361,"lag5",-4.15994515349791
361,"lag6",-0.743832937899856
361,"lag7",1.46785099443902
361,"lag8",-1.26004938715656
361,"lag9",-1.98794990779077
361,"lag10",-7.63895248426176
361,"lag11",-1.39762357434123
361,"lag12",1.81765230894531
362,"lag1",-0.314179972770079
362,"lag2",-2.2658752754747
362,"lag3",1.99719978216605
362,"lag4",0.816814405456206
362,"lag5",-2.18340023986303
362,"lag6",2.02339016184824
362,"lag7",-2.60696252492984
362,"lag8",-3.56284880855794
362,"lag9",-0.301199230183213
362,"lag10",-1.29895397007797
362,"lag11",0.92259769860923
362,"lag12",7.62452363432298
363,"lag1",4.03561967551993
363,"lag2",-0.877868576871536
363,"lag3",-0.274875676710036
363,"lag4",1.53635949228016
363,"lag5",-2.96547896466884
363,"lag6",-4.72931431327487
363,"lag7",-4.20060789364142
363,"lag8",0.832880501757383
363,"lag9",3.59830609029994
363,"lag10",-3.10427982053559
363,"lag11",-4.54106681827736
363,"lag12",-2.34815451451144
364,"lag1",2.17564951816619
364,"lag2",-0.466752421706347
364,"lag3",0.499948284281717
364,"lag4",2.74401016688144
364,"lag5",-1.0236245868333
364,"lag6",3.07718990041979
364,"lag7",0.16624790060607
364,"lag8",2.44113774351578
364,"lag9",3.3424933130472
364,"lag10",1.36258188785307
364,"lag11",1.77240058968337
364,"lag12",2.27151579052389
365,"lag1",2.19601034314053
365,"lag2",-1.46396926816032
365,"lag3",-1.53944230844831
365,"lag4",-3.50904752220251
365,"lag5",-6.11857508631868
365,"lag6",-2.53201244896552
365,"lag7",3.98709343450866
365,"lag8",-3.63313205809391
365,"lag9",2.50515071848376
365,"lag10",0.149274559753779
365,"lag11",-1.93051808266403
365,"lag12",-1.13330568478062
366,"lag1",1.08412078313911
366,"lag2",-0.165680960678421
366,"lag3",1.24753736022302
366,"lag4",0.827404346292724
366,"lag5",0.847383922228319
366,"lag6",-2.19119419282555
366,"lag7",-2.58584890802324
366,"lag8",0.192981437075647
366,"lag9",3.39892660619756
366,"lag10",-3.42354519775224
366,"lag11",1.5078030180207
366,"lag12",4.11455555898133
367,"lag1",-0.412560157939681
367,"lag2",-2.58474842437987
367,"lag3",-2.07032858641925
367,"lag4",6.39526952837186
367,"lag5",3.89009798412909
367,"lag6",-1.45447968190605
367,"lag7",4.83781093688424
367,"lag8",2.59062301328105
367,"lag9",-0.0906088092134464
367,"lag10",-0.437339705003628
367,"lag11",1.2535241474782
367,"lag12",-2.06887602481151
368,"lag1",-0.23084093805963
368,"lag2",4.98416578544081
368,"lag3",0.605387190399988
368,"lag4",-0.204258212219842
368,"lag5",-1.38040226511283
368,"lag6",-2.35253580436373
368,"lag7",1.15229122679572
368,"lag8",2.68142504384862
368,"lag9",0.787856145048476
368,"lag10",-0.076238042300483
368,"lag11",2.3480301962485
368,"lag12",5.61895572592247
369,"lag1",0.190762685474617
369,"lag2",-0.210049497792781
369,"lag3",-2.48241360410507
369,"lag4",2.02946030579478
369,"lag5",-3.36721565999972
369,"lag6",-3.07196047656242
369,"lag7",-4.14187417658622
369,"lag8",1.8944095118538
369,"lag9",2.32899598148249
369,"lag10",-2.44485040513703
369,"lag11",-1.68792952686945
369,"lag12",-3.74599756052893
370,"lag1",-0.183364684388967
370,"lag2",-1.95930527948314
370,"lag3",-0.734410558420017
370,"lag4",-1.15122090867002
370,"lag5",-1.36438663372071
370,"lag6",-2.6057409350193
370,"lag7",-4.94836308191534
370,"lag8",-2.8744187261602
370,"lag9",-0.889166614970719
370,"lag10",1.71553636925991
370,"lag11",-2.92053558115077
370,"lag12",-2.16450881658128
371,"lag1",2.73621085586677
371,"lag2",1.24119548893046
371,"lag3",-2.55172469201939
371,"lag4",3.24353058671525
371,"lag5",-1.41496632594318
371,"lag6",0.7112457775437
371,"lag7",1.0726025354442
371,"lag8",5.33316235532514
371,"lag9",3.97261998289222
371,"lag10",3.65710743967115
371,"lag11",0.719287709927091
371,"lag12",1.66614729025535
372,"lag1",2.93420904075796
372,"lag2",6.36401914312884
372,"lag3",6.98658121801353
372,"lag4",2.1410961947864
372,"lag5",-1.12559696205422
372,"lag6",-0.0844794552775678
372,"lag7",0.391584946720041
372,"lag8",1.37828139099976
372,"lag9",2.03624403021798
372,"lag10",1.74582260040614
372,"lag11",3.35237688484992
372,"lag12",5.28591614023982
373,"lag1",3.4536252567674
373,"lag2",3.22660016569698
373,"lag3",0.621686039150677
373,"lag4",-1.69879031809676
373,"lag5",-1.92970001864215
373,"lag6",1.97617915436186
373,"lag7",-1.17423043283751
373,"lag8",1.38498830887005
373,"lag9",-0.951563812635584
373,"lag10",-4.16226210971362
373,"lag11",-0.292475052024786
373,"lag12",2.10285647657582
374,"lag1",0.358030749598807
374,"lag2",5.95000405737804
374,"lag3",2.68965621451873
374,"lag4",-0.366606955532115
374,"lag5",2.65700499066636
374,"lag6",-1.38986758344106
374,"lag7",1.57633602815588
374,"lag8",1.03117548224407
374,"lag9",-1.07629272716755
374,"lag10",-3.84329627779315
374,"lag11",-1.53971916664244
374,"lag12",0.997248539857746
375,"lag1",2.11911963438341
375,"lag2",-0.932709652229758
375,"lag3",0.859809401494898
375,"lag4",2.80521703356111
375,"lag5",-1.24649300152419
375,"lag6",1.79555983873455
375,"lag7",7.41412179626017
375,"lag8",3.68412108678259
375,"lag9",-1.62547647294773
375,"lag10",-0.902274651323679
375,"lag11",0.15863852268358
375,"lag12",-1.082381926385
376,"lag1",4.13037965023483
376,"lag2",2.03547009818675
376,"lag3",7.21960893954711
376,"lag4",5.53604773836558
376,"lag5",0.0105900773483008
376,"lag6",0.915539047327364
376,"lag7",-2.1342226750554
376,"lag8",-1.1538430857225
376,"lag9",3.72304085959392
376,"lag10",2.16783112294235
376,"lag11",3.78937968283417
376,"lag12",1.52785342997179
377,"lag1",-1.42077151640325
377,"lag2",0.177300789800338
377,"lag3",-0.892096943973268
377,"lag4",-3.98540284701652
377,"lag5",-1.25701723433937
377,"lag6",2.95189876597213
377,"lag7",3.94939251076618
377,"lag8",1.79181401479292
377,"lag9",-0.0816575982619427
377,"lag10",-0.717908012498529
377,"lag11",-1.54005342284557
377,"lag12",-0.594467559502595
378,"lag1",1.85446677405523
378,"lag2",0.972241749960923
378,"lag3",-4.86803220792527
378,"lag4",-1.32145217072379
378,"lag5",-2.13564153780034
378,"lag6",-1.02687887182197
378,"lag7",-0.581377291116371
378,"lag8",-1.41134687716051
378,"lag9",-5.03071281304989
378,"lag10",-2.85491889264329
378,"lag11",0.186211251442435
378,"lag12",1.90920630271767
379,"lag1",-0.623650866366377
379,"lag2",1.88289416882621
379,"lag3",1.93501531648613
379,"lag4",-2.73444856280808
379,"lag5",-4.122793020123
379,"lag6",-5.17204442609011
379,"lag7",0.621484262118623
379,"lag8",-1.0243516503958
379,"lag9",-0.436256499112067
379,"lag10",-5.37732123794273
379,"lag11",-5.61064127813013
379,"lag12",-4.07271682864308
380,"lag1",-3.51268397041364
380,"lag2",-2.52478402806083
380,"lag3",-2.8111902635149
380,"lag4",5.05042079418558
380,"lag5",-4.25659497023919
380,"lag6",0.541643802942481
380,"lag7",1.21689847023844
380,"lag8",4.35361803412479
380,"lag9",4.31827414101302
380,"lag10",-0.825444265285291
380,"lag11",-3.45490609620521
380,"lag12",-0.786683888943645
381,"lag1",-1.69600816913125
381,"lag2",-0.0376524264741063
381,"lag3",0.355969161967913
381,"lag4",-3.55102045571486
381,"lag5",-4.02269518402833
381,"lag6",-0.0376854737637577
381,"lag7",4.19599437569514
381,"lag8",2.38393362142637
381,"lag9",-0.0674767539063696
381,"lag10",-4.19574574455193
381,"lag11",-2.7989927986196
381,"lag12",-2.84272904158389
382,"lag1",6.64919742417205
382,"lag2",4.80251802963462
382,"lag3",0.837608915071221
382,"lag4",2.82857819003518
382,"lag5",2.76375659348429
382,"lag6",-2.03668283687522
382,"lag7",1.28041089350838
382,"lag8",4.78122048668407
382,"lag9",3.75762941411364
382,"lag10",-1.10843992756443
382,"lag11",-1.15197844039716
382,"lag12",-1.55024300616309
383,"lag1",1.4579800334024
383,"lag2",0.617228126997939
383,"lag3",-1.83340563229182
383,"lag4",-2.79073077696422
383,"lag5",-3.33334187612524
383,"lag6",1.54305531720089
383,"lag7",3.53786754121648
383,"lag8",0.239438575383364
383,"lag9",-1.70546878957089
383,"lag10",-4.72434095009677
383,"lag11",-2.34474545829432
383,"lag12",2.5284643449646
384,"lag1",-2.39871975132387
384,"lag2",0.920658142311439
384,"lag3",1.81158706277663
384,"lag4",1.92907578759674
384,"lag5",-3.8302597552969
384,"lag6",-1.49863591411053
384,"lag7",-3.47894366634465
384,"lag8",2.4940001718237
384,"lag9",2.50391268659807
384,"lag10",-2.09214657238933
384,"lag11",1.04454010685404
384,"lag12",-1.05829281568742
385,"lag1",2.11066013257455
385,"lag2",1.77375418524744
385,"lag3",3.01891850893863
385,"lag4",1.1188128189372
385,"lag5",2.71259516043419
385,"lag6",0.157310701079499
385,"lag7",0.294309536698025
385,"lag8",3.03606659815881
385,"lag9",0.163730520374274
385,"lag10",-1.32909960510499
385,"lag11",0.510992067730903
385,"lag12",2.33736164533383
386,"lag1",1.49094106342866
386,"lag2",4.58933074004984
386,"lag3",-0.790693069333021
386,"lag4",0.376970380447917
386,"lag5",-1.15044762559477
386,"lag6",-2.61082683867848
386,"lag7",-0.935282938132389
386,"lag8",-0.970622267338436
386,"lag9",-1.75055129093093
386,"lag10",-1.59784647002136
386,"lag11",0.72469739887681
386,"lag12",0.770343706839608
387,"lag1",0.0515080548118615
387,"lag2",-2.08362637525422
387,"lag3",-0.663905895547631
387,"lag4",-2.49388243064831
387,"lag5",-3.17335126185766
387,"lag6",-2.30117213655851
387,"lag7",-3.75938069763021
387,"lag8",0.530723556174199
387,"lag9",0.297026018304135
387,"lag10",-2.87142780119422
387,"lag11",-3.0187388834717
387,"lag12",-3.26407384118132
388,"lag1",1.54666245312988
388,"lag2",-2.68550037578976
388,"lag3",-0.558090987175909
388,"lag4",1.19237541037539
388,"lag5",-0.899501400545928
388,"lag6",-1.37416110690702
388,"lag7",-1.87511688377807
388,"lag8",-3.81887079804015
388,"lag9",-0.920668098880268
388,"lag10",-3.59085402437393
388,"lag11",-1.34101540099988
388,"lag12",-3.9910093509496
389,"lag1",0.442418663536862
389,"lag2",3.8672207653156
389,"lag3",6.24994658725483
389,"lag4",-0.680378843878275
389,"lag5",-1.04650042112388
389,"lag6",-0.29025291430078
389,"lag7",0.743162541152589
389,"lag8",0.797923512950467
389,"lag9",4.9951297992249
389,"lag10",0.916326756548202
389,"lag11",0.636787238786785
389,"lag12",1.23856476577503
390,"lag1",2.61384102664826
390,"lag2",1.37915705711144
390,"lag3",1.55746435902327
390,"lag4",-0.641023281766191
390,"lag5",0.855955174150412
390,"lag6",0.0330721757935971
390,"lag7",3.4223198034713
390,"lag8",5.16330517728531
390,"lag9",1.17511503628428
390,"lag10",-3.03219289446915
390,"lag11",-2.12877664432731
390,"lag12",1.42454472283008
391,"lag1",0.429952162696731
391,"lag2",3.41864309987326
391,"lag3",1.59187198139913
391,"lag4",1.44340472759355
391,"lag5",2.01713111958154
391,"lag6",0.377979160091635
391,"lag7",3.5047512478267
391,"lag8",-0.053320916752044
391,"lag9",-0.812663643593801
391,"lag10",1.5994074152357
391,"lag11",0.569842288473791
391,"lag12",3.10617678078077
392,"lag1",2.65337118609013
392,"lag2",3.71463406861527
392,"lag3",4.48650706661873
392,"lag4",4.96689967406099
392,"lag5",-2.69369002582553
392,"lag6",0.607512261241568
392,"lag7",3.18844009069204
392,"lag8",3.72538526310689
392,"lag9",-0.051602444480623
392,"lag10",-2.79482835979227
392,"lag11",-1.06459634519581
392,"lag12",-0.0183172677139344
393,"lag1",1.15266130248283
393,"lag2",-2.52320063038017
393,"lag3",-0.437044992005714
393,"lag4",-0.679339945324107
393,"lag5",-2.17509129000775
393,"lag6",1.07363440667101
393,"lag7",-0.265290466721128
393,"lag8",6.97256867936949
393,"lag9",3.71916110563234
393,"lag10",1.64798297476671
393,"lag11",1.80743938903598
393,"lag12",8.65669055751879
394,"lag1",-0.38649707573666
394,"lag2",-1.77573444774643
394,"lag3",-1.60224311857904
394,"lag4",-2.1391948689696
394,"lag5",2.30565424808608
394,"lag6",-1.86728174737695
394,"lag7",0.654554400113145
394,"lag8",-3.12917641565462
394,"lag9",1.376810594513
394,"lag10",-4.27804584733501
394,"lag11",0.763840967201696
394,"lag12",-2.43765619212823
395,"lag1",-1.03421989323086
395,"lag2",-0.181462980642007
395,"lag3",-0.554336686977377
395,"lag4",-4.10663390369742
395,"lag5",1.17514294639015
395,"lag6",-2.43920703895113
395,"lag7",-3.07206399793851
395,"lag8",-0.82327263594218
395,"lag9",-0.343984759248434
395,"lag10",-2.51584615828827
395,"lag11",0.0541968856388065
395,"lag12",-0.597115604107002
396,"lag1",4.48977253497751
396,"lag2",-1.78945387740064
396,"lag3",0.454728389915472
396,"lag4",-0.937635646958155
396,"lag5",-2.96663491859927
396,"lag6",1.66141091335938
396,"lag7",1.44500057816306
396,"lag8",-2.07004833433996
396,"lag9",-0.268537921246216
396,"lag10",-2.56286680237024
396,"lag11",0.608412361461407
396,"lag12",-2.00225673805171
397,"lag1",1.54411732396947
397,"lag2",-1.51737861579528
397,"lag3",-2.42969015754723
397,"lag4",0.213672335424027
397,"lag5",-1.06418975461572
397,"lag6",-1.95890448701413
397,"lag7",-0.641077347993976
397,"lag8",-1.87028396932179
397,"lag9",-3.10653655239922
397,"lag10",-5.56074921441357
397,"lag11",-1.21086549514316
397,"lag12",-2.09829823845257
398,"lag1",1.9010147823818
398,"lag2",-0.853218776323647
398,"lag3",-0.626442516036831
398,"lag4",1.3862880443071
398,"lag5",-0.312092531386273
398,"lag6",1.90138305180544
398,"lag7",8.08687056029279
398,"lag8",3.21339487336548
398,"lag9",-2.07572408394265
398,"lag10",-2.77132672740326
398,"lag11",-1.0778427128715
398,"lag12",2.53175849541563
399,"lag1",-2.13458432004056
399,"lag2",-2.2398474593681
399,"lag3",-2.13626849535925
399,"lag4",-1.55974839426122
399,"lag5",-4.52880216748318
399,"lag6",-5.45982268899023
399,"lag7",-3.80505094693377
399,"lag8",-4.31403638186734
399,"lag9",2.16241292171787
399,"lag10",-4.15750984328637
399,"lag11",-4.24698444266431
399,"lag12",-6.09508767231312
400,"lag1",0.778576583031
400,"lag2",0.730095639981732
400,"lag3",0.704224354100092
400,"lag4",-2.82980537423719
400,"lag5",0.426456283985784
400,"lag6",-1.18590549558238
400,"lag7",-2.72431574756141
400,"lag8",3.39699633749714
400,"lag9",-2.37957735522818
400,"lag10",-4.22569702209796
400,"lag11",-0.569206169995536
400,"lag12",-0.996444978140305
401,"lag1",-2.80066287518878
401,"lag2",-0.9672818446377
401,"lag3",-5.97532379921485
401,"lag4",0.117555428089051
401,"lag5",-4.73815102823662
401,"lag6",-3.88737666411278
401,"lag7",-1.35780743495787
401,"lag8",0.954430525890702
401,"lag9",2.22610499002199
401,"lag10",-2.89671089386263
401,"lag11",-0.374718227028182
401,"lag12",-4.42524331418938
402,"lag1",-3.23317088038728
402,"lag2",-1.73424450867982
402,"lag3",-1.70557814531187
402,"lag4",-2.61072984025436
402,"lag5",-1.15679268949625
402,"lag6",-1.76486153062751
402,"lag7",0.732782708857118
402,"lag8",-2.68497426078088
402,"lag9",2.10649898055302
402,"lag10",-1.54213622900806
402,"lag11",0.225968958097631
402,"lag12",-2.48892746195391
403,"lag1",2.1566294874853
403,"lag2",0.524379292846597
403,"lag3",2.53513906193235
403,"lag4",-0.264716743811004
403,"lag5",0.324384529001888
403,"lag6",2.37047580266423
403,"lag7",-1.91609230957639
403,"lag8",2.69976435623164
403,"lag9",2.86876933663704
403,"lag10",-4.49245902116565
403,"lag11",-1.51657761626376
403,"lag12",3.54596573554145
404,"lag1",-0.36632738302533
404,"lag2",3.87315889336602
404,"lag3",2.83687177484783
404,"lag4",3.2840193941886
404,"lag5",0.0195265206208966
404,"lag6",1.70867672145651
404,"lag7",3.06637776498696
404,"lag8",3.12100118929359
404,"lag9",3.15728877179997
404,"lag10",4.9809596767663
404,"lag11",2.25842971133681
404,"lag12",-1.65673651117146
405,"lag1",-0.0371340148417164
405,"lag2",-1.14676120168323
405,"lag3",1.22930834327034
405,"lag4",-2.62797878558564
405,"lag5",4.19445344219776
405,"lag6",-2.42603794758449
405,"lag7",4.47073673811279
405,"lag8",-0.109703267582302
405,"lag9",-2.21774178970009
405,"lag10",-1.38169962918747
405,"lag11",-1.77500431598431
405,"lag12",0.170406679664119
406,"lag1",-3.57476949457965
406,"lag2",-4.14711996907197
406,"lag3",-2.45287310409359
406,"lag4",2.71148810874101
406,"lag5",-3.78302693613797
406,"lag6",-0.752345445489228
406,"lag7",-3.60614981356387
406,"lag8",-3.86059758743378
406,"lag9",-1.38924873358665
406,"lag10",0.516818120168705
406,"lag11",-0.923067251267761
406,"lag12",-2.40799368041744
407,"lag1",0.188198966039919
407,"lag2",1.55357296442148
407,"lag3",-2.07604189744437
407,"lag4",-0.00544504309461635
407,"lag5",-0.17070257470402
407,"lag6",-0.283573824433878
407,"lag7",-1.00383905719488
407,"lag8",4.1782231137923
407,"lag9",3.40381407188483
407,"lag10",0.433551676627743
407,"lag11",0.573937452913657
407,"lag12",1.20436338968745
408,"lag1",1.51155333589873
408,"lag2",4.39767347109524
408,"lag3",2.43057716704285
408,"lag4",1.87736199369442
408,"lag5",0.900107156409277
408,"lag6",2.98745237830332
408,"lag7",2.99127270037031
408,"lag8",4.38454299479496
408,"lag9",2.3340935001702
408,"lag10",1.24697736795495
408,"lag11",-1.22770959287033
408,"lag12",4.25032163882792
409,"lag1",3.30840469486186
409,"lag2",3.59899207621034
409,"lag3",1.18202881976248
409,"lag4",-2.81120339584763
409,"lag5",-1.95790254197944
409,"lag6",-0.397580096796071
409,"lag7",0.877837543673924
409,"lag8",1.28618454736307
409,"lag9",-2.66491312607815
409,"lag10",-0.892244610848564
409,"lag11",1.38930348364903
409,"lag12",-1.65096182073129
410,"lag1",-2.97290148537926
410,"lag2",0.465055965296937
410,"lag3",1.57244736286441
410,"lag4",1.951830362483
410,"lag5",-0.342056737707154
410,"lag6",0.531916762441497
410,"lag7",-1.71309167424377
410,"lag8",-2.2664810240963
410,"lag9",1.9361581570979
410,"lag10",-0.174643563076853
410,"lag11",2.57710042747319
410,"lag12",1.34246626838588
411,"lag1",2.14875550710654
411,"lag2",3.41707318909418
411,"lag3",1.1045560852763
411,"lag4",0.817302930299605
411,"lag5",-2.13469901495866
411,"lag6",3.24674740999076
411,"lag7",5.8066828458028
411,"lag8",-0.537721827077968
411,"lag9",-1.49724801219375
411,"lag10",1.05754353619152
411,"lag11",-0.89689404955937
411,"lag12",-0.340454356183181
412,"lag1",4.39668668442021
412,"lag2",1.31288876123844
412,"lag3",0.571287775213495
412,"lag4",1.62361893662686
412,"lag5",0.640273704182969
412,"lag6",-0.572651919924826
412,"lag7",-1.03034712216099
412,"lag8",-0.600038317033384
412,"lag9",-1.71683140458961
412,"lag10",-0.960014908509748
412,"lag11",-0.493889018520583
412,"lag12",-2.95926919618716
413,"lag1",1.25687631876905
413,"lag2",2.24085610394958
413,"lag3",0.93697566618708
413,"lag4",-0.22618568432007
413,"lag5",-2.29442781112201
413,"lag6",1.31046735087129
413,"lag7",3.10060597629991
413,"lag8",0.0364669129451578
413,"lag9",1.18250348787063
413,"lag10",-2.49951831978071
413,"lag11",0.551046904024592
413,"lag12",2.01027458057674
414,"lag1",2.86112339978366
414,"lag2",-1.60814341203107
414,"lag3",3.82641953181326
414,"lag4",0.77566832328226
414,"lag5",0.267656009502667
414,"lag6",2.16095237788842
414,"lag7",-1.38365909109426
414,"lag8",-0.151168814661079
414,"lag9",0.839465318361637
414,"lag10",-3.25155843955714
414,"lag11",0.192000767582762
414,"lag12",0.145755319201812
415,"lag1",-0.444687089022613
415,"lag2",1.69778963135424
415,"lag3",-3.02059826644545
415,"lag4",-2.76274923362052
415,"lag5",-0.721893881726766
415,"lag6",0.87690783604083
415,"lag7",-1.33967969372877
415,"lag8",-5.24281283636762
415,"lag9",3.54083566817372
415,"lag10",-2.01071972896323
415,"lag11",-0.237203745774075
415,"lag12",-1.27045236616118
416,"lag1",0.598494593398128
416,"lag2",2.9057760898291
416,"lag3",-0.840950436234067
416,"lag4",0.341435436495986
416,"lag5",1.2945175102203
416,"lag6",0.59745636621974
416,"lag7",-1.46942607648588
416,"lag8",3.44461039577821
416,"lag9",3.07543400678507
416,"lag10",-2.45214611886603
416,"lag11",-1.67922360291422
416,"lag12",2.53107907748413
417,"lag1",2.01928384494211
417,"lag2",-3.13374465554782
417,"lag3",1.29711109745833
417,"lag4",2.52200496344574
417,"lag5",-0.342170400359502
417,"lag6",-0.955453427012744
417,"lag7",-1.23746598594517
417,"lag8",-1.58672907501689
417,"lag9",4.29233404039284
417,"lag10",-0.205227606831551
417,"lag11",-0.456365681794973
417,"lag12",-2.20361056577685
418,"lag1",1.59358946661411
418,"lag2",3.52476553792251
418,"lag3",1.26279533753274
418,"lag4",1.08904898903458
418,"lag5",0.0122708597645888
418,"lag6",4.68329177054875
418,"lag7",0.301499049002143
418,"lag8",0.944269926235651
418,"lag9",4.61211268974209
418,"lag10",0.900806897274449
418,"lag11",-0.460948207155526
418,"lag12",1.38484607671461
419,"lag1",2.71381817649613
419,"lag2",-1.51396369665336
419,"lag3",5.32801318010922
419,"lag4",1.30603359541447
419,"lag5",1.33962056447211
419,"lag6",3.65562704278127
419,"lag7",3.13930772445333
419,"lag8",-0.787699466115258
419,"lag9",-1.22605620964832
419,"lag10",0.00520786855612162
419,"lag11",-0.946351379000561
419,"lag12",2.74027276987264
420,"lag1",-1.11419414346247
420,"lag2",-0.503602825881589
420,"lag3",-0.909244414678424
420,"lag4",-2.14592095967609
420,"lag5",-2.22277500412044
420,"lag6",-1.85257252861922
420,"lag7",0.657397704834399
420,"lag8",-1.00985629110944
420,"lag9",2.05911399212788
420,"lag10",-1.79421309416695
420,"lag11",-0.916885384361808
420,"lag12",0.414701686500426
421,"lag1",-0.43574679705638
421,"lag2",3.18665359213324
421,"lag3",-0.323328638271961
421,"lag4",-3.03470238773255
421,"lag5",0.0740035444591764
421,"lag6",-2.4746593454569
421,"lag7",-1.33266015476171
421,"lag8",-6.37662325809998
421,"lag9",-3.05639938779849
421,"lag10",-4.4909331004464
421,"lag11",-4.04390176382701
421,"lag12",-1.84615605024757
422,"lag1",1.55660842874541
422,"lag2",0.188979132024222
422,"lag3",-2.09164669577397
422,"lag4",-0.0621075267615162
422,"lag5",-0.812473347692891
422,"lag6",4.45498019320916
422,"lag7",1.58860541785052
422,"lag8",0.3637937068916
422,"lag9",3.23681400458183
422,"lag10",-1.51596707444462
422,"lag11",3.19018480626713
422,"lag12",0.856098011571974
423,"lag1",0.658797998294816
423,"lag2",0.141802298457761
423,"lag3",0.223570947542462
423,"lag4",-1.38797012253599
423,"lag5",-2.21867597542534
423,"lag6",-1.05797689033751
423,"lag7",0.579165118515317
423,"lag8",3.52260502677334
423,"lag9",1.35851227790353
423,"lag10",-0.849255530802463
423,"lag11",1.00523291583629
423,"lag12",-0.962549457416294
424,"lag1",2.50859779840582
424,"lag2",1.16465607031297
424,"lag3",-1.38440964690691
424,"lag4",-0.180942843364861
424,"lag5",-0.749277702580471
424,"lag6",-0.795991645215981
424,"lag7",-0.858286863926286
424,"lag8",2.64039061458711
424,"lag9",1.91526393691883
424,"lag10",-0.982309819467442
424,"lag11",1.553770171779
424,"lag12",1.84947221933422
425,"lag1",2.03352239659537
425,"lag2",4.1654217517219
425,"lag3",-0.456955444326415
425,"lag4",0.887938171727345
425,"lag5",6.07237057629654
425,"lag6",4.38233656570661
425,"lag7",2.70835387879519
425,"lag8",6.13074525879126
425,"lag9",1.58381020716147
425,"lag10",0.927231333076138
425,"lag11",4.85001611789241
425,"lag12",0.348567241410293
426,"lag1",-2.25226468095137
426,"lag2",0.0129833196433274
426,"lag3",-1.8187348351109
426,"lag4",2.13571947822415
426,"lag5",0.182241425531363
426,"lag6",-0.130001448762477
426,"lag7",5.20156453842289
426,"lag8",3.38019083776964
426,"lag9",3.93430170082505
426,"lag10",3.05093099463588
426,"lag11",0.483817555932448
426,"lag12",1.59903311360771
427,"lag1",7.76762857020046
427,"lag2",3.06279561173666
427,"lag3",-0.204949931682132
427,"lag4",3.87650117127561
427,"lag5",2.41100389606394
427,"lag6",3.63048945183247
427,"lag7",2.13666901319079
427,"lag8",-0.979895181959415
427,"lag9",5.42537783624959
427,"lag10",2.27198641230607
427,"lag11",2.13849379505188
427,"lag12",3.20597773958742
428,"lag1",-0.989831774113179
428,"lag2",-0.11448531158893
428,"lag3",0.00774220878240994
428,"lag4",0.904029565986657
428,"lag5",0.316741392828256
428,"lag6",0.13900486997943
428,"lag7",3.76803568513703
428,"lag8",1.33732270504809
428,"lag9",3.94413375129967
428,"lag10",-1.01501030099427
428,"lag11",2.55873062420755
428,"lag12",1.48009604878086
429,"lag1",0.591675691171924
429,"lag2",-3.27322896754544
429,"lag3",-2.39781008240124
429,"lag4",-0.94941879325452
429,"lag5",-2.90820368577964
429,"lag6",-2.69080851107
429,"lag7",3.00258207424182
429,"lag8",4.32465113502367
429,"lag9",0.713272653225769
429,"lag10",-1.34136284346858
429,"lag11",1.84088160573236
429,"lag12",-0.732957229110191
430,"lag1",0.20164691585274
430,"lag2",7.23737590864298
430,"lag3",3.20186323328955
430,"lag4",0.0935006464666077
430,"lag5",0.300895735814743
430,"lag6",0.42288279899975
430,"lag7",-0.681266116578087
430,"lag8",-0.672072706914293
430,"lag9",-1.74992046043388
430,"lag10",-0.969749200158797
430,"lag11",1.70951681429065
430,"lag12",2.86850403068459
431,"lag1",3.08427677902943
431,"lag2",5.88686527885239
431,"lag3",1.85231359381989
431,"lag4",0.993121671900652
431,"lag5",-1.03041332123773
431,"lag6",-0.00904754033245039
431,"lag7",3.2909156326417
431,"lag8",-0.296226358118165
431,"lag9",3.36869076443385
431,"lag10",0.516877037249192
431,"lag11",-0.587588860129169
431,"lag12",-4.22044855986424
432,"lag1",-0.13232858307407
432,"lag2",3.96392519783399
432,"lag3",0.496693342067242
432,"lag4",0.876944868296997
432,"lag5",-1.00229144354179
432,"lag6",1.45984647731242
432,"lag7",-0.0865215186521482
432,"lag8",-3.27030094856391
432,"lag9",-2.64715028834733
432,"lag10",-0.408923753835349
432,"lag11",-3.57050127261742
432,"lag12",-1.18101273609453
433,"lag1",1.00406897652349
433,"lag2",4.04038183337222
433,"lag3",-6.1712627704893
433,"lag4",-1.63407813858397
433,"lag5",-4.9349468840988
433,"lag6",-2.77984166955178
433,"lag7",-0.513457606556766
433,"lag8",1.54701410952483
433,"lag9",-1.76613568652032
433,"lag10",-3.6546347985659
433,"lag11",-1.00538313599677
433,"lag12",0.477199314615175
434,"lag1",0.339402210132708
434,"lag2",-3.33222194921866
434,"lag3",-1.89381116576762
434,"lag4",0.663600559128113
434,"lag5",-2.59212257007927
434,"lag6",-1.40301290580309
434,"lag7",1.53563159035987
434,"lag8",-1.55402070982772
434,"lag9",-1.3870839676351
434,"lag10",-0.983092411990043
434,"lag11",-2.96011496849489
434,"lag12",0.058959738617039
435,"lag1",4.36398794241792
435,"lag2",3.86673800949622
435,"lag3",1.30957133854369
435,"lag4",3.10913484937076
435,"lag5",-0.980037605503242
435,"lag6",3.2184361105938
435,"lag7",0.0854050060652752
435,"lag8",7.7281906761812
435,"lag9",4.13940813540572
435,"lag10",-0.831378858639123
435,"lag11",2.90270618121014
435,"lag12",1.26012460832989
436,"lag1",1.19412126892012
436,"lag2",-0.478433803035245
436,"lag3",1.64827602621926
436,"lag4",1.41824534536777
436,"lag5",-0.114065333736253
436,"lag6",2.68784840382861
436,"lag7",0.147353371280934
436,"lag8",-0.40567208409073
436,"lag9",-0.628419894083071
436,"lag10",-1.63296535233682
436,"lag11",-1.37133055395702
436,"lag12",-0.806862070323939
437,"lag1",2.56736504116173
437,"lag2",3.33793482764652
437,"lag3",-1.82030196878777
437,"lag4",2.23304598071784
437,"lag5",-1.01504327082908
437,"lag6",1.15222845152211
437,"lag7",-0.638293264739306
437,"lag8",-1.51368312713654
437,"lag9",0.758706814182491
437,"lag10",-1.97485681795496
437,"lag11",3.09048732804549
437,"lag12",2.5703555226744
438,"lag1",6.0860982119299
438,"lag2",2.64858319610744
438,"lag3",-0.770172268687098
438,"lag4",1.51393358888313
438,"lag5",-2.36715011706319
438,"lag6",1.1828600098507
438,"lag7",5.69328878550757
438,"lag8",1.18803469034447
438,"lag9",2.63341972671703
438,"lag10",-1.78219813957732
438,"lag11",0.582386333891588
438,"lag12",3.16301897728773
439,"lag1",3.06870861088804
439,"lag2",-3.27965330517868
439,"lag3",-4.33525370737267
439,"lag4",1.48345728468662
439,"lag5",-2.10819616970118
439,"lag6",0.160183805681421
439,"lag7",2.42399884211494
439,"lag8",8.15624627795423
439,"lag9",2.42222659440978
439,"lag10",-0.623652388400666
439,"lag11",0.709118520170711
439,"lag12",0.369586126333036
440,"lag1",-0.0619755785009237
440,"lag2",1.83508843816896
440,"lag3",-1.27930355370757
440,"lag4",-3.45232191826543
440,"lag5",-3.57013889610569
440,"lag6",-3.18555191550988
440,"lag7",0.00352187321063691
440,"lag8",0.449976093480266
440,"lag9",0.136328500001806
440,"lag10",-0.902751182232661
440,"lag11",1.38231171621937
440,"lag12",-0.0632952051763317
441,"lag1",-1.65403053682779
441,"lag2",1.61128617850696
441,"lag3",-0.233613215649938
441,"lag4",-3.71970186026275
441,"lag5",-1.46029673201811
441,"lag6",0.284915573380809
441,"lag7",-1.37627659286084
441,"lag8",1.28996609850838
441,"lag9",1.46051261320037
441,"lag10",1.18786882954593
441,"lag11",-1.31405273683508
441,"lag12",-2.06635229436372
442,"lag1",0.432688092133086
442,"lag2",1.11425744165293
442,"lag3",3.21808741022585
442,"lag4",3.01955108300625
442,"lag5",3.56792531233359
442,"lag6",0.666860236826479
442,"lag7",-1.04910600619152
442,"lag8",-2.13932521309722
442,"lag9",-0.0544486435491327
442,"lag10",-1.24337631816405
442,"lag11",2.35740931290894
442,"lag12",0.874577515286605
443,"lag1",2.8484868958928
443,"lag2",4.89421807269336
443,"lag3",-3.16562645452083
443,"lag4",-1.07372918788422
443,"lag5",-1.97585643158504
443,"lag6",-0.299992174718059
443,"lag7",2.20794727757374
443,"lag8",-0.545454675765597
443,"lag9",-2.29851751516788
443,"lag10",-1.36091766219884
443,"lag11",-0.206238618450027
443,"lag12",1.69743561230883
444,"lag1",0.9510766074616
444,"lag2",-2.02361913526101
444,"lag3",-3.6588034703635
444,"lag4",0.239124598412715
444,"lag5",-3.06272772958429
444,"lag6",-1.11327628256334
444,"lag7",-4.79701399273827
444,"lag8",0.00365967480827747
444,"lag9",2.43751249859039
444,"lag10",-1.59669617608172
444,"lag11",-4.27948832315228
444,"lag12",0.810044235869594
445,"lag1",-2.13296949363732
445,"lag2",6.13597484962693
445,"lag3",0.605236778013279
445,"lag4",-2.81812314043472
445,"lag5",-2.39833934104132
445,"lag6",0.685583048289267
445,"lag7",5.89372820010107
445,"lag8",6.1812226730298
445,"lag9",1.48582906980946
445,"lag10",0.932683051443434
445,"lag11",-3.05060772525688
445,"lag12",-2.48279390930381
446,"lag1",5.02156374665804
446,"lag2",-1.31218013084623
446,"lag3",-2.036627798914
446,"lag4",-1.09173396345258
446,"lag5",-1.30030299038104
446,"lag6",1.93647653337543
446,"lag7",2.32791912260089
446,"lag8",7.25086182691028
446,"lag9",7.181924461287
446,"lag10",-0.419980651936477
446,"lag11",1.12491646820744
446,"lag12",8.46563832956989
447,"lag1",1.40063777677414
447,"lag2",3.51910221362207
447,"lag3",-1.46449121947775
447,"lag4",1.88116828237219
447,"lag5",2.9590178280947
447,"lag6",1.3759016143965
447,"lag7",1.52839790994124
447,"lag8",9.64419501496458
447,"lag9",12.1929979936431
447,"lag10",4.50081508824882
447,"lag11",4.27503635102762
447,"lag12",1.07867656076563
448,"lag1",2.66204479996708
448,"lag2",3.82964757437876
448,"lag3",0.12309582202544
448,"lag4",2.88100509040321
448,"lag5",-1.33886793760118
448,"lag6",2.95108448911018
448,"lag7",1.10899247419674
448,"lag8",8.68874579882841
448,"lag9",4.24641330682668
448,"lag10",-1.86349559935508
448,"lag11",-0.617195080113048
448,"lag12",1.42962835092391
449,"lag1",2.4077343558019
449,"lag2",2.92524792926338
449,"lag3",0.491964593185035
449,"lag4",1.53371724724233
449,"lag5",1.84153107145104
449,"lag6",0.948673122501035
449,"lag7",2.70477796112409
449,"lag8",2.19377358809128
449,"lag9",1.11864468905301
449,"lag10",-1.36622889274468
449,"lag11",1.15139126610776
449,"lag12",0.680195579725474
450,"lag1",-3.35023307137162
450,"lag2",2.28272489424046
450,"lag3",-1.18154732981655
450,"lag4",-0.0809076279326336
450,"lag5",-0.731160421778474
450,"lag6",-2.33409313420868
450,"lag7",-4.31720094263556
450,"lag8",-6.15676561330201
450,"lag9",-4.79767161174537
450,"lag10",-4.15095856954632
450,"lag11",-0.00233109137475393
450,"lag12",-6.50823131903068
451,"lag1",0.501103828345416
451,"lag2",4.93156297035235
451,"lag3",1.35265713039761
451,"lag4",-1.04291831789961
451,"lag5",-1.47501795783577
451,"lag6",-0.825617684327236
451,"lag7",-2.3345548154695
451,"lag8",1.79020617287644
451,"lag9",-0.01179629093321
451,"lag10",-1.70861548491072
451,"lag11",-0.467488996533813
451,"lag12",0.879614663416639
452,"lag1",-1.51998337340918
452,"lag2",1.05515435235207
452,"lag3",-2.36663708397097
452,"lag4",0.894250100930269
452,"lag5",-2.90718195909192
452,"lag6",-0.630952155118791
452,"lag7",5.46255777994042
452,"lag8",3.94145989725576
452,"lag9",0.501682382529658
452,"lag10",-4.65632115324468
452,"lag11",-1.03715780035261
452,"lag12",0.00159761453713946
453,"lag1",-1.3706451369401
453,"lag2",3.81879840763992
453,"lag3",-0.0628244578783066
453,"lag4",-2.17544532419648
453,"lag5",-4.69208950371195
453,"lag6",-3.139934937763
453,"lag7",-2.75032669359898
453,"lag8",5.70286401632744
453,"lag9",3.8250115839153
453,"lag10",1.36428187014758
453,"lag11",3.0914935855394
453,"lag12",1.88663532095889
454,"lag1",-2.70964375056733
454,"lag2",-1.28557856493887
454,"lag3",0.300281320902842
454,"lag4",-3.41762580990456
454,"lag5",-3.54261694265232
454,"lag6",-1.85823238382311
454,"lag7",-1.45641735424942
454,"lag8",0.836992495649107
454,"lag9",-0.820206533147594
454,"lag10",-3.00038726046549
454,"lag11",-2.92472045571548
454,"lag12",-3.22589420772362
455,"lag1",2.35421742000847
455,"lag2",-0.120050739758418
455,"lag3",-0.653928533981623
455,"lag4",-0.474019809686936
455,"lag5",-2.51004394255735
455,"lag6",-0.790980366527926
455,"lag7",-3.0325711245652
455,"lag8",6.1522972853773
455,"lag9",0.521849886764607
455,"lag10",-3.85631122456884
455,"lag11",-1.36547015206434
455,"lag12",-0.522313157179144
456,"lag1",1.321695862142
456,"lag2",3.40109165234397
456,"lag3",0.239492617144732
456,"lag4",1.70029699018051
456,"lag5",-0.914615090100605
456,"lag6",-2.88932847570565
456,"lag7",-1.77399263770145
456,"lag8",3.45042981075514
456,"lag9",0.497268983187156
456,"lag10",-2.20022940364954
456,"lag11",-1.85715003848215
456,"lag12",-0.0437315820418067
457,"lag1",1.35465358108695
457,"lag2",5.01031366467712
457,"lag3",1.55300667290155
457,"lag4",5.00117731263748
457,"lag5",-0.767874914891045
457,"lag6",-2.21983431346932
457,"lag7",-3.46247267730203
457,"lag8",-0.607408134373057
457,"lag9",-2.94837360204157
457,"lag10",-4.0368926930983
457,"lag11",0.492301814840767
457,"lag12",-1.77615030259609
458,"lag1",1.27409604462685
458,"lag2",3.54145730657801
458,"lag3",-0.948704080253745
458,"lag4",-1.76163209233599
458,"lag5",-0.856053745129635
458,"lag6",-3.83576962989709
458,"lag7",-3.48816066818507
458,"lag8",-5.69090719137207
458,"lag9",-0.983602012125633
458,"lag10",-2.16793948610105
458,"lag11",-3.54914206162738
458,"lag12",-0.477097582728383
459,"lag1",-2.47933460045209
459,"lag2",-2.07218378249749
459,"lag3",-0.319988946578113
459,"lag4",2.84987319975674
459,"lag5",-0.366024322022889
459,"lag6",1.39469394855891
459,"lag7",2.73786729617665
459,"lag8",1.96750906957091
459,"lag9",4.33049710866221
459,"lag10",0.570905265721813
459,"lag11",2.2165766714421
459,"lag12",0.117402025615483
460,"lag1",0.548615883744248
460,"lag2",10.1655045760709
460,"lag3",-0.761179971444562
460,"lag4",0.711137861559939
460,"lag5",-3.71471276641309
460,"lag6",-0.451378258389792
460,"lag7",6.26562403654279
460,"lag8",3.12980948974081
460,"lag9",4.84343923114051
460,"lag10",1.71801184763664
460,"lag11",1.28642200788955
460,"lag12",0.758716385312576
461,"lag1",2.02462395364951
461,"lag2",4.454673006364
461,"lag3",-1.80616715656803
461,"lag4",-0.821446823032284
461,"lag5",-1.48729230850958
461,"lag6",2.8840429194175
461,"lag7",2.14461329602321
461,"lag8",3.11836419262901
461,"lag9",5.65741912503325
461,"lag10",-1.39337817295683
461,"lag11",-0.0904793788070854
461,"lag12",1.24896188654317
462,"lag1",1.06092446855899
462,"lag2",1.71228516755557
462,"lag3",-3.67381970010074
462,"lag4",-0.974382185278847
462,"lag5",-0.937492443154146
462,"lag6",-3.57289002862979
462,"lag7",-0.333426195562623
462,"lag8",-1.67036740005419
462,"lag9",3.37751289654159
462,"lag10",-4.67213867806497
462,"lag11",-2.67340720450953
462,"lag12",-2.80148587072986
463,"lag1",-4.38958781796424
463,"lag2",-2.39339946929664
463,"lag3",0.282728631440235
463,"lag4",-1.26777344651575
463,"lag5",-5.10474162458207
463,"lag6",-4.5591768966943
463,"lag7",-4.43052823221986
463,"lag8",-5.37201703289348
463,"lag9",0.386107224054027
463,"lag10",-4.225278742072
463,"lag11",-3.82835209954698
463,"lag12",-1.54661178296838
464,"lag1",2.75335175502354
464,"lag2",4.00699770572435
464,"lag3",-3.29849014896755
464,"lag4",-3.50919316253161
464,"lag5",-0.153149580075907
464,"lag6",2.83931403798848
464,"lag7",0.461481593474647
464,"lag8",1.18359713951383
464,"lag9",-1.56808103345484
464,"lag10",-1.03594390633864
464,"lag11",-0.545281692280799
464,"lag12",1.30538045198874
465,"lag1",4.52504922912113
465,"lag2",3.29424544922148
465,"lag3",-2.11319628279288
465,"lag4",-0.407471998570803
465,"lag5",-0.706632270717361
465,"lag6",0.415800025226727
465,"lag7",-0.71876029241691
465,"lag8",1.87102088826363
465,"lag9",-1.26081764885155
465,"lag10",-5.63500147497292
465,"lag11",-1.76767612673458
465,"lag12",0.880290331438792
466,"lag1",-6.1177645265236
466,"lag2",-3.9040298487403
466,"lag3",-3.31432296534291
466,"lag4",-2.33309183080006
466,"lag5",-4.4376711390821
466,"lag6",-3.83372367565762
466,"lag7",-3.39794911666721
466,"lag8",-3.92082601334745
466,"lag9",1.21681694406777
466,"lag10",-5.60472016014027
466,"lag11",-2.84091560822281
466,"lag12",-3.73902597431908
467,"lag1",0.523476791378901
467,"lag2",4.32140396090441
467,"lag3",-1.87628176017777
467,"lag4",0.211230648321363
467,"lag5",0.286447757510759
467,"lag6",-5.27331391733989
467,"lag7",0.459405083172365
467,"lag8",-0.0304236113476583
467,"lag9",-1.65107458249554
467,"lag10",-3.93526197982065
467,"lag11",0.0856671364691118
467,"lag12",0.855239845717332
468,"lag1",3.17324386338388
468,"lag2",2.51709011037619
468,"lag3",-1.24993833603865
468,"lag4",-1.01725063711341
468,"lag5",0.266761185272447
468,"lag6",-4.22043932300591
468,"lag7",2.67238201385912
468,"lag8",2.78660750557685
468,"lag9",1.22477017676508
468,"lag10",-4.88766107411704
468,"lag11",-0.326898264088063
468,"lag12",-1.27751494864064
469,"lag1",4.12510652017567
469,"lag2",1.91614638170807
469,"lag3",-0.62843330500473
469,"lag4",-1.42032329790463
469,"lag5",-2.83272314838046
469,"lag6",-1.73696695234923
469,"lag7",-2.91828520160373
469,"lag8",2.02303527093697
469,"lag9",1.20243607171462
469,"lag10",-0.497137497028335
469,"lag11",-2.77349714218386
469,"lag12",-1.78415933196893
470,"lag1",2.93920636851812
470,"lag2",5.32483762132893
470,"lag3",1.31020291259523
470,"lag4",1.42711901052776
470,"lag5",-3.15806185967203
470,"lag6",-1.24752460103444
470,"lag7",0.130494561319985
470,"lag8",3.51595472429319
470,"lag9",3.51926207949053
470,"lag10",2.35485136165924
470,"lag11",3.00932885811365
470,"lag12",3.43688399833583
471,"lag1",2.83003653235194
471,"lag2",7.12721846970105
471,"lag3",-0.881699586289459
471,"lag4",0.155442325340794
471,"lag5",1.02764189958034
471,"lag6",-1.41912349289454
471,"lag7",0.640766863392403
471,"lag8",-2.58100494744124
471,"lag9",0.0776715700576805
471,"lag10",-1.21496036339371
471,"lag11",0.112105401407167
471,"lag12",-0.321192831608796
472,"lag1",-1.83361071401237
472,"lag2",1.74912374671518
472,"lag3",-0.559931744684115
472,"lag4",1.48574316197268
472,"lag5",-2.01067615846477
472,"lag6",5.10733969953761
472,"lag7",-0.301040513113715
472,"lag8",1.14266911888725
472,"lag9",1.72763843478527
472,"lag10",0.644681953104348
472,"lag11",9.03337040725975
472,"lag12",10.1004134457775
473,"lag1",4.48919027163479
473,"lag2",-0.368720088938152
473,"lag3",-3.06652811377492
473,"lag4",-4.81405627955015
473,"lag5",-2.70421224413498
473,"lag6",-0.0493387735413514
473,"lag7",4.1377568866729
473,"lag8",2.05335987710881
473,"lag9",5.0060695590589
473,"lag10",1.64911163274994
473,"lag11",-0.981552944975606
473,"lag12",2.12784202038137
474,"lag1",-0.0878568540911929
474,"lag2",-0.86354873407572
474,"lag3",-3.03455746379515
474,"lag4",0.27047895134786
474,"lag5",-1.58800085427496
474,"lag6",-1.81534222413061
474,"lag7",-2.32868250092777
474,"lag8",4.34577846873429
474,"lag9",-3.06598434949074
474,"lag10",-2.04091832230339
474,"lag11",-1.59635777483933
474,"lag12",-2.29362121460664
475,"lag1",6.61991746616109
475,"lag2",3.92944992268294
475,"lag3",3.78216585424043
475,"lag4",-0.735219390562928
475,"lag5",-0.92786167330664
475,"lag6",0.917675077519453
475,"lag7",2.03440053401133
475,"lag8",5.47071100868388
475,"lag9",2.71310293106051
475,"lag10",0.493309223810001
475,"lag11",0.163270261129337
475,"lag12",-1.17399423037259
476,"lag1",0.70298652099382
476,"lag2",0.72177154705193
476,"lag3",1.78741950444575
476,"lag4",4.03767732851558
476,"lag5",-2.23026486175256
476,"lag6",5.72364241256943
476,"lag7",2.49205499098425
476,"lag8",-1.40641643118999
476,"lag9",-0.257171128735289
476,"lag10",0.295036051923125
476,"lag11",-2.45393739238285
476,"lag12",-4.45467933119002
477,"lag1",-0.986358408880346
477,"lag2",2.38249921878691
477,"lag3",-1.00602908009091
477,"lag4",-0.214426345814108
477,"lag5",3.25415898384233
477,"lag6",2.15177270771764
477,"lag7",4.97641248726928
477,"lag8",-1.0593432431727
477,"lag9",0.471295669014694
477,"lag10",-0.390677725225222
477,"lag11",-0.202474781749046
477,"lag12",-2.38283258993507
478,"lag1",0.905718403438149
478,"lag2",2.69998569539551
478,"lag3",-1.2003453636558
478,"lag4",-4.39415625960861
478,"lag5",-1.30683466107003
478,"lag6",3.79536946403062
478,"lag7",4.67831271851224
478,"lag8",-4.53183714394865
478,"lag9",-2.19766281072275
478,"lag10",1.01679812217731
478,"lag11",2.05024140241227
478,"lag12",2.01184072935496
479,"lag1",-0.420635174809706
479,"lag2",0.445151034583891
479,"lag3",-1.35459812867836
479,"lag4",-1.40214309781182
479,"lag5",0.498395606964856
479,"lag6",0.745523549511638
479,"lag7",-3.15891169553576
479,"lag8",7.19956626006178
479,"lag9",0.446382205281816
479,"lag10",-2.96919399808286
479,"lag11",1.48713053431516
479,"lag12",-0.949635477341607
480,"lag1",1.95436367081014
480,"lag2",7.12759943084595
480,"lag3",-2.34008489550032
480,"lag4",1.52105750323968
480,"lag5",1.50666373605876
480,"lag6",-1.56985171382673
480,"lag7",-1.15460060461725
480,"lag8",4.59491607823341
480,"lag9",2.17495546250533
480,"lag10",-0.656101509948191
480,"lag11",1.26909608541471
480,"lag12",-0.0689167675288477
481,"lag1",3.20413901852451
481,"lag2",1.54431278489244
481,"lag3",2.26127139286071
481,"lag4",0.686661920751651
481,"lag5",-3.39977030658932
481,"lag6",-1.90382803549484
481,"lag7",0.406336234154476
481,"lag8",3.08801228740676
481,"lag9",3.07574110564069
481,"lag10",-0.0604410918847835
481,"lag11",-1.78819487980063
481,"lag12",1.61454378878229
482,"lag1",0.267261521709465
482,"lag2",-2.56923514664188
482,"lag3",-0.0655199274020559
482,"lag4",0.936617830223416
482,"lag5",-1.96553607661484
482,"lag6",-2.32106610418287
482,"lag7",3.06677394854394
482,"lag8",0.38444047316683
482,"lag9",2.06247203320912
482,"lag10",1.01896885133057
482,"lag11",-2.09706142461458
482,"lag12",-1.51582178865182
483,"lag1",-1.50195885827092
483,"lag2",-2.12609867817441
483,"lag3",0.40316500668021
483,"lag4",-0.531294625761321
483,"lag5",0.102928545245757
483,"lag6",-0.371338747729262
483,"lag7",-3.4652364225919
483,"lag8",5.12292211342292
483,"lag9",7.00691779079373
483,"lag10",-1.651102654448
483,"lag11",0.663349796715559
483,"lag12",-0.941347311158799
484,"lag1",-3.63727573859412
484,"lag2",0.519341147277586
484,"lag3",0.0063529268259913
484,"lag4",-0.42906953416805
484,"lag5",-0.936466103088199
484,"lag6",1.34215277539701
484,"lag7",-1.34639561623172
484,"lag8",4.30844178803194
484,"lag9",6.58768902503862
484,"lag10",2.40659418943691
484,"lag11",1.77257990898383
484,"lag12",1.39417708356279
485,"lag1",-1.0753118392138
485,"lag2",-0.439265647859056
485,"lag3",2.04285908992124
485,"lag4",0.243564718058198
485,"lag5",-1.45227991348687
485,"lag6",-1.19737202756304
485,"lag7",-2.45616317803099
485,"lag8",3.32332453254163
485,"lag9",1.3164819888305
485,"lag10",-1.42322929538528
485,"lag11",-2.75013610645
485,"lag12",2.59053017039891
486,"lag1",-3.10081090258261
486,"lag2",-2.96927403093251
486,"lag3",0.892090748020138
486,"lag4",0.0370214050262713
486,"lag5",-2.08057192686114
486,"lag6",-0.366473927987017
486,"lag7",-3.78914195576307
486,"lag8",-1.68928768427757
486,"lag9",1.11962481348452
486,"lag10",-2.52764501397163
486,"lag11",0.171325620049179
486,"lag12",-0.511802435071081
487,"lag1",1.41606797111949
487,"lag2",-2.81554310756204
487,"lag3",0.0652327104307234
487,"lag4",0.454021630360487
487,"lag5",-1.26165666419946
487,"lag6",-1.26701728598436
487,"lag7",-3.15660522367962
487,"lag8",-0.146111375555447
487,"lag9",-0.650139961304716
487,"lag10",-1.87109315127277
487,"lag11",-1.96631899466141
487,"lag12",-0.919187642527136
488,"lag1",-1.92654706488759
488,"lag2",-4.50347216816443
488,"lag3",-0.168331629382327
488,"lag4",1.46109553401493
488,"lag5",0.426420298063789
488,"lag6",0.921798273091294
488,"lag7",-0.709144668222316
488,"lag8",-0.426941195035555
488,"lag9",-0.940073811528393
488,"lag10",5.16469462817994
488,"lag11",1.78894604812526
488,"lag12",0.628538434782797
489,"lag1",-3.58609930998784
489,"lag2",-2.27821396699647
489,"lag3",-4.35152631761686
489,"lag4",-1.89483994623937
489,"lag5",-0.455382929738343
489,"lag6",-0.801452572780889
489,"lag7",-1.13116024702622
489,"lag8",0.540945294554508
489,"lag9",-4.82709416867011
489,"lag10",-1.70152504909805
489,"lag11",-0.162070493483408
489,"lag12",-3.72741690436939
490,"lag1",-1.36250532571788
490,"lag2",-3.21463509914144
490,"lag3",-2.18206986713023
490,"lag4",-2.77632944213424
490,"lag5",-1.5458966992417
490,"lag6",-3.15602120407893
490,"lag7",-1.4046621805271
490,"lag8",-1.68623820232904
490,"lag9",0.248732910417022
490,"lag10",-2.75128322036823
490,"lag11",-4.02394902967798
490,"lag12",-3.89583765374118
491,"lag1",1.35511538050722
491,"lag2",-0.0677500087328656
491,"lag3",4.65391242409996
491,"lag4",-2.63873226271772
491,"lag5",-4.20062225666346
491,"lag6",-1.35648351439155
491,"lag7",-0.572304898857474
491,"lag8",2.37837397774973
491,"lag9",2.75350305639782
491,"lag10",-1.53567052796287
491,"lag11",-0.739951450218237
491,"lag12",-1.00054296591921
492,"lag1",7.30245626601842
492,"lag2",3.59603568341048
492,"lag3",2.8962604685606
492,"lag4",-0.953735336443171
492,"lag5",-3.24824880363345
492,"lag6",1.80307162639784
492,"lag7",-0.426951761701965
492,"lag8",4.9628907100137
492,"lag9",2.3650538756843
492,"lag10",1.82986426615035
492,"lag11",2.6627836723223
492,"lag12",5.40010824234425
493,"lag1",1.88000646044755
493,"lag2",-2.84231880337438
493,"lag3",-2.963919331866
493,"lag4",-0.860329316619199
493,"lag5",3.93872061664244
493,"lag6",-1.21488143324909
493,"lag7",-2.9040507175639
493,"lag8",0.916292798520554
493,"lag9",0.877592090013879
493,"lag10",2.3556854456869
493,"lag11",2.76031092116047
493,"lag12",0.774983500704895
494,"lag1",-0.551181750391112
494,"lag2",-0.734620452982052
494,"lag3",1.35249537326254
494,"lag4",1.2681432110045
494,"lag5",-1.26833784085008
494,"lag6",-2.36984776055398
494,"lag7",-0.186932301434896
494,"lag8",0.391608497419772
494,"lag9",4.0295160092238
494,"lag10",-0.654405298606442
494,"lag11",-0.84027975595743
494,"lag12",1.94698379933734
495,"lag1",0.216269051999456
495,"lag2",0.660213212791062
495,"lag3",2.34791728585348
495,"lag4",1.20624789721697
495,"lag5",2.3785887238805
495,"lag6",5.17817026791583
495,"lag7",3.35506028957584
495,"lag8",2.6574221808853
495,"lag9",0.537259405370083
495,"lag10",-2.44993181095462
495,"lag11",-0.532065263485639
495,"lag12",-1.28579526923096
496,"lag1",3.25048323184983
496,"lag2",-1.63974434705838
496,"lag3",2.09383911657483
496,"lag4",1.03019756246595
496,"lag5",-0.0376801025435337
496,"lag6",-1.89161098374632
496,"lag7",0.682940460176283
496,"lag8",-3.50488348451871
496,"lag9",-0.766879846679717
496,"lag10",0.27771415231955
496,"lag11",0.439454760412673
496,"lag12",4.8036841128413
497,"lag1",-0.573777690607595
497,"lag2",-2.20475908696843
497,"lag3",1.23183768820511
497,"lag4",-0.338591820243361
497,"lag5",0.485984859707754
497,"lag6",0.052185415202171
497,"lag7",3.70909078763853
497,"lag8",3.63977906855437
497,"lag9",2.70620029234005
497,"lag10",0.624280303689681
497,"lag11",2.52666243849392
497,"lag12",4.73363038780315
498,"lag1",-0.953504232312135
498,"lag2",1.51200185590553
498,"lag3",0.807367281129064
498,"lag4",1.34405774447044
498,"lag5",3.01154627005439
498,"lag6",2.55558334539834
498,"lag7",-3.82041032661492
498,"lag8",6.4342283506552
498,"lag9",2.05760164512378
498,"lag10",-0.95234671430333
498,"lag11",-0.706821646302876
498,"lag12",4.79234564092355
499,"lag1",1.77022422157419
499,"lag2",6.6941104584271
499,"lag3",1.02210685805287
499,"lag4",-1.17143575683245
499,"lag5",0.862920046545614
499,"lag6",-3.69903657015747
499,"lag7",-3.07431280198145
499,"lag8",0.258895469629802
499,"lag9",2.33620429715744
499,"lag10",-0.647449383129368
499,"lag11",0.264172030106739
499,"lag12",0.0780805363852994
500,"lag1",3.524130905395
500,"lag2",5.1928797619047
500,"lag3",2.75610924058003
500,"lag4",4.03996349977125
500,"lag5",-1.37268701651593
500,"lag6",0.714446762957343
500,"lag7",3.61221163216226
500,"lag8",0.0275460415255441
500,"lag9",5.31363798392617
500,"lag10",2.28981777586671
500,"lag11",-0.0107091697319883
500,"lag12",1.96393529249849
