"iteration","term","estimate"
1,"lag1",1.53215831175928
1,"lag2",0.1333605340375
1,"lag3",-0.0172040658337284
1,"lag4",-4.73264586784052
1,"lag5",2.86118666199357
1,"lag6",1.38532183148771
1,"lag7",1.98216809779325
1,"lag8",-0.509372189302701
1,"lag9",-0.700237014152431
1,"lag10",-2.44864004869257
1,"lag11",1.54346780667974
1,"lag12",-0.317143100349032
2,"lag1",0.620081238253479
2,"lag2",3.32352243809102
2,"lag3",5.11419961120241
2,"lag4",1.98089531010314
2,"lag5",0.792662575079611
2,"lag6",0.228128582851542
2,"lag7",1.14989494105022
2,"lag8",-2.04500854611672
2,"lag9",-3.63306552730358
2,"lag10",4.14136603370732
2,"lag11",4.16023418078602
2,"lag12",10.2264762732518
3,"lag1",4.46837294886492
3,"lag2",4.14493694605015
3,"lag3",3.43985311643928
3,"lag4",-0.205916632993744
3,"lag5",-0.117696293866418
3,"lag6",-0.772808323201766
3,"lag7",-0.278187833693817
3,"lag8",2.98539788917984
3,"lag9",-1.69672163880141
3,"lag10",-1.12570770865384
3,"lag11",-4.81914478123949
3,"lag12",-1.74000683223424
4,"lag1",5.45879828601316
4,"lag2",4.52019068835428
4,"lag3",12.4226657022389
4,"lag4",10.1362868732867
4,"lag5",6.09626859265232
4,"lag6",2.3387306672413
4,"lag7",4.03170154771843
4,"lag8",2.25340244710666
4,"lag9",0.743340073112312
4,"lag10",0.788745037409424
4,"lag11",0.819182984546922
4,"lag12",1.26390678251564
5,"lag1",2.63779194496756
5,"lag2",3.36361228707954
5,"lag3",4.85019083008045
5,"lag4",2.52479946439545
5,"lag5",-0.540003361719754
5,"lag6",0.543151195161657
5,"lag7",2.76324514507007
5,"lag8",3.22403049328247
5,"lag9",0.681714690600083
5,"lag10",1.26100241971074
5,"lag11",-0.244784204628505
5,"lag12",0.22100344176588
6,"lag1",-0.126671096993375
6,"lag2",-2.27054990446202
6,"lag3",0.313573865152046
6,"lag4",-3.92411490949952
6,"lag5",-2.2039736585388
6,"lag6",-2.13563058808364
6,"lag7",-1.86224348082766
6,"lag8",0.140149309519073
6,"lag9",2.93580673187393
6,"lag10",0.822439519758813
6,"lag11",-4.60505464118584
6,"lag12",-1.67787917371371
7,"lag1",4.15365806270805
7,"lag2",9.71760668492455
7,"lag3",9.1926820153474
7,"lag4",3.9310679991666
7,"lag5",1.8145934494068
7,"lag6",0.406883059868398
7,"lag7",2.07827513648574
7,"lag8",2.12754945547633
7,"lag9",0.767496955183284
7,"lag10",0.623346070365857
7,"lag11",1.00753736806931
7,"lag12",-4.3422847865508
8,"lag1",3.46288697380227
8,"lag2",5.41175373901587
8,"lag3",7.36176649260624
8,"lag4",-0.380984574329114
8,"lag5",0.235158508454069
8,"lag6",-0.77994800499805
8,"lag7",0.733269144048366
8,"lag8",-3.03460793812549
8,"lag9",-1.82185291393741
8,"lag10",1.83360222725526
8,"lag11",2.08547633549488
8,"lag12",0.927718482798672
9,"lag1",5.58959415931015
9,"lag2",3.49919184336629
9,"lag3",2.05106287964681
9,"lag4",-1.63896961958381
9,"lag5",-1.35355939484784
9,"lag6",4.09025132134426
9,"lag7",6.52275565052816
9,"lag8",2.94104285139719
9,"lag9",3.17610095852731
9,"lag10",0.111946219575597
9,"lag11",1.83262022363459
9,"lag12",3.33830849070886
10,"lag1",0.309003929134062
10,"lag2",-6.51983406340997
10,"lag3",-0.73128403381221
10,"lag4",-0.90405946082164
10,"lag5",-4.06123324043035
10,"lag6",-6.14407851214349
10,"lag7",-5.12179025136044
10,"lag8",-7.5718652414292
10,"lag9",-6.19435345288171
10,"lag10",-5.85505074094269
10,"lag11",-2.26978780680885
10,"lag12",-3.93497659998273
11,"lag1",4.74404015901286
11,"lag2",-1.79679723942695
11,"lag3",1.6648082918876
11,"lag4",1.45305160644471
11,"lag5",1.46857319313448
11,"lag6",1.25522519775652
11,"lag7",3.25760229656012
11,"lag8",3.02152525815934
11,"lag9",-0.252776554230531
11,"lag10",-1.5281791890154
11,"lag11",-3.97948987420219
11,"lag12",-0.880175744049165
12,"lag1",3.7097671387335
12,"lag2",1.69551146201331
12,"lag3",4.3145214436407
12,"lag4",1.04346020548
12,"lag5",0.129004439538828
12,"lag6",-1.38154289094612
12,"lag7",-2.51468395582035
12,"lag8",-4.80909664623134
12,"lag9",0.329412698045059
12,"lag10",3.18504065016191
12,"lag11",-0.427119934158208
12,"lag12",-2.88162578776915
13,"lag1",0.34260669545812
13,"lag2",-5.31526002934144
13,"lag3",-2.48257358489119
13,"lag4",-1.32361963678163
13,"lag5",1.83421469977368
13,"lag6",-1.07854565475915
13,"lag7",0.352079538023996
13,"lag8",-4.76892830778323
13,"lag9",-3.88654400651026
13,"lag10",1.06104093234686
13,"lag11",0.85055074319741
13,"lag12",1.72709936127706
14,"lag1",0.7525824729128
14,"lag2",2.56622666066216
14,"lag3",10.8398982425133
14,"lag4",3.5323194936441
14,"lag5",-1.81333859847107
14,"lag6",-3.48945686127921
14,"lag7",0.0759083597165769
14,"lag8",-5.87502854280066
14,"lag9",0.738211888006269
14,"lag10",-1.01023523186827
14,"lag11",-2.21595404236586
14,"lag12",-2.86409357692176
15,"lag1",3.08871183171169
15,"lag2",3.92528809267023
15,"lag3",8.47759093698999
15,"lag4",0.180151979017362
15,"lag5",-0.658131229959792
15,"lag6",-1.04111221107879
15,"lag7",2.0332327992967
15,"lag8",1.60216271942895
15,"lag9",3.05031514736829
15,"lag10",-1.05713612457663
15,"lag11",-1.37808650817151
15,"lag12",-2.638872125172
16,"lag1",0.591254620306137
16,"lag2",1.97705082585195
16,"lag3",5.46417652651841
16,"lag4",0.736214715204657
16,"lag5",-0.0584647002731616
16,"lag6",-1.71202348401013
16,"lag7",0.64280027992108
16,"lag8",-2.99240085661673
16,"lag9",-0.885838739197456
16,"lag10",0.644539043352755
16,"lag11",-0.296373015553663
16,"lag12",2.01865362739493
17,"lag1",0.682678335336801
17,"lag2",3.55016196177903
17,"lag3",6.14257781652064
17,"lag4",7.78164764900394
17,"lag5",5.59692322442713
17,"lag6",3.53025734316539
17,"lag7",1.21845893229646
17,"lag8",9.90354387666302
17,"lag9",6.04656038768831
17,"lag10",2.23677260535515
17,"lag11",2.06300932553528
17,"lag12",0.918801678011116
18,"lag1",-0.402501505134928
18,"lag2",1.87860338713052
18,"lag3",2.90258976569685
18,"lag4",2.76895802232091
18,"lag5",-0.260687284702601
18,"lag6",-1.41001055206891
18,"lag7",-0.700103590964147
18,"lag8",-0.00900632233940057
18,"lag9",-0.236194949080671
18,"lag10",-1.22405829858428
18,"lag11",0.732638015286075
18,"lag12",0.701052132995703
19,"lag1",1.1740632842566
19,"lag2",1.39778043813123
19,"lag3",4.30878771389337
19,"lag4",0.494881872010111
19,"lag5",-0.407806641377964
19,"lag6",0.298446816733222
19,"lag7",0.766476776850885
19,"lag8",1.80408915316661
19,"lag9",2.39780219295718
19,"lag10",-1.76944592090437
19,"lag11",-0.448832102637855
19,"lag12",1.06502515278288
20,"lag1",5.54341951335619
20,"lag2",3.27966649517402
20,"lag3",-1.70979124253299
20,"lag4",2.41636815739015
20,"lag5",1.14105136438282
20,"lag6",1.18913501730824
20,"lag7",1.23105835211465
20,"lag8",3.36781666521363
20,"lag9",-3.90357254712949
20,"lag10",-1.72960995934464
20,"lag11",-1.62007577028205
20,"lag12",5.88545963343103
21,"lag1",-3.12783320369654
21,"lag2",-3.34374290858136
21,"lag3",-0.314834815020406
21,"lag4",0.21022545154577
21,"lag5",1.45366513865757
21,"lag6",-1.05115190272407
21,"lag7",-0.0395992055215839
21,"lag8",1.36913118710236
21,"lag9",3.84087435061096
21,"lag10",-3.90356281827907
21,"lag11",-3.69334225899572
21,"lag12",0.616819260862639
22,"lag1",-0.672528034127022
22,"lag2",1.44298749278664
22,"lag3",1.01949846064183
22,"lag4",-1.1141410373232
22,"lag5",-3.38364031485431
22,"lag6",-0.0646686541166994
22,"lag7",1.42343848802837
22,"lag8",0.465171755937942
22,"lag9",0.508431166386797
22,"lag10",0.565366744497989
22,"lag11",4.59853052710302
22,"lag12",-0.106935814640339
23,"lag1",-0.889255733326334
23,"lag2",-2.36082317741046
23,"lag3",-3.90352388938573
23,"lag4",-0.105104149869868
23,"lag5",1.92675045694867
23,"lag6",2.85161058689652
23,"lag7",7.01576605465056
23,"lag8",0.529671338425479
23,"lag9",0.854336533846751
23,"lag10",1.05382518899997
23,"lag11",-0.46870719481486
23,"lag12",2.06833066198086
24,"lag1",-0.701045261589689
24,"lag2",-2.35411280797663
24,"lag3",0.597632217124307
24,"lag4",-0.6258604220982
24,"lag5",-0.350897091488969
24,"lag6",-2.61254859989068
24,"lag7",-1.87514253150642
24,"lag8",-2.02703990730084
24,"lag9",-1.58813857347639
24,"lag10",-0.669938574586301
24,"lag11",0.000688592837238308
24,"lag12",-1.95399252997916
25,"lag1",6.77408093855851
25,"lag2",4.23925911103838
25,"lag3",3.57179151288837
25,"lag4",0.0330275475665349
25,"lag5",-1.11078373783744
25,"lag6",-3.91261536693596
25,"lag7",-1.01395331274515
25,"lag8",1.57497402195314
25,"lag9",1.16995317301487
25,"lag10",-0.415717652728394
25,"lag11",3.59981673445438
25,"lag12",3.78162384460544
26,"lag1",2.33680728703558
26,"lag2",0.590344341996944
26,"lag3",1.55778164087987
26,"lag4",-1.02637120768942
26,"lag5",-0.729718900521051
26,"lag6",1.10401232922382
26,"lag7",0.553632155629042
26,"lag8",-2.32555663692571
26,"lag9",-2.20350679404294
26,"lag10",1.07878196404066
26,"lag11",0.254567500648933
26,"lag12",1.72532106908801
27,"lag1",3.88207308702921
27,"lag2",0.246908598421496
27,"lag3",3.23684513926452
27,"lag4",-0.308299241349938
27,"lag5",-0.538334796267521
27,"lag6",-1.91528641997343
27,"lag7",-1.83438162585829
27,"lag8",1.33203251225117
27,"lag9",-0.680456938488835
27,"lag10",-3.22639096459163
27,"lag11",-3.51175418492111
27,"lag12",0.726201981022609
28,"lag1",2.70686631416694
28,"lag2",0.20284437745804
28,"lag3",0.590986279607159
28,"lag4",1.43321662938526
28,"lag5",-0.168889298880909
28,"lag6",-1.49039376536728
28,"lag7",-0.0811552888981546
28,"lag8",1.03023935654916
28,"lag9",-1.60837110957138
28,"lag10",-2.28949303251887
28,"lag11",-2.21210521062602
28,"lag12",-3.36282488964412
29,"lag1",-2.03684214570518
29,"lag2",-2.75157822751125
29,"lag3",-0.107829884222658
29,"lag4",-3.25806317163935
29,"lag5",0.987950475072759
29,"lag6",-2.564763925722
29,"lag7",2.35397092341865
29,"lag8",-0.604194203665656
29,"lag9",-1.71516974086171
29,"lag10",-0.415010146950589
29,"lag11",0.557314047761
29,"lag12",-0.443514962386938
30,"lag1",1.40265808569043
30,"lag2",1.33208771357799
30,"lag3",-2.40390147538099
30,"lag4",-1.17272905017029
30,"lag5",-2.90552007380967
30,"lag6",0.0254896789271654
30,"lag7",-1.04760410977441
30,"lag8",-1.86505763442974
30,"lag9",-5.00140572304581
30,"lag10",-4.08910936756213
30,"lag11",-4.24970955014842
30,"lag12",-1.83532573212352
31,"lag1",2.7897122653358
31,"lag2",3.92984830360448
31,"lag3",1.97233296556513
31,"lag4",2.93926733233008
31,"lag5",0.461976122870616
31,"lag6",-0.913586632120742
31,"lag7",1.33080940864617
31,"lag8",2.74581154828268
31,"lag9",1.84131942921412
31,"lag10",1.59850593248917
31,"lag11",2.2588583193682
31,"lag12",0.897559382227037
32,"lag1",1.47279715227786
32,"lag2",1.65540323118044
32,"lag3",4.9369303663281
32,"lag4",-0.220160792517396
32,"lag5",-0.156625091150578
32,"lag6",-0.445344437089935
32,"lag7",2.09373872172149
32,"lag8",-1.56669967528701
32,"lag9",0.422458021000768
32,"lag10",-0.378144295982593
32,"lag11",1.25335393877053
32,"lag12",2.15477836023736
33,"lag1",1.01852127547256
33,"lag2",2.19954927861338
33,"lag3",7.69046163989724
33,"lag4",0.414809691219127
33,"lag5",-0.59687725703863
33,"lag6",1.9457069949167
33,"lag7",-1.27176226019346
33,"lag8",-2.39601915939573
33,"lag9",-1.061606212626
33,"lag10",-0.14287053763495
33,"lag11",-0.285802117575574
33,"lag12",-2.0214107744869
34,"lag1",2.73176479686841
34,"lag2",-0.95391480068077
34,"lag3",0.892120130937428
34,"lag4",-3.62457155350224
34,"lag5",-2.66751312342586
34,"lag6",-2.91071362028863
34,"lag7",-1.14031906744936
34,"lag8",-1.32027628715977
34,"lag9",-0.676547943257732
34,"lag10",1.52819179078525
34,"lag11",-1.15635359162111
34,"lag12",-0.56193690514437
35,"lag1",2.85466915699521
35,"lag2",-0.1534423054022
35,"lag3",-0.86483014794748
35,"lag4",5.0450866443874
35,"lag5",-3.21799864127888
35,"lag6",-0.765747730975575
35,"lag7",0.798749391111814
35,"lag8",-2.22490650797294
35,"lag9",-2.53835830151318
35,"lag10",0.000295203876587217
35,"lag11",2.7289958492721
35,"lag12",1.69807794947423
36,"lag1",0.550903824310897
36,"lag2",-0.935163777404196
36,"lag3",0.883894589174723
36,"lag4",0.850515368926735
36,"lag5",0.362797302918111
36,"lag6",1.70074102487444
36,"lag7",2.58650573691599
36,"lag8",-0.563458379453135
36,"lag9",0.930059228132699
36,"lag10",-0.644961900896809
36,"lag11",-1.81269613247915
36,"lag12",1.05170023815305
37,"lag1",4.42042868152467
37,"lag2",-2.85203140124544
37,"lag3",-0.266131492236969
37,"lag4",2.136618191167
37,"lag5",-3.71195195478223
37,"lag6",-0.231538474442772
37,"lag7",2.94047120010811
37,"lag8",2.47894898918562
37,"lag9",-1.06127292821553
37,"lag10",-2.76814043811978
37,"lag11",-4.21187397342312
37,"lag12",1.65536194468159
38,"lag1",1.81476392759299
38,"lag2",5.16978081672845
38,"lag3",4.00136937994897
38,"lag4",2.79697148806619
38,"lag5",2.72154345723558
38,"lag6",1.09112707433782
38,"lag7",1.96580900704089
38,"lag8",1.12356125455578
38,"lag9",-5.37941583990048
38,"lag10",-2.53417755256469
38,"lag11",3.70966513642073
38,"lag12",6.14968148788189
39,"lag1",1.54757794001747
39,"lag2",-1.09743162178829
39,"lag3",2.76279888364898
39,"lag4",0.694551754743155
39,"lag5",-3.2990278601363
39,"lag6",-0.161383243241292
39,"lag7",-3.14562817145862
39,"lag8",0.236781646106003
39,"lag9",-2.56777406614162
39,"lag10",4.0787601265585
39,"lag11",2.28004746408826
39,"lag12",7.35063450758866
40,"lag1",3.50391056141675
40,"lag2",2.09086924361198
40,"lag3",2.73938586799741
40,"lag4",0.686926457663313
40,"lag5",3.7494295025274
40,"lag6",2.00146820779155
40,"lag7",0.364900722991943
40,"lag8",2.36258574425297
40,"lag9",0.0214675728206435
40,"lag10",3.82756564803846
40,"lag11",4.25857433688165
40,"lag12",4.72119013772473
41,"lag1",-0.934471591231956
41,"lag2",3.82307807472279
41,"lag3",1.17632115761152
41,"lag4",2.467900954736
41,"lag5",-0.807913891694541
41,"lag6",1.41690854301865
41,"lag7",-0.412342577273019
41,"lag8",2.56996190810663
41,"lag9",0.157506917159957
41,"lag10",1.56558188764524
41,"lag11",1.09535348544227
41,"lag12",-0.870919109662714
42,"lag1",1.07713698512777
42,"lag2",-1.76805067450411
42,"lag3",-2.2940854478073
42,"lag4",2.66246396642709
42,"lag5",0.555706506295144
42,"lag6",-0.0259538321338079
42,"lag7",1.07141801866712
42,"lag8",0.527021988430377
42,"lag9",-1.10842126171154
42,"lag10",-2.74820070142325
42,"lag11",-0.578873451317587
42,"lag12",-0.908551188674113
43,"lag1",3.65599362628759
43,"lag2",6.6067617922085
43,"lag3",5.90216960331919
43,"lag4",-0.853543495334874
43,"lag5",-2.43426132892713
43,"lag6",-0.729171159022935
43,"lag7",-1.07533252213121
43,"lag8",3.6882559275974
43,"lag9",1.0033509561284
43,"lag10",2.42560565602149
43,"lag11",2.95087304213789
43,"lag12",2.14914891781701
44,"lag1",-0.608669588402727
44,"lag2",1.70618989483982
44,"lag3",5.32127220645521
44,"lag4",1.56848119961141
44,"lag5",-1.84198848589679
44,"lag6",-1.72318915619678
44,"lag7",0.351607525467232
44,"lag8",-0.593096650875813
44,"lag9",2.17795566200896
44,"lag10",1.91588675194608
44,"lag11",-2.08281040762394
44,"lag12",1.17181668575131
45,"lag1",1.35681281176874
45,"lag2",-0.124310385499335
45,"lag3",-1.13942951529861
45,"lag4",-0.332382529652497
45,"lag5",4.80043294709725
45,"lag6",0.534400768965283
45,"lag7",2.93122416267065
45,"lag8",0.731038914577008
45,"lag9",1.54518233209147
45,"lag10",-5.13521352467164
45,"lag11",-1.73899577398978
45,"lag12",3.50855415823123
46,"lag1",1.48000435538731
46,"lag2",3.1082510936846
46,"lag3",1.06816430379516
46,"lag4",1.3469441550021
46,"lag5",-0.602594045438719
46,"lag6",-1.2947297554422
46,"lag7",-1.68725036693624
46,"lag8",3.52183149767086
46,"lag9",2.19194421577321
46,"lag10",0.905421446006873
46,"lag11",0.533647686478091
46,"lag12",1.26245162078278
47,"lag1",1.31706718877893
47,"lag2",-0.235754575458607
47,"lag3",7.22186400559349
47,"lag4",2.63366457025207
47,"lag5",1.14622174071309
47,"lag6",-1.87492357480306
47,"lag7",-1.30370911691536
47,"lag8",-1.92848820876629
47,"lag9",-3.65909843373348
47,"lag10",-1.42649332138892
47,"lag11",0.756780002727233
47,"lag12",-0.105444927226936
48,"lag1",-0.355930351994359
48,"lag2",0.237269086309328
48,"lag3",-1.47718710366624
48,"lag4",0.58042047239923
48,"lag5",0.982564725404648
48,"lag6",1.60260891062839
48,"lag7",1.27902081512643
48,"lag8",-1.54554802225793
48,"lag9",-0.345822033981079
48,"lag10",-1.02136144057217
48,"lag11",-1.02507896773884
48,"lag12",1.1479898680684
49,"lag1",-0.584599007664623
49,"lag2",-2.46556063509709
49,"lag3",1.81944581729873
49,"lag4",0.363545976686667
49,"lag5",-2.33106993666792
49,"lag6",-1.22801840435744
49,"lag7",-3.63155876150547
49,"lag8",-2.31975804279607
49,"lag9",0.167093870477289
49,"lag10",0.203647488397299
49,"lag11",0.0974027269290036
49,"lag12",0.04627264000672
50,"lag1",1.57680254321979
50,"lag2",4.38684267041402
50,"lag3",-1.78498730127494
50,"lag4",3.12888000564521
50,"lag5",0.787135131031375
50,"lag6",-0.86243544454096
50,"lag7",-2.06309571164655
50,"lag8",-0.737887737079715
50,"lag9",2.7104870552231
50,"lag10",0.961129652439015
50,"lag11",-0.479691279295567
50,"lag12",1.29960488783906
51,"lag1",2.27398332621854
51,"lag2",0.681561480404792
51,"lag3",6.8630744352528
51,"lag4",0.952484141037376
51,"lag5",1.68826571772946
51,"lag6",-0.479798697776464
51,"lag7",0.249233694765429
51,"lag8",2.19568623892445
51,"lag9",0.59122351091193
51,"lag10",8.33583444005956
51,"lag11",1.33699093499517
51,"lag12",2.90284641168476
52,"lag1",-1.59319476857061
52,"lag2",0.668865150129804
52,"lag3",4.04396973849692
52,"lag4",1.35194987781899
52,"lag5",-0.00576583161756414
52,"lag6",6.3521329203268
52,"lag7",2.48298408236519
52,"lag8",-1.83679862115282
52,"lag9",-0.10313663661134
52,"lag10",0.893150416044602
52,"lag11",-2.15463969278825
52,"lag12",5.11786274571615
53,"lag1",1.01867123716259
53,"lag2",-4.01601317512808
53,"lag3",-0.725993979343424
53,"lag4",0.0513756292246328
53,"lag5",-1.19141189121159
53,"lag6",-1.80093430341809
53,"lag7",2.7670000769522
53,"lag8",-0.574091215989127
53,"lag9",-1.71151946236034
53,"lag10",3.33781269460152
53,"lag11",5.1855457572582
53,"lag12",14.3436090666724
54,"lag1",1.40440357060063
54,"lag2",0.873011595356559
54,"lag3",1.43432651756555
54,"lag4",0.0834558988596903
54,"lag5",0.182121040762828
54,"lag6",1.33569173518012
54,"lag7",2.36457163876832
54,"lag8",3.12025017739795
54,"lag9",-1.19374301391354
54,"lag10",-2.01901948579392
54,"lag11",-2.97608883264791
54,"lag12",-0.992861134047845
55,"lag1",4.77938524761283
55,"lag2",-0.265164308158489
55,"lag3",0.876111607998827
55,"lag4",-0.190191727354803
55,"lag5",-1.29926743640444
55,"lag6",-1.04945788361479
55,"lag7",-3.22019608260055
55,"lag8",-2.46189298144788
55,"lag9",1.74866241171048
55,"lag10",0.620704420915601
55,"lag11",-0.238252794640003
55,"lag12",-0.727849440566626
56,"lag1",-3.7972498740107
56,"lag2",-4.25682184099126
56,"lag3",-3.01860386732781
56,"lag4",-0.875663183863763
56,"lag5",0.0611773035734122
56,"lag6",-1.23979201049805
56,"lag7",-0.0789900856601635
56,"lag8",-1.83303285590541
56,"lag9",3.6584739769138
56,"lag10",4.02437909712305
56,"lag11",-2.97317874363651
56,"lag12",-1.84482257778426
57,"lag1",0.967745420795666
57,"lag2",-0.00589343998184964
57,"lag3",-0.268518549737442
57,"lag4",-0.988226159301557
57,"lag5",1.89815158534017
57,"lag6",0.868659933702739
57,"lag7",4.74108649724601
57,"lag8",-0.510147425463981
57,"lag9",2.12346599501226
57,"lag10",-1.61946366864611
57,"lag11",0.720956624727304
57,"lag12",7.6153119247214
58,"lag1",0.716959638896963
58,"lag2",6.43161178006228
58,"lag3",6.58523831656351
58,"lag4",0.286649619654306
58,"lag5",1.39612680331573
58,"lag6",3.12722893202349
58,"lag7",1.42330702932496
58,"lag8",2.19674016760025
58,"lag9",2.60137664008218
58,"lag10",2.30247952899328
58,"lag11",3.04830723634516
58,"lag12",0.144712093131114
59,"lag1",-0.957820609954526
59,"lag2",0.993052903773979
59,"lag3",-2.86946311645255
59,"lag4",1.33383968867433
59,"lag5",-1.87519104724833
59,"lag6",2.13513067958673
59,"lag7",-1.38356276523944
59,"lag8",2.93468125080316
59,"lag9",0.147237076236926
59,"lag10",0.409033191211072
59,"lag11",-2.79056009432573
59,"lag12",0.056948477010605
60,"lag1",6.53403941991647
60,"lag2",10.9678986946543
60,"lag3",7.3397878688069
60,"lag4",2.25127693327183
60,"lag5",4.63683718723912
60,"lag6",-1.19745469588695
60,"lag7",0.353556266933101
60,"lag8",-3.07874780467448
60,"lag9",-1.29903446149706
60,"lag10",2.74797923394702
60,"lag11",-2.3266742570285
60,"lag12",0.416661192070463
61,"lag1",-0.36292764193962
61,"lag2",-4.80686428808152
61,"lag3",-4.60408927109299
61,"lag4",-0.544508468516628
61,"lag5",1.01963863513184
61,"lag6",-0.71862539274612
61,"lag7",-0.16442061934391
61,"lag8",0.708536238558844
61,"lag9",3.09727699843389
61,"lag10",6.14184181668422
61,"lag11",-0.165618106464599
61,"lag12",-0.644439132305914
62,"lag1",-2.41984584251861
62,"lag2",-0.838566331288085
62,"lag3",0.858775949949609
62,"lag4",1.11466574329797
62,"lag5",-2.88188575934855
62,"lag6",-2.42174075752965
62,"lag7",1.05435357388777
62,"lag8",1.57935260740022
62,"lag9",3.76223398986136
62,"lag10",1.68820969366999
62,"lag11",-0.744327512608326
62,"lag12",1.83501748207238
63,"lag1",-0.033968217517777
63,"lag2",-3.67948075344318
63,"lag3",-0.949413999690886
63,"lag4",-2.45177318793556
63,"lag5",-3.04714697392325
63,"lag6",-1.67901936086172
63,"lag7",1.4598112629286
63,"lag8",-0.0267255608306831
63,"lag9",2.2073076131847
63,"lag10",0.222119836241584
63,"lag11",-3.83634390525294
63,"lag12",-0.33071744434499
64,"lag1",0.801518796786142
64,"lag2",0.765156070217708
64,"lag3",10.0250752558038
64,"lag4",1.84243712528983
64,"lag5",1.30345516677021
64,"lag6",-0.488193851420742
64,"lag7",-0.739059590320463
64,"lag8",-0.845370459140497
64,"lag9",-4.43333638286434
64,"lag10",-3.65174857186448
64,"lag11",-1.98757053526529
64,"lag12",-0.00880358649586221
65,"lag1",3.05421685190378
65,"lag2",6.63706482038166
65,"lag3",2.68235101043806
65,"lag4",1.37975589895171
65,"lag5",2.10160365618077
65,"lag6",0.960210470310666
65,"lag7",3.15789371180259
65,"lag8",5.47284369450849
65,"lag9",-0.202528573212605
65,"lag10",-1.25961921775957
65,"lag11",-2.90817342536497
65,"lag12",4.47057655549681
66,"lag1",4.7554206108659
66,"lag2",-0.66518016212612
66,"lag3",-0.403001566321735
66,"lag4",-3.93017103092248
66,"lag5",0.524319050932257
66,"lag6",1.12341613260032
66,"lag7",-0.544567115208869
66,"lag8",-0.26266265955267
66,"lag9",0.254003222300727
66,"lag10",3.51703126840202
66,"lag11",3.06934630281069
66,"lag12",2.05471722378525
67,"lag1",1.21949703047899
67,"lag2",-0.756718585130895
67,"lag3",3.42579224441958
67,"lag4",-0.0868597966327087
67,"lag5",-1.92334662327047
67,"lag6",-1.03641803155243
67,"lag7",1.0281128780036
67,"lag8",0.542856417813316
67,"lag9",-1.43549070158465
67,"lag10",2.45331317265334
67,"lag11",-0.0117936917018674
67,"lag12",-0.283856742110218
68,"lag1",3.76041407713083
68,"lag2",8.44137101692242
68,"lag3",0.504725975418611
68,"lag4",-1.11371488502475
68,"lag5",0.999671652599067
68,"lag6",0.445598605721873
68,"lag7",0.978545812431064
68,"lag8",0.583278256071561
68,"lag9",1.63985122517494
68,"lag10",2.23931590066295
68,"lag11",4.00336489129672
68,"lag12",-0.305588165892628
69,"lag1",6.41946775314976
69,"lag2",5.25399389888756
69,"lag3",2.80624209251506
69,"lag4",0.595098141567386
69,"lag5",0.144485388758461
69,"lag6",-2.62521635431844
69,"lag7",2.9141921380317
69,"lag8",5.20661332748719
69,"lag9",0.992609207453676
69,"lag10",1.95634962116129
69,"lag11",-3.11890115730779
69,"lag12",1.64240870687641
70,"lag1",-1.4102468095122
70,"lag2",0.596018627098486
70,"lag3",1.87164894428177
70,"lag4",0.615166877358599
70,"lag5",0.528272839628595
70,"lag6",-2.7711388051904
70,"lag7",0.879524990094234
70,"lag8",-3.79716626554534
70,"lag9",0.237759636716803
70,"lag10",-0.806055005405411
70,"lag11",0.698107471379835
70,"lag12",1.22277110485083
71,"lag1",2.55281128360155
71,"lag2",0.116981459538168
71,"lag3",1.22129842363569
71,"lag4",1.94901764751766
71,"lag5",1.27619476544131
71,"lag6",-4.3880854041481
71,"lag7",-3.79296337928339
71,"lag8",5.03686433733133
71,"lag9",1.47333544585196
71,"lag10",4.60188023293282
71,"lag11",-0.518689005686867
71,"lag12",-0.853561097741846
72,"lag1",4.43459365702631
72,"lag2",-2.60235266221878
72,"lag3",-5.07293077581878
72,"lag4",-1.888751166719
72,"lag5",-0.970914292278355
72,"lag6",0.75562691103894
72,"lag7",-3.15975114467659
72,"lag8",-2.93033019661283
72,"lag9",-8.45832659256976
72,"lag10",-6.82830837621471
72,"lag11",-0.452288076867153
72,"lag12",3.00624616198623
73,"lag1",-0.0855316458626509
73,"lag2",1.18029601304184
73,"lag3",5.12790309857631
73,"lag4",1.12826630047858
73,"lag5",-1.15988885837003
73,"lag6",-2.92904742713833
73,"lag7",-0.532651379771364
73,"lag8",-1.32433955212402
73,"lag9",-3.05996418614869
73,"lag10",0.678529646712253
73,"lag11",1.09544503281663
73,"lag12",-0.858743965504333
74,"lag1",0.346011643119794
74,"lag2",10.8248004661135
74,"lag3",9.4247728504265
74,"lag4",2.23180474938603
74,"lag5",0.751876827572419
74,"lag6",-1.88770458757979
74,"lag7",0.996261455593588
74,"lag8",0.6744656460273
74,"lag9",1.83320458387231
74,"lag10",0.627385057045446
74,"lag11",-1.23711853504198
74,"lag12",-3.84501053699561
75,"lag1",6.23925407602277
75,"lag2",3.85305135490935
75,"lag3",3.10497634310906
75,"lag4",1.85505409805128
75,"lag5",-3.15743349557747
75,"lag6",-3.50739818805576
75,"lag7",-1.12730729771199
75,"lag8",-0.213415004054006
75,"lag9",-2.01525514683238
75,"lag10",2.57858704659799
75,"lag11",1.71052160299688
75,"lag12",1.99901719687984
76,"lag1",1.32317910007904
76,"lag2",1.6730276580793
76,"lag3",2.91339335391722
76,"lag4",-2.10735338203597
76,"lag5",0.0442615829685967
76,"lag6",-2.01353324741562
76,"lag7",3.67399460229001
76,"lag8",1.39738190510342
76,"lag9",1.59901889608443
76,"lag10",-1.70365039826872
76,"lag11",-1.31232065732935
76,"lag12",0.962366685912909
77,"lag1",1.0967826444088
77,"lag2",3.86303654395956
77,"lag3",2.9749086511077
77,"lag4",0.710349456769386
77,"lag5",-0.608727974145606
77,"lag6",-0.557422730511896
77,"lag7",2.69644321312939
77,"lag8",1.81369127812441
77,"lag9",5.59235776464397
77,"lag10",2.21852185300855
77,"lag11",-2.06167649934875
77,"lag12",0.758915746259356
78,"lag1",1.30916533631033
78,"lag2",11.2774674099755
78,"lag3",5.13578148374057
78,"lag4",2.51789881978605
78,"lag5",3.34935866759251
78,"lag6",0.0565363769618692
78,"lag7",1.72766873244555
78,"lag8",2.68603388190946
78,"lag9",-4.66055031925656
78,"lag10",-1.24733443360656
78,"lag11",2.96704229018564
78,"lag12",1.9643603290415
79,"lag1",-1.15253118038718
79,"lag2",-1.28742309254894
79,"lag3",3.91989056455879
79,"lag4",3.22129044724458
79,"lag5",2.31658619779144
79,"lag6",0.41765990141146
79,"lag7",-0.398142596030802
79,"lag8",-2.64094128680965
79,"lag9",-4.59224496986807
79,"lag10",-3.85646867542347
79,"lag11",-3.78412059451565
79,"lag12",-2.66155055513729
80,"lag1",1.05072824651742
80,"lag2",1.31493285794919
80,"lag3",9.29718585249594
80,"lag4",4.1994313975783
80,"lag5",-1.331628716316
80,"lag6",1.17507118936868
80,"lag7",5.75142896345393
80,"lag8",5.15955598330892
80,"lag9",-2.02972267438688
80,"lag10",-1.06705976395572
80,"lag11",-1.78505477834397
80,"lag12",-1.07821550064326
81,"lag1",2.21296861020646
81,"lag2",-0.196721678721546
81,"lag3",1.13037951350578
81,"lag4",0.454634636099402
81,"lag5",-0.383482260908766
81,"lag6",0.977048560311637
81,"lag7",0.384432807700264
81,"lag8",-0.831501465563491
81,"lag9",-1.45433041603354
81,"lag10",-1.67592254527137
81,"lag11",-3.0544258704589
81,"lag12",-0.947471041324174
82,"lag1",1.42649040975542
82,"lag2",4.44908783122605
82,"lag3",9.17646387934795
82,"lag4",2.12774972849605
82,"lag5",0.254283317894004
82,"lag6",-0.439515076137754
82,"lag7",-1.39810375777141
82,"lag8",-1.09895097106671
82,"lag9",-5.33402329425529
82,"lag10",-2.67939078764213
82,"lag11",-2.60915873625002
82,"lag12",-0.712089029190472
83,"lag1",5.27568285807963
83,"lag2",4.92397907372408
83,"lag3",1.86185895174056
83,"lag4",-2.36997678823081
83,"lag5",-1.9706180746898
83,"lag6",1.98822330533822
83,"lag7",4.2228899049614
83,"lag8",2.93866395999029
83,"lag9",2.94845640139158
83,"lag10",-0.979457861042789
83,"lag11",-1.29700960068083
83,"lag12",-0.997059837319906
84,"lag1",0.548904953969637
84,"lag2",1.45169697256954
84,"lag3",1.39085579699231
84,"lag4",-2.43550087945631
84,"lag5",2.06789818982989
84,"lag6",3.13622433546575
84,"lag7",5.4022009515325
84,"lag8",10.6706146974451
84,"lag9",6.9965271808663
84,"lag10",-1.89771197480569
84,"lag11",3.00026174727167
84,"lag12",-0.924475952126186
85,"lag1",1.02531928768753
85,"lag2",3.14119917368861
85,"lag3",-0.164258239043317
85,"lag4",0.723717284520554
85,"lag5",-0.709686371920201
85,"lag6",-2.00492627299422
85,"lag7",4.29464213626091
85,"lag8",2.94871074248961
85,"lag9",4.54766048407476
85,"lag10",1.78892777472112
85,"lag11",2.51972567924316
85,"lag12",1.31004446295725
86,"lag1",2.81223580904613
86,"lag2",3.35028437887595
86,"lag3",4.1157950557298
86,"lag4",2.23637186591932
86,"lag5",3.66994078374035
86,"lag6",1.15960816614285
86,"lag7",0.188414862863328
86,"lag8",1.3233551359547
86,"lag9",1.82409905178872
86,"lag10",1.50310319934502
86,"lag11",3.07972647359223
86,"lag12",1.85614425909475
87,"lag1",1.29062507296792
87,"lag2",5.85969785141569
87,"lag3",2.1364538343142
87,"lag4",0.303109727780188
87,"lag5",1.16493956918414
87,"lag6",1.94381923751673
87,"lag7",2.2276694011226
87,"lag8",3.65338371586473
87,"lag9",4.54769960453605
87,"lag10",3.18870839719143
87,"lag11",2.43999329774133
87,"lag12",0.373489273567411
88,"lag1",-1.77952180358679
88,"lag2",-5.87546434957159
88,"lag3",4.45632602904274
88,"lag4",-0.11822880257918
88,"lag5",-2.48726638432293
88,"lag6",-1.48628326400659
88,"lag7",-3.06689525503418
88,"lag8",-3.62693427345585
88,"lag9",-3.63913862577843
88,"lag10",1.50790234632001
88,"lag11",0.667306384739613
88,"lag12",-2.44141917100163
89,"lag1",6.28971858518429
89,"lag2",4.81051443704741
89,"lag3",1.63161635996749
89,"lag4",2.01557784329015
89,"lag5",-0.0205932483314712
89,"lag6",1.25882055387692
89,"lag7",2.25645353155957
89,"lag8",1.4803758474743
89,"lag9",-0.47743746891642
89,"lag10",3.22540850044085
89,"lag11",-2.02343105099754
89,"lag12",1.52040225303916
90,"lag1",2.77124035756511
90,"lag2",3.57978522971881
90,"lag3",1.63866300513207
90,"lag4",1.2066021184977
90,"lag5",-0.435534011480936
90,"lag6",0.145454342194708
90,"lag7",3.07353978318352
90,"lag8",0.301684232451125
90,"lag9",-1.18890886783849
90,"lag10",2.66261220257537
90,"lag11",4.36103498183016
90,"lag12",8.14327898274374
91,"lag1",5.66723423435769
91,"lag2",-1.30825534122573
91,"lag3",-1.79954178484869
91,"lag4",-0.277345862034807
91,"lag5",2.33485632526637
91,"lag6",2.80453605242959
91,"lag7",1.0027207474158
91,"lag8",0.534565663141137
91,"lag9",-0.390671386910167
91,"lag10",-5.15238998757974
91,"lag11",-3.02371156477371
91,"lag12",-1.22850061271795
92,"lag1",2.43304615231955
92,"lag2",0.962684737079897
92,"lag3",2.08094964850686
92,"lag4",-4.20391415681151
92,"lag5",-1.54079615260999
92,"lag6",-0.819229822913955
92,"lag7",-1.32117959880461
92,"lag8",-3.90461996621545
92,"lag9",-3.28141598964808
92,"lag10",-1.08330764415657
92,"lag11",-1.16729625187273
92,"lag12",0.301417681288634
93,"lag1",2.90205586681318
93,"lag2",0.168613791340886
93,"lag3",0.88693800289176
93,"lag4",0.0484047579578548
93,"lag5",-0.681405883938567
93,"lag6",-1.5386783289035
93,"lag7",-1.01503132169674
93,"lag8",-2.04658691337766
93,"lag9",-2.38889712846284
93,"lag10",4.02637917889809
93,"lag11",3.6640791128773
93,"lag12",11.7496140870874
94,"lag1",0.196468096730038
94,"lag2",-1.54887769857061
94,"lag3",4.70631221042687
94,"lag4",-1.26525543711676
94,"lag5",-1.68735053616639
94,"lag6",-0.698231758497495
94,"lag7",-2.27323002929821
94,"lag8",-3.89928860460468
94,"lag9",-5.70814397651759
94,"lag10",-6.33946209322033
94,"lag11",-3.21597608792819
94,"lag12",-1.11796386657277
95,"lag1",2.00046766216007
95,"lag2",0.805714178635955
95,"lag3",0.909519681434387
95,"lag4",-1.54021066933221
95,"lag5",1.02515288834314
95,"lag6",0.531859578968851
95,"lag7",1.66692183717924
95,"lag8",3.33845939903998
95,"lag9",2.78382297740545
95,"lag10",-0.0316921188234771
95,"lag11",0.587896326578172
95,"lag12",1.06642469145125
96,"lag1",0.934774920568444
96,"lag2",6.47105595959336
96,"lag3",11.709937426687
96,"lag4",0.0475760232978295
96,"lag5",3.36700829813786
96,"lag6",-2.00360823702984
96,"lag7",-0.528054432987977
96,"lag8",-1.3292799527083
96,"lag9",-1.17961569387473
96,"lag10",0.403950688824584
96,"lag11",-1.06701740650361
96,"lag12",-3.46179543692105
97,"lag1",2.38980636996079
97,"lag2",-1.07866253890093
97,"lag3",-3.35391893856162
97,"lag4",-4.19895056463781
97,"lag5",-0.0156265997075224
97,"lag6",-1.1408872733054
97,"lag7",-1.37225999795015
97,"lag8",-5.08041036046187
97,"lag9",-2.71424629141906
97,"lag10",2.67434822072454
97,"lag11",0.158838853730778
97,"lag12",-0.865953748027264
98,"lag1",0.0696447357788134
98,"lag2",0.562693750218648
98,"lag3",1.09606386944449
98,"lag4",-2.10171887889259
98,"lag5",-0.995879290838534
98,"lag6",2.48939406653104
98,"lag7",0.548982765557971
98,"lag8",1.68256604975574
98,"lag9",0.00500428735910228
98,"lag10",-2.03406425592777
98,"lag11",-2.01729458500539
98,"lag12",1.89811069489729
99,"lag1",2.29178693661936
99,"lag2",7.54708235296957
99,"lag3",6.58255404239341
99,"lag4",2.75596925082563
99,"lag5",-2.14793565913382
99,"lag6",-1.53393389469958
99,"lag7",0.90313689167312
99,"lag8",0.846062666721766
99,"lag9",-0.206372545261024
99,"lag10",6.83437204747844
99,"lag11",1.49394478940201
99,"lag12",2.26349528673075
100,"lag1",1.81296500758056
100,"lag2",-1.03050255245837
100,"lag3",2.05487265939386
100,"lag4",-0.00225938236139236
100,"lag5",-0.274560646633717
100,"lag6",1.86806779365687
100,"lag7",1.46002542041153
100,"lag8",0.639552577913749
100,"lag9",3.41177572527241
100,"lag10",-0.0526881819290607
100,"lag11",-1.3069638277931
100,"lag12",-1.71499465287437
101,"lag1",0.251655319984044
101,"lag2",1.6232720341938
101,"lag3",5.45527252866003
101,"lag4",0.17808980104428
101,"lag5",-1.55294423716655
101,"lag6",-2.25338975101721
101,"lag7",-1.035624940625
101,"lag8",-0.815848663471542
101,"lag9",-1.28555331501494
101,"lag10",-2.42138137055582
101,"lag11",-3.02536292673067
101,"lag12",-2.25209640335915
102,"lag1",1.71468798196061
102,"lag2",-1.33552955576358
102,"lag3",6.11071860731725
102,"lag4",2.34364203230936
102,"lag5",0.198174577935974
102,"lag6",0.6257900867655
102,"lag7",1.53427413548914
102,"lag8",1.44766223345621
102,"lag9",2.02094871164489
102,"lag10",1.70058972038675
102,"lag11",-1.2782558852178
102,"lag12",0.310568663375743
103,"lag1",-0.614396183454269
103,"lag2",-1.30376507368622
103,"lag3",-0.0671163389716818
103,"lag4",-1.30378859706996
103,"lag5",-0.257367255722868
103,"lag6",-1.80062458935381
103,"lag7",-3.48568640390575
103,"lag8",-0.021568163075766
103,"lag9",-1.9175713932603
103,"lag10",1.13718438105862
103,"lag11",-1.52685614831918
103,"lag12",-2.98169613199002
104,"lag1",1.59238022483077
104,"lag2",1.00696240754355
104,"lag3",1.78160116410318
104,"lag4",1.38568389196778
104,"lag5",-0.568840314111616
104,"lag6",1.80979392971647
104,"lag7",-2.53744762165007
104,"lag8",-0.210744854437992
104,"lag9",-3.26928012235779
104,"lag10",-0.622861456537342
104,"lag11",-1.70095231889557
104,"lag12",0.653872091547177
105,"lag1",5.12523287313254
105,"lag2",4.93821308371704
105,"lag3",5.63980007584143
105,"lag4",0.916906341736712
105,"lag5",4.09705623909083
105,"lag6",1.76840087685831
105,"lag7",1.85433235462544
105,"lag8",-0.223555548228893
105,"lag9",-1.1897109943852
105,"lag10",-0.393787894905887
105,"lag11",4.32960037215618
105,"lag12",-0.0883071758558915
106,"lag1",8.64169485281975
106,"lag2",6.19963476816199
106,"lag3",5.41716658144743
106,"lag4",4.66093474173112
106,"lag5",-4.11836940468057
106,"lag6",-0.525575913678982
106,"lag7",0.507305099019154
106,"lag8",1.97550518808418
106,"lag9",6.25269590973359
106,"lag10",5.23646907774593
106,"lag11",5.48005542333553
106,"lag12",1.3338293157894
107,"lag1",4.47853411234459
107,"lag2",-0.48855305789865
107,"lag3",0.408215334129861
107,"lag4",1.38946027752587
107,"lag5",-2.81113975472291
107,"lag6",0.547547872026347
107,"lag7",0.208222703999936
107,"lag8",-1.59264610983669
107,"lag9",-3.66489079293917
107,"lag10",1.40591309242433
107,"lag11",1.76037564106808
107,"lag12",6.9631382175001
108,"lag1",1.68522255426856
108,"lag2",0.691485445825632
108,"lag3",7.30405819546707
108,"lag4",1.91927295186281
108,"lag5",1.55108912242824
108,"lag6",1.30317940947755
108,"lag7",2.43726273720192
108,"lag8",-0.365315426185421
108,"lag9",0.679159054862602
108,"lag10",-1.24782149215406
108,"lag11",0.175180389214761
108,"lag12",0.200756802650299
109,"lag1",5.60143331793141
109,"lag2",7.17708071616505
109,"lag3",3.89042901087936
109,"lag4",-1.67221570628321
109,"lag5",1.36255717176303
109,"lag6",0.841034376879328
109,"lag7",1.69793733523165
109,"lag8",-0.713434207341478
109,"lag9",0.201824584984176
109,"lag10",-4.08427810375819
109,"lag11",-1.81361667604709
109,"lag12",1.10606164745144
110,"lag1",-0.826208875054963
110,"lag2",3.2971367159626
110,"lag3",3.48913630241644
110,"lag4",-2.28148023594279
110,"lag5",-3.59063334356289
110,"lag6",-4.03659884909286
110,"lag7",-4.55327601994176
110,"lag8",-1.29958481082676
110,"lag9",0.283450847163135
110,"lag10",-0.580931544659513
110,"lag11",-5.32963484358994
110,"lag12",0.475040455657968
111,"lag1",-1.97602293979517
111,"lag2",-1.37342305966103
111,"lag3",3.36081090496029
111,"lag4",0.50454818892394
111,"lag5",0.416315387071896
111,"lag6",-3.01281880458719
111,"lag7",-3.14138118268439
111,"lag8",-0.605375897550768
111,"lag9",4.82936519979056
111,"lag10",0.454362447069981
111,"lag11",2.72440792994541
111,"lag12",1.62261203029895
112,"lag1",0.414669286115461
112,"lag2",0.712610850624326
112,"lag3",2.50003496253652
112,"lag4",1.91971143431362
112,"lag5",0.520611473212112
112,"lag6",0.350020073005212
112,"lag7",-0.947278601596781
112,"lag8",-0.352912933975807
112,"lag9",-0.286985796694683
112,"lag10",2.43241157875719
112,"lag11",-0.396701268146704
112,"lag12",2.08147312784159
113,"lag1",2.00343841411604
113,"lag2",-2.01510389284049
113,"lag3",-0.835692719059978
113,"lag4",-1.59068701280733
113,"lag5",3.42080561542369
113,"lag6",2.03418327990481
113,"lag7",5.06267779758015
113,"lag8",-0.652823561356162
113,"lag9",0.889539237984858
113,"lag10",0.900525484878778
113,"lag11",5.17757196013714
113,"lag12",-0.450204430818111
114,"lag1",-3.47974614019747
114,"lag2",-2.29671597616236
114,"lag3",-4.37879319132938
114,"lag4",-2.64045971380968
114,"lag5",4.31545582821327
114,"lag6",1.56247345574109
114,"lag7",0.700328672807174
114,"lag8",2.37009265368771
114,"lag9",-0.583893539839261
114,"lag10",-1.84397327596658
114,"lag11",2.56220905574172
114,"lag12",-0.650418163705976
115,"lag1",1.1549264557136
115,"lag2",1.97908449346561
115,"lag3",-1.03682412304313
115,"lag4",-0.882298322326639
115,"lag5",-0.44109742666726
115,"lag6",0.0108845225266437
115,"lag7",2.67127229610213
115,"lag8",0.475883314783744
115,"lag9",5.97747270578955
115,"lag10",1.25267820113235
115,"lag11",0.865691498274508
115,"lag12",2.2663891037522
116,"lag1",2.7249252107055
116,"lag2",1.8702091802784
116,"lag3",2.85411848028005
116,"lag4",-0.793248625644904
116,"lag5",-0.100350625393822
116,"lag6",0.062569502046266
116,"lag7",2.79794242063628
116,"lag8",-2.60421725959354
116,"lag9",-2.42761509777039
116,"lag10",-3.88924152081252
116,"lag11",-0.329319426837705
116,"lag12",-0.679332045525128
117,"lag1",-0.0646362877775862
117,"lag2",0.652243860358844
117,"lag3",1.66259642694655
117,"lag4",1.80653691978776
117,"lag5",1.94063185103907
117,"lag6",-2.26107613905492
117,"lag7",-1.06873744171514
117,"lag8",-1.3174272007669
117,"lag9",-5.28434160346554
117,"lag10",2.50099485428652
117,"lag11",1.59792419813735
117,"lag12",0.583797167971267
118,"lag1",-0.925210553544263
118,"lag2",-1.08123426709137
118,"lag3",-1.67327545776892
118,"lag4",-3.83379492817854
118,"lag5",1.16071707557504
118,"lag6",1.28023779347414
118,"lag7",3.4135802896649
118,"lag8",1.62259842705733
118,"lag9",-0.69142574439748
118,"lag10",0.1670230739209
118,"lag11",-2.84518134635077
118,"lag12",-0.117940648750213
119,"lag1",0.584494802982584
119,"lag2",1.42479905192595
119,"lag3",-0.109616075369017
119,"lag4",-1.17938050811339
119,"lag5",-0.981794888509568
119,"lag6",1.06038598605688
119,"lag7",-0.608313288901407
119,"lag8",3.14339186411514
119,"lag9",3.4058019356816
119,"lag10",-0.41725931665888
119,"lag11",0.134144492313543
119,"lag12",-0.0885578855374223
120,"lag1",1.02181798469516
120,"lag2",0.823119714998359
120,"lag3",-1.23157865763007
120,"lag4",1.69232381381042
120,"lag5",2.15783256960205
120,"lag6",6.63074267432728
120,"lag7",4.22098108679066
120,"lag8",-0.812200270873218
120,"lag9",-1.28536786646228
120,"lag10",-3.00576994233225
120,"lag11",-1.61758338986902
120,"lag12",3.01048996276364
121,"lag1",2.2136789665884
121,"lag2",-1.77078167050194
121,"lag3",0.937243883153357
121,"lag4",2.05726205465848
121,"lag5",-1.17524875287145
121,"lag6",0.824100007532486
121,"lag7",-4.2766671802443
121,"lag8",1.32599623048377
121,"lag9",2.74546184677152
121,"lag10",2.52935637347326
121,"lag11",0.00270413881207388
121,"lag12",2.03578960472423
122,"lag1",5.97456457441511
122,"lag2",10.5344924765736
122,"lag3",6.64858699979052
122,"lag4",2.88332122716479
122,"lag5",1.50055531076151
122,"lag6",0.213518100378272
122,"lag7",1.59743064847539
122,"lag8",3.72842741783589
122,"lag9",1.99218392715258
122,"lag10",3.55846805859844
122,"lag11",1.95414677168083
122,"lag12",-0.584776932133436
123,"lag1",-0.511486619619865
123,"lag2",-3.0001069544126
123,"lag3",-1.18165762506754
123,"lag4",-3.47832092878152
123,"lag5",-2.10372529643599
123,"lag6",-3.27763608211192
123,"lag7",-1.87029451403226
123,"lag8",-1.06108583316468
123,"lag9",-0.784821396720787
123,"lag10",-1.70848528063015
123,"lag11",-2.2611932824034
123,"lag12",-1.98774147913589
124,"lag1",0.865003973130927
124,"lag2",4.8958196280258
124,"lag3",4.722375712308
124,"lag4",2.70799872763547
124,"lag5",2.93628265214975
124,"lag6",1.67970962049251
124,"lag7",5.03425416034505
124,"lag8",4.30214312181841
124,"lag9",1.39170148842184
124,"lag10",2.27996305359117
124,"lag11",0.651575408212953
124,"lag12",1.60167252366936
125,"lag1",6.08495328184237
125,"lag2",-2.17316498486847
125,"lag3",1.92214017517474
125,"lag4",6.26832311844128
125,"lag5",-1.52625827119732
125,"lag6",-0.365034491029555
125,"lag7",2.84271529954474
125,"lag8",-0.710633356975723
125,"lag9",-1.1346313412572
125,"lag10",1.93244688423415
125,"lag11",-0.816666304803054
125,"lag12",0.778063783061141
126,"lag1",-0.613451070720292
126,"lag2",1.21394211720035
126,"lag3",0.643173923144418
126,"lag4",-2.54483511009863
126,"lag5",-0.342261389742462
126,"lag6",-1.42694005438937
126,"lag7",-0.121498446150395
126,"lag8",-0.714180847091468
126,"lag9",-0.536512370126624
126,"lag10",2.35796604623417
126,"lag11",0.264080275053071
126,"lag12",-1.34088283343351
127,"lag1",1.1130822541161
127,"lag2",0.111134083343127
127,"lag3",-0.912532858777919
127,"lag4",4.98983601521115
127,"lag5",2.68026953211983
127,"lag6",-0.0215895988060242
127,"lag7",2.89918196239763
127,"lag8",4.64316848337071
127,"lag9",1.32691991586503
127,"lag10",3.3728315767414
127,"lag11",3.2288624154077
127,"lag12",11.5267988230546
128,"lag1",-0.0346623026268395
128,"lag2",2.13082669770248
128,"lag3",-1.5262478776095
128,"lag4",0.499756925444575
128,"lag5",-1.81367206485902
128,"lag6",-0.655730246736006
128,"lag7",-0.595771993690746
128,"lag8",-0.427958896893364
128,"lag9",-5.40460832460331
128,"lag10",3.41206543045896
128,"lag11",2.33747176669163
128,"lag12",5.46386600816139
129,"lag1",6.04254346844509
129,"lag2",3.24927697322047
129,"lag3",-1.29134546618479
129,"lag4",5.31001174749854
129,"lag5",2.66131709290615
129,"lag6",2.94475608567017
129,"lag7",2.18843564987895
129,"lag8",0.85169812497254
129,"lag9",-1.67193166295571
129,"lag10",-1.10444204163872
129,"lag11",-1.49264997380016
129,"lag12",6.90217978234076
130,"lag1",-0.860446261751388
130,"lag2",2.09293674713706
130,"lag3",0.361648563753933
130,"lag4",1.50504477219584
130,"lag5",-2.3551642996681
130,"lag6",1.81910875584843
130,"lag7",0.85981695032394
130,"lag8",-0.593680260016472
130,"lag9",3.79553346359436
130,"lag10",-0.133032002765255
130,"lag11",-2.71113662499991
130,"lag12",-1.6649582463465
131,"lag1",2.89818259383132
131,"lag2",-1.6226696743294
131,"lag3",4.54615303519117
131,"lag4",4.04083127127428
131,"lag5",-0.525977168147552
131,"lag6",5.45607112862362
131,"lag7",2.82926157576477
131,"lag8",-0.783558849417232
131,"lag9",-2.99385021084546
131,"lag10",3.56669731095981
131,"lag11",3.48851084295535
131,"lag12",12.8919252783629
132,"lag1",3.0829078562687
132,"lag2",-2.88189806000056
132,"lag3",-0.0262254184550671
132,"lag4",-7.95008406498923
132,"lag5",-2.08255241476404
132,"lag6",1.22247665374965
132,"lag7",-1.88040441800308
132,"lag8",3.30889924463268
132,"lag9",4.99614459455045
132,"lag10",8.86411525807621
132,"lag11",-2.21840041221737
132,"lag12",0.749327578280596
133,"lag1",6.60471886826025
133,"lag2",10.3281116790355
133,"lag3",13.2818416759358
133,"lag4",2.59297680117353
133,"lag5",2.81790848653318
133,"lag6",-0.681658017140318
133,"lag7",2.67117692026421
133,"lag8",3.88554835818772
133,"lag9",3.4236586140023
133,"lag10",3.70201881906074
133,"lag11",3.47444480247819
133,"lag12",-1.64936219670912
134,"lag1",2.26299155868526
134,"lag2",2.30115459153137
134,"lag3",5.43694106117107
134,"lag4",-2.12862945378347
134,"lag5",-0.074687632361231
134,"lag6",4.7225820444256
134,"lag7",2.2867399298809
134,"lag8",0.303915927995165
134,"lag9",-0.630179363099667
134,"lag10",1.74126044515699
134,"lag11",2.60728653011182
134,"lag12",5.04517494695881
135,"lag1",4.50004133557458
135,"lag2",3.63486314342096
135,"lag3",3.99120822329603
135,"lag4",0.214311310767261
135,"lag5",3.4162247738643
135,"lag6",0.475122890327609
135,"lag7",0.179649454207611
135,"lag8",9.19375215341481
135,"lag9",6.33634378722015
135,"lag10",0.0527791067779398
135,"lag11",3.1015434617957
135,"lag12",2.25358249017048
136,"lag1",1.5876629381474
136,"lag2",1.33402672022519
136,"lag3",1.14340438709617
136,"lag4",4.8112204673319
136,"lag5",0.0719559995477049
136,"lag6",-3.21398604312035
136,"lag7",-1.93999104238373
136,"lag8",-0.614293001592155
136,"lag9",-3.97956171422149
136,"lag10",2.4500600674952
136,"lag11",-0.00211432380467286
136,"lag12",-0.498090645952965
137,"lag1",6.56121838429402
137,"lag2",5.37399108361394
137,"lag3",2.69026516201604
137,"lag4",1.48537386888065
137,"lag5",4.14314668969606
137,"lag6",-1.65216941990751
137,"lag7",0.0790596789911022
137,"lag8",2.87068831056503
137,"lag9",0.113654631234763
137,"lag10",0.40161324985154
137,"lag11",-0.514519364436598
137,"lag12",2.20942882337839
138,"lag1",-2.26698938798766
138,"lag2",1.63874979395511
138,"lag3",-1.14400445647327
138,"lag4",-0.71566786305007
138,"lag5",-3.64650584710324
138,"lag6",0.0141870576645943
138,"lag7",2.22304448684316
138,"lag8",3.72860508271877
138,"lag9",5.67889649932691
138,"lag10",1.11615607192231
138,"lag11",-2.39057587958575
138,"lag12",-2.41532489616646
139,"lag1",3.59922334089775
139,"lag2",4.09397778847653
139,"lag3",2.07534028613732
139,"lag4",-3.20664944177749
139,"lag5",-0.856847646272891
139,"lag6",-0.848089620865313
139,"lag7",0.319559732966703
139,"lag8",0.451361059870668
139,"lag9",-3.96800740285519
139,"lag10",-6.37849103070169
139,"lag11",-0.905786571249421
139,"lag12",-1.41625430421854
140,"lag1",-2.32174318573269
140,"lag2",-6.52119761275081
140,"lag3",-4.43494498441602
140,"lag4",-2.1471712643112
140,"lag5",-6.05355917906806
140,"lag6",-5.5100865649963
140,"lag7",-6.39152906710628
140,"lag8",-3.68399418383346
140,"lag9",-6.00535538260946
140,"lag10",1.21175563241474
140,"lag11",-6.01005361689884
140,"lag12",0.968320380065836
141,"lag1",0.0701210119491534
141,"lag2",1.30853957397839
141,"lag3",2.80885893878687
141,"lag4",-1.93015811712839
141,"lag5",0.676043845344381
141,"lag6",0.981284579486725
141,"lag7",-4.19719466496782
141,"lag8",-2.06578066991682
141,"lag9",-6.66399719823983
141,"lag10",1.61718186947454
141,"lag11",-2.25895055991273
141,"lag12",-5.39400784410399
142,"lag1",5.2302410425105
142,"lag2",1.67750744548911
142,"lag3",-0.788354913959945
142,"lag4",-0.281739972034205
142,"lag5",2.41125429428526
142,"lag6",1.70109839010118
142,"lag7",1.65046051473429
142,"lag8",2.69175172240174
142,"lag9",2.84939255362672
142,"lag10",-0.0536274995638825
142,"lag11",2.57734416763427
142,"lag12",5.43656853691058
143,"lag1",-2.96315109622279
143,"lag2",-0.642949314422305
143,"lag3",4.43470649658779
143,"lag4",0.413199601249433
143,"lag5",-0.99895855924651
143,"lag6",-1.75706296301376
143,"lag7",-2.79917653514305
143,"lag8",-0.413468100445938
143,"lag9",5.29573585689704
143,"lag10",4.71423117546435
143,"lag11",0.610366675312076
143,"lag12",1.42174062873541
144,"lag1",-2.67215000001886
144,"lag2",1.08299880904662
144,"lag3",1.78493934842902
144,"lag4",-3.22845047868547
144,"lag5",-2.79956735004432
144,"lag6",-4.30190747308981
144,"lag7",-2.93979114221023
144,"lag8",-0.182611504697251
144,"lag9",-5.12770000345411
144,"lag10",0.61523310843258
144,"lag11",0.475986465810987
144,"lag12",-2.98592839618865
145,"lag1",-0.60721022828651
145,"lag2",-1.63513908389374
145,"lag3",-2.1610846514486
145,"lag4",1.58136528383753
145,"lag5",4.60778470699467
145,"lag6",-2.0593815877856
145,"lag7",1.63643319550719
145,"lag8",0.164195581943727
145,"lag9",-1.52281866489395
145,"lag10",0.0341731485602499
145,"lag11",-0.736399303866223
145,"lag12",0.629214978768853
146,"lag1",-5.3651243827785
146,"lag2",-0.709478959101287
146,"lag3",-1.32940622441472
146,"lag4",-1.06484424022315
146,"lag5",-3.26480662754691
146,"lag6",-3.21923574077891
146,"lag7",-2.49937346604227
146,"lag8",-1.07080916919094
146,"lag9",-1.03226202381433
146,"lag10",-0.350227547472873
146,"lag11",1.09351272406711
146,"lag12",-0.128003833383141
147,"lag1",3.28465757016966
147,"lag2",2.53664380346726
147,"lag3",3.40074294202393
147,"lag4",1.25880786069377
147,"lag5",-1.11135980445341
147,"lag6",0.0602981176204451
147,"lag7",-0.194126343220282
147,"lag8",5.60845222364374
147,"lag9",2.31716246805464
147,"lag10",-2.19761473210403
147,"lag11",0.794438768572993
147,"lag12",4.89614180497204
148,"lag1",6.57931490957763
148,"lag2",4.56664902720435
148,"lag3",10.6377221764739
148,"lag4",3.5316583213965
148,"lag5",-0.0843840194574305
148,"lag6",2.58169200339263
148,"lag7",-0.812233498602982
148,"lag8",-1.00890859364792
148,"lag9",-0.644890446706813
148,"lag10",1.24473327014304
148,"lag11",-0.205614755816982
148,"lag12",-0.845201155137546
149,"lag1",3.517280878407
149,"lag2",4.45694915557616
149,"lag3",0.873187266316584
149,"lag4",0.543187063761503
149,"lag5",0.236306589713759
149,"lag6",-1.75037328356162
149,"lag7",2.82227456643086
149,"lag8",0.65736312602817
149,"lag9",-2.72244217801485
149,"lag10",-2.10678013221149
149,"lag11",-4.91635800977209
149,"lag12",1.73985334611821
150,"lag1",5.84398750697542
150,"lag2",3.53130244198527
150,"lag3",5.80196965343552
150,"lag4",4.0800679710263
150,"lag5",2.29100261556633
150,"lag6",-1.65399080064173
150,"lag7",-1.04053041624049
150,"lag8",4.82719585343459
150,"lag9",2.26862628413718
150,"lag10",4.36744110094569
150,"lag11",-0.211615900858841
150,"lag12",2.22595572237902
151,"lag1",5.69380012099151
151,"lag2",3.75305352944013
151,"lag3",2.21710762702229
151,"lag4",3.95967462344172
151,"lag5",0.156347127357277
151,"lag6",0.709142395188494
151,"lag7",5.17392342448551
151,"lag8",2.22937834197509
151,"lag9",2.0322769414029
151,"lag10",1.36264528309586
151,"lag11",-0.335979023482559
151,"lag12",7.98550557596445
152,"lag1",-2.51543682795811
152,"lag2",-6.03517344591355
152,"lag3",-4.70355958506296
152,"lag4",-4.59734360167322
152,"lag5",-1.7790161938561
152,"lag6",-0.189256214556317
152,"lag7",1.98000485303045
152,"lag8",-0.631038263440651
152,"lag9",1.82315645241017
152,"lag10",-1.3399712215166
152,"lag11",-0.132977462810028
152,"lag12",-0.777620958360575
153,"lag1",-0.307313439045084
153,"lag2",-2.85027545586473
153,"lag3",-1.46317096522182
153,"lag4",-2.25125377033861
153,"lag5",-1.08593175833574
153,"lag6",0.335450230386899
153,"lag7",-0.135836678650809
153,"lag8",3.13614147937437
153,"lag9",1.62591889360904
153,"lag10",-0.358642991637433
153,"lag11",-2.82123380143943
153,"lag12",-2.00620917094738
154,"lag1",0.668348046529065
154,"lag2",4.43972407518898
154,"lag3",1.44603001280748
154,"lag4",3.03746867160461
154,"lag5",0.857077168230311
154,"lag6",0.994930291510095
154,"lag7",5.09310322185978
154,"lag8",2.42725000529588
154,"lag9",1.4971844692371
154,"lag10",-2.20200164442737
154,"lag11",2.01454002927155
154,"lag12",5.98287734911748
155,"lag1",-0.0411702393502686
155,"lag2",-0.25373737331266
155,"lag3",1.07450004537599
155,"lag4",-2.25490704493701
155,"lag5",-3.29331492769468
155,"lag6",-0.557635591782139
155,"lag7",-1.92408479819026
155,"lag8",-0.912399666364487
155,"lag9",-0.291548245113325
155,"lag10",2.19109792338943
155,"lag11",-1.14656029958183
155,"lag12",-0.452390088234718
156,"lag1",2.74135276719736
156,"lag2",0.0467125910489883
156,"lag3",-0.0518531333365483
156,"lag4",-0.650359901410818
156,"lag5",-0.756684201909017
156,"lag6",-0.230875200019152
156,"lag7",-1.13236000576063
156,"lag8",-2.12257639973375
156,"lag9",-0.00590286629718256
156,"lag10",-1.55548075670063
156,"lag11",-1.1998945155566
156,"lag12",0.921513414526332
157,"lag1",-0.339380429856783
157,"lag2",4.57359029621097
157,"lag3",-0.823424741311693
157,"lag4",-2.84805202595749
157,"lag5",4.61874429763083
157,"lag6",-2.28512803026651
157,"lag7",-2.76076262213472
157,"lag8",-0.228999291899861
157,"lag9",-1.61331239099111
157,"lag10",-0.51004725043785
157,"lag11",-1.94275063659011
157,"lag12",-2.54296169294586
158,"lag1",1.75114183506906
158,"lag2",-0.803556856934466
158,"lag3",-0.483391334231425
158,"lag4",1.74516050531801
158,"lag5",0.145426534949967
158,"lag6",-0.864088593333232
158,"lag7",-0.20794411080553
158,"lag8",-2.98091701819398
158,"lag9",-2.97852876002121
158,"lag10",-2.62592493511329
158,"lag11",-0.880746887604237
158,"lag12",1.38887747866274
159,"lag1",0.219058118549152
159,"lag2",-1.95720102409668
159,"lag3",1.21683148471144
159,"lag4",0.762686390627783
159,"lag5",-0.312622919843168
159,"lag6",-1.96077575796718
159,"lag7",0.0984250542852841
159,"lag8",1.56421832643541
159,"lag9",1.79382641757576
159,"lag10",2.80525433115376
159,"lag11",-0.7155679820329
159,"lag12",-1.8381278362563
160,"lag1",0.919174427812002
160,"lag2",3.90420232450359
160,"lag3",2.52483481893459
160,"lag4",-3.78718932524716
160,"lag5",-1.41883643850504
160,"lag6",-2.61790851485376
160,"lag7",1.15242886849655
160,"lag8",4.57430574215371
160,"lag9",-0.487215153190778
160,"lag10",-3.55868509112358
160,"lag11",2.82438528808574
160,"lag12",-2.45104577230073
161,"lag1",-0.171732489320886
161,"lag2",4.35868557865926
161,"lag3",-0.125194589709037
161,"lag4",2.89085193212877
161,"lag5",1.93415803220758
161,"lag6",-0.50336849506497
161,"lag7",2.2801877989719
161,"lag8",2.41443972520833
161,"lag9",1.47612412837665
161,"lag10",-0.70259253646079
161,"lag11",-2.40375634969881
161,"lag12",1.60081259256553
162,"lag1",2.52833905132094
162,"lag2",4.58881521933774
162,"lag3",2.87053957358649
162,"lag4",0.758089773658621
162,"lag5",-3.81313814705341
162,"lag6",-0.882117937752579
162,"lag7",1.20905412696303
162,"lag8",1.22521422434633
162,"lag9",-0.01692440820347
162,"lag10",2.05596782431167
162,"lag11",6.04309317617796
162,"lag12",14.5651865132521
163,"lag1",0.863932714785083
163,"lag2",1.98063848898354
163,"lag3",0.597330813951191
163,"lag4",-0.286643106135206
163,"lag5",0.187468533859168
163,"lag6",-1.32472890935718
163,"lag7",1.7573400176292
163,"lag8",1.7496903845149
163,"lag9",2.6983193302809
163,"lag10",0.269371813782989
163,"lag11",-0.8717290564717
163,"lag12",-0.204617321360204
164,"lag1",1.91850588229901
164,"lag2",-0.606800259357422
164,"lag3",8.57688386561891
164,"lag4",1.27644296447132
164,"lag5",-1.20799197935555
164,"lag6",-2.73228862654733
164,"lag7",-0.957766445122412
164,"lag8",0.0818807086512216
164,"lag9",0.358823589410142
164,"lag10",2.1980705120505
164,"lag11",1.78912590458162
164,"lag12",-0.194420907469201
165,"lag1",-0.02991684119351
165,"lag2",-1.28002256123584
165,"lag3",0.734571163576562
165,"lag4",-0.959813266817214
165,"lag5",0.688594166315616
165,"lag6",-4.51629515007887
165,"lag7",-2.37002082122672
165,"lag8",-2.74238698877183
165,"lag9",2.17242920448921
165,"lag10",1.44837808259349
165,"lag11",-1.6580820813384
165,"lag12",-2.51055394053453
166,"lag1",1.69078412506458
166,"lag2",-2.27119445827804
166,"lag3",0.686724119123649
166,"lag4",-3.33985269097645
166,"lag5",-0.636733963666617
166,"lag6",-0.855629484126271
166,"lag7",-4.0172768035428
166,"lag8",-3.00117205613254
166,"lag9",-4.23478262981356
166,"lag10",0.187874542003467
166,"lag11",-0.752678437573531
166,"lag12",-0.415950975253781
167,"lag1",0.742445346394588
167,"lag2",3.79053224007293
167,"lag3",4.69956822338897
167,"lag4",4.90612334174449
167,"lag5",2.16640479235056
167,"lag6",0.528904712127827
167,"lag7",2.29635351169822
167,"lag8",1.37877021823199
167,"lag9",1.26985010701702
167,"lag10",5.8350146701236
167,"lag11",4.77908186024173
167,"lag12",4.08883242728501
168,"lag1",5.91176122221424
168,"lag2",5.02821353912975
168,"lag3",0.735720409782204
168,"lag4",0.571011159535463
168,"lag5",1.22718958178594
168,"lag6",0.47237614584324
168,"lag7",3.56569449965414
168,"lag8",4.89664033927718
168,"lag9",7.47023807226597
168,"lag10",2.97258651583242
168,"lag11",1.28267272031279
168,"lag12",-0.640610717001353
169,"lag1",6.64898384651707
169,"lag2",2.06687444280866
169,"lag3",5.31265106956729
169,"lag4",0.480985075351979
169,"lag5",-0.23973253832741
169,"lag6",-1.79481500529977
169,"lag7",-2.0278805451138
169,"lag8",-2.99336275500936
169,"lag9",-2.16851650200137
169,"lag10",-2.86766765854403
169,"lag11",-3.45316216594907
169,"lag12",-3.75182530587592
170,"lag1",1.31148640534058
170,"lag2",2.38988568114317
170,"lag3",3.44437865158132
170,"lag4",2.07313756008205
170,"lag5",-1.38651531148535
170,"lag6",-3.10340104401692
170,"lag7",0.34514335184929
170,"lag8",1.08770146751112
170,"lag9",-0.878820023564193
170,"lag10",3.59253842705152
170,"lag11",-3.36334989363501
170,"lag12",-3.03655645841239
171,"lag1",3.65945844632218
171,"lag2",2.2745298510326
171,"lag3",3.30077046454525
171,"lag4",1.58046238520274
171,"lag5",-1.97638018141241
171,"lag6",-2.00620247058878
171,"lag7",-3.13566199698852
171,"lag8",5.39600795684578
171,"lag9",-1.41740704491075
171,"lag10",1.11913820904928
171,"lag11",-1.58413513940859
171,"lag12",-0.0896704893461644
172,"lag1",7.28348872810681
172,"lag2",1.25878188653906
172,"lag3",-2.3652300892571
172,"lag4",2.65033891170508
172,"lag5",-0.412453291507697
172,"lag6",-1.58531497752766
172,"lag7",0.195644069053029
172,"lag8",-0.180784331273536
172,"lag9",-1.22375940342176
172,"lag10",3.00978308260232
172,"lag11",-4.53481552449653
172,"lag12",-0.938475958350633
173,"lag1",-0.253124565805955
173,"lag2",0.128437786273204
173,"lag3",1.10831150692308
173,"lag4",1.15993448526014
173,"lag5",-1.06259370135113
173,"lag6",1.63994999654631
173,"lag7",-1.35673040590842
173,"lag8",0.102365308139517
173,"lag9",-2.38505942830951
173,"lag10",-0.066531527223902
173,"lag11",0.756803810633156
173,"lag12",-0.515326057775923
174,"lag1",9.99245777891307
174,"lag2",3.06847394827618
174,"lag3",0.360087983105455
174,"lag4",2.06674624631369
174,"lag5",-1.39849079718659
174,"lag6",1.72172930500442
174,"lag7",0.0514947039819881
174,"lag8",0.349175276824668
174,"lag9",-3.85180005968979
174,"lag10",4.7679935995951
174,"lag11",0.657182941500706
174,"lag12",2.91851205210542
175,"lag1",6.9504253572919
175,"lag2",4.5624481136498
175,"lag3",3.20433497191815
175,"lag4",4.31014406631945
175,"lag5",1.51577599273168
175,"lag6",2.71755737429479
175,"lag7",2.29334597757247
175,"lag8",2.31551977634769
175,"lag9",-1.93774699049914
175,"lag10",-0.823239446285191
175,"lag11",-2.18605345591516
175,"lag12",2.79403547715936
176,"lag1",-0.98742735986335
176,"lag2",-0.310495479624017
176,"lag3",-0.188841007330992
176,"lag4",-1.12169608321289
176,"lag5",-1.83940048294005
176,"lag6",-1.55382029144847
176,"lag7",-0.482394394258484
176,"lag8",0.623146424569003
176,"lag9",0.776498457982064
176,"lag10",2.98642146588765
176,"lag11",2.53104003254955
176,"lag12",1.16441165811214
177,"lag1",0.781941720241698
177,"lag2",4.21578721812071
177,"lag3",3.23248546025733
177,"lag4",0.828580958812081
177,"lag5",-0.690969619807283
177,"lag6",-1.22053301173455
177,"lag7",0.944089862399949
177,"lag8",0.446112283057976
177,"lag9",-2.18609082947983
177,"lag10",0.242650829954862
177,"lag11",-2.61625496869794
177,"lag12",-0.0659039857890093
178,"lag1",4.07125901100192
178,"lag2",8.08725568962476
178,"lag3",6.4562729058239
178,"lag4",0.609607004281574
178,"lag5",-0.132175873061808
178,"lag6",-0.360106543270704
178,"lag7",0.893451640602337
178,"lag8",3.94563589300997
178,"lag9",5.0153804572314
178,"lag10",3.96521605703655
178,"lag11",3.56408968817524
178,"lag12",2.77650155332718
179,"lag1",2.40075595164859
179,"lag2",3.05391379384932
179,"lag3",0.943486007160764
179,"lag4",-1.75756538168767
179,"lag5",-1.25295597644175
179,"lag6",0.0874980400646396
179,"lag7",1.52747949179972
179,"lag8",1.59224554341339
179,"lag9",-5.56504461178836
179,"lag10",-2.62546194148372
179,"lag11",-1.52316944121138
179,"lag12",2.08223863705132
180,"lag1",1.1559164746624
180,"lag2",3.48378220865464
180,"lag3",6.50471712484197
180,"lag4",5.29264507569058
180,"lag5",2.83014596610478
180,"lag6",3.53086318804662
180,"lag7",2.97451167940669
180,"lag8",1.19520909357225
180,"lag9",-2.30223055094692
180,"lag10",1.83529331141728
180,"lag11",1.91601772473215
180,"lag12",4.61072086289828
181,"lag1",0.794264575909638
181,"lag2",3.22190762705359
181,"lag3",3.5295034870291
181,"lag4",-2.19256311626518
181,"lag5",-1.58473828244889
181,"lag6",-0.0437227706716239
181,"lag7",0.0330383434023216
181,"lag8",0.855874912238031
181,"lag9",2.85602055436723
181,"lag10",3.26360585836208
181,"lag11",-2.37013333120366
181,"lag12",1.02790576008006
182,"lag1",-0.0209429046516972
182,"lag2",1.0488782237177
182,"lag3",5.55334905233029
182,"lag4",-0.639303150073628
182,"lag5",2.69100372498365
182,"lag6",3.33868353767786
182,"lag7",1.35293776661919
182,"lag8",-2.45466227097656
182,"lag9",-4.13105509188913
182,"lag10",-3.41204095788553
182,"lag11",-0.589934301795849
182,"lag12",5.127872531064
183,"lag1",-1.64383062725133
183,"lag2",1.21647486822751
183,"lag3",-1.2920687537621
183,"lag4",-4.55367718155917
183,"lag5",-2.57824665513644
183,"lag6",-1.1781628830851
183,"lag7",-0.0918477434008309
183,"lag8",2.39905442207342
183,"lag9",3.61515103775067
183,"lag10",1.68727872431327
183,"lag11",-3.36574839994362
183,"lag12",-1.34082187125886
184,"lag1",2.79198845528646
184,"lag2",2.59201070684983
184,"lag3",5.86523319169156
184,"lag4",0.812066410591479
184,"lag5",0.587748407683703
184,"lag6",-1.02177147247897
184,"lag7",-0.247451247071722
184,"lag8",-2.09837390819504
184,"lag9",-1.45196380955323
184,"lag10",1.17030972815434
184,"lag11",-0.478795689451495
184,"lag12",-2.6993508784536
185,"lag1",3.47010824695547
185,"lag2",5.80205840071722
185,"lag3",7.66691416075952
185,"lag4",3.01719552356984
185,"lag5",0.854098249670347
185,"lag6",2.36073404662336
185,"lag7",-0.446580989845763
185,"lag8",2.21677780507022
185,"lag9",2.39879918013037
185,"lag10",0.698251716640471
185,"lag11",-0.0823240552712005
185,"lag12",-0.389977772776487
186,"lag1",1.63174439535152
186,"lag2",3.16843747660713
186,"lag3",3.8564128833702
186,"lag4",0.332954209840923
186,"lag5",0.754931725932694
186,"lag6",0.234676722557857
186,"lag7",-0.430998288630075
186,"lag8",2.80239772220627
186,"lag9",-1.80638862154741
186,"lag10",1.02453484620485
186,"lag11",0.608866101202425
186,"lag12",-1.82660746969887
187,"lag1",3.4382310106016
187,"lag2",1.0007728272224
187,"lag3",-0.52798568906706
187,"lag4",-4.97057766354845
187,"lag5",-2.90161793248795
187,"lag6",2.57280197877541
187,"lag7",-0.514981372346421
187,"lag8",-2.25320253699621
187,"lag9",-6.66608606062939
187,"lag10",-1.20570343612841
187,"lag11",0.38721770523215
187,"lag12",1.47683641165572
188,"lag1",-0.845321348248087
188,"lag2",0.532085172582893
188,"lag3",0.887147434381822
188,"lag4",-0.77745095517445
188,"lag5",-1.08118985124012
188,"lag6",-0.342585829848401
188,"lag7",3.88475549625801
188,"lag8",5.01374715796067
188,"lag9",2.01686188219493
188,"lag10",0.921684228388447
188,"lag11",1.36628743079139
188,"lag12",2.84076457960026
189,"lag1",5.9497123813466
189,"lag2",2.62965388708794
189,"lag3",1.62735071313778
189,"lag4",2.76120165906762
189,"lag5",1.60951274531722
189,"lag6",0.310846187936126
189,"lag7",2.68528428242645
189,"lag8",7.28288065239449
189,"lag9",4.76127520794185
189,"lag10",3.4114819250788
189,"lag11",-1.69556824480592
189,"lag12",-0.500220501462112
190,"lag1",2.7917032067825
190,"lag2",3.00719688870848
190,"lag3",2.56109055648912
190,"lag4",2.90390315322858
190,"lag5",0.306396773167678
190,"lag6",2.40322568058233
190,"lag7",-1.64065111899974
190,"lag8",-2.06503914230792
190,"lag9",-4.98538786986308
190,"lag10",-4.92963623508926
190,"lag11",-0.206139841766432
190,"lag12",0.620182324727748
191,"lag1",3.42204405280486
191,"lag2",1.46026031062803
191,"lag3",-2.79770352058318
191,"lag4",-1.70487588935022
191,"lag5",-0.910073228088214
191,"lag6",-2.4556554999695
191,"lag7",4.56425760822525
191,"lag8",3.96119180096024
191,"lag9",0.0954292323172952
191,"lag10",-1.63728651611499
191,"lag11",-1.91946941848938
191,"lag12",-0.700311409149778
192,"lag1",0.269180618606828
192,"lag2",1.73681285707361
192,"lag3",-1.53198363477588
192,"lag4",1.59707113212077
192,"lag5",3.01139190798502
192,"lag6",-2.5892050818614
192,"lag7",0.263251268659857
192,"lag8",-0.6678523253411
192,"lag9",3.66316991952021
192,"lag10",2.42833674737355
192,"lag11",-2.44291708521536
192,"lag12",-1.87302223869111
193,"lag1",4.71450287844646
193,"lag2",1.39310680800195
193,"lag3",2.79258966286774
193,"lag4",-0.356804046349491
193,"lag5",-0.816065822541783
193,"lag6",0.0780938010654949
193,"lag7",-1.52519588418944
193,"lag8",-1.89558004492688
193,"lag9",-1.94850865917748
193,"lag10",-1.40324146469115
193,"lag11",1.27386515534703
193,"lag12",-2.04264109672266
194,"lag1",-1.85985768772592
194,"lag2",-6.41269986003262
194,"lag3",-1.52242084867079
194,"lag4",-2.07873886220884
194,"lag5",-1.87663597431974
194,"lag6",-0.163241686523804
194,"lag7",0.294608254150047
194,"lag8",6.86265934979732
194,"lag9",4.30870927742064
194,"lag10",8.79442226938721
194,"lag11",0.533165617201447
194,"lag12",-0.789908153681523
195,"lag1",-0.980119062007754
195,"lag2",2.86653958242171
195,"lag3",5.1769326157668
195,"lag4",2.11866652225733
195,"lag5",-2.03343081525298
195,"lag6",-0.754398949071716
195,"lag7",3.64753872548527
195,"lag8",1.3985778564285
195,"lag9",-1.14489731633641
195,"lag10",-0.994262926905481
195,"lag11",-1.10350280963501
195,"lag12",-0.111090040955737
196,"lag1",4.51508935645522
196,"lag2",3.98520286695767
196,"lag3",5.02897025899152
196,"lag4",-1.441986633721
196,"lag5",-0.195992109007222
196,"lag6",-3.22126916290127
196,"lag7",-1.6669461493464
196,"lag8",-5.56122296158485
196,"lag9",-7.83153432286516
196,"lag10",-3.66881473209841
196,"lag11",-3.99475239442822
196,"lag12",0.838340555122537
197,"lag1",-1.11080716048915
197,"lag2",3.72458830715614
197,"lag3",4.93539234829328
197,"lag4",-0.481590582261305
197,"lag5",0.704281220860154
197,"lag6",-1.65527499402566
197,"lag7",3.08356154848493
197,"lag8",5.58006962202491
197,"lag9",1.0599566460677
197,"lag10",1.14963266428023
197,"lag11",-0.206585603741942
197,"lag12",0.121482587452544
198,"lag1",0.616412895084372
198,"lag2",-0.441346137107467
198,"lag3",-0.775526206279136
198,"lag4",-1.98734996440547
198,"lag5",1.3288879507011
198,"lag6",1.78315699355592
198,"lag7",2.12712969490062
198,"lag8",-2.37217006768219
198,"lag9",-0.97172382015719
198,"lag10",-6.59257518368329
198,"lag11",-2.8934432677822
198,"lag12",-0.849611038737627
199,"lag1",-0.197934438089076
199,"lag2",-0.115709790160444
199,"lag3",-0.514016072215528
199,"lag4",0.246832154069505
199,"lag5",0.0763772532758078
199,"lag6",0.233398996418538
199,"lag7",0.163599751317841
199,"lag8",0.917467910836644
199,"lag9",1.05585314709033
199,"lag10",-0.217102863378206
199,"lag11",-0.748445207463605
199,"lag12",1.76796813543058
200,"lag1",-5.87813266385486
200,"lag2",-12.3869383845725
200,"lag3",-8.81384787227497
200,"lag4",-6.71640186206994
200,"lag5",-4.92730986205986
200,"lag6",-6.41679132350983
200,"lag7",-4.12448685124978
200,"lag8",-6.0824808287125
200,"lag9",-4.58044253929832
200,"lag10",-2.66950248361805
200,"lag11",-3.55867135262317
200,"lag12",-2.46533334881976
201,"lag1",2.12444836041692
201,"lag2",5.98587577301937
201,"lag3",1.92016744929385
201,"lag4",0.78764258655671
201,"lag5",0.48980933705264
201,"lag6",0.989027576397724
201,"lag7",9.05317757382889
201,"lag8",0.0138867544145541
201,"lag9",-1.41808751885281
201,"lag10",1.35580599655472
201,"lag11",2.88215953421391
201,"lag12",3.85788949303802
202,"lag1",4.10186438169253
202,"lag2",9.17002235178893
202,"lag3",6.06302959302506
202,"lag4",4.77569505828531
202,"lag5",1.52015222625581
202,"lag6",-1.72266294558966
202,"lag7",0.0398412511295942
202,"lag8",1.56580256364084
202,"lag9",0.293514091759551
202,"lag10",2.19582001166212
202,"lag11",-1.78488541499218
202,"lag12",-2.72362216598084
203,"lag1",1.50376941308107
203,"lag2",3.52402525849769
203,"lag3",2.60596955105526
203,"lag4",-3.19791302787856
203,"lag5",-1.61129090518301
203,"lag6",-1.12801656850438
203,"lag7",1.36894791391984
203,"lag8",3.41566417476306
203,"lag9",-1.48636614406407
203,"lag10",-3.05598300396023
203,"lag11",-0.975651839774977
203,"lag12",-1.41804728829462
204,"lag1",0.144326332632339
204,"lag2",0.264859072150687
204,"lag3",2.36464795410273
204,"lag4",-0.688289889581662
204,"lag5",0.9595653089241
204,"lag6",0.703396692257145
204,"lag7",0.129784449922699
204,"lag8",3.88148761397699
204,"lag9",-0.0191359988108016
204,"lag10",-0.294223748931999
204,"lag11",-0.545328081227374
204,"lag12",-1.42988231088154
205,"lag1",4.62801548056809
205,"lag2",7.27286807265179
205,"lag3",2.19536796483139
205,"lag4",0.409970218530727
205,"lag5",-1.30696910525239
205,"lag6",0.101004527504287
205,"lag7",0.656681309894291
205,"lag8",2.41074543354974
205,"lag9",2.96634208348829
205,"lag10",3.88194788701797
205,"lag11",1.08530481554257
205,"lag12",0.325750182369394
206,"lag1",0.884895681374745
206,"lag2",-0.258033283829118
206,"lag3",-0.0676824753716118
206,"lag4",0.0298032695806545
206,"lag5",1.37155890025554
206,"lag6",-0.676400484394102
206,"lag7",0.538302709974314
206,"lag8",-1.63948462654053
206,"lag9",-1.2231508066617
206,"lag10",2.09299665599095
206,"lag11",0.690147462542173
206,"lag12",-0.0444576432636836
207,"lag1",1.63211493469559
207,"lag2",-1.16688123847931
207,"lag3",2.38561550607845
207,"lag4",2.91364658972892
207,"lag5",-0.281319391558728
207,"lag6",-0.155264605055394
207,"lag7",-0.300212489727391
207,"lag8",1.2108259273044
207,"lag9",-0.608951829791488
207,"lag10",-1.92932359757268
207,"lag11",-1.70137825793103
207,"lag12",-1.33639473532016
208,"lag1",3.82304403094157
208,"lag2",-0.916733357173254
208,"lag3",-0.236183519975813
208,"lag4",-2.17451367378804
208,"lag5",-2.26511252913152
208,"lag6",-0.877205033831271
208,"lag7",-1.47153238363196
208,"lag8",1.46993172396419
208,"lag9",5.76206982293938
208,"lag10",9.9132409977023
208,"lag11",6.651003758705
208,"lag12",2.74188148983778
209,"lag1",1.14876247657386
209,"lag2",3.19967790965581
209,"lag3",3.53629577083294
209,"lag4",-1.71195182407015
209,"lag5",-0.0185804573235521
209,"lag6",0.0881423233299684
209,"lag7",1.8080783557523
209,"lag8",5.96679615155953
209,"lag9",6.08224329769952
209,"lag10",7.310784825962
209,"lag11",1.38535312030968
209,"lag12",2.57315347883475
210,"lag1",2.5032578516202
210,"lag2",1.44108049808887
210,"lag3",4.24494229026393
210,"lag4",2.14381141967814
210,"lag5",1.06243369802403
210,"lag6",-3.2328917270564
210,"lag7",-0.702763065844867
210,"lag8",-0.737926892305531
210,"lag9",-2.89803568902407
210,"lag10",6.08772237610372
210,"lag11",5.94505440082075
210,"lag12",16.0604191821001
211,"lag1",2.40257679197231
211,"lag2",0.543968655735849
211,"lag3",2.81477445200459
211,"lag4",-1.41917326037289
211,"lag5",-2.8908140847449
211,"lag6",-2.10178074501081
211,"lag7",-0.886055102219611
211,"lag8",-1.0137839734484
211,"lag9",-4.13009106321143
211,"lag10",-0.289312207399873
211,"lag11",-3.2746356473118
211,"lag12",-3.2356989598738
212,"lag1",0.700739998765456
212,"lag2",4.3734908364619
212,"lag3",7.0263734634802
212,"lag4",3.0166802054463
212,"lag5",1.83706329264193
212,"lag6",1.48133733338951
212,"lag7",2.36897733336422
212,"lag8",5.9428171674153
212,"lag9",5.42276780276485
212,"lag10",8.45543972586132
212,"lag11",-3.9213968962775
212,"lag12",0.645822107636057
213,"lag1",-1.86041109880318
213,"lag2",-0.509682296506566
213,"lag3",-2.98382229292416
213,"lag4",2.17566737148138
213,"lag5",-2.54911989146486
213,"lag6",-0.985507849179262
213,"lag7",1.22461528170078
213,"lag8",0.0223775309119027
213,"lag9",-1.27772612091625
213,"lag10",0.17059324299206
213,"lag11",-4.50874228700519
213,"lag12",1.89639042348417
214,"lag1",4.32448539231167
214,"lag2",4.06967356759838
214,"lag3",7.29262365003214
214,"lag4",3.19881177385705
214,"lag5",2.22013686008478
214,"lag6",2.85051221270523
214,"lag7",-1.75954118922647
214,"lag8",-3.14609372548913
214,"lag9",0.614779920025584
214,"lag10",0.754098861951929
214,"lag11",-2.17128576696522
214,"lag12",0.665312631112335
215,"lag1",3.99413743884489
215,"lag2",3.19047830187939
215,"lag3",3.1610702206423
215,"lag4",0.842877150497421
215,"lag5",0.0972785053274481
215,"lag6",-0.519279574298303
215,"lag7",-3.56962082375196
215,"lag8",-3.04146356759506
215,"lag9",-1.45004338474867
215,"lag10",1.29745172910836
215,"lag11",-2.97962040018999
215,"lag12",-3.56262463104658
216,"lag1",0.582210843054186
216,"lag2",5.5931735931356
216,"lag3",1.1134426053962
216,"lag4",0.624744591165662
216,"lag5",-0.000633900893815117
216,"lag6",0.0942639349919978
216,"lag7",1.2497877220489
216,"lag8",3.25527395865269
216,"lag9",-1.6171269927209
216,"lag10",0.153893766711091
216,"lag11",4.42424917301271
216,"lag12",10.0747083672851
217,"lag1",-1.65085524180428
217,"lag2",1.35033613986381
217,"lag3",-0.860934157643483
217,"lag4",0.579252768938251
217,"lag5",-1.18674980833248
217,"lag6",1.19757243368133
217,"lag7",0.801395343546445
217,"lag8",5.68457701753086
217,"lag9",0.835128262258876
217,"lag10",0.929016577798119
217,"lag11",-0.615302698491553
217,"lag12",-1.81928779463959
218,"lag1",2.82888528988351
218,"lag2",4.45964374032234
218,"lag3",3.48840029409941
218,"lag4",3.43028969410423
218,"lag5",0.331751501811301
218,"lag6",-0.461891031031942
218,"lag7",1.62688312331874
218,"lag8",-3.31190924510396
218,"lag9",0.27003648721033
218,"lag10",1.42818734941315
218,"lag11",1.82778245362203
218,"lag12",0.766489201352071
219,"lag1",-2.2844836485318
219,"lag2",5.83285242824765
219,"lag3",3.23017208091377
219,"lag4",0.118951950739378
219,"lag5",-1.08407578489653
219,"lag6",-1.25470915025604
219,"lag7",0.246908530474533
219,"lag8",-3.9855257348788
219,"lag9",-2.81141600347426
219,"lag10",-0.0482229510645841
219,"lag11",-1.94578381738586
219,"lag12",-0.856011160889033
220,"lag1",0.449854788579004
220,"lag2",5.36403484730038
220,"lag3",1.48329704657003
220,"lag4",-0.647918777066222
220,"lag5",-0.0658947130597454
220,"lag6",4.49861432570696
220,"lag7",3.72240403003475
220,"lag8",4.03788228040777
220,"lag9",0.837717763078121
220,"lag10",0.78188524656212
220,"lag11",0.282441161494947
220,"lag12",0.362918676452639
221,"lag1",2.90775788341378
221,"lag2",11.039089928986
221,"lag3",13.84159078342
221,"lag4",3.55751808849497
221,"lag5",0.0277418161160308
221,"lag6",-0.0613178920443344
221,"lag7",2.74054691633533
221,"lag8",7.24690955271883
221,"lag9",7.95578205888342
221,"lag10",3.26653191096591
221,"lag11",1.21693902486321
221,"lag12",-0.563831096868607
222,"lag1",7.11904692447625
222,"lag2",-1.91459031555155
222,"lag3",1.87316634239811
222,"lag4",4.21339159117888
222,"lag5",-1.23572469118629
222,"lag6",2.56398994342527
222,"lag7",1.50638446355957
222,"lag8",0.605802285908574
222,"lag9",-4.76397808985081
222,"lag10",-2.49208303834863
222,"lag11",-3.37025915552569
222,"lag12",-0.525188455049329
223,"lag1",4.55982873631413
223,"lag2",-0.222711423428058
223,"lag3",2.32268083321221
223,"lag4",1.10515618995845
223,"lag5",5.73048354363117
223,"lag6",3.34278227700094
223,"lag7",5.76390184332772
223,"lag8",1.77878896131391
223,"lag9",-1.95677806500792
223,"lag10",-0.367572839092097
223,"lag11",-0.421591719506234
223,"lag12",0.83553440665414
224,"lag1",2.25321590345664
224,"lag2",8.13345907192612
224,"lag3",3.32720596627887
224,"lag4",0.72438398874681
224,"lag5",4.61287117352416
224,"lag6",1.3981510711183
224,"lag7",5.67351648517917
224,"lag8",9.51694143073078
224,"lag9",3.03326111273835
224,"lag10",2.13647796502963
224,"lag11",4.58764578262418
224,"lag12",0.352091889218726
225,"lag1",2.43336006397307
225,"lag2",2.09125200022512
225,"lag3",5.56097293224895
225,"lag4",0.105365513906416
225,"lag5",0.0282301987630599
225,"lag6",0.669565062366041
225,"lag7",-2.136624358855
225,"lag8",-2.77862327508142
225,"lag9",-0.633219630902521
225,"lag10",-0.707156778542133
225,"lag11",-1.17744467139292
225,"lag12",1.29300238482322
226,"lag1",-3.48988381247465
226,"lag2",-3.79595574416874
226,"lag3",-3.7617451735636
226,"lag4",-2.65800245986773
226,"lag5",-1.44050189060503
226,"lag6",-2.37622346415419
226,"lag7",-3.48484951875909
226,"lag8",-3.78300380331599
226,"lag9",-4.54865473984114
226,"lag10",-2.92083258034755
226,"lag11",-1.26636032783234
226,"lag12",-2.97245107830271
227,"lag1",1.04844520956995
227,"lag2",-0.396358397985058
227,"lag3",-0.595036505332659
227,"lag4",-1.28504961512805
227,"lag5",-2.74729353859174
227,"lag6",-1.69794310922544
227,"lag7",-2.10755036426538
227,"lag8",-2.64389782871877
227,"lag9",-4.48783032063555
227,"lag10",-3.61530966477088
227,"lag11",-1.01790394034858
227,"lag12",-2.98538048534921
228,"lag1",2.85729902906873
228,"lag2",1.08970162100271
228,"lag3",-2.74566752379915
228,"lag4",-0.0387033904640956
228,"lag5",1.0624196805674
228,"lag6",1.95997143490632
228,"lag7",3.80235386418628
228,"lag8",1.86981737659766
228,"lag9",-2.34246666651424
228,"lag10",0.843768486880233
228,"lag11",4.73207094481361
228,"lag12",6.48062321002156
229,"lag1",1.0321226916685
229,"lag2",6.29765480080287
229,"lag3",1.37995829661345
229,"lag4",2.00253338595688
229,"lag5",0.008010431065524
229,"lag6",1.64788323572723
229,"lag7",-1.43411317130712
229,"lag8",2.63217973775142
229,"lag9",5.77251918357834
229,"lag10",3.53607800762059
229,"lag11",0.845834580241906
229,"lag12",0.493316862427624
230,"lag1",-0.451339056141122
230,"lag2",1.97650464507724
230,"lag3",1.49198647762259
230,"lag4",2.82437492711445
230,"lag5",-0.876308163313314
230,"lag6",-0.695091202239355
230,"lag7",-0.742401512484807
230,"lag8",1.66480965159599
230,"lag9",3.36919014738715
230,"lag10",3.58121361809628
230,"lag11",0.226881482918509
230,"lag12",3.17971121374659
231,"lag1",2.07882253185188
231,"lag2",2.6627385906515
231,"lag3",0.368361863440655
231,"lag4",-3.50098212397339
231,"lag5",-1.20667978684769
231,"lag6",-0.329784794671673
231,"lag7",2.20938556573775
231,"lag8",-0.671916395640459
231,"lag9",0.0237981897850975
231,"lag10",-0.304470188469366
231,"lag11",-1.5910397947292
231,"lag12",-0.962457735079493
232,"lag1",-1.64161867484236
232,"lag2",-1.19772643136901
232,"lag3",-1.88235182374008
232,"lag4",-5.29541483972493
232,"lag5",-3.38496910896173
232,"lag6",-0.174395571282565
232,"lag7",-5.08626376991825
232,"lag8",-2.88691366580809
232,"lag9",-2.51552155813195
232,"lag10",-0.0230935462922816
232,"lag11",0.0454591720514585
232,"lag12",-1.68394142477135
233,"lag1",2.87349941122343
233,"lag2",6.67572772978868
233,"lag3",3.12069632301996
233,"lag4",0.284355483896833
233,"lag5",-2.06700676361103
233,"lag6",-1.3219636119085
233,"lag7",5.03987125260153
233,"lag8",6.60811623245427
233,"lag9",2.15733883640591
233,"lag10",0.105450721049261
233,"lag11",-1.50900891023937
233,"lag12",2.13804031877476
234,"lag1",-0.350921706782444
234,"lag2",0.117796532820103
234,"lag3",2.19080468609433
234,"lag4",2.59527623902204
234,"lag5",-3.7636702814377
234,"lag6",0.136849413274691
234,"lag7",-3.02578746878988
234,"lag8",-4.16191317953078
234,"lag9",-2.5167029383792
234,"lag10",0.712400764956653
234,"lag11",-0.808970113916315
234,"lag12",-0.0522798833353922
235,"lag1",4.75051019592857
235,"lag2",4.28823672158794
235,"lag3",0.838722129459081
235,"lag4",-1.43266732351361
235,"lag5",-2.97247216244678
235,"lag6",-1.48265288083979
235,"lag7",-1.17854202236826
235,"lag8",2.25143960917011
235,"lag9",1.89198345307887
235,"lag10",2.21081134392325
235,"lag11",5.391793000723
235,"lag12",1.06188865297443
236,"lag1",2.51824116481176
236,"lag2",-3.12255075194868
236,"lag3",0.708192263777216
236,"lag4",4.47145129240889
236,"lag5",0.791836918340585
236,"lag6",-1.58918818255726
236,"lag7",1.17928297235389
236,"lag8",-1.79409067438053
236,"lag9",-0.918210411420933
236,"lag10",-2.73423685671738
236,"lag11",-2.78039222724516
236,"lag12",0.500104502503864
237,"lag1",0.733871406555323
237,"lag2",1.47035632728799
237,"lag3",5.16797283229635
237,"lag4",2.68850664822269
237,"lag5",3.30806382639004
237,"lag6",6.12172303810353
237,"lag7",1.6394972901712
237,"lag8",-0.448292184347314
237,"lag9",-0.738696364331883
237,"lag10",4.5005724670294
237,"lag11",0.069395067035825
237,"lag12",2.08551529447307
238,"lag1",2.44068566156818
238,"lag2",4.72418289247316
238,"lag3",-1.10087361941201
238,"lag4",-0.684784867861439
238,"lag5",-0.120425299457052
238,"lag6",0.331607972645935
238,"lag7",4.85779347895355
238,"lag8",11.4304837080288
238,"lag9",-0.0616943284061215
238,"lag10",3.71711408520555
238,"lag11",4.2254911544357
238,"lag12",2.46332392954311
239,"lag1",-2.16840744857743
239,"lag2",-0.874994515351272
239,"lag3",-5.80560718271116
239,"lag4",-4.84841098578668
239,"lag5",-5.76745207903845
239,"lag6",-0.095923870236469
239,"lag7",-0.367009890505974
239,"lag8",-2.48848129847246
239,"lag9",-2.84301396160913
239,"lag10",-2.65441809149603
239,"lag11",-2.35611451159267
239,"lag12",-0.220564802312593
240,"lag1",2.49371135755458
240,"lag2",1.058220160223
240,"lag3",1.98066970816353
240,"lag4",-0.566102919793461
240,"lag5",-0.0831591974794721
240,"lag6",0.758720636518342
240,"lag7",0.840466632601386
240,"lag8",0.0812679072013899
240,"lag9",0.246681963061468
240,"lag10",3.99627659912814
240,"lag11",5.39541230680146
240,"lag12",1.88741597996804
241,"lag1",1.92720522401278
241,"lag2",6.93008232952958
241,"lag3",5.40745068240917
241,"lag4",4.03095124738304
241,"lag5",5.39669089897952
241,"lag6",5.64685598623889
241,"lag7",4.28881728662709
241,"lag8",5.34091685380128
241,"lag9",5.76715526786743
241,"lag10",3.66490237436064
241,"lag11",0.241390515368972
241,"lag12",1.93157585093844
242,"lag1",0.698020104319882
242,"lag2",0.808847681973116
242,"lag3",2.10952962621257
242,"lag4",1.06335000082845
242,"lag5",-2.52432946332186
242,"lag6",-0.878187935842876
242,"lag7",3.26074932503795
242,"lag8",-0.276737618343099
242,"lag9",-1.16332606620405
242,"lag10",2.22604035324385
242,"lag11",1.87153748261991
242,"lag12",4.87074531979459
243,"lag1",-2.41031654257332
243,"lag2",-1.93106672258354
243,"lag3",-2.91305697365033
243,"lag4",-0.286269035961506
243,"lag5",3.53634081443843
243,"lag6",-0.544877485866946
243,"lag7",2.34774347643933
243,"lag8",4.75765541385443
243,"lag9",0.189905907350231
243,"lag10",-0.225783973813716
243,"lag11",-1.3359604898666
243,"lag12",2.34629823357995
244,"lag1",4.31906217826772
244,"lag2",2.39218435107254
244,"lag3",2.4011435808908
244,"lag4",-0.356841403345843
244,"lag5",1.05966804617447
244,"lag6",3.74363328216717
244,"lag7",3.03904300692702
244,"lag8",-1.02938620661054
244,"lag9",0.319800438261181
244,"lag10",0.774030643277475
244,"lag11",1.35764789326862
244,"lag12",-2.17030045541861
245,"lag1",0.0335929371200421
245,"lag2",2.51282031235225
245,"lag3",3.09602436454976
245,"lag4",3.67883497996735
245,"lag5",3.15548764886718
245,"lag6",0.738691727022915
245,"lag7",1.9937078225422
245,"lag8",-0.0788925161757422
245,"lag9",4.69355732690698
245,"lag10",-1.67496810188932
245,"lag11",-2.85499918135093
245,"lag12",-0.120191781689386
246,"lag1",6.14843035081351
246,"lag2",2.09758730570494
246,"lag3",1.23819079622695
246,"lag4",0.55090692767579
246,"lag5",-1.44227679366438
246,"lag6",0.296609975928549
246,"lag7",0.8903962403391
246,"lag8",5.265899609024
246,"lag9",0.905015751361809
246,"lag10",0.732749249275992
246,"lag11",0.62799742381194
246,"lag12",0.615960041410732
247,"lag1",0.97125056131392
247,"lag2",2.93745455360478
247,"lag3",5.54483141347728
247,"lag4",0.755405076610746
247,"lag5",-1.26448737471452
247,"lag6",-0.222275154640939
247,"lag7",-3.57754588824824
247,"lag8",0.337691433859637
247,"lag9",-0.99313645197726
247,"lag10",-0.0396388081782468
247,"lag11",-1.08887605604698
247,"lag12",1.25101273756856
248,"lag1",5.69993441714972
248,"lag2",1.53420041948442
248,"lag3",3.4499973763242
248,"lag4",-1.7181540627841
248,"lag5",-0.0969783792401925
248,"lag6",1.20977069620307
248,"lag7",-0.238598313052159
248,"lag8",1.15969751537248
248,"lag9",-1.08670061840796
248,"lag10",-3.47265050950839
248,"lag11",3.46525289004509
248,"lag12",2.84446229006832
249,"lag1",5.32746384147766
249,"lag2",5.85106265915609
249,"lag3",0.621078652604021
249,"lag4",-2.40707677039544
249,"lag5",2.39311933029422
249,"lag6",2.3392891607243
249,"lag7",1.19486863591698
249,"lag8",1.50950548205006
249,"lag9",-1.61095318979249
249,"lag10",-0.831433012715454
249,"lag11",-1.78847833486286
249,"lag12",2.8194834311969
250,"lag1",1.66615429841015
250,"lag2",6.26301654710301
250,"lag3",4.80060458792165
250,"lag4",4.13599813634308
250,"lag5",1.10377238233308
250,"lag6",-0.642012305595468
250,"lag7",-1.1170147842906
250,"lag8",0.470961776810043
250,"lag9",3.46150693330444
250,"lag10",6.34368282750126
250,"lag11",0.392750398909004
250,"lag12",-0.648581048289158
251,"lag1",-0.13594714246654
251,"lag2",1.66335701294517
251,"lag3",3.98230745471777
251,"lag4",-0.243824904836179
251,"lag5",-2.04207427073673
251,"lag6",1.67204562860495
251,"lag7",1.89461031256575
251,"lag8",2.46970137480608
251,"lag9",3.02602465463645
251,"lag10",0.23023483466824
251,"lag11",1.49933597035562
251,"lag12",0.269574218705707
252,"lag1",0.878850033399508
252,"lag2",3.70830217245839
252,"lag3",1.6548524074287
252,"lag4",-0.142121993150735
252,"lag5",1.46057310100514
252,"lag6",1.78236811761009
252,"lag7",0.575399071073388
252,"lag8",1.08799342384106
252,"lag9",2.43485091489084
252,"lag10",1.75503824885095
252,"lag11",-0.607706331779469
252,"lag12",-0.776730645572859
253,"lag1",2.69426524330467
253,"lag2",3.95122411469706
253,"lag3",4.38161642577785
253,"lag4",2.67190123323499
253,"lag5",-2.77863382295462
253,"lag6",-0.991433864029209
253,"lag7",2.65687669647668
253,"lag8",1.3644331824001
253,"lag9",3.45227366018536
253,"lag10",4.13035633390921
253,"lag11",2.30727973202992
253,"lag12",-1.86254994321994
254,"lag1",2.4690539008522
254,"lag2",1.0154771407615
254,"lag3",1.63527557157967
254,"lag4",0.291962470362548
254,"lag5",3.72133999590002
254,"lag6",6.91154630646222
254,"lag7",4.41619999191567
254,"lag8",-2.32441653057832
254,"lag9",-3.6398981074383
254,"lag10",-3.4513836879641
254,"lag11",0.0511360826074985
254,"lag12",12.8767450977169
255,"lag1",2.89054624580765
255,"lag2",3.27940613124963
255,"lag3",-0.854330652145481
255,"lag4",-2.69654016547418
255,"lag5",3.59645111755431
255,"lag6",1.85650754539349
255,"lag7",5.12190769241485
255,"lag8",2.60962073468419
255,"lag9",2.03650091870408
255,"lag10",0.70410720480405
255,"lag11",-0.0470797509054708
255,"lag12",2.37047808392219
256,"lag1",-0.312412739923499
256,"lag2",3.24638476140283
256,"lag3",5.97755394015913
256,"lag4",-0.178157077470458
256,"lag5",-3.65265534086166
256,"lag6",-2.79346464589376
256,"lag7",3.76216473643656
256,"lag8",-1.47619233795557
256,"lag9",-1.93098940424012
256,"lag10",-2.36411873114385
256,"lag11",-0.535981893955534
256,"lag12",-1.95957165304609
257,"lag1",0.320587916154541
257,"lag2",-2.27485585358678
257,"lag3",-1.89789060017794
257,"lag4",-3.29500775287963
257,"lag5",-1.98870297246594
257,"lag6",1.64764991987649
257,"lag7",-0.862253800681261
257,"lag8",2.17930248112647
257,"lag9",0.468971101030601
257,"lag10",0.718111922863005
257,"lag11",-1.31947484977104
257,"lag12",-0.788323841538199
258,"lag1",1.72714272289586
258,"lag2",0.892207025794006
258,"lag3",1.35985805080778
258,"lag4",-1.11135005368338
258,"lag5",-1.50213843989341
258,"lag6",1.00168420038136
258,"lag7",1.08338184297227
258,"lag8",-0.446323346733691
258,"lag9",-2.09846020886819
258,"lag10",0.335372620585639
258,"lag11",-1.68383055292966
258,"lag12",-2.4932429584269
259,"lag1",3.81756288649404
259,"lag2",2.69103368306459
259,"lag3",1.8757821039491
259,"lag4",0.224536622681107
259,"lag5",3.12667973988409
259,"lag6",2.2046729644105
259,"lag7",4.29068794449367
259,"lag8",3.1474262797812
259,"lag9",-1.32494516310227
259,"lag10",0.577451947977015
259,"lag11",-2.14870369182976
259,"lag12",-0.461434466453754
260,"lag1",3.47310493220993
260,"lag2",3.49125253106147
260,"lag3",0.695039627320444
260,"lag4",0.743304173358625
260,"lag5",1.61370393917306
260,"lag6",1.07485149555378
260,"lag7",1.31429724953452
260,"lag8",-1.00260598680405
260,"lag9",-1.60733699746701
260,"lag10",-2.61587689761366
260,"lag11",0.982833084775249
260,"lag12",0.0672442538259517
261,"lag1",2.27815163951132
261,"lag2",0.674974763890565
261,"lag3",2.54153181086897
261,"lag4",1.33332704022546
261,"lag5",-0.706300250587088
261,"lag6",-1.07088708789488
261,"lag7",-2.13082971234957
261,"lag8",-3.63902973735369
261,"lag9",-2.92104888866259
261,"lag10",0.0478353342235105
261,"lag11",-3.20120630539353
261,"lag12",-4.05739286338929
262,"lag1",1.49917324567056
262,"lag2",-1.16039060684388
262,"lag3",0.210211999849884
262,"lag4",-3.29247856002596
262,"lag5",-0.352962665129038
262,"lag6",-0.765649474745022
262,"lag7",-0.104628451742146
262,"lag8",-0.823138127262497
262,"lag9",0.511142929062181
262,"lag10",2.64916226197519
262,"lag11",0.998082794693131
262,"lag12",0.0608545470453304
263,"lag1",3.26869110155396
263,"lag2",1.30798584295786
263,"lag3",-1.09989001657413
263,"lag4",-1.57788650766815
263,"lag5",5.30411589908984
263,"lag6",-2.71126408947355
263,"lag7",3.58228044403044
263,"lag8",5.69578883015771
263,"lag9",-2.50989632504645
263,"lag10",10.6293392067306
263,"lag11",4.81315373779275
263,"lag12",10.4257600235636
264,"lag1",3.81134884775506
264,"lag2",2.15915771406853
264,"lag3",4.75455405894541
264,"lag4",2.18715796465199
264,"lag5",1.94041352843849
264,"lag6",3.2723518904765
264,"lag7",6.70289628216758
264,"lag8",-0.142770922879036
264,"lag9",0.767537114647052
264,"lag10",8.26141800655029
264,"lag11",7.95645898115744
264,"lag12",18.5208613078825
265,"lag1",3.59476942606499
265,"lag2",7.25819754118417
265,"lag3",4.07019098572539
265,"lag4",-1.03940096328753
265,"lag5",2.61939542092511
265,"lag6",4.60783966894384
265,"lag7",2.91709409600537
265,"lag8",4.72626749921459
265,"lag9",3.54940343727231
265,"lag10",0.829784519566769
265,"lag11",-0.526938743854179
265,"lag12",2.0478928301236
266,"lag1",5.02076980245155
266,"lag2",4.37591629743199
266,"lag3",5.00421029106108
266,"lag4",-0.0661486333193933
266,"lag5",0.345141442101218
266,"lag6",1.61935311440702
266,"lag7",1.67864051000065
266,"lag8",-1.59130225334237
266,"lag9",-5.03612015811262
266,"lag10",4.02703616702162
266,"lag11",-0.145642155250047
266,"lag12",-2.78601329060007
267,"lag1",1.53907212272431
267,"lag2",-3.38482356273219
267,"lag3",0.47324294178667
267,"lag4",-0.132509773552661
267,"lag5",4.70264707986112
267,"lag6",3.25746656226946
267,"lag7",1.85016867708206
267,"lag8",3.96237518331299
267,"lag9",-1.55056542507505
267,"lag10",4.98857149939456
267,"lag11",7.59957089986488
267,"lag12",4.7361322237202
268,"lag1",4.60088515487
268,"lag2",4.75007262105961
268,"lag3",6.14190284997852
268,"lag4",-1.62813968056846
268,"lag5",-2.11889709706067
268,"lag6",-1.06683377844109
268,"lag7",-0.559502972440468
268,"lag8",-0.918509556019874
268,"lag9",-4.03573506467355
268,"lag10",2.58779707441262
268,"lag11",4.35983974956808
268,"lag12",7.19356174804563
269,"lag1",-2.13902711055903
269,"lag2",-3.3355719040712
269,"lag3",-0.544341268044744
269,"lag4",-0.775709987032021
269,"lag5",-1.78549287968603
269,"lag6",1.68710640248157
269,"lag7",4.15619325103626
269,"lag8",5.81610211722603
269,"lag9",-0.440039778913047
269,"lag10",-1.98454083593893
269,"lag11",-2.56808829501628
269,"lag12",-2.79866438464853
270,"lag1",1.79316810326557
270,"lag2",-0.338906496334763
270,"lag3",3.43043014838995
270,"lag4",0.346486649336031
270,"lag5",1.12582223723736
270,"lag6",-1.58407298050608
270,"lag7",-0.158421878912264
270,"lag8",3.3685269622119
270,"lag9",3.26119337051521
270,"lag10",-0.305536199334745
270,"lag11",0.692071169987473
270,"lag12",-0.3897823641945
271,"lag1",4.4380413448354
271,"lag2",8.61924033752829
271,"lag3",4.15674202204123
271,"lag4",0.194759472097639
271,"lag5",-1.1752451919506
271,"lag6",-1.2951136033949
271,"lag7",3.6087422082684
271,"lag8",0.346213382157817
271,"lag9",-0.610747726303986
271,"lag10",-2.53796860780851
271,"lag11",0.576325534274439
271,"lag12",1.64637208572873
272,"lag1",-3.6153185089525
272,"lag2",-2.6292928805953
272,"lag3",-1.13776973540251
272,"lag4",1.5321385466603
272,"lag5",1.16228111979163
272,"lag6",-0.372209164768254
272,"lag7",0.867862601717504
272,"lag8",-0.292782195488091
272,"lag9",-5.75519718281019
272,"lag10",-4.1035949522492
272,"lag11",-2.42359071053279
272,"lag12",2.20264655608512
273,"lag1",1.69229648117942
273,"lag2",1.7037175785285
273,"lag3",-0.496624908737805
273,"lag4",0.507247940362236
273,"lag5",1.77705925289741
273,"lag6",0.614371697857875
273,"lag7",2.42371652866135
273,"lag8",-1.12303151728784
273,"lag9",-0.701669945800614
273,"lag10",-0.6533877808256
273,"lag11",-0.878526551175961
273,"lag12",3.92744679304549
274,"lag1",0.216195778381421
274,"lag2",1.24784114916194
274,"lag3",4.6809585120673
274,"lag4",0.572481099791472
274,"lag5",2.16530452744073
274,"lag6",1.91413562087671
274,"lag7",-0.438707719838768
274,"lag8",-0.712165759434715
274,"lag9",-2.26579737507468
274,"lag10",0.663990173023377
274,"lag11",1.01113196863311
274,"lag12",2.49133665128223
275,"lag1",0.819617789175825
275,"lag2",1.47361090595057
275,"lag3",-2.07500470966857
275,"lag4",-0.782057224817871
275,"lag5",-2.73522270128754
275,"lag6",2.14378716661948
275,"lag7",-2.328142574595
275,"lag8",0.791688865715399
275,"lag9",-4.58565095955487
275,"lag10",-4.41869779906835
275,"lag11",-3.93135055528597
275,"lag12",-2.54630504682616
276,"lag1",3.29695414991823
276,"lag2",6.56103885723356
276,"lag3",9.22979681489369
276,"lag4",4.14116976375994
276,"lag5",5.42381682704471
276,"lag6",0.569098473710393
276,"lag7",3.40459763037374
276,"lag8",2.51389530167024
276,"lag9",3.38695141521411
276,"lag10",5.6153596143063
276,"lag11",0.582157641727899
276,"lag12",-0.64345531852526
277,"lag1",2.51892095444071
277,"lag2",5.21421882985344
277,"lag3",7.95658285886375
277,"lag4",4.08813473724104
277,"lag5",0.332685891411418
277,"lag6",0.274925895123029
277,"lag7",0.35307815967824
277,"lag8",3.7593806583215
277,"lag9",0.318193015494546
277,"lag10",1.46409051104719
277,"lag11",0.383328806674051
277,"lag12",1.12098015617676
278,"lag1",3.94437356375871
278,"lag2",7.35810137502187
278,"lag3",2.45072030878167
278,"lag4",0.143766209131504
278,"lag5",-3.27191007502384
278,"lag6",-1.2183922964471
278,"lag7",3.67645073978217
278,"lag8",1.28740255836419
278,"lag9",-2.70677661032626
278,"lag10",-2.66489859552173
278,"lag11",-1.90668268031884
278,"lag12",0.665042068340396
279,"lag1",1.26018810124584
279,"lag2",1.97247047095095
279,"lag3",7.0936532693864
279,"lag4",1.87633792426271
279,"lag5",3.4739670956769
279,"lag6",-1.70395164173661
279,"lag7",1.58214230925743
279,"lag8",3.10374833859768
279,"lag9",3.431122629555
279,"lag10",2.21416251184657
279,"lag11",1.6063901256271
279,"lag12",1.6779478048703
280,"lag1",4.12712988930744
280,"lag2",6.08625687001553
280,"lag3",6.25164645317403
280,"lag4",2.88448738816277
280,"lag5",0.890503682785645
280,"lag6",0.675921309387115
280,"lag7",0.454391380274362
280,"lag8",-0.518608632953094
280,"lag9",-2.64354307283965
280,"lag10",1.05895662039498
280,"lag11",1.69473325977724
280,"lag12",-2.38523967750332
281,"lag1",0.663813156424767
281,"lag2",4.20041262400297
281,"lag3",1.24345532696344
281,"lag4",-2.51169615095414
281,"lag5",-1.79788851850502
281,"lag6",-2.62526351266555
281,"lag7",-2.19455932762709
281,"lag8",-1.54281346882426
281,"lag9",-2.17200851096646
281,"lag10",-3.14930051908558
281,"lag11",-3.62469852961829
281,"lag12",-2.24761286448833
282,"lag1",2.77632586205274
282,"lag2",0.420555934721259
282,"lag3",1.32831411176574
282,"lag4",-1.70340161243615
282,"lag5",0.534186211382021
282,"lag6",3.77280089414929
282,"lag7",2.21723046919698
282,"lag8",5.21506170023813
282,"lag9",4.62895139655788
282,"lag10",0.398882837952947
282,"lag11",2.6022783797385
282,"lag12",1.24947107484136
283,"lag1",3.19022675253386
283,"lag2",0.582758073449031
283,"lag3",-0.191838089001225
283,"lag4",2.02200204938305
283,"lag5",2.32657168127006
283,"lag6",1.80131657638023
283,"lag7",6.05499425534117
283,"lag8",3.73360378634182
283,"lag9",2.04126445119553
283,"lag10",2.13540550761078
283,"lag11",-0.856502380228261
283,"lag12",1.97057913709254
284,"lag1",2.63753127324125
284,"lag2",1.65186228865077
284,"lag3",5.60433478495497
284,"lag4",2.11705612906805
284,"lag5",1.26884147430715
284,"lag6",0.357973877206274
284,"lag7",-1.90253750618079
284,"lag8",-1.47768043310052
284,"lag9",-3.52621411082496
284,"lag10",-1.35589889206211
284,"lag11",-0.690416904928638
284,"lag12",0.201278534676865
285,"lag1",1.24256566311284
285,"lag2",-0.519488236081653
285,"lag3",2.67152436352575
285,"lag4",0.546136115950867
285,"lag5",0.62877770948083
285,"lag6",-0.412877795513183
285,"lag7",6.39933696117333
285,"lag8",1.73206855518348
285,"lag9",1.14645807769551
285,"lag10",0.729494971971919
285,"lag11",2.36575198114175
285,"lag12",4.71132427049011
286,"lag1",-0.499524961982591
286,"lag2",2.99410923017131
286,"lag3",2.58367955064147
286,"lag4",0.134865622801065
286,"lag5",-1.63988533914813
286,"lag6",-2.0479258216082
286,"lag7",2.8957481370622
286,"lag8",-0.261262802825836
286,"lag9",2.57873171133518
286,"lag10",3.4982554086822
286,"lag11",-0.891438725435954
286,"lag12",-1.13814905739302
287,"lag1",4.80860674042294
287,"lag2",3.5622854431473
287,"lag3",3.11775700333359
287,"lag4",0.655671667509151
287,"lag5",-0.21313840127464
287,"lag6",0.343386196392125
287,"lag7",0.710513643556838
287,"lag8",1.00893146021515
287,"lag9",2.10040167039845
287,"lag10",-3.83034058816627
287,"lag11",-2.58005320915303
287,"lag12",-2.05449236101712
288,"lag1",2.93977939038415
288,"lag2",0.487258612034805
288,"lag3",4.81870050330407
288,"lag4",1.88813548880496
288,"lag5",2.91948355924872
288,"lag6",1.44945296566989
288,"lag7",6.19839301495688
288,"lag8",-0.167207643367227
288,"lag9",-0.120001585369458
288,"lag10",-0.503173500855355
288,"lag11",-0.256647154325221
288,"lag12",3.54942807467914
289,"lag1",0.160552661971877
289,"lag2",-3.63745517913078
289,"lag3",-0.434331738454648
289,"lag4",0.52508461602271
289,"lag5",-0.0378538680654971
289,"lag6",0.926600710667987
289,"lag7",-2.55425269333829
289,"lag8",-2.25542687751343
289,"lag9",-4.20908929324523
289,"lag10",-6.0194280602607
289,"lag11",-3.92381350902725
289,"lag12",0.31772630930545
290,"lag1",5.53150541166181
290,"lag2",6.31382921656996
290,"lag3",7.69065860581225
290,"lag4",3.48679239221735
290,"lag5",-0.221001747944641
290,"lag6",2.26367831858814
290,"lag7",0.363589725875357
290,"lag8",-1.83835039540421
290,"lag9",-2.50978320509587
290,"lag10",1.74395910338368
290,"lag11",-1.40364009847741
290,"lag12",-0.65623978275412
291,"lag1",0.438195798231637
291,"lag2",0.202627218074524
291,"lag3",6.58523778631282
291,"lag4",1.32960068708727
291,"lag5",-0.615271670841361
291,"lag6",0.587544512777654
291,"lag7",0.862725558747888
291,"lag8",-3.72810435076387
291,"lag9",-3.24354113247794
291,"lag10",-2.05492854047094
291,"lag11",-3.25788552450498
291,"lag12",-1.8007745813681
292,"lag1",7.98254106383731
292,"lag2",6.09480268151854
292,"lag3",4.69279066042103
292,"lag4",0.785194236229868
292,"lag5",-1.27082239774815
292,"lag6",-0.0911494618957132
292,"lag7",1.35811895016699
292,"lag8",4.90491491149736
292,"lag9",-5.65324117182137
292,"lag10",2.04205635404724
292,"lag11",4.48250399631383
292,"lag12",12.4448681741684
293,"lag1",-1.37629394562245
293,"lag2",2.5098008954871
293,"lag3",-0.542720753265694
293,"lag4",-1.68001973593004
293,"lag5",0.211159779030082
293,"lag6",0.382534091045283
293,"lag7",4.50316135600456
293,"lag8",1.16784360710067
293,"lag9",0.000510241702374015
293,"lag10",1.87646533073641
293,"lag11",-1.03153975204643
293,"lag12",0.365585928974484
294,"lag1",4.25329968796676
294,"lag2",4.66298424370777
294,"lag3",3.25203535017505
294,"lag4",0.0302600277963203
294,"lag5",0.648136162744234
294,"lag6",0.0901283053369379
294,"lag7",5.14422144526018
294,"lag8",4.27380687046383
294,"lag9",2.45725249811278
294,"lag10",-0.697462025772659
294,"lag11",-0.00852453022342459
294,"lag12",2.56824187142664
295,"lag1",-3.29666545503003
295,"lag2",-1.53448109048046
295,"lag3",0.356385501096492
295,"lag4",-1.26807634335444
295,"lag5",-4.20466605772901
295,"lag6",0.654258682549429
295,"lag7",0.567444197431055
295,"lag8",0.714323484110344
295,"lag9",2.58714849695836
295,"lag10",1.55906311406204
295,"lag11",0.527618408664308
295,"lag12",4.51029016240592
296,"lag1",3.52595679887947
296,"lag2",4.58368898465156
296,"lag3",8.53905551745987
296,"lag4",-1.19902860142598
296,"lag5",-1.43891412081932
296,"lag6",-0.300615629814158
296,"lag7",0.21585661462255
296,"lag8",-1.40086262336462
296,"lag9",-2.713525212925
296,"lag10",1.63721779020213
296,"lag11",-3.12457638359645
296,"lag12",-0.587298371403608
297,"lag1",-2.05540887618565
297,"lag2",2.17319764459691
297,"lag3",1.03003753207902
297,"lag4",0.0181931117672265
297,"lag5",-2.44882834044836
297,"lag6",2.97432337814339
297,"lag7",-0.581901386808519
297,"lag8",0.584948351181869
297,"lag9",-1.11721720842201
297,"lag10",-3.27452722753494
297,"lag11",-3.94907614067154
297,"lag12",-0.765217852809144
298,"lag1",1.40631553780963
298,"lag2",2.37498203604054
298,"lag3",10.2443572987821
298,"lag4",2.8028715536843
298,"lag5",0.951784832993181
298,"lag6",-0.256876376641691
298,"lag7",2.28765118409237
298,"lag8",0.420297381866945
298,"lag9",0.986586088494629
298,"lag10",2.19872117484936
298,"lag11",6.28543024842713
298,"lag12",7.91350843699673
299,"lag1",1.37303172372123
299,"lag2",1.33978268417693
299,"lag3",4.49676486224034
299,"lag4",1.56588802101787
299,"lag5",-1.870482300514
299,"lag6",-0.035508720628146
299,"lag7",-0.434684033787111
299,"lag8",-4.47298999551309
299,"lag9",-3.92304693122744
299,"lag10",-0.299615410924032
299,"lag11",2.07495877328809
299,"lag12",1.29701848898223
300,"lag1",2.27557897782042
300,"lag2",4.47800976206057
300,"lag3",5.23769078431774
300,"lag4",1.17522532220854
300,"lag5",2.42166272495331
300,"lag6",1.30964419177715
300,"lag7",3.8107799499788
300,"lag8",3.75687942066838
300,"lag9",0.935568406995895
300,"lag10",-0.279406689239979
300,"lag11",1.75202982153602
300,"lag12",0.231682965497324
301,"lag1",1.93386127728361
301,"lag2",-0.470262491747158
301,"lag3",-1.42324250554899
301,"lag4",1.65936901875616
301,"lag5",2.04090216281777
301,"lag6",3.16272293005977
301,"lag7",1.56355866801734
301,"lag8",0.502223340176632
301,"lag9",-0.397596296951661
301,"lag10",2.11844202130693
301,"lag11",0.857955604613955
301,"lag12",2.77714012846896
302,"lag1",1.58019697216982
302,"lag2",0.255353450174212
302,"lag3",-1.67313071725694
302,"lag4",0.304060217170005
302,"lag5",4.11315584568234
302,"lag6",2.11859338990146
302,"lag7",1.86647166587662
302,"lag8",-4.06854606864923
302,"lag9",-0.464092376873541
302,"lag10",-2.16102796977946
302,"lag11",-2.61010335938064
302,"lag12",1.74454460323239
303,"lag1",6.57836923499966
303,"lag2",5.30980050072055
303,"lag3",5.40130756963847
303,"lag4",2.47352568884254
303,"lag5",1.26874772281077
303,"lag6",3.60879655206616
303,"lag7",0.422895112273565
303,"lag8",4.63186338812624
303,"lag9",-0.524724053127979
303,"lag10",-1.44449914067596
303,"lag11",-3.2893506256928
303,"lag12",-1.84256640040395
304,"lag1",6.05672149333797
304,"lag2",6.33099481002049
304,"lag3",8.32771544165044
304,"lag4",4.01887743115922
304,"lag5",3.91460478556951
304,"lag6",-1.14185748448732
304,"lag7",-5.38797731671286
304,"lag8",-4.22614573630378
304,"lag9",-1.9708831693389
304,"lag10",2.5112198683801
304,"lag11",1.27906941757183
304,"lag12",9.84328506497166
305,"lag1",1.7748255331612
305,"lag2",0.247678464315622
305,"lag3",-1.06332096921584
305,"lag4",-1.48878258172062
305,"lag5",-1.26549452506208
305,"lag6",0.184553241774511
305,"lag7",0.909222452194872
305,"lag8",0.853191293032793
305,"lag9",1.8585100735669
305,"lag10",3.56458115655627
305,"lag11",-2.40112443065958
305,"lag12",-2.71485198358197
306,"lag1",4.03780495544227
306,"lag2",2.01948082586487
306,"lag3",0.950014138245618
306,"lag4",-4.05514014325182
306,"lag5",1.09928423248152
306,"lag6",-1.16085418870888
306,"lag7",2.81363813602251
306,"lag8",-1.72125822082597
306,"lag9",-4.94137819267696
306,"lag10",-3.70179621387584
306,"lag11",1.23653105643532
306,"lag12",2.51340096178087
307,"lag1",-1.75977372862945
307,"lag2",-1.63669289982327
307,"lag3",-0.233574602147417
307,"lag4",-2.00591410784923
307,"lag5",-1.1328189912512
307,"lag6",-1.14654691252476
307,"lag7",0.22995537550064
307,"lag8",-3.33825377007869
307,"lag9",-2.78389355710904
307,"lag10",4.57527477393718
307,"lag11",-2.85658069009191
307,"lag12",-3.31942320772088
308,"lag1",0.358456087927166
308,"lag2",-1.80073553215227
308,"lag3",-1.99312814207836
308,"lag4",-0.677574753947128
308,"lag5",-3.86501285208981
308,"lag6",-0.136979398677769
308,"lag7",-2.28044909971239
308,"lag8",-0.0543301350378314
308,"lag9",-1.01935417181717
308,"lag10",-0.418001857192196
308,"lag11",-4.46389430384499
308,"lag12",-0.966953881762898
309,"lag1",2.05955815248374
309,"lag2",6.12827659150927
309,"lag3",4.58422244616681
309,"lag4",1.53644463716823
309,"lag5",1.7064639915457
309,"lag6",3.61823206883285
309,"lag7",1.26268507841103
309,"lag8",-0.923087990109359
309,"lag9",-2.33432347056933
309,"lag10",-0.55647899127687
309,"lag11",0.576643914020438
309,"lag12",-0.303091129339243
310,"lag1",6.028868382988
310,"lag2",3.37641784657064
310,"lag3",1.50899867004302
310,"lag4",2.78951180901905
310,"lag5",0.752074844944414
310,"lag6",1.76412314263313
310,"lag7",0.0858514151809592
310,"lag8",5.62186936736382
310,"lag9",5.50351242686295
310,"lag10",2.43425255986506
310,"lag11",-2.70622188439523
310,"lag12",1.80764467990995
311,"lag1",-2.55200167270556
311,"lag2",3.58859673732254
311,"lag3",4.55673712895624
311,"lag4",-1.0057951796798
311,"lag5",-2.4866878260697
311,"lag6",-0.0859902981789171
311,"lag7",-2.36141592138423
311,"lag8",-7.23038229831585
311,"lag9",-3.84932868998545
311,"lag10",0.960320541663156
311,"lag11",0.277981390977823
311,"lag12",-1.52342290032394
312,"lag1",-3.85489584249447
312,"lag2",0.565114889009108
312,"lag3",3.3339187042219
312,"lag4",0.280362146056378
312,"lag5",3.60132531046692
312,"lag6",-1.0116118662059
312,"lag7",-0.638339870396172
312,"lag8",2.421799081396
312,"lag9",1.88236232378164
312,"lag10",-1.7662278965944
312,"lag11",0.724588761078348
312,"lag12",3.89172353772875
313,"lag1",2.06924278902984
313,"lag2",7.34835939871167
313,"lag3",7.53374980547573
313,"lag4",5.46789657296206
313,"lag5",1.99581350044255
313,"lag6",0.3172117758641
313,"lag7",4.87572457746764
313,"lag8",2.4884886552369
313,"lag9",1.76787298501364
313,"lag10",1.80313920844856
313,"lag11",-0.369916315387661
313,"lag12",-0.0356289864728154
314,"lag1",1.66377976582188
314,"lag2",6.97772207681283
314,"lag3",4.04474965813132
314,"lag4",1.15363656817922
314,"lag5",0.807962258650367
314,"lag6",0.489634591422054
314,"lag7",3.25329655048448
314,"lag8",1.38064180792806
314,"lag9",2.92786186923735
314,"lag10",6.12792308835955
314,"lag11",1.56318774863617
314,"lag12",5.31074096403178
315,"lag1",3.57673867922448
315,"lag2",0.658166683576959
315,"lag3",-0.888230456345769
315,"lag4",-2.99528301065996
315,"lag5",-1.1465211783685
315,"lag6",-1.61408590895885
315,"lag7",-4.94871063202267
315,"lag8",-5.76852388763825
315,"lag9",-4.70136428610646
315,"lag10",-4.65080350254594
315,"lag11",-2.72389093054078
315,"lag12",2.68696941375385
316,"lag1",0.728183218094473
316,"lag2",-0.782132498661138
316,"lag3",-1.91739767850834
316,"lag4",0.0524811455721381
316,"lag5",-3.02053524450002
316,"lag6",-2.18524653046823
316,"lag7",0.463324982475798
316,"lag8",-2.70671550773274
316,"lag9",-0.326102457398019
316,"lag10",1.45499218229802
316,"lag11",0.50241671195149
316,"lag12",0.903887559331667
317,"lag1",1.05882674186417
317,"lag2",0.748622820709789
317,"lag3",1.34902686777351
317,"lag4",0.788242359871853
317,"lag5",-1.0057539579138
317,"lag6",1.80533078387722
317,"lag7",1.54619662164981
317,"lag8",-1.30917021707866
317,"lag9",-2.93122985760017
317,"lag10",-0.804815525231109
317,"lag11",-0.171050628929813
317,"lag12",-0.225323234862749
318,"lag1",4.5368761916958
318,"lag2",2.73996624733974
318,"lag3",4.32874376733695
318,"lag4",4.07580420073422
318,"lag5",2.69710245134454
318,"lag6",-0.436923653716527
318,"lag7",-1.12891027587918
318,"lag8",-0.618717264203967
318,"lag9",-1.47788950502036
318,"lag10",3.93779844378853
318,"lag11",1.15515919159652
318,"lag12",3.26152216653156
319,"lag1",1.33423150352786
319,"lag2",8.25393612382091
319,"lag3",0.816557500046168
319,"lag4",1.75399490478078
319,"lag5",2.42748109571859
319,"lag6",-2.17791513281886
319,"lag7",-0.77757572110241
319,"lag8",0.410038613577493
319,"lag9",-0.179755223045392
319,"lag10",-2.25647823088431
319,"lag11",0.250316229210847
319,"lag12",1.5282148372499
320,"lag1",6.40922425458891
320,"lag2",6.44698498094699
320,"lag3",5.75757399140759
320,"lag4",2.00091978767479
320,"lag5",-1.17272860394981
320,"lag6",0.561462106959079
320,"lag7",-2.42730698208426
320,"lag8",-0.116775017381436
320,"lag9",1.66877067982692
320,"lag10",3.60463201339852
320,"lag11",-0.507039069308916
320,"lag12",0.914395318937502
321,"lag1",1.96062592030033
321,"lag2",0.814433372149704
321,"lag3",2.36640031284414
321,"lag4",0.336561279807852
321,"lag5",-1.45209522058585
321,"lag6",-1.67564180159066
321,"lag7",-1.10057959773064
321,"lag8",3.02819930129473
321,"lag9",1.19113657793329
321,"lag10",0.185025908975133
321,"lag11",-1.79172644305846
321,"lag12",0.988349572485474
322,"lag1",0.345592461896032
322,"lag2",-0.986600873054335
322,"lag3",-0.070030619221155
322,"lag4",2.28172503580552
322,"lag5",-4.24466925160149
322,"lag6",-1.90272915963647
322,"lag7",-2.19308239033206
322,"lag8",0.762852355565093
322,"lag9",0.801781904212614
322,"lag10",0.25306824791046
322,"lag11",-0.0133673321022362
322,"lag12",0.0908586966551705
323,"lag1",4.65024152858727
323,"lag2",5.00786041257443
323,"lag3",3.69681425125825
323,"lag4",4.29521898760674
323,"lag5",-1.6368289837856
323,"lag6",-0.221439555111121
323,"lag7",-0.508005224047759
323,"lag8",-0.277280843224208
323,"lag9",-2.20136498191559
323,"lag10",0.463446006593524
323,"lag11",4.33371690662214
323,"lag12",9.5289275556445
324,"lag1",0.882361912441142
324,"lag2",3.86542526227495
324,"lag3",6.42252811815557
324,"lag4",0.0348307215822604
324,"lag5",-0.524282475621933
324,"lag6",-1.47155405070192
324,"lag7",-0.705433356919794
324,"lag8",-0.0190258893590479
324,"lag9",-2.23607444851825
324,"lag10",-0.538724187465832
324,"lag11",-0.57771498707264
324,"lag12",-2.16396852286739
325,"lag1",3.73367343611151
325,"lag2",2.54030498532033
325,"lag3",0.465491836089117
325,"lag4",1.26526553435114
325,"lag5",-0.763930160200628
325,"lag6",-3.13047558252082
325,"lag7",-0.524023425456704
325,"lag8",2.44069243010887
325,"lag9",-0.120890456274715
325,"lag10",-1.47574658701112
325,"lag11",0.0706212805949535
325,"lag12",-0.292399323740373
326,"lag1",1.00082633279214
326,"lag2",0.334620870105021
326,"lag3",-4.45599975101947
326,"lag4",-2.04557525123546
326,"lag5",-0.907235622038386
326,"lag6",-2.32066071302196
326,"lag7",-1.16859882733015
326,"lag8",-3.02140453249195
326,"lag9",2.52436365439068
326,"lag10",-1.54786561670073
326,"lag11",-0.507798466095904
326,"lag12",0.0926990212458509
327,"lag1",0.484662064605966
327,"lag2",-2.39117286921172
327,"lag3",0.138445813474966
327,"lag4",-3.94829293463204
327,"lag5",-1.87192309257406
327,"lag6",-1.71383611015994
327,"lag7",-2.10326574467248
327,"lag8",-2.5423670667793
327,"lag9",-2.45345445742639
327,"lag10",-3.04292268880493
327,"lag11",-0.528331601643576
327,"lag12",3.04225172872046
328,"lag1",9.04320194557488
328,"lag2",6.93772373827523
328,"lag3",2.20774177410329
328,"lag4",6.14473147738304
328,"lag5",2.17418281977369
328,"lag6",1.32557125796803
328,"lag7",3.82235397451446
328,"lag8",6.8775064107036
328,"lag9",2.42468069389189
328,"lag10",5.36860402243128
328,"lag11",1.51632326345767
328,"lag12",-2.04160051087925
329,"lag1",2.72771967022115
329,"lag2",4.7159608831093
329,"lag3",5.16500048026152
329,"lag4",0.843208324983654
329,"lag5",-1.24379313146783
329,"lag6",-5.30780204226054
329,"lag7",3.72866619280241
329,"lag8",-3.62652209640269
329,"lag9",-8.27854814666304
329,"lag10",4.71965871284928
329,"lag11",3.45781698149023
329,"lag12",11.4529373574042
330,"lag1",2.40751197924189
330,"lag2",-0.14481034474749
330,"lag3",-1.11848077571424
330,"lag4",-0.516889201177674
330,"lag5",-0.743381174679227
330,"lag6",1.82723779492585
330,"lag7",-2.10300924330916
330,"lag8",-4.18578168630136
330,"lag9",-2.70651665298418
330,"lag10",2.32722562941972
330,"lag11",1.88178124547673
330,"lag12",1.33363527033281
331,"lag1",3.85229472321558
331,"lag2",2.27003055936807
331,"lag3",4.07604733397547
331,"lag4",1.81427958499572
331,"lag5",0.884947235136355
331,"lag6",3.15407378105671
331,"lag7",1.24655683571348
331,"lag8",-2.68615965156542
331,"lag9",-3.77707787279244
331,"lag10",-1.08991835172031
331,"lag11",-2.64204129002816
331,"lag12",0.358748432912124
332,"lag1",-0.835573156639922
332,"lag2",-0.824819810941808
332,"lag3",-0.800899516808234
332,"lag4",-0.0468918974819325
332,"lag5",-3.07697968283771
332,"lag6",-1.11222623898822
332,"lag7",-2.99519047858251
332,"lag8",-1.24470242675327
332,"lag9",-1.41150732702552
332,"lag10",-2.74380759800359
332,"lag11",-1.44296104410156
332,"lag12",-2.5398149300984
333,"lag1",2.38954956792937
333,"lag2",4.00967792467064
333,"lag3",3.78428693291424
333,"lag4",1.71738833939425
333,"lag5",-2.49667507421984
333,"lag6",-1.75154729727004
333,"lag7",2.72441482600626
333,"lag8",0.862447686676971
333,"lag9",1.16710311207845
333,"lag10",0.831751336120073
333,"lag11",3.64396629506603
333,"lag12",7.49837738380018
334,"lag1",2.27400070100597
334,"lag2",2.87817809769829
334,"lag3",-0.6609847109723
334,"lag4",1.84529902694026
334,"lag5",1.34886281793478
334,"lag6",-1.73909899645502
334,"lag7",-2.89656758780569
334,"lag8",-2.42756677789197
334,"lag9",-4.61332918114049
334,"lag10",-0.333819094555084
334,"lag11",-0.513420729765244
334,"lag12",0.446051962817582
335,"lag1",0.164817748460461
335,"lag2",1.70492820275155
335,"lag3",0.933158162041549
335,"lag4",1.36724141875031
335,"lag5",3.84821251006841
335,"lag6",-0.531537684534433
335,"lag7",1.27810365216619
335,"lag8",2.09004140699033
335,"lag9",7.85811717755444
335,"lag10",2.12768435489397
335,"lag11",-0.383603873094557
335,"lag12",-1.57298294384909
336,"lag1",5.04187161906347
336,"lag2",-2.12413165556537
336,"lag3",-1.24182550273374
336,"lag4",1.23933524990224
336,"lag5",3.52108931271627
336,"lag6",3.64233015348684
336,"lag7",-0.501594957642968
336,"lag8",1.51700403150389
336,"lag9",3.81767062619949
336,"lag10",2.26792365008333
336,"lag11",1.05636567404656
336,"lag12",4.39054832135281
337,"lag1",0.979833939872271
337,"lag2",2.71000977280338
337,"lag3",4.77872011339847
337,"lag4",-0.310442877351733
337,"lag5",-2.28072533546288
337,"lag6",0.509177357988254
337,"lag7",3.21165681913954e-05
337,"lag8",0.83908702060828
337,"lag9",-1.67455468049697
337,"lag10",1.88471108227576
337,"lag11",2.27170387328645
337,"lag12",1.77227510217702
338,"lag1",1.51491080690665
338,"lag2",-0.825215145532824
338,"lag3",0.0751668241387213
338,"lag4",3.504048461697
338,"lag5",1.41625393948671
338,"lag6",0.75281179553511
338,"lag7",-0.784333029085165
338,"lag8",0.416520221352571
338,"lag9",4.07066396906449
338,"lag10",1.98071087805304
338,"lag11",2.80287306231583
338,"lag12",-0.27660808577321
339,"lag1",2.60739285673503
339,"lag2",2.60743799676829
339,"lag3",0.355738881805009
339,"lag4",-1.11071683378961
339,"lag5",-1.03307669249805
339,"lag6",1.62912090965791
339,"lag7",-0.90693598170354
339,"lag8",-3.00931476942021
339,"lag9",-3.90790208734307
339,"lag10",0.180298909321782
339,"lag11",-3.23924865379699
339,"lag12",-3.42025585260101
340,"lag1",3.83777897805955
340,"lag2",-0.0043029840202962
340,"lag3",2.7157838084538
340,"lag4",2.83508298495496
340,"lag5",-1.23623715610225
340,"lag6",0.574120022554385
340,"lag7",2.46470354743347
340,"lag8",4.51330429688809
340,"lag9",-1.32841368680311
340,"lag10",2.2210268092457
340,"lag11",2.68430691008872
340,"lag12",2.38374608244076
341,"lag1",5.79468861167805
341,"lag2",7.98812934921622
341,"lag3",1.25311662031253
341,"lag4",4.10380583237726
341,"lag5",-0.157979075204013
341,"lag6",-0.768120442192747
341,"lag7",-2.26840939940352
341,"lag8",1.87242209235798
341,"lag9",3.93533741980545
341,"lag10",2.91671692371964
341,"lag11",3.46248279146146
341,"lag12",3.32961710696161
342,"lag1",1.62423832475348
342,"lag2",0.174015274620392
342,"lag3",-1.39337343132239
342,"lag4",0.25060719465536
342,"lag5",4.85239309121157
342,"lag6",3.34951972778575
342,"lag7",1.88509948971408
342,"lag8",-1.16728374433418
342,"lag9",-2.08598610031113
342,"lag10",0.79657246031541
342,"lag11",1.59428357820441
342,"lag12",3.5190776264137
343,"lag1",3.43920749946181
343,"lag2",0.800597565929535
343,"lag3",4.34584532092833
343,"lag4",1.19131644783188
343,"lag5",-3.46320870237084
343,"lag6",-2.18352123656842
343,"lag7",-0.0490664553974493
343,"lag8",-1.05679110958327
343,"lag9",2.78080638705845
343,"lag10",0.233324703432332
343,"lag11",-2.28160493435654
343,"lag12",0.904624197148822
344,"lag1",1.36280521382646
344,"lag2",1.65153149070371
344,"lag3",-1.08924448501359
344,"lag4",-2.92775648765945
344,"lag5",5.35356605520992
344,"lag6",1.68001119535893
344,"lag7",1.12155471565531
344,"lag8",4.10074104907551
344,"lag9",0.920067942413117
344,"lag10",-3.39433616324931
344,"lag11",-2.86476012895991
344,"lag12",7.55292819931068
345,"lag1",2.67784899148752
345,"lag2",3.54501000981234
345,"lag3",-1.90140592395067
345,"lag4",-2.11039413680879
345,"lag5",2.43760304440662
345,"lag6",0.452206604995707
345,"lag7",1.03646663491166
345,"lag8",8.80579745623758
345,"lag9",0.520358957152638
345,"lag10",0.449470814254636
345,"lag11",1.6740862366899
345,"lag12",2.98238004044039
346,"lag1",2.35968193574048
346,"lag2",-1.11253869833084
346,"lag3",-1.51748783503272
346,"lag4",0.151842584437565
346,"lag5",-1.5449616022159
346,"lag6",1.37183765934127
346,"lag7",5.66077030566023
346,"lag8",4.36699591844321
346,"lag9",2.40649224932782
346,"lag10",0.418749018740564
346,"lag11",0.177921828245844
346,"lag12",4.46615198720553
347,"lag1",5.24360578597793
347,"lag2",5.83744466287312
347,"lag3",3.89950397074978
347,"lag4",5.85736853643544
347,"lag5",2.70988070413846
347,"lag6",2.38507168242001
347,"lag7",2.22809803480765
347,"lag8",-0.496002698159244
347,"lag9",-2.72185760625936
347,"lag10",-1.31475438946855
347,"lag11",-0.791018804422091
347,"lag12",-1.43571745783394
348,"lag1",0.911568999296623
348,"lag2",4.41117965533511
348,"lag3",-0.722980605768811
348,"lag4",2.28048739995564
348,"lag5",-0.612510821522866
348,"lag6",0.362616561952836
348,"lag7",3.75743406055343
348,"lag8",3.6095095632051
348,"lag9",1.17956372509604
348,"lag10",2.21343058540643
348,"lag11",-0.275472949863224
348,"lag12",-1.16257555536053
349,"lag1",-0.0509425168727496
349,"lag2",-0.400299704626
349,"lag3",0.709851086098061
349,"lag4",3.31867627168566
349,"lag5",2.95196513404143
349,"lag6",0.247528952711344
349,"lag7",-0.717114955437362
349,"lag8",1.38967995738686
349,"lag9",2.10869710168383
349,"lag10",4.0772709915849
349,"lag11",-1.21348420056833
349,"lag12",3.28428472378793
350,"lag1",1.1640626497777
350,"lag2",-1.31659734082011
350,"lag3",2.3282593742821
350,"lag4",1.37852379403434
350,"lag5",0.561550492816228
350,"lag6",2.48232123216671
350,"lag7",2.44513965535605
350,"lag8",1.37697041943312
350,"lag9",5.27430238573898
350,"lag10",8.02214299216365
350,"lag11",-1.85634120199911
350,"lag12",2.81950638379864
351,"lag1",1.48918868522971
351,"lag2",-3.36599863698856
351,"lag3",6.10109262258748
351,"lag4",0.854715228954084
351,"lag5",-0.881049588508789
351,"lag6",-0.481901053506212
351,"lag7",-1.40107104011226
351,"lag8",-2.00645288115145
351,"lag9",2.67288156714078
351,"lag10",-0.764134841513822
351,"lag11",-3.04316615570019
351,"lag12",-2.28925841205635
352,"lag1",8.30769635700747
352,"lag2",0.974666419594991
352,"lag3",1.27113223958299
352,"lag4",0.638069715392542
352,"lag5",4.92276869890215
352,"lag6",3.1504492511615
352,"lag7",4.47863174312301
352,"lag8",-1.07892392928967
352,"lag9",0.50223678463726
352,"lag10",3.07734082338782
352,"lag11",7.25268961338467
352,"lag12",3.75491477158788
353,"lag1",-1.38715104970722
353,"lag2",-2.14045818643164
353,"lag3",-2.9621789280046
353,"lag4",-1.05257555205472
353,"lag5",1.07378577058356
353,"lag6",-1.83844596230627
353,"lag7",-0.0895258873641188
353,"lag8",-1.62211877161473
353,"lag9",-0.359191287563931
353,"lag10",1.71881555206308
353,"lag11",0.0560412869230532
353,"lag12",1.65173919144296
354,"lag1",-2.2495817627768
354,"lag2",-0.803562406624545
354,"lag3",4.47201068183455
354,"lag4",-2.14708343663493
354,"lag5",0.651575689184311
354,"lag6",-3.42860649202383
354,"lag7",-2.18279980963321
354,"lag8",-0.611637450325438
354,"lag9",0.0719979971434769
354,"lag10",-0.601242233343143
354,"lag11",3.16837902407129
354,"lag12",-2.25267371383782
355,"lag1",2.22324840423016
355,"lag2",-0.247605643956026
355,"lag3",2.55522479583931
355,"lag4",1.07397326784863
355,"lag5",0.461807874247641
355,"lag6",0.0800855614531709
355,"lag7",3.81132723487625
355,"lag8",-0.78740562640752
355,"lag9",-1.60865537437073
355,"lag10",-3.78619501234657
355,"lag11",-1.17332708356019
355,"lag12",0.823656548011446
356,"lag1",1.44635011722104
356,"lag2",0.434551478847798
356,"lag3",1.47065771448642
356,"lag4",-1.17786328076517
356,"lag5",-2.88493130022841
356,"lag6",-0.770472565029493
356,"lag7",-0.129671036221991
356,"lag8",-1.25457854805604
356,"lag9",1.12137171672044
356,"lag10",-0.901820347036253
356,"lag11",1.42827913245419
356,"lag12",0.879451780819925
357,"lag1",-0.567735685245891
357,"lag2",2.78323389190598
357,"lag3",3.57910155156898
357,"lag4",0.804448117371385
357,"lag5",-0.257480652663424
357,"lag6",-1.16865413284026
357,"lag7",2.23614179067731
357,"lag8",1.2224267802093
357,"lag9",-0.0253310137768559
357,"lag10",0.809474979853078
357,"lag11",-2.28716612534447
357,"lag12",-1.00800063781566
358,"lag1",1.29683236323611
358,"lag2",-4.52503867020448
358,"lag3",1.36871956937561
358,"lag4",0.509882472965262
358,"lag5",2.13873027910939
358,"lag6",0.96019449450589
358,"lag7",1.80798306174065
358,"lag8",2.51283489676871
358,"lag9",2.82566657075832
358,"lag10",0.0851936868945593
358,"lag11",1.02264730878748
358,"lag12",-1.71479330527463
359,"lag1",3.46602092687212
359,"lag2",0.105160625664471
359,"lag3",-1.18633728417025
359,"lag4",-2.72067154781543
359,"lag5",0.34465826900621
359,"lag6",0.75184680611648
359,"lag7",0.868583911513368
359,"lag8",-1.37955843166395
359,"lag9",-1.71951031484112
359,"lag10",1.67249026796228
359,"lag11",-0.621152894442311
359,"lag12",4.96574517261426
360,"lag1",3.76377586626493
360,"lag2",3.05930148044918
360,"lag3",7.11561862271062
360,"lag4",1.71903577063955
360,"lag5",1.82432338103387
360,"lag6",0.344126067023406
360,"lag7",-2.81638498329319
360,"lag8",-1.93671473376194
360,"lag9",-0.477581333013078
360,"lag10",1.65347781536775
360,"lag11",0.315487936650293
360,"lag12",0.93425064852143
361,"lag1",1.57786623489456
361,"lag2",-0.998519504497499
361,"lag3",2.45774788717713
361,"lag4",-1.59111834638329
361,"lag5",-1.35892627706573
361,"lag6",-1.06335242031073
361,"lag7",2.19452196392948
361,"lag8",2.40459718253301
361,"lag9",1.79786433055538
361,"lag10",0.253007209618898
361,"lag11",-2.04874977697188
361,"lag12",0.964526815793354
362,"lag1",3.78805363655018
362,"lag2",1.90761255689334
362,"lag3",-1.81384450058352
362,"lag4",0.237464562164014
362,"lag5",-1.82632380660025
362,"lag6",0.0646474756131812
362,"lag7",0.301145345170503
362,"lag8",7.86192103028024
362,"lag9",4.44611423958717
362,"lag10",9.28506425470282
362,"lag11",9.33494364474124
362,"lag12",16.0356246001217
363,"lag1",2.88232328179285
363,"lag2",5.77086770507159
363,"lag3",2.19103511868258
363,"lag4",0.341580192809329
363,"lag5",-1.45788334388158
363,"lag6",-2.86082688604619
363,"lag7",0.906968149829925
363,"lag8",0.403097960895522
363,"lag9",-3.06779488346116
363,"lag10",1.4321159080516
363,"lag11",1.05704914850531
363,"lag12",3.78421765197041
364,"lag1",-0.583389723825716
364,"lag2",-1.47380119711949
364,"lag3",-0.230357835099636
364,"lag4",-0.440549810982737
364,"lag5",-2.67403232895857
364,"lag6",-3.31916363132721
364,"lag7",-3.33542298014112
364,"lag8",-1.18095052771792
364,"lag9",-1.50494672049984
364,"lag10",2.18778399942046
364,"lag11",1.70973443243426
364,"lag12",-1.84501209824828
365,"lag1",3.80745004226694
365,"lag2",1.2803980593464
365,"lag3",-2.69416830605718
365,"lag4",-3.82113782033018
365,"lag5",-1.92250216238426
365,"lag6",-0.246736555499532
365,"lag7",-1.03678805988905
365,"lag8",-1.26880421364286
365,"lag9",-2.58942791595651
365,"lag10",-3.58100764436767
365,"lag11",-1.98785833558958
365,"lag12",-0.481067446220842
366,"lag1",-2.05520504640087
366,"lag2",-5.21789480704414
366,"lag3",6.12729743203846
366,"lag4",-1.49533916064526
366,"lag5",2.20456320554588
366,"lag6",-1.05704511714798
366,"lag7",0.816907863188633
366,"lag8",-2.35843869961874
366,"lag9",-4.12025952691977
366,"lag10",-0.536484713675214
366,"lag11",-0.932221998773642
366,"lag12",3.55991554494665
367,"lag1",3.14362813292812
367,"lag2",1.9953019918896
367,"lag3",5.83917785669809
367,"lag4",3.79689587239766
367,"lag5",2.21879037446261
367,"lag6",0.32225781039929
367,"lag7",1.04234102171578
367,"lag8",-1.02072500259469
367,"lag9",-4.35640242148779
367,"lag10",-3.51138622528224
367,"lag11",1.38846011655399
367,"lag12",-0.0160579060257493
368,"lag1",3.50569954228512
368,"lag2",4.17034986467709
368,"lag3",7.00061320760613
368,"lag4",3.14760839421086
368,"lag5",1.69821323782532
368,"lag6",-0.253152475087592
368,"lag7",2.44558905864178
368,"lag8",-0.967347647063499
368,"lag9",0.593642673319118
368,"lag10",-1.02564121704399
368,"lag11",-1.86649868377338
368,"lag12",-2.08550337633842
369,"lag1",4.11605201771492
369,"lag2",4.47592446756894
369,"lag3",-3.20302895499573
369,"lag4",-0.664218574361939
369,"lag5",0.322597562946134
369,"lag6",2.18094526172858
369,"lag7",6.66696091837441
369,"lag8",2.84078774572139
369,"lag9",3.57721441696189
369,"lag10",-0.625095358208019
369,"lag11",-0.655053418872017
369,"lag12",0.674658730088277
370,"lag1",3.73170903336182
370,"lag2",0.287393011323137
370,"lag3",-2.19201720501996
370,"lag4",0.948814311175585
370,"lag5",-1.19585024601364
370,"lag6",-0.859660123320429
370,"lag7",1.99112654135796
370,"lag8",4.05473886446295
370,"lag9",-0.204222035729794
370,"lag10",1.01618734849052
370,"lag11",-0.945516206810063
370,"lag12",0.74512943221157
371,"lag1",3.61458206140995
371,"lag2",3.5182188278594
371,"lag3",2.87394736221236
371,"lag4",-1.21167229532642
371,"lag5",-1.97673231810765
371,"lag6",-1.66180197095381
371,"lag7",-0.1718320467145
371,"lag8",0.429811645163141
371,"lag9",0.687177837326814
371,"lag10",-0.919811866643025
371,"lag11",-1.694945482111
371,"lag12",0.467639626134717
372,"lag1",2.05520789558825
372,"lag2",5.34223287448707
372,"lag3",3.93800524358295
372,"lag4",-2.49647325975562
372,"lag5",0.477799754541438
372,"lag6",0.074644196225641
372,"lag7",-0.425975376760332
372,"lag8",3.13826208093571
372,"lag9",3.21048178219626
372,"lag10",0.637813720220625
372,"lag11",-0.593258822094949
372,"lag12",3.54930648027642
373,"lag1",1.10798824689029
373,"lag2",0.721364127455448
373,"lag3",-1.56126178395833
373,"lag4",1.61306277225128
373,"lag5",-2.64617533082522
373,"lag6",-2.4975844149323
373,"lag7",-1.85268106355505
373,"lag8",-0.505013029585786
373,"lag9",-1.93152652312319
373,"lag10",-3.29607911468841
373,"lag11",-4.3557310842134
373,"lag12",-1.69106835714803
374,"lag1",2.91364523577725
374,"lag2",2.06939013145919
374,"lag3",1.08656919292097
374,"lag4",2.8278206433327
374,"lag5",-3.44660909891593
374,"lag6",-1.66926989719072
374,"lag7",-1.98583021862783
374,"lag8",-4.16293988890215
374,"lag9",-3.12114983662063
374,"lag10",-1.69207914136364
374,"lag11",-1.36662400093606
374,"lag12",1.3389359447292
375,"lag1",7.6624536430955
375,"lag2",3.59856542020773
375,"lag3",-1.07027146798661
375,"lag4",0.952525476801464
375,"lag5",-4.00760213068842
375,"lag6",2.22437736885495
375,"lag7",0.290890307136122
375,"lag8",7.88351962191826
375,"lag9",7.81398518184902
375,"lag10",1.73944278413666
375,"lag11",0.669595334761634
375,"lag12",5.11376305088687
376,"lag1",-1.11901887718
376,"lag2",-1.11737257567746
376,"lag3",5.15738046921403
376,"lag4",1.96121846807936
376,"lag5",-2.3216814243922
376,"lag6",-2.67185950493131
376,"lag7",-1.90522779227003
376,"lag8",-2.72596914180631
376,"lag9",-0.748706617419326
376,"lag10",-2.02482636655086
376,"lag11",-1.77893848075524
376,"lag12",-3.12691752926787
377,"lag1",1.92544854726981
377,"lag2",4.04804626033271
377,"lag3",7.61507256438394
377,"lag4",0.124010872704095
377,"lag5",0.373586745665361
377,"lag6",1.24214524627874
377,"lag7",-1.0628370721389
377,"lag8",1.9365404319787
377,"lag9",-1.0833960063294
377,"lag10",1.89344028357141
377,"lag11",2.42676601481997
377,"lag12",0.0851234819362569
378,"lag1",-2.00509498112793
378,"lag2",1.50914856149999
378,"lag3",6.51959430085577
378,"lag4",-3.25231632651215
378,"lag5",-3.06415805773078
378,"lag6",-2.43689804633781
378,"lag7",-0.0597776628469806
378,"lag8",-1.23728377790969
378,"lag9",1.66946586921734
378,"lag10",-2.11054964179829
378,"lag11",-3.53444469163816
378,"lag12",-2.08423747697277
379,"lag1",1.23096741413126
379,"lag2",0.525790794681155
379,"lag3",-1.32212302607471
379,"lag4",0.83665960222855
379,"lag5",-1.45623292598826
379,"lag6",-3.38532268731211
379,"lag7",0.513598436813122
379,"lag8",1.49047483141289
379,"lag9",0.261062401352868
379,"lag10",0.229594045029915
379,"lag11",-1.98444743691785
379,"lag12",-0.55924970712873
380,"lag1",1.67130196625336
380,"lag2",-1.97832577727705
380,"lag3",-0.700347563885698
380,"lag4",0.219643628240523
380,"lag5",-0.702452798096417
380,"lag6",1.03004006316136
380,"lag7",-0.86388433579785
380,"lag8",-0.512404943540482
380,"lag9",-0.385466583995526
380,"lag10",1.63329415187479
380,"lag11",-0.425486026187102
380,"lag12",-0.0449100618136039
381,"lag1",6.44573052595367
381,"lag2",0.376575172310458
381,"lag3",0.582835276077139
381,"lag4",2.9296294508271
381,"lag5",2.70696092821097
381,"lag6",2.10790931639213
381,"lag7",-0.412662677835455
381,"lag8",-0.407383814732164
381,"lag9",-0.930500599135776
381,"lag10",0.806895974445604
381,"lag11",-0.92855900267398
381,"lag12",0.985175480871686
382,"lag1",2.11090314572981
382,"lag2",-1.86773044269269
382,"lag3",-1.75056592856165
382,"lag4",0.717236061273643
382,"lag5",1.57194858078938
382,"lag6",1.13711979610236
382,"lag7",-0.892373437759313
382,"lag8",1.34326268798835
382,"lag9",-1.29033549191281
382,"lag10",-3.31873265847843
382,"lag11",1.00143685606462
382,"lag12",1.29729921911966
383,"lag1",-3.25170717004932
383,"lag2",0.0754408037982784
383,"lag3",2.44512870928494
383,"lag4",1.9087754780494
383,"lag5",3.03004552108293
383,"lag6",0.66410066630998
383,"lag7",1.84708349060744
383,"lag8",3.39685227868057
383,"lag9",3.57852799529164
383,"lag10",-0.932025972196739
383,"lag11",0.755506443844297
383,"lag12",0.972089215641566
384,"lag1",0.901785197835079
384,"lag2",7.56834269361251
384,"lag3",4.81310496129956
384,"lag4",-0.0920509076406005
384,"lag5",0.343405171431981
384,"lag6",-0.40446014890434
384,"lag7",0.961863283259571
384,"lag8",0.717746374724424
384,"lag9",1.62450538375184
384,"lag10",0.0108189999208115
384,"lag11",-0.877570291936025
384,"lag12",-2.63432355480795
385,"lag1",2.89056301957859
385,"lag2",3.14731242727356
385,"lag3",9.97295187339209
385,"lag4",4.8493963759834
385,"lag5",5.29363001595849
385,"lag6",4.95710293668607
385,"lag7",3.93459975988205
385,"lag8",0.328061499152432
385,"lag9",-1.10964309690912
385,"lag10",-2.16765266816547
385,"lag11",6.03426443675025
385,"lag12",3.35626868452356
386,"lag1",0.34619369543362
386,"lag2",2.89834248955632
386,"lag3",6.02595962031917
386,"lag4",2.41001504590468
386,"lag5",1.81555311286963
386,"lag6",0.624938853415686
386,"lag7",4.37530174931022
386,"lag8",0.791318247047051
386,"lag9",3.58579844937794
386,"lag10",6.39606296756261
386,"lag11",-1.79145205075205
386,"lag12",-0.964644069908244
387,"lag1",-1.01601594970548
387,"lag2",-5.05914716187979
387,"lag3",-0.394687347741252
387,"lag4",-2.3466317423951
387,"lag5",1.60468697938391
387,"lag6",2.46231672421013
387,"lag7",2.89136866434088
387,"lag8",2.51427082263148
387,"lag9",2.87908484110099
387,"lag10",0.956024816192354
387,"lag11",-0.583223628420918
387,"lag12",1.12664003739437
388,"lag1",6.78956522573973
388,"lag2",-2.84942821431433
388,"lag3",0.616164672978282
388,"lag4",-1.97369938447218
388,"lag5",-3.50527540463353
388,"lag6",0.909623246090987
388,"lag7",-1.9981720385388
388,"lag8",-2.91757146873112
388,"lag9",-3.55408020086247
388,"lag10",-1.81206827989131
388,"lag11",0.173086392240782
388,"lag12",2.01421638954449
389,"lag1",3.9525610889396
389,"lag2",0.822722026138231
389,"lag3",2.7143941844824
389,"lag4",0.638506650028478
389,"lag5",-3.09192616378034
389,"lag6",1.1133141785748
389,"lag7",4.07344682957639
389,"lag8",1.09897045077716
389,"lag9",1.09903092500804
389,"lag10",1.87033509195959
389,"lag11",3.17852974832469
389,"lag12",11.327841893636
390,"lag1",0.760174919517901
390,"lag2",1.69071982318199
390,"lag3",3.32224088460269
390,"lag4",-1.33413699237653
390,"lag5",5.64549846185616
390,"lag6",0.360008226494061
390,"lag7",3.20303774333899
390,"lag8",2.19682436889269
390,"lag9",-1.20821192801508
390,"lag10",-2.68394216113495
390,"lag11",-0.68360278111169
390,"lag12",-0.18526446639622
391,"lag1",0.299624387928805
391,"lag2",-0.481321532242039
391,"lag3",-1.05590166130245
391,"lag4",-1.20452835655699
391,"lag5",-4.60094718347132
391,"lag6",-1.88033948826756
391,"lag7",0.71441900502471
391,"lag8",3.17897120113776
391,"lag9",2.07542512763324
391,"lag10",-0.191407682335513
391,"lag11",-1.00670207774969
391,"lag12",0.630332714870153
392,"lag1",2.3857806335626
392,"lag2",6.69192157841078
392,"lag3",2.8258672374538
392,"lag4",4.95185204577513
392,"lag5",2.08022490244228
392,"lag6",0.252482825089771
392,"lag7",1.19017292231988
392,"lag8",3.48018766961201
392,"lag9",3.13788661463386
392,"lag10",0.252329178823158
392,"lag11",-1.26034186071116
392,"lag12",2.08125972481759
393,"lag1",3.4862699469951
393,"lag2",2.4744523019667
393,"lag3",-0.846687604568671
393,"lag4",1.35958334313855
393,"lag5",-1.70463781978638
393,"lag6",2.13578382706216
393,"lag7",4.61492626017511
393,"lag8",-1.45378804065629
393,"lag9",-1.3251374286421
393,"lag10",1.23447058039348
393,"lag11",1.65165076424995
393,"lag12",3.16648167708184
394,"lag1",0.170301555580043
394,"lag2",-1.43989500475766
394,"lag3",-2.72243094869269
394,"lag4",0.0727709771942511
394,"lag5",1.15584501471063
394,"lag6",3.06588858975569
394,"lag7",5.88545828337237
394,"lag8",1.93949610409863
394,"lag9",-0.791697197993311
394,"lag10",0.616109715262713
394,"lag11",-2.54427548661317
394,"lag12",-1.58469133857636
395,"lag1",3.16154478544733
395,"lag2",3.90914358665193
395,"lag3",11.3072424649931
395,"lag4",3.54651352916475
395,"lag5",3.07688577996686
395,"lag6",2.86471468688722
395,"lag7",5.67813286913983
395,"lag8",3.52027239246303
395,"lag9",0.199134125912841
395,"lag10",2.16578624283936
395,"lag11",-1.80939678331242
395,"lag12",-0.210357654376253
396,"lag1",3.14508992144212
396,"lag2",4.65671570021762
396,"lag3",-1.82403141168611
396,"lag4",-0.682725674477006
396,"lag5",-1.2237929125646
396,"lag6",2.18293385018746
396,"lag7",0.0850085845404835
396,"lag8",-1.39234254427699
396,"lag9",-2.5968210576531
396,"lag10",-1.80193738824527
396,"lag11",1.33630535229068
396,"lag12",0.773538267096888
397,"lag1",-0.474659517126294
397,"lag2",2.56298405077065
397,"lag3",-0.345098504284631
397,"lag4",3.2600082263215
397,"lag5",5.29075666723627
397,"lag6",5.12454982052179
397,"lag7",5.67752154337643
397,"lag8",2.95971648778354
397,"lag9",4.84226584222663
397,"lag10",3.78526569286045
397,"lag11",2.92508199107463
397,"lag12",0.741583706966303
398,"lag1",2.80898555808825
398,"lag2",2.32778135324958
398,"lag3",8.95508888676167
398,"lag4",2.38441231151979
398,"lag5",1.62947354809882
398,"lag6",3.18622502033689
398,"lag7",-0.891059911246473
398,"lag8",4.17013159860641
398,"lag9",6.24727298194624
398,"lag10",1.22838879015008
398,"lag11",-1.11227604187211
398,"lag12",-0.347810960639757
399,"lag1",-0.686462002725293
399,"lag2",4.88734837762241
399,"lag3",3.23263445191716
399,"lag4",-0.662190644407778
399,"lag5",-1.78954157002932
399,"lag6",-1.32637221703912
399,"lag7",3.63910544818415
399,"lag8",3.53011778685406
399,"lag9",2.54961820663318
399,"lag10",5.58718977178533
399,"lag11",1.00318608808161
399,"lag12",0.0567780406576106
400,"lag1",0.489043862777258
400,"lag2",1.86963034183472
400,"lag3",0.0110036167402532
400,"lag4",3.93889717902276
400,"lag5",4.43977738010659
400,"lag6",1.53394553650018
400,"lag7",2.99560358144171
400,"lag8",-0.173334599299563
400,"lag9",0.639242606975673
400,"lag10",3.39567349785475
400,"lag11",1.2628331196346
400,"lag12",2.2794085897918
401,"lag1",1.20116113363149
401,"lag2",2.73700197417448
401,"lag3",4.96160319041941
401,"lag4",1.52855490199215
401,"lag5",3.23867676842834
401,"lag6",1.2493437990511
401,"lag7",1.20046668454143
401,"lag8",2.72819500376262
401,"lag9",-1.88457863873611
401,"lag10",1.84591795952865
401,"lag11",1.86313413711842
401,"lag12",3.47404633181636
402,"lag1",1.69015225980808
402,"lag2",-1.13930448717988
402,"lag3",6.71454449326064
402,"lag4",6.40914312484063
402,"lag5",0.983132236521961
402,"lag6",3.33861877383546
402,"lag7",3.76874520994354
402,"lag8",6.56785495436445
402,"lag9",1.90825684810031
402,"lag10",3.93969137371135
402,"lag11",-0.0147658483329279
402,"lag12",1.33759434128435
403,"lag1",-1.66106325044112
403,"lag2",1.87126830845281
403,"lag3",-2.85925744152109
403,"lag4",-4.69976010026785
403,"lag5",-1.41440148703032
403,"lag6",0.332926423687007
403,"lag7",-4.52211156539894
403,"lag8",0.869520718988287
403,"lag9",-1.18624777146709
403,"lag10",-1.26721499688882
403,"lag11",0.770456711866954
403,"lag12",2.37690893238899
404,"lag1",0.584720137489314
404,"lag2",-0.479814749755192
404,"lag3",-1.94038189564189
404,"lag4",-1.34222394371218
404,"lag5",2.99228660008602
404,"lag6",1.4742596076964
404,"lag7",-0.851888371007004
404,"lag8",-1.83410072003789
404,"lag9",-0.204352917666204
404,"lag10",-2.14962258534247
404,"lag11",-1.18725858443546
404,"lag12",-0.56441109755742
405,"lag1",-0.0828328188903521
405,"lag2",-2.48995335110707
405,"lag3",-0.267487856193013
405,"lag4",-0.75362227060459
405,"lag5",-1.69627158063291
405,"lag6",-0.539304381501252
405,"lag7",-0.418167798173055
405,"lag8",4.19344924382187
405,"lag9",0.691410137289934
405,"lag10",-1.84077957370509
405,"lag11",-5.05253908335996
405,"lag12",-2.52874822003087
406,"lag1",1.20759629718996
406,"lag2",5.38559117765846
406,"lag3",9.30689066014432
406,"lag4",3.22638474696381
406,"lag5",-0.126939824839282
406,"lag6",0.866154057461108
406,"lag7",-2.52012187938697
406,"lag8",-1.23154142777752
406,"lag9",0.723544484170848
406,"lag10",2.9761939105275
406,"lag11",1.1434264063729
406,"lag12",3.17989287984469
407,"lag1",3.31334447533339
407,"lag2",3.02398341553006
407,"lag3",0.735386860904037
407,"lag4",1.30942652781089
407,"lag5",3.16245562282276
407,"lag6",3.58005765722978
407,"lag7",7.32624136175268
407,"lag8",8.27023979527225
407,"lag9",0.268365449571039
407,"lag10",1.5378366918391
407,"lag11",2.44622094022997
407,"lag12",-2.21471240255228
408,"lag1",6.88182706895614
408,"lag2",-0.77862856016169
408,"lag3",2.73389168816546
408,"lag4",-0.596129766004451
408,"lag5",0.772131308734145
408,"lag6",3.81594308396472
408,"lag7",0.0870147723414417
408,"lag8",-2.98570656782615
408,"lag9",-0.200884174367703
408,"lag10",-2.8421124142228
408,"lag11",-2.51177891708592
408,"lag12",3.48990052748932
409,"lag1",2.16059945210582
409,"lag2",2.65494461078415
409,"lag3",4.10535606423469
409,"lag4",1.02166844540297
409,"lag5",2.94384692584251
409,"lag6",1.524418817265
409,"lag7",0.359147958678452
409,"lag8",3.72703765614406
409,"lag9",1.36676197860519
409,"lag10",3.1037697825182
409,"lag11",1.56596052929142
409,"lag12",-1.0558376877462
410,"lag1",0.0846097992688937
410,"lag2",-0.342810653747795
410,"lag3",4.42035818006678
410,"lag4",1.27145188289534
410,"lag5",3.75096064818683
410,"lag6",6.44975499175137
410,"lag7",1.4502300386207
410,"lag8",-1.77179814277173
410,"lag9",0.29033587598457
410,"lag10",0.374586349650776
410,"lag11",0.312536074587296
410,"lag12",-0.304410826233547
411,"lag1",-0.0307834345084934
411,"lag2",2.02280741970057
411,"lag3",3.76653760991463
411,"lag4",0.851202298945673
411,"lag5",0.454048053907611
411,"lag6",0.143329299757332
411,"lag7",0.0473716672763771
411,"lag8",2.21285366700718
411,"lag9",2.11389306659653
411,"lag10",3.29800837046587
411,"lag11",0.500317255082807
411,"lag12",1.21130103621386
412,"lag1",4.68547068714597
412,"lag2",4.63772587037318
412,"lag3",1.31238260200071
412,"lag4",-3.3328041003841
412,"lag5",-3.11997226923921
412,"lag6",-3.34755771750011
412,"lag7",-0.459028329087987
412,"lag8",0.839697124085385
412,"lag9",-4.07441390749925
412,"lag10",-4.47762317976148
412,"lag11",-3.09099522381206
412,"lag12",1.6968259108336
413,"lag1",2.63608919107813
413,"lag2",3.91682330221452
413,"lag3",8.57084718514322
413,"lag4",3.89565071720657
413,"lag5",1.17588257720259
413,"lag6",1.78918029093792
413,"lag7",3.31526966512072
413,"lag8",0.964355226867299
413,"lag9",4.46640515451779
413,"lag10",0.871046713856946
413,"lag11",1.19239350715414
413,"lag12",3.40776595031076
414,"lag1",5.21257976326203
414,"lag2",0.650281109141407
414,"lag3",-3.7233465888181
414,"lag4",-1.1988042775172
414,"lag5",2.50923258962965
414,"lag6",4.63572684406849
414,"lag7",0.459706865170297
414,"lag8",-1.24427111356021
414,"lag9",-2.19062762059357
414,"lag10",-5.35743543838607
414,"lag11",-1.18284149149533
414,"lag12",10.5729701183165
415,"lag1",0.0728149192398284
415,"lag2",-0.577198800062586
415,"lag3",3.1808675165787
415,"lag4",1.84330277457646
415,"lag5",4.57354677090894
415,"lag6",3.92846000174654
415,"lag7",1.39384637420948
415,"lag8",-0.473202661415986
415,"lag9",0.650435860786222
415,"lag10",0.195282642419263
415,"lag11",2.38384734815154
415,"lag12",0.384123088602755
416,"lag1",5.85825414129774
416,"lag2",2.61498923566917
416,"lag3",1.02035836363836
416,"lag4",2.07223921895235
416,"lag5",1.85321527160235
416,"lag6",-0.00365090719697178
416,"lag7",-0.483608300607857
416,"lag8",2.99705650463588
416,"lag9",0.747582194208534
416,"lag10",2.98788586135699
416,"lag11",1.17713115463551
416,"lag12",8.62714516406321
417,"lag1",2.66818126039825
417,"lag2",-0.997662426039411
417,"lag3",2.65437687156591
417,"lag4",7.85807251841197
417,"lag5",0.422924828148921
417,"lag6",-3.56673749923489
417,"lag7",-0.805055228880493
417,"lag8",-1.58244079139263
417,"lag9",-2.71353665587958
417,"lag10",9.64205021437139
417,"lag11",-1.73884514657975
417,"lag12",-1.1509442582013
418,"lag1",1.44955264696539
418,"lag2",-0.0686227128259929
418,"lag3",-0.378579576914062
418,"lag4",2.54636104988134
418,"lag5",-0.751780758464187
418,"lag6",-5.10428912080524
418,"lag7",-6.10914788845063
418,"lag8",-4.90920968662447
418,"lag9",-3.32596251795176
418,"lag10",-0.00459847279375403
418,"lag11",0.814031225401851
418,"lag12",0.146025958943818
419,"lag1",4.47247911260866
419,"lag2",3.75316642139916
419,"lag3",-0.25117462065385
419,"lag4",3.61802350276137
419,"lag5",2.72411539685492
419,"lag6",1.64073103152532
419,"lag7",0.45709402532514
419,"lag8",-0.0641145225079056
419,"lag9",-0.994421061935737
419,"lag10",0.0340796685217282
419,"lag11",0.389418660742743
419,"lag12",1.87829719480933
420,"lag1",4.14546296026195
420,"lag2",0.322352677226598
420,"lag3",4.04282365623913
420,"lag4",-0.0272201926625306
420,"lag5",1.28991330558251
420,"lag6",0.00551065466924161
420,"lag7",-0.338943046756584
420,"lag8",-3.83159803959749
420,"lag9",-3.92739430199678
420,"lag10",2.63875908916511
420,"lag11",8.83065719132354
420,"lag12",13.4738698136162
421,"lag1",-1.57295745713688
421,"lag2",-2.27987487249107
421,"lag3",-0.912740691396028
421,"lag4",1.59104999374011
421,"lag5",-2.71081675133953
421,"lag6",2.13451020972816
421,"lag7",-2.82954635451595
421,"lag8",-5.99449309986409
421,"lag9",-4.68947295375925
421,"lag10",-3.44584188102285
421,"lag11",-1.30553332967073
421,"lag12",-4.45158215921587
422,"lag1",0.374278631746494
422,"lag2",0.184430293444557
422,"lag3",3.92691415595479
422,"lag4",1.99878571187636
422,"lag5",0.966165830993732
422,"lag6",3.68397533925336
422,"lag7",3.41764259907193
422,"lag8",-2.99772099903623
422,"lag9",-2.47997887947602
422,"lag10",-1.02575460732973
422,"lag11",-0.99674359183986
422,"lag12",-1.36579844337584
423,"lag1",-1.53905945459551
423,"lag2",0.557677341321763
423,"lag3",7.73144901415078
423,"lag4",1.95864584154044
423,"lag5",-1.26024071731832
423,"lag6",-0.0421313813199373
423,"lag7",2.97237043831291
423,"lag8",6.9904646267888
423,"lag9",0.108574058750152
423,"lag10",0.246319780673256
423,"lag11",-2.57525984859489
423,"lag12",1.93171787073649
424,"lag1",2.12460423801602
424,"lag2",3.45159179306879
424,"lag3",2.65989483869289
424,"lag4",2.05952370967725
424,"lag5",-0.332984499500875
424,"lag6",1.93811727740505
424,"lag7",0.148246620917346
424,"lag8",0.301658596127156
424,"lag9",0.572033842391898
424,"lag10",5.89577009422865
424,"lag11",1.46719911584785
424,"lag12",2.70169872611404
425,"lag1",0.289748916419364
425,"lag2",-0.853296750098223
425,"lag3",-1.31525032876274
425,"lag4",-0.890491793090828
425,"lag5",-0.922999115329262
425,"lag6",-0.0945504076314428
425,"lag7",-3.47904839067396
425,"lag8",-1.11385817981125
425,"lag9",1.00229016490282
425,"lag10",3.70044604633519
425,"lag11",-0.174521449577678
425,"lag12",-1.22738500752462
426,"lag1",7.36896543197104
426,"lag2",2.90999391521872
426,"lag3",0.771649705028049
426,"lag4",-4.38396185951377
426,"lag5",-2.76010225000146
426,"lag6",-0.257150416957724
426,"lag7",-2.51829687189418
426,"lag8",6.06681012614517
426,"lag9",1.87392777072043
426,"lag10",3.6267682069599
426,"lag11",-1.43383847043066
426,"lag12",-0.418346934028506
427,"lag1",-1.14124744477404
427,"lag2",3.68419440081199
427,"lag3",2.59239563284708
427,"lag4",0.333322938273332
427,"lag5",-1.70455831658799
427,"lag6",-1.29154336681021
427,"lag7",-1.30601546227818
427,"lag8",2.42670001106341
427,"lag9",2.16820222311413
427,"lag10",4.77395920613304
427,"lag11",0.129242071484138
427,"lag12",0.537132166335066
428,"lag1",-0.767482615636917
428,"lag2",-1.72895304866474
428,"lag3",0.615918362509177
428,"lag4",-2.63920977018984
428,"lag5",-1.25365653295152
428,"lag6",1.49994191485005
428,"lag7",0.672949475497398
428,"lag8",-2.16667812613863
428,"lag9",-1.14068900414277
428,"lag10",5.2699039109815
428,"lag11",-1.17629083522901
428,"lag12",-0.268486475678237
429,"lag1",4.22300489915001
429,"lag2",2.89726520935056
429,"lag3",1.13826006081001
429,"lag4",1.29102388303107
429,"lag5",-0.807877686278429
429,"lag6",4.79233175543603
429,"lag7",1.89601883148291
429,"lag8",-2.34917756034768
429,"lag9",2.55089142521312
429,"lag10",1.32852535692933
429,"lag11",4.48088322012068
429,"lag12",3.97862299254625
430,"lag1",0.678622666150141
430,"lag2",-1.68318520458711
430,"lag3",0.938020646954236
430,"lag4",0.376579255411567
430,"lag5",-0.066094978918893
430,"lag6",-0.857746249982327
430,"lag7",3.24061232858118
430,"lag8",-1.51695401985354
430,"lag9",1.68656643978
430,"lag10",0.551881640660246
430,"lag11",0.400159545263789
430,"lag12",2.68617094419484
431,"lag1",1.73792321671304
431,"lag2",4.67813274008061
431,"lag3",4.15073898213294
431,"lag4",-2.19191476211753
431,"lag5",0.0425023805790446
431,"lag6",0.0821780997991296
431,"lag7",2.93809973100372
431,"lag8",-1.70206075756908
431,"lag9",-2.37179004527815
431,"lag10",-3.33078057237644
431,"lag11",-1.04085040069022
431,"lag12",3.14102016162137
432,"lag1",0.986506955752568
432,"lag2",3.93205352484028
432,"lag3",5.92738753733288
432,"lag4",8.38328610641508
432,"lag5",2.44252289698898
432,"lag6",-0.818896015268182
432,"lag7",1.77649555911102
432,"lag8",2.87734033631972
432,"lag9",-1.18630388706517
432,"lag10",-0.303726468874788
432,"lag11",-3.15907248209705
432,"lag12",-1.53163264726245
433,"lag1",3.99497559489019
433,"lag2",3.77281137501655
433,"lag3",3.36874888045758
433,"lag4",-0.200218906790154
433,"lag5",0.459824731184227
433,"lag6",-0.943668918711977
433,"lag7",0.607223143991469
433,"lag8",1.82870491747043
433,"lag9",2.98483352291878
433,"lag10",1.73938311208288
433,"lag11",2.74545993127181
433,"lag12",0.773937480695183
434,"lag1",0.543099204403889
434,"lag2",4.55710512224717
434,"lag3",2.69428072650256
434,"lag4",-3.32093752837263
434,"lag5",1.06455699116916
434,"lag6",0.535403181255868
434,"lag7",0.443304176703228
434,"lag8",-1.14224794397049
434,"lag9",-1.66768099152762
434,"lag10",-1.30616861558286
434,"lag11",0.928686025882067
434,"lag12",-1.2110776823124
435,"lag1",5.05165581774424
435,"lag2",4.02193879568243
435,"lag3",1.6546510338265
435,"lag4",1.29318744706797
435,"lag5",-0.171895042644444
435,"lag6",1.04720553257823
435,"lag7",1.63234085861479
435,"lag8",1.80390005533708
435,"lag9",-1.28943271742678
435,"lag10",0.535594504102736
435,"lag11",-0.482317859807923
435,"lag12",-1.15115629211368
436,"lag1",-4.11684140906976
436,"lag2",-4.66143957920873
436,"lag3",-0.0281844004411317
436,"lag4",-0.705165889994193
436,"lag5",-0.347038126316123
436,"lag6",-1.93648321317512
436,"lag7",1.52950191204219
436,"lag8",0.0779985089904234
436,"lag9",-5.63587779525541
436,"lag10",5.76073390442674
436,"lag11",4.70983146225732
436,"lag12",10.219095069967
437,"lag1",2.44590779783353
437,"lag2",-1.3520965307937
437,"lag3",5.56415780551474
437,"lag4",3.17781451603821
437,"lag5",1.59852100966512
437,"lag6",-2.21755686810068
437,"lag7",-1.54284411817964
437,"lag8",2.46050491566336
437,"lag9",-0.489884796554575
437,"lag10",0.353577758907778
437,"lag11",-1.99930334869109
437,"lag12",0.546032511358629
438,"lag1",7.16531804853049
438,"lag2",5.91924046201224
438,"lag3",3.27834231243865
438,"lag4",2.02659219480399
438,"lag5",1.47761431538781
438,"lag6",1.20275568659457
438,"lag7",1.90725119552931
438,"lag8",1.14358885540766
438,"lag9",-0.476766809798396
438,"lag10",3.37254748047419
438,"lag11",0.131546019076917
438,"lag12",2.39705313049209
439,"lag1",0.267068987005139
439,"lag2",9.16169278907049
439,"lag3",10.5545866601507
439,"lag4",6.77929376245896
439,"lag5",-0.155685730253732
439,"lag6",-4.59321633059258
439,"lag7",-3.12735898097396
439,"lag8",-3.20816054183805
439,"lag9",-6.10669300902392
439,"lag10",-1.81434872956847
439,"lag11",1.15045872392897
439,"lag12",0.344808669426095
440,"lag1",10.972820042088
440,"lag2",3.21660098968796
440,"lag3",0.391920247425743
440,"lag4",-1.09309774742967
440,"lag5",-2.42832081602759
440,"lag6",0.796885106032229
440,"lag7",2.79261179468721
440,"lag8",1.5697171762083
440,"lag9",-1.45474264369478
440,"lag10",4.28049369959307
440,"lag11",4.81331474793632
440,"lag12",3.89375195317119
441,"lag1",0.00600258004461279
441,"lag2",2.35915744042894
441,"lag3",4.25694640606972
441,"lag4",0.128510338202848
441,"lag5",0.295087145551756
441,"lag6",0.932176100349669
441,"lag7",1.30504576399106
441,"lag8",0.272084541840797
441,"lag9",1.63453543580083
441,"lag10",2.82219823598795
441,"lag11",1.70460528410274
441,"lag12",0.473034392882945
442,"lag1",2.55045546534584
442,"lag2",3.14232196341242
442,"lag3",3.36529534596007
442,"lag4",1.77474804541264
442,"lag5",-0.22086370261492
442,"lag6",1.11404986138285
442,"lag7",1.11924368275758
442,"lag8",-0.0444854153010741
442,"lag9",1.16126389513252
442,"lag10",1.40291743564405
442,"lag11",1.79643394357861
442,"lag12",0.354885460430815
443,"lag1",-1.96395526573866
443,"lag2",-2.9572095278554
443,"lag3",1.06241735386509
443,"lag4",-2.05693412595939
443,"lag5",-1.47435494223317
443,"lag6",-4.55195608130017
443,"lag7",-5.0679789276158
443,"lag8",-1.54785547654591
443,"lag9",0.62154244244913
443,"lag10",4.02177472045991
443,"lag11",-0.651102927802104
443,"lag12",-2.85154555720369
444,"lag1",1.79581480020187
444,"lag2",0.414734229968734
444,"lag3",5.87499521551461
444,"lag4",0.792435491211796
444,"lag5",-1.27278712515477
444,"lag6",0.320434728650209
444,"lag7",4.47270645036569
444,"lag8",8.86852395778782
444,"lag9",10.4204691610414
444,"lag10",3.04048589520344
444,"lag11",0.19228478042298
444,"lag12",-0.0354326846092898
445,"lag1",4.59215985932418
445,"lag2",5.3067594198196
445,"lag3",3.31554330108973
445,"lag4",0.27443192071811
445,"lag5",1.71727122350738
445,"lag6",3.52191579655428
445,"lag7",3.53225772596649
445,"lag8",1.13370268455663
445,"lag9",-1.24923224109609
445,"lag10",1.11727468235435
445,"lag11",4.31843614921857
445,"lag12",3.12086570427351
446,"lag1",3.63310054305026
446,"lag2",-0.21660013217577
446,"lag3",0.875648948156984
446,"lag4",-0.255264242061523
446,"lag5",-2.62512963922664
446,"lag6",0.769702591124154
446,"lag7",1.14696865521702
446,"lag8",0.509221340814615
446,"lag9",-1.59908237935421
446,"lag10",1.40332064462922
446,"lag11",-1.49057526606892
446,"lag12",-0.0451939417403573
447,"lag1",4.41000598894993
447,"lag2",9.58589789249276
447,"lag3",6.38849487197315
447,"lag4",4.12188329270153
447,"lag5",-2.20482428985386
447,"lag6",-0.543279876475617
447,"lag7",3.14885909652014
447,"lag8",0.0401081868162149
447,"lag9",-0.596872984896382
447,"lag10",1.42601278230695
447,"lag11",0.440151997969069
447,"lag12",-0.230446064982399
448,"lag1",5.7328838743695
448,"lag2",-0.866601211389228
448,"lag3",5.7919482713313
448,"lag4",1.88154327180186
448,"lag5",-1.07175422046538
448,"lag6",1.82915719166064
448,"lag7",-3.11067946486951
448,"lag8",1.03581827237523
448,"lag9",1.49103652983072
448,"lag10",0.816197450655148
448,"lag11",-2.14574182806482
448,"lag12",0.499857403868337
449,"lag1",0.0591369085620898
449,"lag2",-1.04707293009991
449,"lag3",2.90358195625577
449,"lag4",-0.202368774711285
449,"lag5",-1.41571701240946
449,"lag6",-0.797817243979545
449,"lag7",-0.593512328825441
449,"lag8",0.542549014261003
449,"lag9",-0.975169045357975
449,"lag10",-0.891646833658941
449,"lag11",-0.229306762498248
449,"lag12",0.0608211896066049
450,"lag1",1.21175831231504
450,"lag2",5.09375805532343
450,"lag3",3.06270080870901
450,"lag4",-1.2971720266787
450,"lag5",2.38982005277842
450,"lag6",-2.29937912589444
450,"lag7",-2.34878058598012
450,"lag8",0.000116377509877807
450,"lag9",1.37508562186858
450,"lag10",-0.474033741141262
450,"lag11",4.56222934080512
450,"lag12",-0.521012948669506
451,"lag1",1.37854034494521
451,"lag2",-0.284271189422401
451,"lag3",1.89595348863133
451,"lag4",-0.908726899360267
451,"lag5",1.90513303821691
451,"lag6",1.92088885608488
451,"lag7",0.798307094195975
451,"lag8",0.303481408986524
451,"lag9",0.685116149509007
451,"lag10",0.291151703875425
451,"lag11",-2.05008564504835
451,"lag12",1.99864302881674
452,"lag1",4.1721602502987
452,"lag2",2.11983530004254
452,"lag3",2.89298334534378
452,"lag4",0.0107764293725046
452,"lag5",0.49980302376778
452,"lag6",1.94016664164508
452,"lag7",3.90308994216495
452,"lag8",0.952784870785621
452,"lag9",2.52158709433604
452,"lag10",3.22916337313966
452,"lag11",-0.31921601622339
452,"lag12",-1.77144002548424
453,"lag1",0.753294312199112
453,"lag2",-2.37227203388705
453,"lag3",-0.516770560394893
453,"lag4",-0.946129022578335
453,"lag5",0.207281744755237
453,"lag6",-1.00622144483357
453,"lag7",-3.62840718832326
453,"lag8",0.210036233687265
453,"lag9",1.19466642832123
453,"lag10",1.78337328459096
453,"lag11",1.40928801636828
453,"lag12",1.12769770616611
454,"lag1",2.89953963396391
454,"lag2",0.120217880523944
454,"lag3",1.96248557011897
454,"lag4",-3.78899220510077
454,"lag5",-1.93719299761095
454,"lag6",1.50756456902185
454,"lag7",0.476259664958688
454,"lag8",-1.71542419950175
454,"lag9",-4.02518563861531
454,"lag10",-3.38303276195381
454,"lag11",-0.492389226039525
454,"lag12",-1.03097383319348
455,"lag1",0.902102245423467
455,"lag2",3.40964489317425
455,"lag3",-1.67011072145719
455,"lag4",-1.76222789389711
455,"lag5",0.925463468093516
455,"lag6",2.46896269589803
455,"lag7",8.70403779001521
455,"lag8",3.03660811546142
455,"lag9",3.54894117090997
455,"lag10",-1.48736424369132
455,"lag11",1.26902441112745
455,"lag12",5.04873273499321
456,"lag1",0.617898087830458
456,"lag2",4.66732550364102
456,"lag3",-0.886167685435109
456,"lag4",0.24474963925649
456,"lag5",-4.17459502047134
456,"lag6",2.0923200881753
456,"lag7",-0.753903246396353
456,"lag8",3.24403418698794
456,"lag9",0.940441856836593
456,"lag10",-0.894073240245132
456,"lag11",-4.7107615012847
456,"lag12",0.644844091435268
457,"lag1",0.276634090526397
457,"lag2",-2.48396427102216
457,"lag3",-0.945286411899575
457,"lag4",-2.64784573561389
457,"lag5",-1.73008391155856
457,"lag6",-3.17817985218499
457,"lag7",-2.165297504938
457,"lag8",-4.75549019080449
457,"lag9",1.22298688918843
457,"lag10",-0.729771238113385
457,"lag11",2.66804778335924
457,"lag12",1.49375950710381
458,"lag1",4.70738680008125
458,"lag2",0.750329693483822
458,"lag3",6.54772897365665
458,"lag4",6.78836835081708
458,"lag5",-4.3972282833966
458,"lag6",1.77516176563633
458,"lag7",-5.69066288849789
458,"lag8",-2.66853330945519
458,"lag9",-1.51788874461442
458,"lag10",2.63499852343581
458,"lag11",-0.863660674932577
458,"lag12",-4.42937126110621
459,"lag1",2.04896325543486
459,"lag2",4.07878347333615
459,"lag3",4.54858116056381
459,"lag4",2.55726321842973
459,"lag5",2.58260845216602
459,"lag6",0.416415407190987
459,"lag7",2.72408442491494
459,"lag8",3.01150419767628
459,"lag9",-0.168081474528224
459,"lag10",-2.00419867318202
459,"lag11",0.25400536470379
459,"lag12",-1.02368916456869
460,"lag1",0.0360463492397618
460,"lag2",-0.852744035048938
460,"lag3",3.91044966824081
460,"lag4",0.0685406467932392
460,"lag5",1.53247582193968
460,"lag6",-0.173516787785
460,"lag7",0.915352187209556
460,"lag8",4.49517682397311
460,"lag9",4.96915930111552
460,"lag10",-0.977167382680028
460,"lag11",2.45208721775872
460,"lag12",0.589754369300664
461,"lag1",3.90515480204551
461,"lag2",10.1537795835209
461,"lag3",10.1475004231135
461,"lag4",2.37363583347535
461,"lag5",1.01095531414709
461,"lag6",-2.50045088445536
461,"lag7",-2.8729668448217
461,"lag8",-0.558143727544781
461,"lag9",3.12372474242561
461,"lag10",1.27355190312408
461,"lag11",1.81855109006792
461,"lag12",5.25594951439409
462,"lag1",2.87462756428264
462,"lag2",2.60948918295002
462,"lag3",3.53328748332481
462,"lag4",-2.42161623532654
462,"lag5",0.244924093115045
462,"lag6",-0.582070572500314
462,"lag7",-1.73594122126194
462,"lag8",2.98133311765398
462,"lag9",3.6109693942959
462,"lag10",-2.09505810885889
462,"lag11",-1.72369002912719
462,"lag12",1.02491795714795
463,"lag1",3.24859591912631
463,"lag2",11.7705897090187
463,"lag3",8.47742420764533
463,"lag4",3.51927236922166
463,"lag5",0.19038153343855
463,"lag6",2.85907549357044
463,"lag7",4.25005533005311
463,"lag8",2.77720689019026
463,"lag9",3.2744877251398
463,"lag10",-0.177198448682331
463,"lag11",-0.237983129123036
463,"lag12",-1.58696908701257
464,"lag1",4.73035144627394
464,"lag2",2.83649430779829
464,"lag3",1.4673730635879
464,"lag4",0.705102361935013
464,"lag5",0.468914419008825
464,"lag6",5.00247912346742
464,"lag7",4.90758926997044
464,"lag8",6.22928885288771
464,"lag9",1.09368509804694
464,"lag10",-1.68302999301545
464,"lag11",1.10702124673368
464,"lag12",3.35468418029306
465,"lag1",2.58989146965542
465,"lag2",5.55554571564408
465,"lag3",-0.52391503629765
465,"lag4",-1.11721312233196
465,"lag5",1.23052977644295
465,"lag6",-1.74025774577645
465,"lag7",0.283768152619021
465,"lag8",5.69445798381117
465,"lag9",0.796217434108822
465,"lag10",-1.48202627772985
465,"lag11",-4.40360183142975
465,"lag12",-1.82297626512048
466,"lag1",-1.15317439778148
466,"lag2",-3.50057936440448
466,"lag3",-4.78420861157668
466,"lag4",-1.35294998180386
466,"lag5",1.0706427123764
466,"lag6",-0.295768344107273
466,"lag7",1.6635234962041
466,"lag8",-2.00229780543478
466,"lag9",2.17272709566922
466,"lag10",3.19836583831489
466,"lag11",-4.71719578534666
466,"lag12",-0.531306271660669
467,"lag1",-1.66609603025557
467,"lag2",2.06750162858444
467,"lag3",8.22545292559335
467,"lag4",2.0716815988627
467,"lag5",0.602131218327695
467,"lag6",0.362065602461014
467,"lag7",5.89553025052188
467,"lag8",5.14363869022788
467,"lag9",2.13659126266262
467,"lag10",-0.177535666406573
467,"lag11",0.502544962502318
467,"lag12",1.55568818619829
468,"lag1",0.700931501486889
468,"lag2",1.30800060373461
468,"lag3",4.91403362072747
468,"lag4",-0.800798089035651
468,"lag5",-1.00244663545532
468,"lag6",1.19083343781953
468,"lag7",-0.514949284335219
468,"lag8",8.0267725627775
468,"lag9",3.91806632441454
468,"lag10",2.67369591863936
468,"lag11",-1.321199471134
468,"lag12",0.596907154288001
469,"lag1",0.487136034021068
469,"lag2",3.16039113128831
469,"lag3",0.296813876440346
469,"lag4",0.633881644736932
469,"lag5",2.73535416909898
469,"lag6",1.47633184918884
469,"lag7",1.18039208115552
469,"lag8",0.440781881702086
469,"lag9",2.28230733992743
469,"lag10",-0.204285735730366
469,"lag11",-2.84018668319755
469,"lag12",2.21361686558492
470,"lag1",1.05956341087563
470,"lag2",3.76552924189341
470,"lag3",1.76501253462159
470,"lag4",-0.817559976378486
470,"lag5",-0.362037353424754
470,"lag6",1.56430091939196
470,"lag7",4.28048184088687
470,"lag8",1.06648916348027
470,"lag9",2.03964657425198
470,"lag10",1.37291752223839
470,"lag11",-2.5686976791822
470,"lag12",-0.0687345978421338
471,"lag1",1.99127370799771
471,"lag2",4.0611763693486
471,"lag3",8.90492732798733
471,"lag4",7.04489628071221
471,"lag5",2.73555536774517
471,"lag6",-1.33476035238496
471,"lag7",1.53317860085856
471,"lag8",-1.08199091376714
471,"lag9",0.661724868878536
471,"lag10",-1.17955953775679
471,"lag11",3.03033611619714
471,"lag12",-0.450728203219743
472,"lag1",-2.00438129853598
472,"lag2",-0.949109144150095
472,"lag3",-3.81096828071283
472,"lag4",-5.3182041967864
472,"lag5",-2.55127622643417
472,"lag6",-2.96636334154619
472,"lag7",4.21258209835502
472,"lag8",3.69988336718329
472,"lag9",1.52442751601388
472,"lag10",-0.879643082255787
472,"lag11",1.22357525526921
472,"lag12",-2.41970840891204
473,"lag1",4.77534964173305
473,"lag2",3.47525650254246
473,"lag3",0.414685154518549
473,"lag4",-1.40250331101432
473,"lag5",-0.181227736811051
473,"lag6",-0.926819216953975
473,"lag7",-0.66715300535137
473,"lag8",-2.75116746230003
473,"lag9",-0.014652363325898
473,"lag10",1.04180483099099
473,"lag11",-2.48768608972466
473,"lag12",0.00871114026196215
474,"lag1",4.82652605906309
474,"lag2",-0.220387543631315
474,"lag3",0.58448772339234
474,"lag4",0.716028746990826
474,"lag5",-1.18737222547796
474,"lag6",-3.38375425234536
474,"lag7",-4.9562808101892
474,"lag8",-0.567615400972751
474,"lag9",-0.547595938849189
474,"lag10",-3.00784859425287
474,"lag11",-3.00309061375742
474,"lag12",0.330874243719795
475,"lag1",2.96722738847325
475,"lag2",3.99254516154517
475,"lag3",3.25253428992135
475,"lag4",2.33447727101977
475,"lag5",-0.931466374554938
475,"lag6",0.332402729564214
475,"lag7",2.10514696904074
475,"lag8",1.59365307336596
475,"lag9",-1.91891894738429
475,"lag10",-1.48403297004457
475,"lag11",-4.69423870731797
475,"lag12",2.26926125812683
476,"lag1",4.2919737319185
476,"lag2",6.92894911703745
476,"lag3",10.2091713347328
476,"lag4",0.157855903572715
476,"lag5",-1.90020129585537
476,"lag6",-2.24865605807528
476,"lag7",0.183844230622897
476,"lag8",-0.671541621326433
476,"lag9",-2.76867378435904
476,"lag10",2.14245657390717
476,"lag11",0.461123870169536
476,"lag12",0.653778749161865
477,"lag1",5.54436690507097
477,"lag2",3.17064174172481
477,"lag3",0.808747922745799
477,"lag4",0.498862169928366
477,"lag5",-1.87484446728753
477,"lag6",4.35037481050637
477,"lag7",2.68636944979746
477,"lag8",0.291240343596804
477,"lag9",-2.27249383201163
477,"lag10",-0.929945729508659
477,"lag11",-3.65424752615618
477,"lag12",-0.485383237650646
478,"lag1",1.52530442763507
478,"lag2",3.06266693782746
478,"lag3",-0.265638705118083
478,"lag4",-0.61550234942082
478,"lag5",0.911722586911199
478,"lag6",-0.325203678587228
478,"lag7",1.06863491307591
478,"lag8",-0.416703919716174
478,"lag9",0.62867854437084
478,"lag10",0.0181112620534658
478,"lag11",1.06140733583814
478,"lag12",-3.26205178905325
479,"lag1",3.27291120017245
479,"lag2",2.28323509039919
479,"lag3",1.88426985123223
479,"lag4",3.58305183999405
479,"lag5",0.50323365167649
479,"lag6",-1.69047209971613
479,"lag7",-1.63880526488594
479,"lag8",-0.614115855558521
479,"lag9",-1.80391826827172
479,"lag10",-1.54259602773408
479,"lag11",2.43873907522389
479,"lag12",-1.73024338112412
480,"lag1",5.42933104587056
480,"lag2",1.96131970144041
480,"lag3",0.200278279010601
480,"lag4",0.354479082502016
480,"lag5",-2.00478754432638
480,"lag6",1.51427880788739
480,"lag7",1.69472150046168
480,"lag8",-3.54379505121343
480,"lag9",-0.16428714022983
480,"lag10",2.70981722170522
480,"lag11",-0.847732570136395
480,"lag12",0.36481366233479
481,"lag1",4.89176890965174
481,"lag2",0.441373053261694
481,"lag3",1.10866044236694
481,"lag4",-1.63395460410333
481,"lag5",1.15604742088758
481,"lag6",0.330902361523737
481,"lag7",-0.516368857469729
481,"lag8",0.0630092778319519
481,"lag9",-0.571831439694058
481,"lag10",-2.22843368044572
481,"lag11",1.75469856145016
481,"lag12",0.99040994807914
482,"lag1",0.0687526375826359
482,"lag2",-1.96947538549879
482,"lag3",2.07140744600587
482,"lag4",0.219035335723516
482,"lag5",-2.02759080562709
482,"lag6",-0.470573622130525
482,"lag7",-0.632546521459058
482,"lag8",-0.967079380537899
482,"lag9",-2.98902199956155
482,"lag10",-0.043230802971605
482,"lag11",-5.81000153412779
482,"lag12",-0.875138378214745
483,"lag1",1.57695239516024
483,"lag2",1.60468636197937
483,"lag3",1.06051005862481
483,"lag4",-0.180541246447418
483,"lag5",2.47088077681333
483,"lag6",-1.63457938102544
483,"lag7",-3.04070087035623
483,"lag8",4.38039169472126
483,"lag9",2.28270866112478
483,"lag10",2.47460263639492
483,"lag11",0.716835260565487
483,"lag12",-0.681233337429272
484,"lag1",3.30270847555159
484,"lag2",0.00144029134891209
484,"lag3",-2.02964865465291
484,"lag4",-3.06409767655856
484,"lag5",0.172004174190238
484,"lag6",1.27554353873265
484,"lag7",3.44627338530852
484,"lag8",-1.18095438003401
484,"lag9",-4.65700492350539
484,"lag10",-0.667671239029583
484,"lag11",-2.23158357235433
484,"lag12",-0.794993327149553
485,"lag1",4.3442404104141
485,"lag2",5.30673608668823
485,"lag3",1.67133532005952
485,"lag4",3.96844383717803
485,"lag5",4.12477934142185
485,"lag6",4.03136124485496
485,"lag7",4.58563141164964
485,"lag8",3.13028780922912
485,"lag9",-0.00499376251711764
485,"lag10",4.44600893360607
485,"lag11",0.989646116731958
485,"lag12",0.818929809510209
486,"lag1",-1.66548908347541
486,"lag2",-1.59615606092119
486,"lag3",-0.964627785987617
486,"lag4",-0.253663020354954
486,"lag5",0.217824752135333
486,"lag6",-0.994856880761469
486,"lag7",3.33228430253637
486,"lag8",4.08056003351398
486,"lag9",6.7733581599463
486,"lag10",4.42951408704964
486,"lag11",-0.465729274489919
486,"lag12",0.678759681680785
487,"lag1",1.56256480947381
487,"lag2",0.296655064573125
487,"lag3",-0.218155540295408
487,"lag4",2.02476034485275
487,"lag5",-2.46075335596959
487,"lag6",-1.02907782945324
487,"lag7",-0.821976400672243
487,"lag8",-2.05930158072773
487,"lag9",0.76137090090886
487,"lag10",1.50852686489829
487,"lag11",1.99058517297882
487,"lag12",1.43962460935495
488,"lag1",8.93137478003441
488,"lag2",3.36780197643095
488,"lag3",1.8169362063172
488,"lag4",3.38721560074779
488,"lag5",2.93444144933113
488,"lag6",1.89987066063544
488,"lag7",2.0510332259729
488,"lag8",3.98102692917439
488,"lag9",-0.928052851700536
488,"lag10",-1.37463892242347
488,"lag11",1.09062402915364
488,"lag12",5.45370985715494
489,"lag1",-1.98905918188886
489,"lag2",-2.40919230407794
489,"lag3",0.150090346699037
489,"lag4",-1.46018715379327
489,"lag5",0.872660404763064
489,"lag6",-0.603732460148704
489,"lag7",-3.11173811193817
489,"lag8",-2.03891791246414
489,"lag9",-1.44753761630984
489,"lag10",3.92244325198608
489,"lag11",5.22900899434267
489,"lag12",6.86608378068561
490,"lag1",2.80004039171795
490,"lag2",2.15664046852312
490,"lag3",6.78332165711745
490,"lag4",2.47411777169855
490,"lag5",3.14734791595032
490,"lag6",0.638644456579406
490,"lag7",2.64039614901871
490,"lag8",2.75505320317751
490,"lag9",1.54158560282141
490,"lag10",2.46745020264778
490,"lag11",1.97754835980705
490,"lag12",1.26322888777061
491,"lag1",3.60544722710386
491,"lag2",-0.529830601708911
491,"lag3",1.16353648041043
491,"lag4",0.0323988786999028
491,"lag5",-1.12489145824479
491,"lag6",1.48177717419101
491,"lag7",2.72909450063327
491,"lag8",-0.949048417086211
491,"lag9",0.155406261023153
491,"lag10",1.18824704929021
491,"lag11",-0.752079943012211
491,"lag12",1.31021035243285
492,"lag1",2.48281938197044
492,"lag2",5.32571132382629
492,"lag3",2.69917809242665
492,"lag4",-0.162513241541526
492,"lag5",1.45587868640045
492,"lag6",-0.271773809858325
492,"lag7",1.30185796219728
492,"lag8",0.372234201968761
492,"lag9",-2.77201044635566
492,"lag10",-3.97000728300682
492,"lag11",1.74660446233436
492,"lag12",1.81201995027345
493,"lag1",1.97878114201556
493,"lag2",5.14225344666645
493,"lag3",3.77556965962923
493,"lag4",1.24272427319356
493,"lag5",-0.381318364582725
493,"lag6",-1.70884123975022
493,"lag7",-1.54364239060074
493,"lag8",-2.08140041764092
493,"lag9",-4.39759761152591
493,"lag10",0.620212311670864
493,"lag11",1.13037206056137
493,"lag12",-2.74047942812477
494,"lag1",0.0513623838071452
494,"lag2",-1.05791985498868
494,"lag3",1.31611307134221
494,"lag4",0.569759651518904
494,"lag5",1.44473030138298
494,"lag6",-0.158807214097695
494,"lag7",-1.71309839553165
494,"lag8",-0.771534939058939
494,"lag9",-1.26095446655294
494,"lag10",1.05764485555805
494,"lag11",3.6152787120303
494,"lag12",7.91432712029042
495,"lag1",1.27274876516088
495,"lag2",1.64943454692285
495,"lag3",1.77239546592259
495,"lag4",-3.1457839323578
495,"lag5",0.45086835804629
495,"lag6",3.79531282413688
495,"lag7",4.15751521020985
495,"lag8",2.60377868661209
495,"lag9",-0.64621138878152
495,"lag10",-0.714982078519899
495,"lag11",2.00649028810426
495,"lag12",3.28107619710387
496,"lag1",-0.41799638279829
496,"lag2",0.442424576004035
496,"lag3",2.70393417852632
496,"lag4",1.11232325760828
496,"lag5",0.374492000103179
496,"lag6",0.945511037976725
496,"lag7",0.27554759605896
496,"lag8",-1.60336706616765
496,"lag9",-0.207890074646401
496,"lag10",2.07471980923803
496,"lag11",-0.287146278930776
496,"lag12",-0.785245290725485
497,"lag1",-0.590593143710673
497,"lag2",-0.902202202932136
497,"lag3",-1.97179795502173
497,"lag4",1.59299647338067
497,"lag5",0.479620332110091
497,"lag6",-1.91330527952163
497,"lag7",5.31090981018258
497,"lag8",6.57336210923412
497,"lag9",4.08606368367785
497,"lag10",1.98094853404919
497,"lag11",-0.756871622996378
497,"lag12",-0.913346752270033
498,"lag1",2.32549505952712
498,"lag2",0.77522937132804
498,"lag3",3.70195785749835
498,"lag4",-0.946562108848922
498,"lag5",-0.353217440918595
498,"lag6",2.09549217540735
498,"lag7",-0.364951917538045
498,"lag8",1.22660925753958
498,"lag9",-2.0525474016887
498,"lag10",3.14263968439597
498,"lag11",2.53538120291161
498,"lag12",-0.304792844260815
499,"lag1",-0.768277088008172
499,"lag2",-2.57448078278782
499,"lag3",-2.85587827575233
499,"lag4",-4.26077931764909
499,"lag5",-3.37376228634122
499,"lag6",-2.16941745612092
499,"lag7",-1.39427116682378
499,"lag8",0.709889723484157
499,"lag9",-2.56913219801664
499,"lag10",-4.342777446777
499,"lag11",-4.6908025574002
499,"lag12",-1.50090198480648
500,"lag1",1.39785501788018
500,"lag2",3.63493266475135
500,"lag3",7.22961737848486
500,"lag4",1.71713156578939
500,"lag5",2.6535487891864
500,"lag6",1.02482211075874
500,"lag7",1.86332384461771
500,"lag8",9.01946778933736
500,"lag9",3.37054551662173
500,"lag10",1.67531530411715
500,"lag11",3.31585465689381
500,"lag12",3.27734209430099
