"iteration","term","estimate"
1,"lag1",1.83822572304231
1,"lag2",4.03473432316431
1,"lag3",1.4409361509875
1,"lag4",1.02727507705156
1,"lag5",-2.55409236459219
1,"lag6",1.64086845116425
1,"lag7",1.75849351071761
1,"lag8",0.861286326980088
1,"lag9",-1.41784779846763
1,"lag10",-4.28705341150959
1,"lag11",-1.67537828650662
1,"lag12",0.703513494995294
2,"lag1",4.93064835332198
2,"lag2",-2.71294777129393
2,"lag3",-1.76341063667551
2,"lag4",5.13290859013139
2,"lag5",-1.67686062021429
2,"lag6",2.3762540765089
2,"lag7",0.866571055061161
2,"lag8",0.562180172920471
2,"lag9",1.88795074024145
2,"lag10",-0.254658615391959
2,"lag11",3.46573504212389
2,"lag12",7.40670017306444
3,"lag1",4.95909408687089
3,"lag2",4.71248084948833
3,"lag3",0.3296596646861
3,"lag4",4.21867259777504
3,"lag5",7.34236798643252
3,"lag6",3.04746032616441
3,"lag7",2.12785915577458
3,"lag8",-2.79480868926489
3,"lag9",-1.95036918809942
3,"lag10",-1.1249724635546
3,"lag11",2.23996842698688
3,"lag12",3.29600581471909
4,"lag1",5.15433208319454
4,"lag2",-1.58906173559821
4,"lag3",1.07655420926821
4,"lag4",4.78329876887771
4,"lag5",-0.900625359653446
4,"lag6",2.10444028730697
4,"lag7",1.72633827501315
4,"lag8",-1.23866559142434
4,"lag9",2.86263752369768
4,"lag10",1.37970065441722
4,"lag11",2.5881751127279
4,"lag12",7.01078007190489
5,"lag1",5.34699924508848
5,"lag2",5.27884380688258
5,"lag3",3.47614246684259
5,"lag4",0.66130848514643
5,"lag5",-1.74803058910102
5,"lag6",0.462313086915934
5,"lag7",3.38555091303423
5,"lag8",-0.39348048225489
5,"lag9",1.69348070739621
5,"lag10",-1.06139836231936
5,"lag11",3.9239679681406
5,"lag12",5.36423836372844
6,"lag1",4.36009020685712
6,"lag2",1.1232424312403
6,"lag3",-3.19034210950728
6,"lag4",-2.57430000697868
6,"lag5",-0.266001331434691
6,"lag6",-2.15534478943692
6,"lag7",-3.39160000135467
6,"lag8",-1.38273939717646
6,"lag9",0.367308908112664
6,"lag10",-2.49999218662117
6,"lag11",2.75449047148703
6,"lag12",3.44116155721841
7,"lag1",0.964553858756789
7,"lag2",4.34346343457015
7,"lag3",-0.774840547562394
7,"lag4",1.79497502779839
7,"lag5",0.0759165060753165
7,"lag6",-2.00609298121815
7,"lag7",3.04986571447508
7,"lag8",-1.21905868057374
7,"lag9",0.889646112422621
7,"lag10",2.839050627358
7,"lag11",2.60734954221483
7,"lag12",0.753200825956534
8,"lag1",3.05005786627097
8,"lag2",1.46189354100776
8,"lag3",0.617937818603386
8,"lag4",-1.33121772509023
8,"lag5",-3.30540694887187
8,"lag6",0.455757669312101
8,"lag7",-0.351842399752058
8,"lag8",-1.12834558066324
8,"lag9",-0.096365923248171
8,"lag10",-1.62441840614818
8,"lag11",1.2327203597495
8,"lag12",0.0908860581805504
9,"lag1",1.65447653927605
9,"lag2",1.70575282262407
9,"lag3",1.14332448855466
9,"lag4",-3.95492006664831
9,"lag5",1.57123113760482
9,"lag6",-2.31793272165419
9,"lag7",4.87058895670004
9,"lag8",-0.472085162071561
9,"lag9",1.43131985368412
9,"lag10",-0.827327149019758
9,"lag11",1.45405934979781
9,"lag12",-1.59987827636128
10,"lag1",-1.92080459298614
10,"lag2",-0.895719651386946
10,"lag3",-5.09914121013464
10,"lag4",0.123290866434183
10,"lag5",0.137023102562428
10,"lag6",-1.33088182283794
10,"lag7",3.62691769662992
10,"lag8",-4.4042721851441
10,"lag9",-4.11256945285312
10,"lag10",-1.35116604223909
10,"lag11",3.49298103850695
10,"lag12",1.78547416657806
11,"lag1",4.56568370371912
11,"lag2",1.42160868901992
11,"lag3",2.34896985485983
11,"lag4",1.72445885775626
11,"lag5",-1.54428039680611
11,"lag6",2.13910713349452
11,"lag7",-0.620084641867304
11,"lag8",3.21834263561393
11,"lag9",-1.65083932200642
11,"lag10",-0.514823339845603
11,"lag11",-2.18736076892341
11,"lag12",-0.627605289501835
12,"lag1",1.10122749486202
12,"lag2",-0.463372301545455
12,"lag3",7.76290681311235
12,"lag4",0.879219846111487
12,"lag5",2.65293000728288
12,"lag6",1.14831675689869
12,"lag7",2.74603698382259
12,"lag8",3.75508477607147
12,"lag9",-3.0410558065737
12,"lag10",-0.197662249308614
12,"lag11",1.38942330752352
12,"lag12",2.43803893334485
13,"lag1",5.52113811952007
13,"lag2",2.89907277569207
13,"lag3",-0.430707740841998
13,"lag4",0.901251564651835
13,"lag5",2.3481924312673
13,"lag6",2.76256512567518
13,"lag7",0.257212215283899
13,"lag8",-4.63102502910267
13,"lag9",2.26252045983949
13,"lag10",2.41245046980707
13,"lag11",5.52900738019473
13,"lag12",5.07706042416158
14,"lag1",2.86263173870875
14,"lag2",-0.687349412571096
14,"lag3",0.413753381063316
14,"lag4",-1.90157537274784
14,"lag5",-0.00598298852647317
14,"lag6",0.280566806859041
14,"lag7",0.427305729137428
14,"lag8",-1.28633016100974
14,"lag9",-0.897435891435631
14,"lag10",0.625521030662558
14,"lag11",1.43829353024986
14,"lag12",3.21039184032914
15,"lag1",4.9989650041587
15,"lag2",4.56783354302483
15,"lag3",1.47348693309955
15,"lag4",-0.578602622651587
15,"lag5",5.01748789466538
15,"lag6",2.46847535594467
15,"lag7",-0.839007968489493
15,"lag8",-0.705089746406823
15,"lag9",0.704919083386296
15,"lag10",1.10567525400036
15,"lag11",4.43115900581652
15,"lag12",-1.12885286812553
16,"lag1",-0.918392233405685
16,"lag2",-1.4024069326416
16,"lag3",-1.99924478704321
16,"lag4",-0.414462997259708
16,"lag5",-1.01325885830577
16,"lag6",0.16060908366604
16,"lag7",0.204057510579707
16,"lag8",-1.64342281033312
16,"lag9",-2.01019861385425
16,"lag10",3.68032223162497
16,"lag11",3.49679195258827
16,"lag12",2.34391771581442
17,"lag1",5.53182028387607
17,"lag2",-1.82580621104614
17,"lag3",3.78265210429901
17,"lag4",1.01178870771879
17,"lag5",3.08981013348712
17,"lag6",2.29672444159639
17,"lag7",1.13682578592887
17,"lag8",1.31157246060362
17,"lag9",1.70291889303337
17,"lag10",-3.950314859355
17,"lag11",-1.25065110510295
17,"lag12",0.315667593363549
18,"lag1",-0.199874176778327
18,"lag2",-0.253578177099975
18,"lag3",11.8215765104341
18,"lag4",1.82001947934047
18,"lag5",1.03027284821749
18,"lag6",3.01835112097953
18,"lag7",2.09418910176667
18,"lag8",2.18214085706367
18,"lag9",-1.58396213055687
18,"lag10",-0.745292955951647
18,"lag11",-2.28467928149191
18,"lag12",-1.3164220514545
19,"lag1",4.76930992597407
19,"lag2",4.82965480664075
19,"lag3",-1.61465383560383
19,"lag4",-0.980064729991303
19,"lag5",3.43318590046036
19,"lag6",0.306550855473722
19,"lag7",1.82152619616923
19,"lag8",0.912742422576701
19,"lag9",0.477287878027245
19,"lag10",-2.55027437840088
19,"lag11",-0.546579354942625
19,"lag12",3.6600901554501
20,"lag1",9.48176705906738
20,"lag2",2.59722265090343
20,"lag3",0.883480381849348
20,"lag4",-3.17981771676855
20,"lag5",-2.84629102836167
20,"lag6",1.22388360978122
20,"lag7",3.64992340037688
20,"lag8",2.8649886795007
20,"lag9",-2.05295801631762
20,"lag10",-3.76341432720977
20,"lag11",1.16625265873615
20,"lag12",3.83435855028713
21,"lag1",-0.314649911880559
21,"lag2",2.09120905020558
21,"lag3",1.8030178009725
21,"lag4",-1.52891077373947
21,"lag5",0.849667424473505
21,"lag6",-0.551541997029244
21,"lag7",5.14466544421368
21,"lag8",2.33756039568375
21,"lag9",1.28151309923339
21,"lag10",-0.378772746278604
21,"lag11",3.23990984487171
21,"lag12",3.64623759373732
22,"lag1",5.53644067210829
22,"lag2",5.04754636245707
22,"lag3",-0.12919829046966
22,"lag4",3.39698421696548
22,"lag5",3.08684137742189
22,"lag6",1.90135333013132
22,"lag7",-2.69790605741437
22,"lag8",-7.47500743392466
22,"lag9",-3.53340212511409
22,"lag10",0.073487180233863
22,"lag11",-0.0543232160583616
22,"lag12",-1.8330760743428
23,"lag1",2.32596505342116
23,"lag2",4.30861320806487
23,"lag3",6.02498138855297
23,"lag4",5.7327078055197
23,"lag5",3.62460689702931
23,"lag6",0.656286998552389
23,"lag7",4.59832633945432
23,"lag8",2.90288561443797
23,"lag9",-1.330101571193
23,"lag10",0.133039992185924
23,"lag11",-0.0829150831224773
23,"lag12",0.475097220363728
24,"lag1",-3.2754475530601
24,"lag2",0.995989921647468
24,"lag3",1.08782830038848
24,"lag4",-1.02087457479021
24,"lag5",1.21702918347532
24,"lag6",-0.324118868724737
24,"lag7",0.07621768865163
24,"lag8",-0.158560219278464
24,"lag9",-1.87575942860111
24,"lag10",2.25762347512097
24,"lag11",-0.0587826893939983
24,"lag12",-0.900644265170159
25,"lag1",4.08676289175007
25,"lag2",10.2911047994255
25,"lag3",7.17985759244962
25,"lag4",2.19833662666472
25,"lag5",3.22229131791638
25,"lag6",1.18683325131982
25,"lag7",0.992124272615808
25,"lag8",0.519916972605116
25,"lag9",0.829909749838539
25,"lag10",1.65795344133343
25,"lag11",-0.968702248493274
25,"lag12",1.13213986740047
26,"lag1",0.977648007655821
26,"lag2",1.54598161287379
26,"lag3",3.00106726614426
26,"lag4",0.935375356996785
26,"lag5",-0.136901986170604
26,"lag6",0.406513182225331
26,"lag7",0.566270716301866
26,"lag8",3.611765052662
26,"lag9",-2.77961366363215
26,"lag10",-2.60415882473179
26,"lag11",0.400164253450792
26,"lag12",1.77193295692701
27,"lag1",2.56588097261633
27,"lag2",0.69798012337094
27,"lag3",0.43727631167005
27,"lag4",1.4504189317137
27,"lag5",0.0951090066170045
27,"lag6",2.56160904801761
27,"lag7",2.09571645659502
27,"lag8",4.64430837301705
27,"lag9",-1.07534393150692
27,"lag10",-1.35535595131344
27,"lag11",3.11050046613998
27,"lag12",2.79913447405198
28,"lag1",-1.45894776699899
28,"lag2",0.306666840261387
28,"lag3",0.884122662995466
28,"lag4",2.32943968619895
28,"lag5",2.20211121597881
28,"lag6",0.15633168557842
28,"lag7",-1.38484849140876
28,"lag8",-2.29906408120733
28,"lag9",-3.20556723051736
28,"lag10",-0.0715484973522716
28,"lag11",-2.35044350443746
28,"lag12",-3.99682622172347
29,"lag1",3.39993592859367
29,"lag2",0.513428170113736
29,"lag3",-3.35432123800584
29,"lag4",-0.67916424795
29,"lag5",1.12538402466568
29,"lag6",-0.213964216017268
29,"lag7",-3.6441970035955
29,"lag8",-3.49544322118573
29,"lag9",-1.00344417476169
29,"lag10",-2.00357199106984
29,"lag11",-2.63026813025035
29,"lag12",-0.454732338162887
30,"lag1",-0.448516077673385
30,"lag2",-2.4442144296092
30,"lag3",0.769171264525365
30,"lag4",-2.80755442653503
30,"lag5",3.49671585068868
30,"lag6",0.537333810708332
30,"lag7",4.09015166910329
30,"lag8",-0.42984543539832
30,"lag9",0.409401434518407
30,"lag10",-0.425484121460306
30,"lag11",0.113399504778238
30,"lag12",-0.172212314059069
31,"lag1",-0.190813636262747
31,"lag2",0.556548515098998
31,"lag3",4.2626451989747
31,"lag4",6.49043943363978
31,"lag5",5.53184534435524
31,"lag6",4.40526217115137
31,"lag7",3.3352248077419
31,"lag8",-2.22490750266799
31,"lag9",1.65664932613024
31,"lag10",0.72781027269284
31,"lag11",-0.192941622610634
31,"lag12",0.814590667078744
32,"lag1",3.75967167087802
32,"lag2",-0.797398863970078
32,"lag3",-0.647627324518391
32,"lag4",-0.54686225899603
32,"lag5",-1.05908498568871
32,"lag6",-0.770912878861567
32,"lag7",5.31000058830487
32,"lag8",-0.95218097573304
32,"lag9",2.36877423697126
32,"lag10",2.02517982427948
32,"lag11",1.4010517555814
32,"lag12",-0.369242505097929
33,"lag1",2.55897247989845
33,"lag2",2.05407845797611
33,"lag3",4.41775205952967
33,"lag4",-0.501314591574975
33,"lag5",-3.83487448884568
33,"lag6",-0.96340112344937
33,"lag7",-0.740254365272619
33,"lag8",-1.99815164094031
33,"lag9",1.82210077875876
33,"lag10",3.82564115631705
33,"lag11",5.73781654840316
33,"lag12",1.1137126889319
34,"lag1",4.77654388720866
34,"lag2",0.31630397860688
34,"lag3",1.37917738230292
34,"lag4",5.72410544789954
34,"lag5",0.27734904782879
34,"lag6",3.31650967677113
34,"lag7",2.3030778280479
34,"lag8",-0.089876456841086
34,"lag9",1.42375701823738
34,"lag10",-0.603017625647571
34,"lag11",0.582214902893519
34,"lag12",4.23807509744895
35,"lag1",0.631970584143373
35,"lag2",-0.18801513434997
35,"lag3",5.04715575065497
35,"lag4",3.65131774166021
35,"lag5",11.365018739027
35,"lag6",1.21786353592946
35,"lag7",1.84161232469835
35,"lag8",0.326772143135487
35,"lag9",1.87840960007576
35,"lag10",0.906864845863764
35,"lag11",1.67963149324344
35,"lag12",-0.434786724268107
36,"lag1",-1.88431147128559
36,"lag2",0.496020474984126
36,"lag3",3.93242108984092
36,"lag4",3.93982609944965
36,"lag5",6.23701816933841
36,"lag6",0.345234465079433
36,"lag7",-0.463601662287468
36,"lag8",1.65645389293532
36,"lag9",-0.399835081875498
36,"lag10",1.87478226759113
36,"lag11",0.392749662880007
36,"lag12",-1.05151458069974
37,"lag1",8.73226318521331
37,"lag2",5.52664015348164
37,"lag3",9.86249443243513
37,"lag4",8.09479972879107
37,"lag5",-0.396491402172336
37,"lag6",3.17571783724875
37,"lag7",4.02863288104109
37,"lag8",1.52916804158338
37,"lag9",-1.5548650104151
37,"lag10",1.62916322893921
37,"lag11",6.28904693030221
37,"lag12",0.47076452105554
38,"lag1",1.91295997884332
38,"lag2",0.850473259171084
38,"lag3",14.9951954378162
38,"lag4",1.74452367053765
38,"lag5",2.494990403671
38,"lag6",-0.249281446100035
38,"lag7",6.22776808597133
38,"lag8",1.26568541676037
38,"lag9",-1.72535944526095
38,"lag10",3.06219377427332
38,"lag11",1.89084497281973
38,"lag12",-0.702265641077796
39,"lag1",4.34275001929128
39,"lag2",2.44190451534955
39,"lag3",-0.667686700991089
39,"lag4",0.759102716583841
39,"lag5",3.92130518843317
39,"lag6",1.22354892432142
39,"lag7",2.51225327157194
39,"lag8",1.30158396868602
39,"lag9",-1.72763364990323
39,"lag10",0.103612090295715
39,"lag11",2.9149185937904
39,"lag12",1.78570253065653
40,"lag1",3.79300440160474
40,"lag2",-1.90458287196569
40,"lag3",2.75550920280416
40,"lag4",4.68331950174091
40,"lag5",2.59655331598669
40,"lag6",1.80860748642595
40,"lag7",2.80650985053956
40,"lag8",1.35678701100256
40,"lag9",1.70509737245589
40,"lag10",0.775942218672276
40,"lag11",2.93137302534863
40,"lag12",4.74028981530733
41,"lag1",0.00496774322384693
41,"lag2",3.90940864919894
41,"lag3",2.51547315863253
41,"lag4",-1.91075775180001
41,"lag5",0.0244444744126186
41,"lag6",-0.661539786749887
41,"lag7",-0.544291225639003
41,"lag8",2.66121063648264
41,"lag9",-1.56741122259331
41,"lag10",-4.50643657130794
41,"lag11",-2.31422283067705
41,"lag12",0.661830977975995
42,"lag1",1.92263008094764
42,"lag2",4.58899493656187
42,"lag3",-0.233864772198109
42,"lag4",-0.395979593574366
42,"lag5",-1.53676822801513
42,"lag6",2.50968753463865
42,"lag7",-0.405244992851653
42,"lag8",-3.66955353466768
42,"lag9",-2.77651220854064
42,"lag10",-7.83237251187204
42,"lag11",-5.17840758215023
42,"lag12",-2.61557719241226
43,"lag1",-1.58912374439426
43,"lag2",-3.19047746419369
43,"lag3",-4.16040482386791
43,"lag4",-1.60321289816517
43,"lag5",0.0797238151399906
43,"lag6",0.905245684382473
43,"lag7",1.95224656170087
43,"lag8",-2.5615017697607
43,"lag9",-1.82522207467705
43,"lag10",0.473384167609991
43,"lag11",-0.348406403396958
43,"lag12",0.0222776670231006
44,"lag1",8.16274456773533
44,"lag2",1.57249738823566
44,"lag3",-0.245310156953665
44,"lag4",4.62646479861952
44,"lag5",2.28437289529987
44,"lag6",1.5486727279926
44,"lag7",0.0774526544811717
44,"lag8",2.12377719840155
44,"lag9",1.57071992646584
44,"lag10",2.85114794619317
44,"lag11",0.215191429559356
44,"lag12",3.95292159031709
45,"lag1",3.38710698154442
45,"lag2",-2.80575183572411
45,"lag3",0.0467060578443962
45,"lag4",0.786707253185534
45,"lag5",1.94086748459915
45,"lag6",2.11017440641336
45,"lag7",2.97363153486014
45,"lag8",-1.41456165524362
45,"lag9",-2.77548366400291
45,"lag10",-3.20632100688761
45,"lag11",-0.993652788445747
45,"lag12",2.91457545579178
46,"lag1",2.43364575129176
46,"lag2",2.3486370524642
46,"lag3",0.093840915160198
46,"lag4",7.11567657706056
46,"lag5",-2.46132084368024
46,"lag6",0.844773516425126
46,"lag7",-0.0205950860713138
46,"lag8",-2.58995718917551
46,"lag9",-1.75728525767686
46,"lag10",2.6219399267992
46,"lag11",3.80676695233107
46,"lag12",4.1192340150187
47,"lag1",3.96472260153792
47,"lag2",1.62917583047125
47,"lag3",-1.26890094563917
47,"lag4",5.35286155625305
47,"lag5",3.6645160891233
47,"lag6",0.726635670515262
47,"lag7",4.36232513573335
47,"lag8",3.98489746660485
47,"lag9",-0.87133353675505
47,"lag10",0.334100057936602
47,"lag11",-3.3682361340358
47,"lag12",-2.17824785639869
48,"lag1",-0.845344292477201
48,"lag2",-0.942504545701056
48,"lag3",2.3474537034231
48,"lag4",0.452602648516364
48,"lag5",1.41165141031865
48,"lag6",0.0134384143986115
48,"lag7",2.60481979069578
48,"lag8",-3.63274552712764
48,"lag9",0.529799373826541
48,"lag10",-2.07399773200532
48,"lag11",-0.413737564982473
48,"lag12",-1.16086271197626
49,"lag1",2.6613087294276
49,"lag2",-0.915763726611102
49,"lag3",-0.109355256407864
49,"lag4",-2.23831229869035
49,"lag5",3.32565221782454
49,"lag6",0.382286043728258
49,"lag7",0.166753584173354
49,"lag8",-2.42386478395806
49,"lag9",-4.92699998662385
49,"lag10",1.95101318108268
49,"lag11",-2.39622343811666
49,"lag12",-0.331030705021842
50,"lag1",-1.53396873194453
50,"lag2",4.2757346451062
50,"lag3",2.64208013277566
50,"lag4",3.51201411895167
50,"lag5",2.44011583863238
50,"lag6",4.37400159300999
50,"lag7",2.01413204280418
50,"lag8",1.05024857410635
50,"lag9",1.56499918328213
50,"lag10",3.03570334325968
50,"lag11",1.10841887654483
50,"lag12",1.33432972676814
51,"lag1",2.97394691616847
51,"lag2",3.71636981069159
51,"lag3",1.99453143478978
51,"lag4",-2.552530488105
51,"lag5",-1.54291146358606
51,"lag6",0.837255669948496
51,"lag7",3.58453752324355
51,"lag8",2.1944419835669
51,"lag9",3.72414982967252
51,"lag10",2.42885130106782
51,"lag11",-2.35963840562605
51,"lag12",2.10870541687981
52,"lag1",-0.430017476378489
52,"lag2",-0.11669358043189
52,"lag3",1.14372662785233
52,"lag4",-0.528194708522832
52,"lag5",0.347691313779667
52,"lag6",0.598427241469121
52,"lag7",-0.306263886554907
52,"lag8",-0.394971026916284
52,"lag9",1.39253733118335
52,"lag10",-2.69349223595789
52,"lag11",-4.58575732988955
52,"lag12",-1.56029741408495
53,"lag1",0.217740155324398
53,"lag2",-4.6492157566563
53,"lag3",-1.95316763738524
53,"lag4",-2.25464815673451
53,"lag5",0.328859928068434
53,"lag6",1.53537273051044
53,"lag7",-3.86037705786076
53,"lag8",-1.05455964108733
53,"lag9",-0.246413834668835
53,"lag10",1.25304506271335
53,"lag11",0.865097489504749
53,"lag12",1.17338282487619
54,"lag1",4.66410478110062
54,"lag2",2.16898146858052
54,"lag3",1.02498462829768
54,"lag4",-1.38017138860476
54,"lag5",1.45681748830861
54,"lag6",4.69740030999893
54,"lag7",3.39889591681325
54,"lag8",1.46191593223526
54,"lag9",3.12059994181764
54,"lag10",-1.33511742970049
54,"lag11",3.19613426864033
54,"lag12",1.81235326085236
55,"lag1",-1.34069528941606
55,"lag2",0.0789513274646643
55,"lag3",-4.29934064005589
55,"lag4",4.19581858471792
55,"lag5",2.19075172635709
55,"lag6",2.04241340007009
55,"lag7",-2.75413923298127
55,"lag8",-3.02644799036209
55,"lag9",-3.62651099882417
55,"lag10",1.05914197043653
55,"lag11",1.184638570942
55,"lag12",-1.54814683306275
56,"lag1",-0.614480073913716
56,"lag2",-2.03652911535355
56,"lag3",0.594840621076398
56,"lag4",0.953070237704435
56,"lag5",-1.87821225761135
56,"lag6",0.698175075421059
56,"lag7",1.67972496695139
56,"lag8",-1.60299693477618
56,"lag9",0.353276593571249
56,"lag10",6.7605756935453
56,"lag11",2.81487841454004
56,"lag12",-0.0535691524216752
57,"lag1",-0.985655545714058
57,"lag2",0.657752575000734
57,"lag3",-0.293522314816886
57,"lag4",1.24685746527947
57,"lag5",-3.77103532153097
57,"lag6",-0.675334635279508
57,"lag7",-1.26557263479557
57,"lag8",-2.6551780347549
57,"lag9",-1.50447523193441
57,"lag10",3.29921286075363
57,"lag11",3.06868875889859
57,"lag12",3.69385133015034
58,"lag1",3.96925773340686
58,"lag2",-0.31107748548745
58,"lag3",0.127126764134469
58,"lag4",-0.403012009674891
58,"lag5",0.567248501687205
58,"lag6",3.65754395492215
58,"lag7",1.64073732657656
58,"lag8",-3.52456659395974
58,"lag9",-0.495229779084683
58,"lag10",-3.89440254491319
58,"lag11",-2.04551086114291
58,"lag12",0.314170456545694
59,"lag1",0.753485447960269
59,"lag2",7.17555067266793
59,"lag3",1.84492084357932
59,"lag4",4.42429534300573
59,"lag5",1.96311204710449
59,"lag6",-1.50741423676559
59,"lag7",1.31194857023778
59,"lag8",-0.520703402362022
59,"lag9",6.5859478742689
59,"lag10",1.60453686460161
59,"lag11",1.44346919549727
59,"lag12",-1.4752631639379
60,"lag1",0.578109918668249
60,"lag2",-0.17861890414281
60,"lag3",-3.60926796353396
60,"lag4",0.0374831039784723
60,"lag5",1.41762856109505
60,"lag6",1.76558289269774
60,"lag7",-0.790956668713884
60,"lag8",2.09814484651586
60,"lag9",0.603650224778527
60,"lag10",-3.92866010846538
60,"lag11",1.41773011665428
60,"lag12",2.43032593703791
61,"lag1",0.879975989569682
61,"lag2",0.819421309762969
61,"lag3",0.0347899715665318
61,"lag4",-2.54463689015388
61,"lag5",1.62045054490878
61,"lag6",0.902540662770648
61,"lag7",1.04363183909881
61,"lag8",6.70707201968588
61,"lag9",1.93190379153298
61,"lag10",4.87133370703878
61,"lag11",2.56503918283286
61,"lag12",3.79273852642752
62,"lag1",0.725462963510916
62,"lag2",3.83667311443407
62,"lag3",5.99817958732811
62,"lag4",2.88166437092253
62,"lag5",6.76392066308175
62,"lag6",5.65487589757943
62,"lag7",2.86655922491807
62,"lag8",0.317696891405121
62,"lag9",2.71308635667527
62,"lag10",2.30814627342269
62,"lag11",1.30127077143806
62,"lag12",-0.177728976932617
63,"lag1",1.311787535247
63,"lag2",1.6013068673636
63,"lag3",0.366918133189852
63,"lag4",3.93742370841964
63,"lag5",1.30247044939609
63,"lag6",-1.4514104935152
63,"lag7",1.98521801013117
63,"lag8",3.85538510753306
63,"lag9",1.2416569710712
63,"lag10",2.10759504540905
63,"lag11",1.72248391747931
63,"lag12",0.767774173563296
64,"lag1",-0.37224301980581
64,"lag2",-0.963557980611171
64,"lag3",-1.45231955489205
64,"lag4",-6.70681590161665
64,"lag5",-0.889876334356975
64,"lag6",1.86203790758845
64,"lag7",3.55546459208496
64,"lag8",-0.109913724381233
64,"lag9",-0.790953960496013
64,"lag10",0.688311354904414
64,"lag11",7.54036205344994
64,"lag12",2.92033469416052
65,"lag1",2.37040988701904
65,"lag2",-0.346982938384679
65,"lag3",1.26150152536746
65,"lag4",2.24002838684
65,"lag5",1.33579212473116
65,"lag6",1.69150622426532
65,"lag7",-3.1835926876155
65,"lag8",3.09696428902577
65,"lag9",0.40005587017541
65,"lag10",2.0160240829157
65,"lag11",2.24896441099242
65,"lag12",5.08146057176229
66,"lag1",4.40512638315472
66,"lag2",2.00190006984326
66,"lag3",3.74598029980034
66,"lag4",-0.450217765116189
66,"lag5",0.502234704653317
66,"lag6",1.23369573562254
66,"lag7",3.02786064120358
66,"lag8",7.32007783735237
66,"lag9",8.10042273213939
66,"lag10",8.22340218887778
66,"lag11",-0.702218565056163
66,"lag12",0.565592863269266
67,"lag1",6.82235960181302
67,"lag2",1.30469402619734
67,"lag3",0.0992232252850315
67,"lag4",0.449936015149573
67,"lag5",5.51054423980199
67,"lag6",3.24020359688115
67,"lag7",1.44063171942414
67,"lag8",2.18370925734155
67,"lag9",0.238016021158103
67,"lag10",2.62834721591847
67,"lag11",3.72559618044876
67,"lag12",3.27800250155858
68,"lag1",6.44494214067912
68,"lag2",6.44523182015101
68,"lag3",3.45058606528577
68,"lag4",1.70736722687533
68,"lag5",0.632921106053774
68,"lag6",4.5126487232984
68,"lag7",-1.32306499723106
68,"lag8",-0.311221899456857
68,"lag9",2.8467487219696
68,"lag10",0.215445582413139
68,"lag11",0.490757744882699
68,"lag12",1.89887617659214
69,"lag1",1.39777901884594
69,"lag2",2.02858128361226
69,"lag3",2.06203365325973
69,"lag4",4.35941342389045
69,"lag5",0.904171041359844
69,"lag6",-2.03556395822003
69,"lag7",3.94955464159684
69,"lag8",2.31076372488439
69,"lag9",-0.683453592802258
69,"lag10",3.02062971943523
69,"lag11",3.17752849938328
69,"lag12",0.654257269440282
70,"lag1",2.15188283415171
70,"lag2",0.983429462625731
70,"lag3",6.88243899447667
70,"lag4",2.92835276166267
70,"lag5",-0.461612360860914
70,"lag6",2.46744767207442
70,"lag7",3.67281322423048
70,"lag8",-0.995250739876715
70,"lag9",-0.457273835545856
70,"lag10",-0.796146298072643
70,"lag11",4.08279958905383
70,"lag12",1.99516892355357
71,"lag1",-0.0607945138112199
71,"lag2",-2.12001778064298
71,"lag3",-0.220468640895349
71,"lag4",-0.0540730324271498
71,"lag5",0.710919851591788
71,"lag6",-2.18745987230372
71,"lag7",0.0505737504852488
71,"lag8",1.01832691264283
71,"lag9",-1.07095965052176
71,"lag10",0.610035688605491
71,"lag11",2.76258227978284
71,"lag12",2.95425884100255
72,"lag1",1.11247330443533
72,"lag2",1.50983870293329
72,"lag3",1.84617279359052
72,"lag4",-2.75008036956425
72,"lag5",2.20829322680072
72,"lag6",0.213617422344334
72,"lag7",-3.08797028557092
72,"lag8",-1.86172064439093
72,"lag9",-0.432853485047355
72,"lag10",-2.41397557151965
72,"lag11",1.14512725085186
72,"lag12",1.55625968233627
73,"lag1",2.23919362375124
73,"lag2",-1.88222256792618
73,"lag3",-1.46179323774937
73,"lag4",-1.32957876850094
73,"lag5",-5.70916528521066
73,"lag6",0.670076210411104
73,"lag7",-1.00317965727002
73,"lag8",-2.36881255777701
73,"lag9",4.36924020856462
73,"lag10",-0.349127550759426
73,"lag11",3.67248167669797
73,"lag12",1.01199455553759
74,"lag1",1.29817783705628
74,"lag2",-0.419489304602554
74,"lag3",1.49620081971967
74,"lag4",-4.00243062311184
74,"lag5",-5.4620301801651
74,"lag6",-2.09247327479353
74,"lag7",-0.82057569197558
74,"lag8",-4.42267495359393
74,"lag9",-3.4690612634969
74,"lag10",0.627868846743269
74,"lag11",4.75749516683003
74,"lag12",-1.71880298717175
75,"lag1",0.723220178321867
75,"lag2",0.0775911991782515
75,"lag3",-2.71337094377515
75,"lag4",1.89321989083217
75,"lag5",1.44283269561525
75,"lag6",-0.934918617712008
75,"lag7",-0.542126149454771
75,"lag8",0.242871800582088
75,"lag9",-5.28907102843979
75,"lag10",-1.39386061933227
75,"lag11",1.75548568992975
75,"lag12",3.3651237883766
76,"lag1",1.41738796421613
76,"lag2",2.78421162629257
76,"lag3",1.15335260488026
76,"lag4",4.99472653746583
76,"lag5",0.604430041854762
76,"lag6",0.455717245346488
76,"lag7",2.39604793009762
76,"lag8",0.780411783078527
76,"lag9",-1.70489471840864
76,"lag10",0.15657792510143
76,"lag11",6.28274565828422
76,"lag12",2.70137807720588
77,"lag1",-0.943583996090678
77,"lag2",0.184751477002893
77,"lag3",-0.503571010176926
77,"lag4",-0.602504440820987
77,"lag5",-0.220008285230207
77,"lag6",1.24997042844666
77,"lag7",-0.394142094946637
77,"lag8",2.0688816833768
77,"lag9",-1.1549275853156
77,"lag10",-2.93254235085538
77,"lag11",-2.44146115621587
77,"lag12",2.0659842171961
78,"lag1",-0.291263637371874
78,"lag2",-0.331880111693535
78,"lag3",1.67703444736129
78,"lag4",3.76912238290853
78,"lag5",0.308947060552849
78,"lag6",0.75674907290044
78,"lag7",-0.294519027309333
78,"lag8",1.40137732370435
78,"lag9",1.29278516441118
78,"lag10",5.56605961368023
78,"lag11",3.00198423308379
78,"lag12",5.1118776484633
79,"lag1",-1.13939476299273
79,"lag2",3.44161028078341
79,"lag3",-1.28038404897914
79,"lag4",-1.48890609915872
79,"lag5",3.54877440779634
79,"lag6",0.584774854559346
79,"lag7",0.503317641780969
79,"lag8",-0.115332827176921
79,"lag9",-1.24357781972435
79,"lag10",-2.10962165935898
79,"lag11",-0.116981136146142
79,"lag12",1.38655527879361
80,"lag1",3.37350918045347
80,"lag2",6.7808579700338
80,"lag3",4.26873702199861
80,"lag4",2.54481417274787
80,"lag5",0.327710781684399
80,"lag6",1.44410224475618
80,"lag7",2.19927321186384
80,"lag8",2.88837141889607
80,"lag9",3.09621525465328
80,"lag10",2.43827177418787
80,"lag11",5.75273771029476
80,"lag12",6.54558253734316
81,"lag1",3.00265921094681
81,"lag2",4.78585707273251
81,"lag3",1.98381024601437
81,"lag4",-0.353425373210494
81,"lag5",-3.88150797349782
81,"lag6",-2.03982566676691
81,"lag7",1.68424754709319
81,"lag8",-1.87225899119563
81,"lag9",3.16029564415074
81,"lag10",-1.8286598000102
81,"lag11",-2.93551620427998
81,"lag12",0.489017415914601
82,"lag1",0.517979939863945
82,"lag2",-2.20707231257759
82,"lag3",-1.25941016039721
82,"lag4",-0.563928576599979
82,"lag5",-2.66918075005978
82,"lag6",1.32478914165389
82,"lag7",2.00977531409393
82,"lag8",-1.13982455170686
82,"lag9",-2.7198999392476
82,"lag10",-0.669610672760939
82,"lag11",-1.88132096293224
82,"lag12",1.52904139960702
83,"lag1",6.60390206969964
83,"lag2",8.18436642213619
83,"lag3",1.14368458147072
83,"lag4",4.27005301324431
83,"lag5",3.4481634944334
83,"lag6",5.55028737123705
83,"lag7",1.4452330741629
83,"lag8",-0.486176419319029
83,"lag9",0.0654810369290408
83,"lag10",-0.85981044983293
83,"lag11",2.22412349955842
83,"lag12",6.15817680959739
84,"lag1",2.0071103177504
84,"lag2",-5.07008192014244
84,"lag3",-0.748601634234152
84,"lag4",-1.72700468137371
84,"lag5",-1.98192317851661
84,"lag6",-0.484092715551119
84,"lag7",-1.69999114901101
84,"lag8",-6.04314429857127
84,"lag9",-1.11018269067642
84,"lag10",4.28621614907179
84,"lag11",-0.116730958313588
84,"lag12",2.98221883169481
85,"lag1",0.414104839025241
85,"lag2",-0.0767790631436702
85,"lag3",2.41373643959708
85,"lag4",-0.654422703825162
85,"lag5",-3.69913836955256
85,"lag6",1.67279273161197
85,"lag7",2.55870125521225
85,"lag8",-4.93389826995752
85,"lag9",0.0975253444211034
85,"lag10",-2.99923658790364
85,"lag11",-1.26385716808429
85,"lag12",3.37893692321355
86,"lag1",7.82010329365398
86,"lag2",2.08786511074056
86,"lag3",2.56075164434058
86,"lag4",3.94125439887497
86,"lag5",3.58074146527568
86,"lag6",2.57071156036566
86,"lag7",2.75823624649352
86,"lag8",-0.902138643369846
86,"lag9",0.514781266897533
86,"lag10",2.92498999184193
86,"lag11",0.527954691821336
86,"lag12",0.0228643581825513
87,"lag1",0.632082640328849
87,"lag2",-0.0368095729245466
87,"lag3",-0.583990850623715
87,"lag4",4.26528734552071
87,"lag5",0.767632069549384
87,"lag6",3.51994232818062
87,"lag7",2.05598856093089
87,"lag8",-1.80809525037066
87,"lag9",3.15579464694123
87,"lag10",1.63109627530245
87,"lag11",8.0854732239192
87,"lag12",3.38021818649207
88,"lag1",2.89419299421762
88,"lag2",12.5721969358554
88,"lag3",5.85897597204563
88,"lag4",5.42595111912811
88,"lag5",-3.84009455560936
88,"lag6",-0.0795767075866273
88,"lag7",7.46096873987152
88,"lag8",5.05742001034033
88,"lag9",-0.404011708546414
88,"lag10",-0.62111943331031
88,"lag11",0.795810020688556
88,"lag12",1.33730849776719
89,"lag1",-0.181417816743238
89,"lag2",2.44260431291185
89,"lag3",-1.53617022886891
89,"lag4",5.69124131107859
89,"lag5",6.97484478520828
89,"lag6",-0.17797426413877
89,"lag7",2.87660632990405
89,"lag8",2.06608178637864
89,"lag9",8.89042276365459
89,"lag10",0.564990770294276
89,"lag11",2.42600583978314
89,"lag12",1.16026051108968
90,"lag1",0.404384467758128
90,"lag2",-0.0153605910727505
90,"lag3",3.8770095267066
90,"lag4",1.74009542351059
90,"lag5",-2.49213975873523
90,"lag6",0.155125841193115
90,"lag7",0.668805728947517
90,"lag8",-0.49701415639317
90,"lag9",-1.17153636826983
90,"lag10",-1.29956481424155
90,"lag11",-1.10557461108524
90,"lag12",0.227721785864338
91,"lag1",4.09659627338966
91,"lag2",-0.869260362089976
91,"lag3",0.0908902456569156
91,"lag4",4.98143871997613
91,"lag5",4.97742031380224
91,"lag6",1.7052702413149
91,"lag7",2.95760118238181
91,"lag8",-6.43063650253117
91,"lag9",-4.80506460509076
91,"lag10",2.10099346536257
91,"lag11",7.29358204923471
91,"lag12",5.48962065162137
92,"lag1",-0.276375197958952
92,"lag2",-4.57786088779067
92,"lag3",10.5212763998812
92,"lag4",5.68638421319054
92,"lag5",-1.73337347292968
92,"lag6",-0.60727940425344
92,"lag7",2.78332972623294
92,"lag8",-1.4011120184657
92,"lag9",0.285882106225098
92,"lag10",-0.8850567573787
92,"lag11",0.816439264039325
92,"lag12",2.54968178099307
93,"lag1",2.3249752999952
93,"lag2",2.96926472308058
93,"lag3",-2.7214663115407
93,"lag4",-3.17609014499812
93,"lag5",-1.2929903873632
93,"lag6",3.39698913774779
93,"lag7",-2.77625272124496
93,"lag8",-2.801183945253
93,"lag9",-0.282042500747548
93,"lag10",1.06600556074767
93,"lag11",-1.600944474363
93,"lag12",-4.24689343027655
94,"lag1",0.0520853436059576
94,"lag2",-2.48480888204246
94,"lag3",4.4874255557595
94,"lag4",-2.34920755123738
94,"lag5",-1.59489899151146
94,"lag6",0.703870666927626
94,"lag7",-0.364482517720378
94,"lag8",-4.70406861057344
94,"lag9",-2.01361147673313
94,"lag10",-4.92729563277293
94,"lag11",2.79777838463611
94,"lag12",1.43581778357676
95,"lag1",1.30510573009153
95,"lag2",-2.22470146290276
95,"lag3",-5.74286339888409
95,"lag4",-2.91785391983461
95,"lag5",-0.803215807001143
95,"lag6",-0.0168830845615784
95,"lag7",-1.01826539402138
95,"lag8",0.194138964929752
95,"lag9",-3.02899424440034
95,"lag10",0.420213704361043
95,"lag11",-0.18216628929349
95,"lag12",-3.50378368147582
96,"lag1",2.17026727936719
96,"lag2",2.61640675151118
96,"lag3",-2.58853040557638
96,"lag4",-1.20367000212863
96,"lag5",1.06741658331957
96,"lag6",3.41050676031636
96,"lag7",3.20174402270576
96,"lag8",1.82988232428334
96,"lag9",-2.98207719609436
96,"lag10",-3.49470013575669
96,"lag11",-0.192293560815465
96,"lag12",4.24435443007203
97,"lag1",0.0664669313517294
97,"lag2",2.11349697799364
97,"lag3",4.86545290498066
97,"lag4",2.99853552976427
97,"lag5",4.39549625585845
97,"lag6",1.02843909166156
97,"lag7",-0.189793155250012
97,"lag8",-1.09117359202378
97,"lag9",-2.80786592813388
97,"lag10",-0.30368644922864
97,"lag11",-2.44105543154452
97,"lag12",-0.214893187707647
98,"lag1",5.77200581985681
98,"lag2",6.53909022246134
98,"lag3",5.83669982082346
98,"lag4",2.3828408234831
98,"lag5",0.239490366886873
98,"lag6",-4.16082658559878
98,"lag7",-0.123120666971797
98,"lag8",2.17225351058016
98,"lag9",0.63363528010963
98,"lag10",0.672074238072093
98,"lag11",-1.15103595425993
98,"lag12",-2.53254667931948
99,"lag1",-2.43400377176552
99,"lag2",0.741089991140414
99,"lag3",1.93154342551964
99,"lag4",-0.746825816164061
99,"lag5",2.01208749563406
99,"lag6",1.70057741268795
99,"lag7",0.205960570593439
99,"lag8",0.376196644331644
99,"lag9",0.666546026782644
99,"lag10",-1.38094370918341
99,"lag11",0.0714761850448366
99,"lag12",-0.738130123293606
100,"lag1",1.68731634895112
100,"lag2",4.84279497413807
100,"lag3",1.43948846310147
100,"lag4",-0.477855225176061
100,"lag5",1.76808856109168
100,"lag6",-1.87526128463794
100,"lag7",0.147202541338734
100,"lag8",8.93195623057464
100,"lag9",-1.47841613948847
100,"lag10",-1.27574151111321
100,"lag11",0.690305011066751
100,"lag12",1.86336030049528
101,"lag1",-0.110462146807075
101,"lag2",-1.78043791893027
101,"lag3",7.40522582694347
101,"lag4",1.52772310669565
101,"lag5",-2.41876396108799
101,"lag6",-2.490763474994
101,"lag7",-0.605822127567617
101,"lag8",-2.70838146607462
101,"lag9",-2.02685817850229
101,"lag10",2.03552134307774
101,"lag11",6.12946850839321
101,"lag12",5.17982109426608
102,"lag1",0.442976776706697
102,"lag2",-1.21909287826367
102,"lag3",1.87412775586365
102,"lag4",-0.0658894058608845
102,"lag5",2.69731322243712
102,"lag6",4.62074009766795
102,"lag7",0.549706388692984
102,"lag8",-1.8686016294701
102,"lag9",0.201665588099347
102,"lag10",-3.21193570259416
102,"lag11",-2.68258235811927
102,"lag12",-1.35261752685267
103,"lag1",1.775862098145
103,"lag2",0.279218977935862
103,"lag3",3.65689012056773
103,"lag4",0.312856018884471
103,"lag5",-0.047264272456063
103,"lag6",-2.97418748957979
103,"lag7",1.91786607589965
103,"lag8",-5.17229921138175
103,"lag9",-2.25493051975238
103,"lag10",-1.33089036556326
103,"lag11",2.85774171195214
103,"lag12",-1.13245768761447
104,"lag1",-1.15228550236865
104,"lag2",2.16082523648318
104,"lag3",-1.37265565860323
104,"lag4",1.72639520952329
104,"lag5",-1.6616914784294
104,"lag6",0.498919580187786
104,"lag7",-2.14299044386251
104,"lag8",2.06694816620642
104,"lag9",-2.19628468208123
104,"lag10",1.24031150390666
104,"lag11",-1.16764454825056
104,"lag12",-0.830982739226248
105,"lag1",2.34009662675023
105,"lag2",4.2904809442849
105,"lag3",-1.94234085260746
105,"lag4",-2.09424710659864
105,"lag5",-1.78243086815301
105,"lag6",1.55285294207265
105,"lag7",-1.02765606393963
105,"lag8",-2.07156152572488
105,"lag9",-3.85064561011199
105,"lag10",-4.96337182727569
105,"lag11",-1.24148441398212
105,"lag12",1.07352747694011
106,"lag1",-0.621632155489313
106,"lag2",-0.742425182671886
106,"lag3",6.18243560745312
106,"lag4",-0.86914514794591
106,"lag5",5.0919807266759
106,"lag6",-0.599654871454422
106,"lag7",-0.983537866143987
106,"lag8",1.0213870782503
106,"lag9",2.00813503478139
106,"lag10",3.16896958052192
106,"lag11",0.824085981785167
106,"lag12",0.998943814099556
107,"lag1",11.2732009450015
107,"lag2",3.43984563187321
107,"lag3",1.98722601822681
107,"lag4",-0.37326004247184
107,"lag5",0.0612761545667432
107,"lag6",1.30735629524366
107,"lag7",2.40983300066875
107,"lag8",-1.08243998996493
107,"lag9",-0.687944301878779
107,"lag10",7.59599616302194
107,"lag11",5.6949033019682
107,"lag12",3.26809833733845
108,"lag1",3.18613539766588
108,"lag2",6.1151057793216
108,"lag3",7.60112637678401
108,"lag4",0.485430421520199
108,"lag5",-4.36933516351526
108,"lag6",-1.24276488925842
108,"lag7",0.245889291963004
108,"lag8",-1.76983756293657
108,"lag9",-0.275109137732721
108,"lag10",2.32009980895154
108,"lag11",5.74818995734751
108,"lag12",7.36266991807324
109,"lag1",4.60747832520745
109,"lag2",0.802492640162925
109,"lag3",0.447125147739397
109,"lag4",2.05620066819462
109,"lag5",1.50687857821399
109,"lag6",0.0579089130347626
109,"lag7",3.05640484645241
109,"lag8",0.762492291681055
109,"lag9",1.1609130229409
109,"lag10",-2.77025029194367
109,"lag11",0.245782437638236
109,"lag12",0.832252560149707
110,"lag1",1.00897340176387
110,"lag2",2.00270905978013
110,"lag3",-2.00121538565588
110,"lag4",-4.47178256076435
110,"lag5",2.71227369472147
110,"lag6",4.42642498928364
110,"lag7",4.64215475250806
110,"lag8",-1.75206050887328
110,"lag9",-1.87215306477316
110,"lag10",0.272723447403508
110,"lag11",0.765689747015189
110,"lag12",1.27896406973779
111,"lag1",-0.800248207191223
111,"lag2",5.55173410609085
111,"lag3",3.67912242310554
111,"lag4",2.93801051238093
111,"lag5",3.77928246672478
111,"lag6",6.40819157399909
111,"lag7",3.8005346809074
111,"lag8",2.61242524843092
111,"lag9",3.65203235812622
111,"lag10",-2.17035981577385
111,"lag11",0.42522769809567
111,"lag12",0.866569232053345
112,"lag1",0.141182853543085
112,"lag2",1.34261160229607
112,"lag3",2.68174784774037
112,"lag4",4.35874861599363
112,"lag5",5.11133312021526
112,"lag6",5.36316290946829
112,"lag7",6.02333778217749
112,"lag8",-3.38360532086894
112,"lag9",0.745108340898717
112,"lag10",2.65713081507388
112,"lag11",2.50137172999378
112,"lag12",4.4541035887523
113,"lag1",-0.0589617665050831
113,"lag2",-2.43778204656575
113,"lag3",-0.234191539167382
113,"lag4",1.73535044584771
113,"lag5",2.78043932225677
113,"lag6",0.795613610793163
113,"lag7",0.716491170204311
113,"lag8",-0.669045148038771
113,"lag9",0.641498601518064
113,"lag10",2.95342716503899
113,"lag11",1.09701892543424
113,"lag12",4.8574058641832
114,"lag1",-3.49999464514121
114,"lag2",-1.54767725013928
114,"lag3",0.330478838274647
114,"lag4",1.24152596314676
114,"lag5",-2.20324651185782
114,"lag6",-3.14978768170277
114,"lag7",-4.68839153172613
114,"lag8",-0.737604246566644
114,"lag9",0.81803831666
114,"lag10",-0.275079204785115
114,"lag11",-2.79789126023119
114,"lag12",0.564744446347205
115,"lag1",1.64789825666903
115,"lag2",-0.54826978302597
115,"lag3",-1.57945628581976
115,"lag4",-0.758176297201637
115,"lag5",0.920276718694922
115,"lag6",-0.509775625263475
115,"lag7",-0.547872438639486
115,"lag8",-2.02323643251636
115,"lag9",-2.28124866042696
115,"lag10",0.831103188810949
115,"lag11",-1.06108988901209
115,"lag12",-0.477791205820866
116,"lag1",-1.01882328776228
116,"lag2",1.36407478182909
116,"lag3",8.02180452029608
116,"lag4",-2.20423277740231
116,"lag5",-1.33517783775184
116,"lag6",-1.61281826959484
116,"lag7",0.448013077685162
116,"lag8",0.0510538328453572
116,"lag9",-0.0869795601166463
116,"lag10",-0.535885173522986
116,"lag11",2.13568195909349
116,"lag12",0.715690850460927
117,"lag1",1.66862710524001
117,"lag2",0.233371299846325
117,"lag3",2.22459811453001
117,"lag4",-1.40722420204093
117,"lag5",-0.931306725238264
117,"lag6",4.13784186174558
117,"lag7",1.79565118734569
117,"lag8",6.13739193005114
117,"lag9",2.40331533448039
117,"lag10",-0.613268543930937
117,"lag11",6.81817055749027
117,"lag12",6.18413801098402
118,"lag1",3.00693475747028
118,"lag2",1.14667907140596
118,"lag3",-0.880888694509824
118,"lag4",3.21027987105319
118,"lag5",5.07850796533705
118,"lag6",0.42224828372409
118,"lag7",1.30525682836283
118,"lag8",0.0615871395220723
118,"lag9",0.0320190434468118
118,"lag10",-3.08928474996842
118,"lag11",1.7545660194816
118,"lag12",3.40563873711296
119,"lag1",-2.01224539119649
119,"lag2",2.70230795356929
119,"lag3",1.50451852913214
119,"lag4",7.35470763770011
119,"lag5",2.72398914383048
119,"lag6",1.67909130436339
119,"lag7",4.21213903160007
119,"lag8",-0.138679036690018
119,"lag9",1.26673080665323
119,"lag10",-0.383057477102165
119,"lag11",-1.68181032186841
119,"lag12",-2.54906573583468
120,"lag1",-0.94105323544855
120,"lag2",-0.0727893165416091
120,"lag3",1.60804822273782
120,"lag4",1.23598756821236
120,"lag5",-2.10600665795328
120,"lag6",0.428144169308848
120,"lag7",-3.40488289595864
120,"lag8",-4.23637641279725
120,"lag9",2.09596467736779
120,"lag10",3.12028466783442
120,"lag11",-3.17145124362819
120,"lag12",0.140343792098117
121,"lag1",1.06591587080362
121,"lag2",2.04905708325598
121,"lag3",0.0947545958379173
121,"lag4",2.59877052654616
121,"lag5",1.00931476954183
121,"lag6",0.55991056320604
121,"lag7",-1.67014536194905
121,"lag8",3.46807905547583
121,"lag9",-0.406458084308201
121,"lag10",0.824787656367537
121,"lag11",0.379470177948794
121,"lag12",-0.970616570508541
122,"lag1",0.71479710883272
122,"lag2",4.20331325968637
122,"lag3",1.2365701717746
122,"lag4",-1.59619885391602
122,"lag5",-3.07927700567598
122,"lag6",-4.84627730930609
122,"lag7",-0.402065947423972
122,"lag8",-0.532160668102827
122,"lag9",1.16339028239677
122,"lag10",0.629434705765874
122,"lag11",2.43448622561698
122,"lag12",-1.44567491830598
123,"lag1",0.61866231532514
123,"lag2",4.59625785831183
123,"lag3",5.00809292269866
123,"lag4",3.40223732398228
123,"lag5",2.49117410702655
123,"lag6",-1.22461469532748
123,"lag7",-1.42202746447882
123,"lag8",-3.77523868998587
123,"lag9",0.744435787029104
123,"lag10",-0.855243812992864
123,"lag11",0.671868756048842
123,"lag12",0.661976890555147
124,"lag1",3.79360964765009
124,"lag2",2.11852777942888
124,"lag3",3.86944630336285
124,"lag4",-0.609699704089325
124,"lag5",0.0135925817359048
124,"lag6",2.46915286189195
124,"lag7",0.402339095954243
124,"lag8",-2.52029480265727
124,"lag9",4.47902517767376
124,"lag10",0.200483634792638
124,"lag11",0.875160594840635
124,"lag12",0.448745053622382
125,"lag1",2.49045645402464
125,"lag2",4.70274757327664
125,"lag3",1.30383756580114
125,"lag4",-3.02151939984146
125,"lag5",7.82359539954481
125,"lag6",-1.78318221708608
125,"lag7",0.151946500643217
125,"lag8",2.71741933740454
125,"lag9",-0.531124809351898
125,"lag10",-4.36418372625282
125,"lag11",-0.323737462546049
125,"lag12",2.02040231569698
126,"lag1",3.07489386489641
126,"lag2",-0.96556399412375
126,"lag3",-0.192947712403325
126,"lag4",4.97391396758306
126,"lag5",12.193431058859
126,"lag6",4.25422973752913
126,"lag7",-0.453556734082936
126,"lag8",-2.16764538558398
126,"lag9",1.25731161946748
126,"lag10",-1.90242864258847
126,"lag11",-2.38862984635622
126,"lag12",-1.41962058552213
127,"lag1",1.74886840036269
127,"lag2",-0.688791205544104
127,"lag3",-1.02821974938329
127,"lag4",0.371714017214784
127,"lag5",0.775371352656771
127,"lag6",-0.637720000000388
127,"lag7",4.82593542485667
127,"lag8",-0.397959590969989
127,"lag9",-1.53757679033185
127,"lag10",-1.42974727744003
127,"lag11",1.9684172491088
127,"lag12",0.50146008739392
128,"lag1",10.1173146471794
128,"lag2",7.92381276788261
128,"lag3",4.73587287308594
128,"lag4",3.52252930741489
128,"lag5",3.4123747402665
128,"lag6",0.248865452240156
128,"lag7",-0.989122018813928
128,"lag8",-5.99020046052346
128,"lag9",-3.91420742748743
128,"lag10",-4.07054756748997
128,"lag11",1.15057004146128
128,"lag12",1.70400656110033
129,"lag1",-1.39322285759357
129,"lag2",-0.0585563386026318
129,"lag3",8.541022095326
129,"lag4",2.53757201542881
129,"lag5",0.112840767336515
129,"lag6",3.68971762429184
129,"lag7",-2.13436378324572
129,"lag8",-1.02783068616056
129,"lag9",0.904057901083469
129,"lag10",0.738747695322543
129,"lag11",4.22500509444673
129,"lag12",3.90194107149365
130,"lag1",6.60345011670184
130,"lag2",4.5929698918235
130,"lag3",2.40969300549864
130,"lag4",2.13939568250046
130,"lag5",-0.470644356952788
130,"lag6",0.0474222333674466
130,"lag7",2.84073426119836
130,"lag8",1.32263981142401
130,"lag9",2.41887925619365
130,"lag10",-0.459861616535676
130,"lag11",7.47529349248535
130,"lag12",2.16026384347465
131,"lag1",-1.36687436400644
131,"lag2",-1.48217843503342
131,"lag3",-1.01106751240632
131,"lag4",-1.29496519485869
131,"lag5",3.44337160310796
131,"lag6",0.92480198473441
131,"lag7",0.0151994184514566
131,"lag8",0.342484570998878
131,"lag9",-1.03260848094213
131,"lag10",-1.12833031816297
131,"lag11",1.10587289236865
131,"lag12",2.88205064192196
132,"lag1",1.11525467581931
132,"lag2",-4.71266073405208
132,"lag3",9.87529661689817
132,"lag4",-1.71483767257785
132,"lag5",-1.95075270548041
132,"lag6",2.60342383681763
132,"lag7",1.47249502642095
132,"lag8",-0.0352438058310111
132,"lag9",0.0950730902461782
132,"lag10",4.4305947785331
132,"lag11",7.85755623540737
132,"lag12",-1.26641304721555
133,"lag1",1.08698016658334
133,"lag2",1.28727455428031
133,"lag3",-3.03573444563682
133,"lag4",-0.801659683456878
133,"lag5",-3.99174341702319
133,"lag6",-1.87855947746269
133,"lag7",-0.88735077311636
133,"lag8",1.40492302408957
133,"lag9",-3.49154079527673
133,"lag10",-4.14232389017125
133,"lag11",1.34650113557358
133,"lag12",-1.02644667643113
134,"lag1",1.23676796912795
134,"lag2",3.50091724130941
134,"lag3",5.00467730267843
134,"lag4",2.82953709500391
134,"lag5",0.0830449557304809
134,"lag6",1.87848430228937
134,"lag7",1.40548376952326
134,"lag8",-0.104174262696444
134,"lag9",1.32133944653763
134,"lag10",-0.25066055115369
134,"lag11",1.43770340698886
134,"lag12",1.01893965811387
135,"lag1",1.155577734939
135,"lag2",4.28591602538917
135,"lag3",-0.441955858302751
135,"lag4",-2.11357780803625
135,"lag5",-0.803516805346734
135,"lag6",-0.231798977391324
135,"lag7",0.138022505742372
135,"lag8",-2.76066428729889
135,"lag9",-0.635218024418026
135,"lag10",-0.31030597216844
135,"lag11",-1.18834605354052
135,"lag12",2.90418558664397
136,"lag1",0.706056255559064
136,"lag2",1.02621469961523
136,"lag3",1.33059727151436
136,"lag4",-1.13964883248163
136,"lag5",-0.755547283840227
136,"lag6",-2.48519220665373
136,"lag7",-1.71235577483404
136,"lag8",2.93386628092674
136,"lag9",6.45436563616566
136,"lag10",1.60054685247468
136,"lag11",-0.210083237787535
136,"lag12",0.472348424355985
137,"lag1",0.972671380670903
137,"lag2",-2.13524446227085
137,"lag3",-1.29744940585578
137,"lag4",-1.82120681319671
137,"lag5",1.69665194883813
137,"lag6",-1.86416260373628
137,"lag7",1.91500332343526
137,"lag8",2.21131124073556
137,"lag9",-0.675795984117479
137,"lag10",0.236099301796157
137,"lag11",2.05795930472478
137,"lag12",3.77717499674997
138,"lag1",1.02950859331663
138,"lag2",0.251572257147902
138,"lag3",-0.409837754327103
138,"lag4",2.86303029395715
138,"lag5",3.74923693075761
138,"lag6",4.3614883555267
138,"lag7",5.13243380795705
138,"lag8",1.83889154664494
138,"lag9",0.0860691592102469
138,"lag10",-2.18375789783653
138,"lag11",-0.642053469349845
138,"lag12",0.636202526702775
139,"lag1",6.45750181095565
139,"lag2",6.11768667566673
139,"lag3",2.98323780684187
139,"lag4",-0.98022800384937
139,"lag5",1.10805881203148
139,"lag6",-0.621256938176934
139,"lag7",-1.00814867314374
139,"lag8",-0.433822601424319
139,"lag9",4.24965648647006
139,"lag10",1.51384700298553
139,"lag11",1.84650884120385
139,"lag12",8.94961231492925
140,"lag1",-0.258924996852105
140,"lag2",0.903048571528154
140,"lag3",-2.91384880550886
140,"lag4",-2.5721638555266
140,"lag5",-4.42715200922005
140,"lag6",-0.406508002208923
140,"lag7",0.350256813984842
140,"lag8",0.728720276886268
140,"lag9",-1.60845514709517
140,"lag10",-4.28239358487988
140,"lag11",3.34495555831254
140,"lag12",3.62321811142391
141,"lag1",1.36169203474165
141,"lag2",2.41006337250258
141,"lag3",-0.0263336539843471
141,"lag4",0.354587158225493
141,"lag5",-0.174301084266298
141,"lag6",4.24959232734547
141,"lag7",5.63688032642813
141,"lag8",-0.262116594643477
141,"lag9",1.12605134200198
141,"lag10",-4.06178675700255
141,"lag11",-1.26468580196672
141,"lag12",0.406130591039445
142,"lag1",0.156871545153542
142,"lag2",-1.65253079110354
142,"lag3",1.82074935966839
142,"lag4",-1.14863865983686
142,"lag5",-0.541374016266846
142,"lag6",-0.226715108496707
142,"lag7",-1.2203115320904
142,"lag8",-0.682517293967901
142,"lag9",2.22182320086945
142,"lag10",1.66862029153577
142,"lag11",1.06855069223782
142,"lag12",3.58111647234381
143,"lag1",3.2156576719842
143,"lag2",4.74221325362831
143,"lag3",0.794567179153269
143,"lag4",1.44144118553743
143,"lag5",-3.55705913698881
143,"lag6",-1.98914147610695
143,"lag7",-1.21094998041894
143,"lag8",-0.171903763620489
143,"lag9",-2.60498743995183
143,"lag10",-0.49319896018052
143,"lag11",10.6134311564406
143,"lag12",9.99006947904278
144,"lag1",3.15575893341446
144,"lag2",1.13685990045841
144,"lag3",1.50426531976703
144,"lag4",-2.78557763347651
144,"lag5",1.79542839285841
144,"lag6",4.50073806305566
144,"lag7",1.10749724284842
144,"lag8",-0.346196987810423
144,"lag9",-3.03802248277953
144,"lag10",-1.38383512968423
144,"lag11",0.648514790308269
144,"lag12",1.28808204266127
145,"lag1",5.57634973996802
145,"lag2",1.01519285404137
145,"lag3",4.16444579664182
145,"lag4",1.9803354224336
145,"lag5",-5.10383203496766
145,"lag6",1.38181000701047
145,"lag7",-3.09489412730468
145,"lag8",-6.6402786720783
145,"lag9",-1.74379179000573
145,"lag10",-4.79506614364641
145,"lag11",-3.59332113311154
145,"lag12",0.27092803283565
146,"lag1",-1.46313054070823
146,"lag2",-1.84881499082341
146,"lag3",-2.86310984710945
146,"lag4",0.915373613738645
146,"lag5",4.34255855226228
146,"lag6",0.702876264231402
146,"lag7",0.341473664661063
146,"lag8",2.99198828725804
146,"lag9",0.793458164877632
146,"lag10",2.51262948976178
146,"lag11",-2.49667150220703
146,"lag12",3.0316264997948
147,"lag1",2.19940846429538
147,"lag2",-1.04058796578782
147,"lag3",1.23598353959761
147,"lag4",6.33296788176614
147,"lag5",1.86572493652261
147,"lag6",-3.38374467514564
147,"lag7",5.12727150568631
147,"lag8",0.337340428149528
147,"lag9",0.939616627741524
147,"lag10",-1.82592495241182
147,"lag11",-3.53481694338399
147,"lag12",-3.29734432554624
148,"lag1",2.59560907784806
148,"lag2",3.30554655837425
148,"lag3",-0.125380630205753
148,"lag4",-1.62494002531172
148,"lag5",-1.00928111562193
148,"lag6",-0.949267914089697
148,"lag7",0.752184976352254
148,"lag8",-1.22842723861765
148,"lag9",2.66690186857677
148,"lag10",-0.202102359459108
148,"lag11",-0.103825972147654
148,"lag12",-2.4456710203633
149,"lag1",2.10438758628971
149,"lag2",-1.49351093874832
149,"lag3",3.45113707059892
149,"lag4",2.24388781331566
149,"lag5",3.73157043734971
149,"lag6",1.92836872851907
149,"lag7",5.23510813579486
149,"lag8",-2.03560424559939
149,"lag9",2.33473928207063
149,"lag10",-2.50189948563601
149,"lag11",-4.31309420363443
149,"lag12",0.480321743797357
150,"lag1",3.61637298489681
150,"lag2",2.11291193096202
150,"lag3",-0.19682301179985
150,"lag4",0.587761211367327
150,"lag5",4.32031207624395
150,"lag6",-2.29256639477613
150,"lag7",-1.55720497285751
150,"lag8",3.69500501114736
150,"lag9",2.54885257154998
150,"lag10",-0.529772081389755
150,"lag11",0.967080571544901
150,"lag12",0.586474125513666
151,"lag1",4.57787864211402
151,"lag2",5.70646444256831
151,"lag3",20.5991179118017
151,"lag4",4.14060400116658
151,"lag5",0.881533983450574
151,"lag6",1.13050526770105
151,"lag7",0.6845750207991
151,"lag8",-0.801991300381643
151,"lag9",0.341334983974405
151,"lag10",3.01071796053725
151,"lag11",4.31158694429172
151,"lag12",4.59244552185828
152,"lag1",-3.92896130619244
152,"lag2",0.644074655920812
152,"lag3",-1.32458835915875
152,"lag4",3.38795214542688
152,"lag5",-0.255245502263817
152,"lag6",0.814129609345848
152,"lag7",-2.23648701839069
152,"lag8",-5.7704189309936
152,"lag9",-1.28817554356975
152,"lag10",-2.0522657277577
152,"lag11",5.30946975303622
152,"lag12",3.2459934595015
153,"lag1",9.18590925769113
153,"lag2",11.5826599873241
153,"lag3",5.47787727365856
153,"lag4",1.23523197014582
153,"lag5",2.43383012960771
153,"lag6",0.921918338437348
153,"lag7",2.14316047946151
153,"lag8",0.181631809984529
153,"lag9",-1.37262578594734
153,"lag10",4.87982223045591
153,"lag11",4.08440000158732
153,"lag12",1.72169251522241
154,"lag1",0.881873982132785
154,"lag2",1.03454911741282
154,"lag3",0.10038456576042
154,"lag4",-3.42027916904124
154,"lag5",-2.18561740444231
154,"lag6",-0.627428209484909
154,"lag7",-0.8905604305157
154,"lag8",-1.64369159851367
154,"lag9",0.415962781174323
154,"lag10",2.07938763593779
154,"lag11",2.72003491645393
154,"lag12",0.970339570837072
155,"lag1",1.0197206426774
155,"lag2",7.08188702154409
155,"lag3",2.27283653009406
155,"lag4",1.28600804819551
155,"lag5",2.4700102870599
155,"lag6",-0.069567386583086
155,"lag7",-1.57195997073047
155,"lag8",0.168077604262713
155,"lag9",2.48884803416629
155,"lag10",0.291915588215466
155,"lag11",1.45062858747791
155,"lag12",2.3960789818253
156,"lag1",4.15949449746211
156,"lag2",-3.78380736830364
156,"lag3",2.9074174704928
156,"lag4",2.09920466815256
156,"lag5",-0.198330957071737
156,"lag6",-2.37830981403917
156,"lag7",4.49130844667009
156,"lag8",-1.02813355076934
156,"lag9",-0.588260569756872
156,"lag10",0.589993389370767
156,"lag11",3.19056441982363
156,"lag12",3.59871734434664
157,"lag1",4.91274099385604
157,"lag2",-2.94644892218777
157,"lag3",2.91955601145886
157,"lag4",-2.14565262625383
157,"lag5",1.16783254298257
157,"lag6",-1.05353937056678
157,"lag7",1.75970672435503
157,"lag8",-2.65257006461812
157,"lag9",-2.17083745312195
157,"lag10",-1.13297584394137
157,"lag11",1.63442113581514
157,"lag12",-0.387934615906508
158,"lag1",0.688737081499998
158,"lag2",2.67935931633282
158,"lag3",-0.0475221609996908
158,"lag4",0.553847006039544
158,"lag5",0.785774512288756
158,"lag6",2.16786807220867
158,"lag7",-0.00702093014421229
158,"lag8",3.32156493239102
158,"lag9",3.72887009440797
158,"lag10",-1.01318557282258
158,"lag11",-4.22517696033982
158,"lag12",1.23691374659742
159,"lag1",1.81809735215926
159,"lag2",5.32289933396055
159,"lag3",1.73645252954322
159,"lag4",-0.120934598828055
159,"lag5",2.10612370651038
159,"lag6",1.35386524510397
159,"lag7",-1.0225078964593
159,"lag8",1.68412980072615
159,"lag9",5.63261460418179
159,"lag10",4.0507953501776
159,"lag11",1.95230575352197
159,"lag12",2.83186998877918
160,"lag1",1.19030875315677
160,"lag2",-0.596749644371512
160,"lag3",4.27475550167061
160,"lag4",1.27012455416947
160,"lag5",1.3739239190933
160,"lag6",-3.26006944451502
160,"lag7",4.24444582034409
160,"lag8",-0.0609633765789575
160,"lag9",-1.39970379516971
160,"lag10",0.213870056817717
160,"lag11",1.86568186782438
160,"lag12",1.59049512673571
161,"lag1",0.0380117622321903
161,"lag2",0.269092141391534
161,"lag3",5.46486761802403
161,"lag4",-0.470098182429519
161,"lag5",1.86234921054226
161,"lag6",4.46739246657526
161,"lag7",2.10788651998699
161,"lag8",-0.523628951673441
161,"lag9",-0.49505715718915
161,"lag10",-0.680479580506514
161,"lag11",0.183826248316014
161,"lag12",-0.438324570177984
162,"lag1",2.38413232363787
162,"lag2",1.43487044120663
162,"lag3",-0.348505046816943
162,"lag4",-2.32930533077799
162,"lag5",3.51610500931874
162,"lag6",1.02166876047854
162,"lag7",-2.6604517214652
162,"lag8",-1.12908724473014
162,"lag9",4.11822905179202
162,"lag10",2.07446048824291
162,"lag11",7.11036247888792
162,"lag12",6.68162212619015
163,"lag1",-1.65024164335603
163,"lag2",-2.66135994689383
163,"lag3",-1.12307281117487
163,"lag4",-0.722045148943483
163,"lag5",-1.23129822637601
163,"lag6",-1.39019434108795
163,"lag7",0.887284591497247
163,"lag8",0.783270958626856
163,"lag9",2.21191045291957
163,"lag10",1.68288619401704
163,"lag11",2.43068158546493
163,"lag12",4.56887128350446
164,"lag1",6.23588781311142
164,"lag2",2.54188816693907
164,"lag3",0.118117428770605
164,"lag4",0.296309167483711
164,"lag5",0.563103723023066
164,"lag6",2.39447789703339
164,"lag7",3.56997780714367
164,"lag8",2.02093637753161
164,"lag9",-0.948337024796694
164,"lag10",-2.24943274752437
164,"lag11",3.39501470374868
164,"lag12",0.943763473015919
165,"lag1",0.231700740455062
165,"lag2",-0.767020246133894
165,"lag3",-2.89311032627486
165,"lag4",-1.54653390280509
165,"lag5",-2.63912728126715
165,"lag6",0.0703597339558807
165,"lag7",0.430127352871033
165,"lag8",1.61171569370033
165,"lag9",0.222498533127434
165,"lag10",2.35452230007935
165,"lag11",-2.80039842687999
165,"lag12",0.527692436506971
166,"lag1",-0.496720317258132
166,"lag2",1.1549084391425
166,"lag3",1.21161470784694
166,"lag4",-2.12833300739407
166,"lag5",1.56957484676279
166,"lag6",4.21860606174464
166,"lag7",0.229354484353596
166,"lag8",-1.38966874993856
166,"lag9",4.06304048364672
166,"lag10",2.56775672786718
166,"lag11",5.19103027745471
166,"lag12",3.88142618590557
167,"lag1",-3.88201315733117
167,"lag2",-0.52058704346368
167,"lag3",2.703548659098
167,"lag4",2.23362589079525
167,"lag5",1.15282781828846
167,"lag6",-0.631696936749066
167,"lag7",1.50907083609578
167,"lag8",-1.88387656067021
167,"lag9",0.738893768559864
167,"lag10",-0.231524398693769
167,"lag11",0.316642770060979
167,"lag12",3.71724583723819
168,"lag1",1.75488937102335
168,"lag2",1.53050206803972
168,"lag3",2.70093269966266
168,"lag4",4.03882748659974
168,"lag5",8.84319958945676
168,"lag6",3.9850750993804
168,"lag7",2.98696533432432
168,"lag8",-1.58986614850587
168,"lag9",1.68517872037299
168,"lag10",4.12786345037611
168,"lag11",3.77259628319765
168,"lag12",2.0918594525014
169,"lag1",0.272602336587214
169,"lag2",0.454114515692977
169,"lag3",-0.826984200460695
169,"lag4",-0.0313799351737376
169,"lag5",-2.71409531389618
169,"lag6",-4.95013468963554
169,"lag7",-2.0057502564367
169,"lag8",1.12866376701804
169,"lag9",1.17352595041453
169,"lag10",-3.30839923588564
169,"lag11",-2.8026294148657
169,"lag12",-0.367437232525988
170,"lag1",4.27909002118253
170,"lag2",1.85130340285919
170,"lag3",1.29664134604782
170,"lag4",-0.549357787379174
170,"lag5",-0.45107536662208
170,"lag6",1.31415831430004
170,"lag7",0.294064082843066
170,"lag8",-1.23180856740437
170,"lag9",3.94149017603671
170,"lag10",-0.52944340405388
170,"lag11",4.12012560407842
170,"lag12",-1.0957416266168
171,"lag1",-1.50091434969041
171,"lag2",-3.97252777140593
171,"lag3",-0.151690655825633
171,"lag4",-1.81954912893247
171,"lag5",-0.695009808817461
171,"lag6",-1.39077440119546
171,"lag7",-0.334650126292915
171,"lag8",-4.67694399825252
171,"lag9",-3.05446791871485
171,"lag10",-0.35164654748447
171,"lag11",1.77573302840911
171,"lag12",-0.426292207172239
172,"lag1",-4.90180616726436
172,"lag2",-1.62123848355423
172,"lag3",12.1795798422605
172,"lag4",0.502736310934375
172,"lag5",-0.469499911669761
172,"lag6",3.03283398147456
172,"lag7",-1.13419790287496
172,"lag8",-0.163419193732367
172,"lag9",3.95432485961349
172,"lag10",-3.25167858182325
172,"lag11",-1.57554226363105
172,"lag12",0.173496530192038
173,"lag1",-0.271980473796054
173,"lag2",-0.686535240233546
173,"lag3",-1.98531491818982
173,"lag4",-2.99973553732913
173,"lag5",-4.43865102034833
173,"lag6",1.37149197970046
173,"lag7",-1.85401890190662
173,"lag8",-4.03126951241767
173,"lag9",1.58727534030258
173,"lag10",4.35850563450145
173,"lag11",3.00623190127641
173,"lag12",3.41776358834117
174,"lag1",1.1940003874575
174,"lag2",-3.81558727282023
174,"lag3",-2.46578977309024
174,"lag4",2.1090794586029
174,"lag5",2.37913822488175
174,"lag6",0.524067953612617
174,"lag7",2.81287800818117
174,"lag8",-3.9679431026242
174,"lag9",-2.98652854576711
174,"lag10",-2.36240743849291
174,"lag11",-1.35663300949701
174,"lag12",-1.48981057587108
175,"lag1",2.7436576370206
175,"lag2",-1.50103476205271
175,"lag3",1.26113393947429
175,"lag4",-0.0078855513102704
175,"lag5",-4.61354600649532
175,"lag6",-3.36995486107091
175,"lag7",1.70350882032676
175,"lag8",-3.8377512642695
175,"lag9",-1.23418310409773
175,"lag10",2.36539634916538
175,"lag11",-3.90620767501714
175,"lag12",-1.50639204478416
176,"lag1",0.775183630869612
176,"lag2",7.48650953049591
176,"lag3",1.38831899279776
176,"lag4",2.27264313924736
176,"lag5",5.76176567997662
176,"lag6",0.600317176327969
176,"lag7",4.19436653148078
176,"lag8",-3.41087267931332
176,"lag9",-0.715944031510773
176,"lag10",-0.648615449891502
176,"lag11",1.35376274610019
176,"lag12",1.5497491519446
177,"lag1",-0.901023527605221
177,"lag2",6.90549444771152
177,"lag3",-0.029265321024125
177,"lag4",-0.727426762058818
177,"lag5",3.46894318397034
177,"lag6",0.81253250236732
177,"lag7",-3.23415098273875
177,"lag8",-0.392326218766992
177,"lag9",-0.00460582746116494
177,"lag10",1.23627636313082
177,"lag11",-1.32964422224604
177,"lag12",0.353203241529471
178,"lag1",-1.92708421205701
178,"lag2",2.37642991699368
178,"lag3",0.282334039307301
178,"lag4",-1.38475857564954
178,"lag5",1.04483032799519
178,"lag6",-1.44258000554631
178,"lag7",1.8732106110636
178,"lag8",1.15661223583096
178,"lag9",2.96560071454629
178,"lag10",2.79104082763217
178,"lag11",-1.1618070353323
178,"lag12",2.04559155780836
179,"lag1",2.13677562615352
179,"lag2",-0.99231441011505
179,"lag3",0.0483959884305517
179,"lag4",-1.42622903434614
179,"lag5",-2.86100936344226
179,"lag6",-2.52616049855538
179,"lag7",-3.80926092898086
179,"lag8",-4.86215901884504
179,"lag9",-4.18249409905651
179,"lag10",0.76002457391405
179,"lag11",4.90148660154694
179,"lag12",4.90772437589622
180,"lag1",-3.20406255129064
180,"lag2",-2.13846130004893
180,"lag3",-1.56719179061941
180,"lag4",2.60574212732829
180,"lag5",-0.067266579497207
180,"lag6",-2.54294554881142
180,"lag7",-2.86166725875262
180,"lag8",-3.67134613731289
180,"lag9",0.88809424753533
180,"lag10",1.65050877300802
180,"lag11",4.48485164605719
180,"lag12",3.15494488794669
181,"lag1",6.53832435737652
181,"lag2",3.8104410913402
181,"lag3",-0.801583980460791
181,"lag4",-2.30110835592028
181,"lag5",-4.03729484478131
181,"lag6",-0.339341679431475
181,"lag7",-0.0664268181417501
181,"lag8",0.0126631361207425
181,"lag9",-0.198018107669235
181,"lag10",0.797744137232195
181,"lag11",-0.122868453558711
181,"lag12",6.39170362091625
182,"lag1",1.40010895525023
182,"lag2",-0.2288284770537
182,"lag3",0.868937219468376
182,"lag4",9.61716486575393
182,"lag5",0.427146578287553
182,"lag6",3.73689518336066
182,"lag7",5.51680101202202
182,"lag8",1.75825065308135
182,"lag9",1.19863580200625
182,"lag10",-0.347845967885175
182,"lag11",1.55226163450755
182,"lag12",1.50375792457696
183,"lag1",5.14995684583755
183,"lag2",-0.134344891238292
183,"lag3",5.15839206857964
183,"lag4",0.522957872727977
183,"lag5",-0.18018502746695
183,"lag6",1.90660649479739
183,"lag7",0.0918497093795301
183,"lag8",-3.52338637000363
183,"lag9",-0.0585465517600046
183,"lag10",-0.83797689674278
183,"lag11",-4.42322521337579
183,"lag12",-1.89805619225855
184,"lag1",2.33352385562006
184,"lag2",3.95939130591523
184,"lag3",1.32721485464205
184,"lag4",4.01465359985356
184,"lag5",1.33854481237966
184,"lag6",1.74449773528092
184,"lag7",1.72502525976812
184,"lag8",-3.99767375480275
184,"lag9",0.632158548559645
184,"lag10",3.53579830710501
184,"lag11",1.58269488414027
184,"lag12",2.41681838064281
185,"lag1",2.33816200557732
185,"lag2",2.27660095736574
185,"lag3",6.62343996779169
185,"lag4",3.52627819989009
185,"lag5",2.20017706086443
185,"lag6",2.94117398612759
185,"lag7",-1.2031045767848
185,"lag8",-3.85279504725893
185,"lag9",-1.26069759533316
185,"lag10",0.805894286133782
185,"lag11",0.460063958717168
185,"lag12",3.18332309497029
186,"lag1",0.259515633833256
186,"lag2",-1.44089649232146
186,"lag3",2.07517618412492
186,"lag4",2.26369532201415
186,"lag5",1.78622381428508
186,"lag6",0.0990152867556671
186,"lag7",-1.83628609361381
186,"lag8",-2.316573641589
186,"lag9",2.07677698616771
186,"lag10",0.589969070288287
186,"lag11",2.03045029994351
186,"lag12",2.51700707072943
187,"lag1",4.87993799413995
187,"lag2",5.42000173927759
187,"lag3",5.47839834146609
187,"lag4",-3.86525604353602
187,"lag5",1.75445949471422
187,"lag6",3.39415384195119
187,"lag7",1.66534969180978
187,"lag8",-2.34526399812846
187,"lag9",2.50938292138849
187,"lag10",1.56197329899447
187,"lag11",0.32452841696162
187,"lag12",2.74723103976286
188,"lag1",5.11437211846861
188,"lag2",6.17618196517102
188,"lag3",-1.84515651669068
188,"lag4",1.03594894407686
188,"lag5",-0.655659545557367
188,"lag6",0.92079587825273
188,"lag7",2.63469705373233
188,"lag8",-1.58925091237628
188,"lag9",1.31191332870419
188,"lag10",2.9039929153365
188,"lag11",3.67085770931551
188,"lag12",3.902323527719
189,"lag1",4.38422934417656
189,"lag2",0.541930361565563
189,"lag3",6.88475340917324
189,"lag4",2.82089099161002
189,"lag5",1.52672369610839
189,"lag6",2.28779365586948
189,"lag7",-0.666451577685569
189,"lag8",-0.535264375522852
189,"lag9",0.472790655510495
189,"lag10",0.328801699516041
189,"lag11",-2.35368529290806
189,"lag12",0.47123373005127
190,"lag1",1.79130505674817
190,"lag2",2.63423808571505
190,"lag3",9.43603154561301
190,"lag4",2.23666627584904
190,"lag5",3.46394987676169
190,"lag6",0.433033166274928
190,"lag7",1.66654778302198
190,"lag8",0.613704760989898
190,"lag9",2.38703446003298
190,"lag10",0.238899552017241
190,"lag11",0.954099110409872
190,"lag12",3.34556831939336
191,"lag1",14.1960678179445
191,"lag2",6.52459910310272
191,"lag3",0.296487869093672
191,"lag4",1.78118600236318
191,"lag5",2.51600551484312
191,"lag6",0.0376957908033051
191,"lag7",-0.360561553079403
191,"lag8",-3.11201864427371
191,"lag9",-1.13990647129398
191,"lag10",-0.810647572702776
191,"lag11",1.80037155022661
191,"lag12",0.940434293896837
192,"lag1",4.76544624912624
192,"lag2",1.9487359776207
192,"lag3",4.12904202881997
192,"lag4",4.58112589252465
192,"lag5",5.03972994686528
192,"lag6",1.20829475514293
192,"lag7",2.71767848785958
192,"lag8",3.7475196013201
192,"lag9",4.51564533568278
192,"lag10",1.72656197355639
192,"lag11",5.46372167362423
192,"lag12",6.54256396431577
193,"lag1",-2.87312526476591
193,"lag2",13.1468525423371
193,"lag3",2.67087114725621
193,"lag4",1.85878895530652
193,"lag5",3.66027172033846
193,"lag6",0.111871449888577
193,"lag7",-3.4357983452572
193,"lag8",-3.06482711197649
193,"lag9",1.45967445591654
193,"lag10",-1.00085949452804
193,"lag11",-0.0609313201810223
193,"lag12",1.14223456225106
194,"lag1",0.930337601940181
194,"lag2",-0.322038711741621
194,"lag3",7.29815500661169
194,"lag4",1.43600938553777
194,"lag5",3.16749513871013
194,"lag6",0.55132719164796
194,"lag7",5.74704870024885
194,"lag8",1.70163395125793
194,"lag9",1.925409220798
194,"lag10",-2.79172337568785
194,"lag11",-1.33888579396275
194,"lag12",3.18168178940128
195,"lag1",2.73006963437142
195,"lag2",-1.47770743062356
195,"lag3",5.9323048674003
195,"lag4",-1.44877201393956
195,"lag5",-1.37544182580078
195,"lag6",4.68586114017456
195,"lag7",3.44609294110178
195,"lag8",-4.22755924521172
195,"lag9",4.18885137075119
195,"lag10",-0.0522727077044272
195,"lag11",1.46071232660523
195,"lag12",4.19964004454158
196,"lag1",-1.3012843684988
196,"lag2",-0.734906003237138
196,"lag3",1.62554103435481
196,"lag4",-0.459650625844556
196,"lag5",7.23304116479709
196,"lag6",0.249869687391356
196,"lag7",-1.68699905896636
196,"lag8",-4.67430440008283
196,"lag9",1.54823021863128
196,"lag10",-0.885455742386631
196,"lag11",-3.20570121492688
196,"lag12",-4.34483559890447
197,"lag1",2.81399609042256
197,"lag2",0.24308567702517
197,"lag3",-0.0129430594269156
197,"lag4",0.670993139746635
197,"lag5",0.653562865735354
197,"lag6",-0.293162461114038
197,"lag7",1.93092309405525
197,"lag8",-4.97904029886648
197,"lag9",1.84304953168622
197,"lag10",0.492002922372416
197,"lag11",-1.24170601171651
197,"lag12",0.487102235212884
198,"lag1",-1.66999097987426
198,"lag2",-2.98208335597126
198,"lag3",1.54192084081125
198,"lag4",0.148089343446997
198,"lag5",-0.878245444213586
198,"lag6",-1.84857787738551
198,"lag7",-3.09923768561219
198,"lag8",-1.80944874910398
198,"lag9",1.22805712663029
198,"lag10",6.49667719869261
198,"lag11",0.617428461462636
198,"lag12",-0.532631022927064
199,"lag1",0.789325201493588
199,"lag2",6.65442451249517
199,"lag3",1.78670106801514
199,"lag4",2.64860810861007
199,"lag5",0.152821016383159
199,"lag6",4.19788281831675
199,"lag7",2.16746291826704
199,"lag8",1.9774110036508
199,"lag9",3.32941217865727
199,"lag10",0.0344446376187861
199,"lag11",3.20995146578873
199,"lag12",2.01282852531073
200,"lag1",-0.0308579375749629
200,"lag2",-0.617432186739679
200,"lag3",-0.520668345212717
200,"lag4",-1.6202293901459
200,"lag5",-0.708103212774619
200,"lag6",3.41442956159889
200,"lag7",1.82605244861146
200,"lag8",-1.191562654761
200,"lag9",-0.0546901611673453
200,"lag10",0.418882708439446
200,"lag11",0.376870552854644
200,"lag12",1.4338878864261
201,"lag1",2.47178848177121
201,"lag2",1.04736901142497
201,"lag3",-2.53624210912906
201,"lag4",-3.68032137097139
201,"lag5",-4.61213504956445
201,"lag6",-2.20541242718921
201,"lag7",-0.730386738444652
201,"lag8",-1.96085725263199
201,"lag9",-6.05671742958787
201,"lag10",-2.66849750600738
201,"lag11",0.244915087992913
201,"lag12",-0.830099775400435
202,"lag1",2.31604364386764
202,"lag2",-0.353162640977934
202,"lag3",1.9756808457745
202,"lag4",0.72019741262483
202,"lag5",0.590795826319102
202,"lag6",-0.715084029182604
202,"lag7",1.5534604042894
202,"lag8",-3.46144461696726
202,"lag9",-0.344439594183582
202,"lag10",-2.19185680689939
202,"lag11",1.7968153226094
202,"lag12",1.33339129709105
203,"lag1",3.48467211978014
203,"lag2",4.63603165329016
203,"lag3",5.18306670843479
203,"lag4",2.02744417035478
203,"lag5",1.61422299976451
203,"lag6",3.27293149063183
203,"lag7",3.82945361120757
203,"lag8",3.90162318948416
203,"lag9",2.53694468086828
203,"lag10",3.57353078646585
203,"lag11",1.79823368976102
203,"lag12",4.49045642949443
204,"lag1",-0.657849104490665
204,"lag2",1.87970889576316
204,"lag3",-1.07577635785777
204,"lag4",-4.23963418436946
204,"lag5",-2.54349668647001
204,"lag6",-1.03264712068518
204,"lag7",0.277161628778922
204,"lag8",-4.11203259485784
204,"lag9",-3.3380063716277
204,"lag10",-3.08146156791225
204,"lag11",-1.27319930188278
204,"lag12",-1.27318045782451
205,"lag1",-0.0059114378598702
205,"lag2",-0.0692789465171221
205,"lag3",-0.261325204819323
205,"lag4",-3.40254913184375
205,"lag5",5.33868956747653
205,"lag6",5.89621734986056
205,"lag7",0.931806154337752
205,"lag8",-1.81939530959899
205,"lag9",2.67678295657802
205,"lag10",0.628860700790078
205,"lag11",-1.58133414068837
205,"lag12",2.6694877616709
206,"lag1",-1.4675916548101
206,"lag2",-1.50947653258802
206,"lag3",5.07636095980924
206,"lag4",-4.07777974459743
206,"lag5",1.22597477141919
206,"lag6",3.90630258719984
206,"lag7",-1.23763480793172
206,"lag8",-1.57131222057455
206,"lag9",1.50744690452883
206,"lag10",3.17117195142897
206,"lag11",1.11129735763141
206,"lag12",4.44253814152669
207,"lag1",9.1969805744341
207,"lag2",10.4738994484827
207,"lag3",1.63347662965305
207,"lag4",-1.18858478047065
207,"lag5",0.191195112995257
207,"lag6",-1.30264515939789
207,"lag7",-1.13456118764501
207,"lag8",-0.244455541719994
207,"lag9",-2.37644990463573
207,"lag10",-2.24517329134917
207,"lag11",-3.3596986445212
207,"lag12",0.252728775453809
208,"lag1",5.89631757368026
208,"lag2",7.15417309811938
208,"lag3",2.38550931632668
208,"lag4",-0.32963655725124
208,"lag5",-3.65915523965265
208,"lag6",-1.32409620949004
208,"lag7",-2.92130974440165
208,"lag8",-4.40792764314471
208,"lag9",-0.0434351504855627
208,"lag10",0.726817789926835
208,"lag11",-0.254547139130697
208,"lag12",0.121811891287798
209,"lag1",-0.260919526831273
209,"lag2",0.107879645396411
209,"lag3",1.19712895266509
209,"lag4",-0.752368598120346
209,"lag5",3.71349387675807
209,"lag6",-1.60410431596354
209,"lag7",3.51972160826591
209,"lag8",0.144086550577014
209,"lag9",4.34113731125662
209,"lag10",6.46025991749387
209,"lag11",4.31133260441652
209,"lag12",1.62332452431118
210,"lag1",3.66537043021322
210,"lag2",-3.375147521118
210,"lag3",1.47533674869288
210,"lag4",3.76136878006905
210,"lag5",3.87133320067205
210,"lag6",-1.49851653672594
210,"lag7",2.45647349638049
210,"lag8",-3.18240027730474
210,"lag9",0.116054266573688
210,"lag10",0.045219824745957
210,"lag11",0.213301627641287
210,"lag12",-0.29698865757643
211,"lag1",2.25148415836565
211,"lag2",-1.0290476860612
211,"lag3",5.56760559047136
211,"lag4",-0.319781070275017
211,"lag5",-2.85456190754459
211,"lag6",0.875435382400982
211,"lag7",2.15944950476175
211,"lag8",-1.31331014296962
211,"lag9",2.02312651615939
211,"lag10",3.08822286124652
211,"lag11",-0.598473106824196
211,"lag12",2.10966751757251
212,"lag1",-0.521538264686325
212,"lag2",-0.281808903945255
212,"lag3",-2.27130497189859
212,"lag4",3.33889591920825
212,"lag5",10.4859608912947
212,"lag6",2.85162257997005
212,"lag7",0.169232794588208
212,"lag8",-2.04557777949479
212,"lag9",0.88062028035866
212,"lag10",-0.194966164513083
212,"lag11",-0.801979565999942
212,"lag12",-0.14727529614961
213,"lag1",3.87395951785219
213,"lag2",2.0062885023243
213,"lag3",14.8618552696651
213,"lag4",9.32396266149283
213,"lag5",3.75276865266992
213,"lag6",4.27263160511706
213,"lag7",4.98300552123039
213,"lag8",1.9674153608049
213,"lag9",2.99389525036309
213,"lag10",5.48484789153682
213,"lag11",4.03506979975173
213,"lag12",1.25412434410933
214,"lag1",4.53696745838356
214,"lag2",9.20901868309577
214,"lag3",1.40133592500188
214,"lag4",3.82829753426121
214,"lag5",2.66539339826845
214,"lag6",0.518625329719927
214,"lag7",2.18709129812183
214,"lag8",-1.45797744925192
214,"lag9",1.42711842160864
214,"lag10",-0.745288334790554
214,"lag11",2.08221416079699
214,"lag12",-1.05313489112858
215,"lag1",1.2094984509195
215,"lag2",1.34508497984984
215,"lag3",-2.93149825278456
215,"lag4",-1.74870805412453
215,"lag5",0.176431879588828
215,"lag6",0.729016860627723
215,"lag7",-1.23702045464735
215,"lag8",1.08966799861232
215,"lag9",-1.92646751146978
215,"lag10",-0.380372643967645
215,"lag11",-0.82317513792865
215,"lag12",-2.63087864365341
216,"lag1",-0.355207576180036
216,"lag2",-2.91468796932251
216,"lag3",0.571884392975735
216,"lag4",1.84784141079881
216,"lag5",1.86662860396982
216,"lag6",-1.05413694791026
216,"lag7",0.371219393636457
216,"lag8",-0.712203667692366
216,"lag9",1.80827129157977
216,"lag10",1.21310643236455
216,"lag11",2.06889361305287
216,"lag12",1.23055462741908
217,"lag1",0.328346595194218
217,"lag2",1.70656641778033
217,"lag3",5.1111628247277
217,"lag4",4.34097649933187
217,"lag5",3.40651681999104
217,"lag6",-0.369119600940687
217,"lag7",1.17148095269239
217,"lag8",-0.915152711219549
217,"lag9",2.38056498484048
217,"lag10",-1.76565462915414
217,"lag11",-1.59172565822033
217,"lag12",1.84858721421353
218,"lag1",1.817773632854
218,"lag2",3.83623870153729
218,"lag3",4.21361778498481
218,"lag4",5.68087646254507
218,"lag5",4.59482677716289
218,"lag6",2.02881663210703
218,"lag7",3.54735337972954
218,"lag8",5.86240233119026
218,"lag9",0.664500886062971
218,"lag10",0.0901635736594464
218,"lag11",-2.64739940849689
218,"lag12",-1.5640722671255
219,"lag1",3.90868156179032
219,"lag2",2.31595281939946
219,"lag3",3.58619382306823
219,"lag4",0.491166900697467
219,"lag5",1.599038312592
219,"lag6",2.54116224460966
219,"lag7",0.279250719303837
219,"lag8",1.97815888649127
219,"lag9",3.0884873735155
219,"lag10",-1.25182850061761
219,"lag11",0.968715332572776
219,"lag12",4.17037899095387
220,"lag1",-4.03510178812528
220,"lag2",-4.18861037190519
220,"lag3",2.88988447232079
220,"lag4",1.7571479730995
220,"lag5",-1.19371115776276
220,"lag6",-0.788050898642018
220,"lag7",-6.33105867918645
220,"lag8",-4.68511156532121
220,"lag9",-0.664206344484281
220,"lag10",3.0871682788347
220,"lag11",5.30546248685558
220,"lag12",3.29862393544645
221,"lag1",8.30640878746791
221,"lag2",4.96832701987825
221,"lag3",4.39796006276399
221,"lag4",0.573260706913789
221,"lag5",3.22817888800387
221,"lag6",4.11022639791886
221,"lag7",-0.396941646233623
221,"lag8",-0.351021291798291
221,"lag9",-0.188654453343744
221,"lag10",2.94370909253437
221,"lag11",2.97876086665733
221,"lag12",3.40242914085938
222,"lag1",-1.88847873519261
222,"lag2",1.58016673647709
222,"lag3",-3.54125959653537
222,"lag4",-4.31157084576347
222,"lag5",0.180408773629264
222,"lag6",0.738446245498489
222,"lag7",1.23378512307523
222,"lag8",9.80727516042421
222,"lag9",-2.90954221864521
222,"lag10",1.45570322556576
222,"lag11",-2.36075729775163
222,"lag12",-1.43755353654934
223,"lag1",-0.581733053883431
223,"lag2",-0.691085640621735
223,"lag3",-2.10188244846435
223,"lag4",-2.43887466175042
223,"lag5",-0.408675152524823
223,"lag6",5.37540569817746
223,"lag7",2.69292686877468
223,"lag8",-2.41291183441696
223,"lag9",-1.59342961118467
223,"lag10",-3.16501832518829
223,"lag11",2.68624781476837
223,"lag12",2.01652272265717
224,"lag1",-0.668626950564081
224,"lag2",2.81708841592023
224,"lag3",0.615272822507605
224,"lag4",1.72017516071705
224,"lag5",-0.00578775603745561
224,"lag6",2.89689723988693
224,"lag7",4.05240989016606
224,"lag8",-2.63150889011156
224,"lag9",-3.76720259466911
224,"lag10",-0.428391953543357
224,"lag11",-3.87672414135213
224,"lag12",1.28042435120396
225,"lag1",-1.45150742488868
225,"lag2",-0.521580745607663
225,"lag3",-1.08245570060505
225,"lag4",1.15492972758466
225,"lag5",2.70952906329112
225,"lag6",0.992098443690799
225,"lag7",0.376144168288645
225,"lag8",4.94727998128095
225,"lag9",1.60259009732415
225,"lag10",3.99259183236098
225,"lag11",4.08731318260981
225,"lag12",5.47515975549843
226,"lag1",3.89850371621802
226,"lag2",2.64138884995742
226,"lag3",2.53119795215294
226,"lag4",0.975697521269253
226,"lag5",0.661814880008527
226,"lag6",-0.196272847822742
226,"lag7",-2.82921167954235
226,"lag8",-2.85150955269148
226,"lag9",1.24930483744952
226,"lag10",0.309216524525393
226,"lag11",-3.39759988260442
226,"lag12",0.467244290789917
227,"lag1",3.19002585654217
227,"lag2",3.12416335891042
227,"lag3",1.13588792469855
227,"lag4",0.498346644591599
227,"lag5",2.07891853477381
227,"lag6",4.99252093109811
227,"lag7",2.78833541220632
227,"lag8",-0.942470209840548
227,"lag9",5.00830238060697
227,"lag10",0.128270481299341
227,"lag11",5.06124330191158
227,"lag12",0.213300131860795
228,"lag1",-2.77467412317266
228,"lag2",1.74861256164986
228,"lag3",7.60410691129157
228,"lag4",0.514355526437246
228,"lag5",0.699875821887113
228,"lag6",2.58111825792566
228,"lag7",-0.103356763619137
228,"lag8",2.97673370176338
228,"lag9",-0.807485178604622
228,"lag10",-1.90385257584581
228,"lag11",-0.873503060630966
228,"lag12",-3.12855204716095
229,"lag1",-0.580649403678453
229,"lag2",4.36545491567583
229,"lag3",1.85055889658521
229,"lag4",-0.499807111014572
229,"lag5",2.24440655422474
229,"lag6",4.81662294047883
229,"lag7",2.76874164696561
229,"lag8",2.89378278156712
229,"lag9",1.90010057819929
229,"lag10",-0.732149799833953
229,"lag11",2.34701748896025
229,"lag12",1.31720294659498
230,"lag1",-2.57348338318868
230,"lag2",-3.93492271533341
230,"lag3",-1.5770536436634
230,"lag4",-6.13571543124828
230,"lag5",0.607408148824677
230,"lag6",-1.13132666717429
230,"lag7",-0.100811928023081
230,"lag8",-3.36125504906519
230,"lag9",-1.63337872124991
230,"lag10",-0.21316463553968
230,"lag11",1.60370828858673
230,"lag12",-2.01746491457129
231,"lag1",1.92854955197643
231,"lag2",9.33237886659894
231,"lag3",3.68367300072013
231,"lag4",-2.57190140588458
231,"lag5",0.849508798595753
231,"lag6",-1.16202197875087
231,"lag7",4.81576108790546
231,"lag8",10.5838766666936
231,"lag9",0.740348390670207
231,"lag10",1.47449503184454
231,"lag11",-0.675403020751532
231,"lag12",0.11281671613194
232,"lag1",2.03698933183782
232,"lag2",6.95220613945184
232,"lag3",3.58523282259724
232,"lag4",3.60142029200807
232,"lag5",1.05432109265871
232,"lag6",4.60650264632923
232,"lag7",-2.24900487731543
232,"lag8",-0.885969896941997
232,"lag9",-0.0693547681692205
232,"lag10",0.823029510066113
232,"lag11",-1.60706524116416
232,"lag12",0.531347400324378
233,"lag1",3.80684146676134
233,"lag2",3.5319164710886
233,"lag3",-2.2949390008578
233,"lag4",1.77637206856855
233,"lag5",2.85034463256765
233,"lag6",1.40711714380602
233,"lag7",6.39297350994346
233,"lag8",3.94415880557886
233,"lag9",2.48602925473392
233,"lag10",-0.0739235894861298
233,"lag11",4.2450447758016
233,"lag12",4.95315819446884
234,"lag1",10.3205073647291
234,"lag2",13.6678862341251
234,"lag3",4.38319251575055
234,"lag4",0.342641285052658
234,"lag5",-0.430510983560469
234,"lag6",3.70101336684401
234,"lag7",3.24045828371388
234,"lag8",1.13968575935337
234,"lag9",3.6030505497849
234,"lag10",-3.55756421444531
234,"lag11",-1.44720835564304
234,"lag12",2.32665809468539
235,"lag1",-2.21090960571817
235,"lag2",-0.282406481504535
235,"lag3",1.28328394256761
235,"lag4",1.08927840246823
235,"lag5",2.62948758389558
235,"lag6",1.37726040826758
235,"lag7",-4.16521141947748
235,"lag8",-5.81961707563421
235,"lag9",-2.18419491378377
235,"lag10",-0.166818869435546
235,"lag11",-1.39356729279889
235,"lag12",0.614848671777005
236,"lag1",0.190933893866398
236,"lag2",-2.11060446921188
236,"lag3",-2.94947801359747
236,"lag4",-4.72782473038127
236,"lag5",-4.58354962690218
236,"lag6",-0.166002287510479
236,"lag7",4.4434991004491
236,"lag8",1.87841261460588
236,"lag9",-1.19745795879756
236,"lag10",-5.58021977096703
236,"lag11",-2.27181408869187
236,"lag12",-0.96893294854786
237,"lag1",-2.35426849218967
237,"lag2",2.18368416573208
237,"lag3",-0.798059369397317
237,"lag4",-4.04685151579313
237,"lag5",-2.0474299147483
237,"lag6",1.65333658771681
237,"lag7",3.82090987643489
237,"lag8",-1.03731813415421
237,"lag9",2.3746041271014
237,"lag10",2.70769397263205
237,"lag11",-2.24983628679199
237,"lag12",-1.33781451895113
238,"lag1",1.35046180562161
238,"lag2",5.57034238843435
238,"lag3",-0.580338045555071
238,"lag4",-1.84531793203095
238,"lag5",-1.99778864839233
238,"lag6",3.86537149032967
238,"lag7",3.04843100182287
238,"lag8",0.954135395135861
238,"lag9",1.92701032840883
238,"lag10",0.282850177127227
238,"lag11",2.79197251397039
238,"lag12",0.324888268355067
239,"lag1",8.53465025770527
239,"lag2",8.58345987837591
239,"lag3",0.616699344855646
239,"lag4",-2.28202044360292
239,"lag5",-0.203202531327662
239,"lag6",1.73360460402224
239,"lag7",3.45717064590094
239,"lag8",2.63680107879861
239,"lag9",1.53762890944721
239,"lag10",-0.283889302378961
239,"lag11",-1.17073711855711
239,"lag12",4.47597387710428
240,"lag1",1.06397722755065
240,"lag2",0.668554508459695
240,"lag3",-1.99707928561441
240,"lag4",2.23891763587298
240,"lag5",-1.75369075919109
240,"lag6",-1.93790947847657
240,"lag7",-2.32048010703624
240,"lag8",-1.29148686255431
240,"lag9",-1.75712094230099
240,"lag10",-3.75482530369825
240,"lag11",-3.68544099626533
240,"lag12",-2.80358222836759
241,"lag1",-1.46361943110997
241,"lag2",2.68098681444898
241,"lag3",2.65029477888658
241,"lag4",1.83227051473858
241,"lag5",2.70188722871152
241,"lag6",3.25185177527141
241,"lag7",0.641249198143426
241,"lag8",1.33165506183503
241,"lag9",-3.23052477586307
241,"lag10",-0.0636667398063846
241,"lag11",-0.597839986891888
241,"lag12",2.44623488337877
242,"lag1",1.30545619959915
242,"lag2",0.787266514738168
242,"lag3",-0.31463656596925
242,"lag4",-2.3114879348219
242,"lag5",2.96102790748139
242,"lag6",2.25058605460422
242,"lag7",-1.30139689478823
242,"lag8",-2.30531480685118
242,"lag9",-4.42833805613743
242,"lag10",-3.49146434332359
242,"lag11",0.838811039331072
242,"lag12",1.19133173541411
243,"lag1",3.82876151991577
243,"lag2",0.878484009380796
243,"lag3",3.44310866149935
243,"lag4",5.00000878999809
243,"lag5",2.10674279582014
243,"lag6",2.24683591365557
243,"lag7",2.53925679838595
243,"lag8",-0.736290165654856
243,"lag9",-0.0810289568748869
243,"lag10",0.650903992616823
243,"lag11",4.31112945284223
243,"lag12",3.32549744009963
244,"lag1",2.55536747186656
244,"lag2",-1.07705326313864
244,"lag3",7.7765473921886
244,"lag4",2.86852313888553
244,"lag5",-2.38500931448483
244,"lag6",3.49164694828076
244,"lag7",-1.30747712983678
244,"lag8",0.087278379706343
244,"lag9",0.592124353851592
244,"lag10",-2.71937159145489
244,"lag11",-0.498295995822752
244,"lag12",4.10663990983968
245,"lag1",4.55743328063209
245,"lag2",3.8079037293356
245,"lag3",-1.00325257298489
245,"lag4",-1.93355757601554
245,"lag5",-1.04770621519977
245,"lag6",0.853210575644609
245,"lag7",-1.97715555468072
245,"lag8",0.193567310651983
245,"lag9",-0.160385501241935
245,"lag10",-0.792864822014562
245,"lag11",-0.875779409864377
245,"lag12",1.44049013301667
246,"lag1",-1.99076965517384
246,"lag2",1.71408628706942
246,"lag3",-1.49042669831636
246,"lag4",1.1281156056992
246,"lag5",1.92470998939687
246,"lag6",2.91095048496924
246,"lag7",3.248906912796
246,"lag8",3.6836833188069
246,"lag9",-2.40438436118281
246,"lag10",-0.416659546633543
246,"lag11",3.68313426977213
246,"lag12",2.16363550576258
247,"lag1",8.15991147771024
247,"lag2",5.87094928623374
247,"lag3",-1.1294839050161
247,"lag4",-0.978453487044795
247,"lag5",-0.0205940135194724
247,"lag6",0.671276790483881
247,"lag7",-1.75609234229537
247,"lag8",4.57688411808605
247,"lag9",1.30839044670587
247,"lag10",0.293473542521656
247,"lag11",-1.30418082300207
247,"lag12",-3.06584038804528
248,"lag1",3.79505583498463
248,"lag2",2.18455610372644
248,"lag3",5.92028639971898
248,"lag4",3.34471843309364
248,"lag5",2.11994820926402
248,"lag6",2.34404149655992
248,"lag7",1.66117657743679
248,"lag8",4.72079836463957
248,"lag9",3.27731131219517
248,"lag10",-0.35039305380103
248,"lag11",1.676218195473
248,"lag12",2.60265733663944
249,"lag1",5.06451771310798
249,"lag2",14.4935672917936
249,"lag3",8.85448147933212
249,"lag4",8.53643187406265
249,"lag5",4.12163651488693
249,"lag6",2.34311930988924
249,"lag7",3.62883814689525
249,"lag8",6.28435292338156
249,"lag9",1.11913792240912
249,"lag10",-3.7733882184751
249,"lag11",-4.60350110836584
249,"lag12",-2.07082611158998
250,"lag1",7.19883159914816
250,"lag2",7.6791898958525
250,"lag3",8.46274224452003
250,"lag4",6.04724826588559
250,"lag5",2.15312744135455
250,"lag6",2.31322201219539
250,"lag7",3.80316299867343
250,"lag8",-4.04155915469095
250,"lag9",1.46085003796251
250,"lag10",0.286829815385005
250,"lag11",5.19339687219944
250,"lag12",1.65933021483132
251,"lag1",2.43723100820348
251,"lag2",1.58043501076095
251,"lag3",1.73477041018398
251,"lag4",0.375884039396286
251,"lag5",-1.22266339736104
251,"lag6",-0.153957257426407
251,"lag7",3.43361129435099
251,"lag8",-3.19311739003521
251,"lag9",-1.21855135781242
251,"lag10",-3.71593630807061
251,"lag11",-1.32179342782846
251,"lag12",-2.07888474276268
252,"lag1",-3.17273372682856
252,"lag2",1.38876082518544
252,"lag3",-1.16713882483089
252,"lag4",1.54667496522804
252,"lag5",0.992615902648637
252,"lag6",-1.50480708024008
252,"lag7",-0.321286611362243
252,"lag8",-3.3408840606937
252,"lag9",-0.0903938004604203
252,"lag10",4.54295474387517
252,"lag11",1.11007160954029
252,"lag12",2.68325312980661
253,"lag1",6.46325787216957
253,"lag2",9.51411010823623
253,"lag3",1.30665496273192
253,"lag4",3.3155357113916
253,"lag5",0.411323708690061
253,"lag6",-0.770219865957142
253,"lag7",0.0512307483148834
253,"lag8",-2.06572228891533
253,"lag9",-1.37879822562571
253,"lag10",-1.82522212454198
253,"lag11",2.09967539277062
253,"lag12",1.86355647302967
254,"lag1",1.51984183760807
254,"lag2",8.99297251801559
254,"lag3",3.40202121131719
254,"lag4",2.96782341180762
254,"lag5",2.89768752133015
254,"lag6",0.297189126633245
254,"lag7",2.87593460003958
254,"lag8",0.136434580044914
254,"lag9",2.29924291707344
254,"lag10",-0.0088085429133178
254,"lag11",1.49552649219425
254,"lag12",-0.119853153555024
255,"lag1",4.11023196602209
255,"lag2",3.72172925415517
255,"lag3",-0.425553390858767
255,"lag4",2.05460085483514
255,"lag5",6.38748334267052
255,"lag6",3.73217170984547
255,"lag7",2.2864941471299
255,"lag8",0.987650365141213
255,"lag9",-1.14580204395619
255,"lag10",0.0225148050891268
255,"lag11",-2.76858973082644
255,"lag12",3.29852712850421
256,"lag1",1.65825666804823
256,"lag2",1.04879649682683
256,"lag3",3.59605885023022
256,"lag4",0.627138462806043
256,"lag5",3.1479153281571
256,"lag6",-0.127193192646872
256,"lag7",2.17338657559938
256,"lag8",-0.786444050942321
256,"lag9",0.424725891277972
256,"lag10",1.82626428476363
256,"lag11",0.920690491440262
256,"lag12",2.23341910953373
257,"lag1",-0.491773900346299
257,"lag2",2.41896115171622
257,"lag3",4.56744085512896
257,"lag4",1.16895553838002
257,"lag5",-0.0917171345270394
257,"lag6",-1.58154157232804
257,"lag7",-1.72549912009823
257,"lag8",2.2300147848598
257,"lag9",1.77538601414357
257,"lag10",-0.476899432863462
257,"lag11",-1.79226461895391
257,"lag12",-1.9830907062923
258,"lag1",-0.517268224670551
258,"lag2",0.63789644072994
258,"lag3",1.02759548430697
258,"lag4",3.06881840219154
258,"lag5",0.393449970787243
258,"lag6",-1.37888901720434
258,"lag7",-0.283987389247133
258,"lag8",-2.79135750936854
258,"lag9",0.169104319531055
258,"lag10",-0.324460412845846
258,"lag11",-0.58342171238368
258,"lag12",4.21093503026196
259,"lag1",1.13950992133542
259,"lag2",1.4006288054472
259,"lag3",3.67612064942284
259,"lag4",0.0968330256382062
259,"lag5",-1.2633238560623
259,"lag6",2.18720621478465
259,"lag7",1.34054795876338
259,"lag8",0.0758028376384662
259,"lag9",1.66210988582699
259,"lag10",-1.90052237148686
259,"lag11",1.15154619356705
259,"lag12",-1.53431882351393
260,"lag1",6.48924511484239
260,"lag2",10.4613406166056
260,"lag3",3.32391484267115
260,"lag4",2.42780586421544
260,"lag5",-0.740743169244711
260,"lag6",-0.741322191006754
260,"lag7",0.247150492016471
260,"lag8",-3.83197880228053
260,"lag9",-2.53992853043737
260,"lag10",0.253034629179511
260,"lag11",3.69532165135123
260,"lag12",8.03368535149523
261,"lag1",1.43527184616072
261,"lag2",7.27311069787142
261,"lag3",5.82266327740659
261,"lag4",-0.60113092585857
261,"lag5",2.32122780962264
261,"lag6",4.79105928792053
261,"lag7",3.46247115468461
261,"lag8",2.36130245394938
261,"lag9",1.00133740390877
261,"lag10",-1.51045699175717
261,"lag11",-0.835075295992142
261,"lag12",1.20945411169021
262,"lag1",-2.86095128819716
262,"lag2",-2.09373559364707
262,"lag3",-2.45911884997974
262,"lag4",-6.56734556146146
262,"lag5",-6.48582301525471
262,"lag6",-4.11388417230416
262,"lag7",-0.823319013202407
262,"lag8",-1.08613815642304
262,"lag9",-0.49413980305081
262,"lag10",-5.93375189177732
262,"lag11",-2.10413619277924
262,"lag12",1.02041043945255
263,"lag1",3.10884512713261
263,"lag2",-3.39403239796126
263,"lag3",9.39220912645347
263,"lag4",0.896643028724422
263,"lag5",-0.615781919274428
263,"lag6",4.70262779338063
263,"lag7",1.20760949323679
263,"lag8",-3.30003718353861
263,"lag9",3.98048855994382
263,"lag10",4.35779448894562
263,"lag11",4.75003737991165
263,"lag12",6.30983157094399
264,"lag1",1.53427556590615
264,"lag2",6.60622531759427
264,"lag3",0.0402448968242853
264,"lag4",0.237194554636253
264,"lag5",-0.851227488016673
264,"lag6",0.697228636200908
264,"lag7",1.87882452473518
264,"lag8",6.03082676958719
264,"lag9",3.83658839985992
264,"lag10",0.222468208830478
264,"lag11",-0.193388236177281
264,"lag12",-1.8767198355279
265,"lag1",1.57170941323077
265,"lag2",3.55090535216244
265,"lag3",0.969017949200985
265,"lag4",2.0330611773436
265,"lag5",-2.04571945929102
265,"lag6",-1.27018519921398
265,"lag7",2.39359375669909
265,"lag8",-0.193438362035961
265,"lag9",1.3034724509366
265,"lag10",-0.509150198113611
265,"lag11",-0.463855789113512
265,"lag12",-0.397272087521928
266,"lag1",2.65978770465054
266,"lag2",3.56454756234775
266,"lag3",-2.18920346075062
266,"lag4",-2.77302561205206
266,"lag5",-2.00627879138915
266,"lag6",-2.26404950474729
266,"lag7",3.44817253711607
266,"lag8",0.7621401012514
266,"lag9",-5.88109479145275
266,"lag10",-5.45752078766569
266,"lag11",0.387224265500886
266,"lag12",-4.24902542710964
267,"lag1",-1.0627485196869
267,"lag2",-0.474377861748006
267,"lag3",-0.00894121107862415
267,"lag4",-2.26764456261934
267,"lag5",0.266385169732406
267,"lag6",-0.484770844018951
267,"lag7",-1.42898924851852
267,"lag8",2.30670278195218
267,"lag9",-0.125567325402897
267,"lag10",-2.22596606270888
267,"lag11",-0.328865414293559
267,"lag12",2.05548615407735
268,"lag1",0.196426161887433
268,"lag2",2.59280519235467
268,"lag3",4.50944323812811
268,"lag4",0.391516942284687
268,"lag5",3.02352522426586
268,"lag6",0.840315352718839
268,"lag7",1.66083920928219
268,"lag8",-0.602780349780904
268,"lag9",1.00186575294879
268,"lag10",-0.940525659230262
268,"lag11",2.12762648800614
268,"lag12",2.15904367763135
269,"lag1",2.59094708935568
269,"lag2",-0.155404120389604
269,"lag3",-0.773102917606404
269,"lag4",3.02209967265244
269,"lag5",-0.0873931835739964
269,"lag6",2.72088792732376
269,"lag7",5.6880843288703
269,"lag8",-1.12241199367076
269,"lag9",2.58555307434087
269,"lag10",-1.54719069898333
269,"lag11",1.64221837267025
269,"lag12",2.2716171765448
270,"lag1",6.53721478258956
270,"lag2",4.56859575725005
270,"lag3",3.90768593703054
270,"lag4",1.70751615172593
270,"lag5",1.44420732717953
270,"lag6",0.979699784155798
270,"lag7",2.39825713575294
270,"lag8",2.28730362957698
270,"lag9",2.09982923584451
270,"lag10",3.39659424365002
270,"lag11",2.80969554214736
270,"lag12",3.36246965299397
271,"lag1",1.92710013128733
271,"lag2",-2.01350397598703
271,"lag3",0.637134138393602
271,"lag4",-2.08083086686515
271,"lag5",2.97506457814048
271,"lag6",0.116469618465104
271,"lag7",2.64125110624541
271,"lag8",-0.481844375147836
271,"lag9",-2.62230565997186
271,"lag10",0.144956772327857
271,"lag11",-1.85291223034412
271,"lag12",-0.978035550102409
272,"lag1",4.48223837100968
272,"lag2",2.60826490701897
272,"lag3",1.22634214173688
272,"lag4",-0.55528268530884
272,"lag5",3.74969172325151
272,"lag6",4.20117165580008
272,"lag7",0.127254530838532
272,"lag8",0.677337411385958
272,"lag9",1.68603655710302
272,"lag10",1.88882860630697
272,"lag11",3.3249350070808
272,"lag12",2.10997678805085
273,"lag1",3.35404482756617
273,"lag2",1.3074904272075
273,"lag3",1.03198076945946
273,"lag4",-0.674073810822738
273,"lag5",-1.19257671327357
273,"lag6",-0.103279504402485
273,"lag7",1.13565971600567
273,"lag8",-4.35418642358811
273,"lag9",-4.34378779060345
273,"lag10",-6.12791653508354
273,"lag11",-1.02648864095197
273,"lag12",-0.305637778160061
274,"lag1",1.12437914368792
274,"lag2",-3.1026711985655
274,"lag3",-2.90239871720418
274,"lag4",-1.81958273654727
274,"lag5",0.355042889972525
274,"lag6",1.09175309313354
274,"lag7",5.6374395518162
274,"lag8",-2.91830318985352
274,"lag9",-0.533943623769354
274,"lag10",-2.3927229056458
274,"lag11",1.81921241954839
274,"lag12",4.59233346118597
275,"lag1",0.876228521747006
275,"lag2",0.579037254806994
275,"lag3",1.86964359721786
275,"lag4",3.87164248886607
275,"lag5",1.27136928381235
275,"lag6",2.19856756123547
275,"lag7",6.23485907897168
275,"lag8",2.74326157328702
275,"lag9",-0.445521596929738
275,"lag10",1.3584037436492
275,"lag11",0.515873458441914
275,"lag12",0.0822512423924674
276,"lag1",-0.571123778707332
276,"lag2",-1.13020500040339
276,"lag3",-1.4432874029243
276,"lag4",-2.80735963304138
276,"lag5",-3.04314967179916
276,"lag6",-1.94293673326266
276,"lag7",-0.347666828927832
276,"lag8",1.46090647182145
276,"lag9",0.304389091322816
276,"lag10",-2.15335548642691
276,"lag11",-4.45445239968561
276,"lag12",-2.29941018680526
277,"lag1",0.338343377318934
277,"lag2",3.67430242332983
277,"lag3",-0.56972007292078
277,"lag4",-0.968355391162371
277,"lag5",1.55448059528156
277,"lag6",0.732782209998357
277,"lag7",2.8663533584133
277,"lag8",-0.455976602058639
277,"lag9",0.985544190151042
277,"lag10",-0.377709585634999
277,"lag11",3.14772563383453
277,"lag12",2.91834129742783
278,"lag1",0.30435013169723
278,"lag2",2.9829119863986
278,"lag3",2.91408405126713
278,"lag4",0.715695385738459
278,"lag5",-0.505386573121824
278,"lag6",-1.35062752065521
278,"lag7",0.74745324643336
278,"lag8",-0.106922195778431
278,"lag9",-0.33793183078804
278,"lag10",0.00726778212903991
278,"lag11",2.34444077505165
278,"lag12",4.47802781300031
279,"lag1",-1.37552375043485
279,"lag2",0.0462945449774503
279,"lag3",0.630518689623224
279,"lag4",0.966231955136867
279,"lag5",5.30286364558267
279,"lag6",5.55503310943133
279,"lag7",5.1495954703915
279,"lag8",1.21185863922829
279,"lag9",2.36547978257749
279,"lag10",8.33236558034975
279,"lag11",1.19514272919059
279,"lag12",1.5273264608268
280,"lag1",-0.548294384354236
280,"lag2",-1.74641944061199
280,"lag3",1.87351306008133
280,"lag4",6.57441409307111
280,"lag5",2.79892888807503
280,"lag6",1.43637917219177
280,"lag7",0.642072059408203
280,"lag8",2.11281233333055
280,"lag9",-3.68556383593781
280,"lag10",0.178500096988527
280,"lag11",0.446876595843494
280,"lag12",1.68543221617499
281,"lag1",3.23034376913443
281,"lag2",4.37622249272289
281,"lag3",-0.163087805628925
281,"lag4",-1.59913817557203
281,"lag5",0.474734062323521
281,"lag6",0.426560178340779
281,"lag7",-1.29931661819314
281,"lag8",3.21905884496921
281,"lag9",4.52183990079072
281,"lag10",3.84602443820242
281,"lag11",9.27618635487406
281,"lag12",4.78075370127703
282,"lag1",2.55295512463577
282,"lag2",3.0129627620826
282,"lag3",2.85036886978013
282,"lag4",2.6706632856488
282,"lag5",4.07187001008121
282,"lag6",2.51439128466266
282,"lag7",1.62983413207879
282,"lag8",0.966801205495229
282,"lag9",3.63883754269827
282,"lag10",2.64431806493984
282,"lag11",0.223913187856657
282,"lag12",0.392450779918134
283,"lag1",3.49404323445387
283,"lag2",2.93772358185789
283,"lag3",5.31480778935059
283,"lag4",-0.266068346871358
283,"lag5",-2.7367354125576
283,"lag6",2.33154566492621
283,"lag7",-0.0501723958982858
283,"lag8",-3.08502693307452
283,"lag9",3.63343248855765
283,"lag10",4.30593392007598
283,"lag11",3.82289169473726
283,"lag12",3.93913726402624
284,"lag1",-1.59438135100879
284,"lag2",-1.84760641060283
284,"lag3",-3.40468420098919
284,"lag4",-0.223294668489775
284,"lag5",0.269592203372951
284,"lag6",-4.74004351903345
284,"lag7",-3.75944300976142
284,"lag8",-4.15671932296314
284,"lag9",-3.40753007411146
284,"lag10",2.0744918673751
284,"lag11",-4.42887365781421
284,"lag12",1.4977833497439
285,"lag1",-1.25397211173059
285,"lag2",0.11237485225121
285,"lag3",0.957851521593348
285,"lag4",4.25493847902279
285,"lag5",4.85713174144139
285,"lag6",-1.39660192797532
285,"lag7",2.43983313983523
285,"lag8",6.79751120042435
285,"lag9",1.2192440641689
285,"lag10",0.186124996518536
285,"lag11",1.52063689461612
285,"lag12",2.57871224656478
286,"lag1",-0.657055055898664
286,"lag2",0.84857078392301
286,"lag3",-1.77548968540926
286,"lag4",-1.6296580724724
286,"lag5",1.97454018180181
286,"lag6",-0.18820010197175
286,"lag7",-0.995121428754937
286,"lag8",-4.48286249156374
286,"lag9",-1.70356120079045
286,"lag10",0.318081554235339
286,"lag11",-2.9244753695686
286,"lag12",1.52700990113178
287,"lag1",3.60855290842599
287,"lag2",6.53253648228947
287,"lag3",5.63941476644738
287,"lag4",-0.249763781991933
287,"lag5",-1.81799592107338
287,"lag6",3.53398236057582
287,"lag7",0.480565048207336
287,"lag8",-3.90043406215758
287,"lag9",-1.29817554557366
287,"lag10",-0.207691287093419
287,"lag11",8.48846569341118
287,"lag12",9.91617390494026
288,"lag1",5.16255452285276
288,"lag2",2.04082017284783
288,"lag3",2.16006033816953
288,"lag4",-1.72869907535443
288,"lag5",-0.45532285576447
288,"lag6",6.0823028876148
288,"lag7",5.4714085029021
288,"lag8",-2.63292574899878
288,"lag9",-2.26943394794338
288,"lag10",-1.64620322139952
288,"lag11",-0.144354017953939
288,"lag12",2.06025621756894
289,"lag1",1.63419846113215
289,"lag2",-0.537091433557665
289,"lag3",-3.31519883219769
289,"lag4",0.688091423921004
289,"lag5",5.62079593391726
289,"lag6",0.944702506717999
289,"lag7",-1.52465137032828
289,"lag8",1.17020319571721
289,"lag9",-0.164183946974009
289,"lag10",-0.961827616280232
289,"lag11",2.3401220936358
289,"lag12",-2.11606557263411
290,"lag1",6.74767966919396
290,"lag2",5.44585118602951
290,"lag3",-0.620070730644882
290,"lag4",8.86910171797888
290,"lag5",-0.49856910533487
290,"lag6",-0.107347886789075
290,"lag7",2.86328264823401
290,"lag8",2.27834433679235
290,"lag9",-0.682936678649471
290,"lag10",6.1355934763786
290,"lag11",11.3158811162948
290,"lag12",8.26760510644792
291,"lag1",3.52235994847454
291,"lag2",3.00155559405297
291,"lag3",4.42830398333465
291,"lag4",3.10652767093105
291,"lag5",4.54209858031281
291,"lag6",-1.6605882929117
291,"lag7",0.945023036408002
291,"lag8",0.622118326025728
291,"lag9",-3.00133314112793
291,"lag10",-1.79317493204127
291,"lag11",2.62737925129946
291,"lag12",0.713472105373893
292,"lag1",-0.184945840731303
292,"lag2",2.46873213780162
292,"lag3",4.36967163768984
292,"lag4",4.38295877976007
292,"lag5",-1.04046110194809
292,"lag6",-1.8606627924208
292,"lag7",1.41058548712574
292,"lag8",-2.21674103309221
292,"lag9",-2.77345121305559
292,"lag10",-2.78113297217701
292,"lag11",0.770724957438023
292,"lag12",-1.24571030605123
293,"lag1",-0.078301979217285
293,"lag2",1.04364765275056
293,"lag3",-2.28993514716723
293,"lag4",1.4899688893225
293,"lag5",3.68270037713783
293,"lag6",-1.78036338115982
293,"lag7",-2.55205298871937
293,"lag8",-3.8585275213232
293,"lag9",-2.54856547751773
293,"lag10",1.74806320581256
293,"lag11",1.12507619465918
293,"lag12",0.550483992475902
294,"lag1",-2.98970342053235
294,"lag2",-0.810397572519337
294,"lag3",4.58398829735432
294,"lag4",0.642661145883689
294,"lag5",0.939011511289627
294,"lag6",-2.60747575474631
294,"lag7",0.233552995962481
294,"lag8",-0.70301248330289
294,"lag9",0.143719152925383
294,"lag10",-1.4595029346067
294,"lag11",3.29609480550024
294,"lag12",0.331044149310044
295,"lag1",3.22526680836794
295,"lag2",-4.37332228567207
295,"lag3",0.103390726526291
295,"lag4",-2.23239144224863
295,"lag5",-2.41139215134142
295,"lag6",1.82100349723856
295,"lag7",4.35079191189633
295,"lag8",4.70383465435598
295,"lag9",1.43652415751219
295,"lag10",-4.01466811774905
295,"lag11",-0.848327465014307
295,"lag12",0.753606770468831
296,"lag1",-1.27732992589531
296,"lag2",-0.287866932915734
296,"lag3",-0.70386471979434
296,"lag4",-0.16393724216482
296,"lag5",1.27093077966311
296,"lag6",-0.89483357120175
296,"lag7",-0.0730327405435226
296,"lag8",1.07815141685105
296,"lag9",-4.17647424943456
296,"lag10",-2.29540402020461
296,"lag11",0.264038956037364
296,"lag12",-0.920084684441989
297,"lag1",0.833692318254476
297,"lag2",-3.79978408600266
297,"lag3",0.0253696898690986
297,"lag4",3.14610573955061
297,"lag5",3.46099106589435
297,"lag6",3.17101468647695
297,"lag7",2.25211207666826
297,"lag8",0.64835841455816
297,"lag9",-0.98519144767609
297,"lag10",-0.353192561780422
297,"lag11",-1.75007243518433
297,"lag12",-0.375161642485447
298,"lag1",6.73922173686905
298,"lag2",1.78782721217726
298,"lag3",-1.31847002602916
298,"lag4",-1.73951330893162
298,"lag5",-0.135657631114516
298,"lag6",1.95124691702865
298,"lag7",9.60046189840687
298,"lag8",4.1990948043454
298,"lag9",2.28939905948656
298,"lag10",-1.64442931536063
298,"lag11",-2.041586324761
298,"lag12",5.43134294984786
299,"lag1",1.30463446906518
299,"lag2",5.65481148715635
299,"lag3",3.29341048734144
299,"lag4",-0.0567531658064381
299,"lag5",-1.60063854685899
299,"lag6",1.07114781380975
299,"lag7",-1.13712550324511
299,"lag8",-2.92664762505369
299,"lag9",-0.657130798735393
299,"lag10",-3.86984561548784
299,"lag11",-4.0501664225919
299,"lag12",0.695553783464537
300,"lag1",3.62537766193871
300,"lag2",3.78240163238393
300,"lag3",6.66765630153403
300,"lag4",4.52316870444537
300,"lag5",5.86888254151654
300,"lag6",3.06531690978112
300,"lag7",2.13202837266731
300,"lag8",0.75408727779551
300,"lag9",-0.666919456535334
300,"lag10",5.90659025909154
300,"lag11",1.97118148251636
300,"lag12",1.97406076628205
301,"lag1",3.64121284093671
301,"lag2",6.70127069387986
301,"lag3",-1.39920003855889
301,"lag4",0.526018551615574
301,"lag5",-2.26714653186593
301,"lag6",0.751007947542699
301,"lag7",3.92130300014048
301,"lag8",4.91727570075503
301,"lag9",3.31098310359717
301,"lag10",1.81441066625037
301,"lag11",-0.388351117949096
301,"lag12",1.59994158520817
302,"lag1",1.09331563272399
302,"lag2",3.10704920293627
302,"lag3",6.75420759492164
302,"lag4",-0.201653463977
302,"lag5",0.746772694435869
302,"lag6",-1.04846506943016
302,"lag7",-1.51395171316183
302,"lag8",-2.02143827424721
302,"lag9",0.353218695625962
302,"lag10",2.48709200653542
302,"lag11",2.60408151221989
302,"lag12",2.19707306876027
303,"lag1",1.71776398841276
303,"lag2",-1.24222140013781
303,"lag3",0.411012331897959
303,"lag4",-1.48800650515031
303,"lag5",-2.31133806314979
303,"lag6",-0.477476440692717
303,"lag7",2.98436594981702
303,"lag8",2.94985410279716
303,"lag9",2.48837363521981
303,"lag10",1.76720523242482
303,"lag11",11.2608391238892
303,"lag12",6.98150615254215
304,"lag1",0.895959884996614
304,"lag2",-2.87363614075382
304,"lag3",4.49806856173626
304,"lag4",-0.0416795395759545
304,"lag5",0.246661657505518
304,"lag6",1.84715172499817
304,"lag7",0.688162209452413
304,"lag8",-1.93943961948818
304,"lag9",-1.86946752623244
304,"lag10",0.0250598909705686
304,"lag11",-1.83844508747677
304,"lag12",-1.20654792952992
305,"lag1",4.31110271783161
305,"lag2",-0.990620811657669
305,"lag3",1.14957286547782
305,"lag4",-0.0751478924912169
305,"lag5",-3.29716513218375
305,"lag6",-1.58140127275382
305,"lag7",-2.68233620827916
305,"lag8",-0.65020732800079
305,"lag9",-1.78521673962601
305,"lag10",-0.413146545035151
305,"lag11",0.158011470962362
305,"lag12",-0.799250470564204
306,"lag1",3.23496806969234
306,"lag2",0.502714662868237
306,"lag3",1.44692662310371
306,"lag4",6.67497792120175
306,"lag5",1.59201284278504
306,"lag6",-0.58937156864442
306,"lag7",1.82876573358602
306,"lag8",1.54814439514322
306,"lag9",0.637275295826503
306,"lag10",1.91466765974803
306,"lag11",2.97098202453101
306,"lag12",2.45578363924139
307,"lag1",2.37948646756728
307,"lag2",3.7532852844978
307,"lag3",5.720602349986
307,"lag4",3.07038904556891
307,"lag5",2.3767096410415
307,"lag6",1.64775666246457
307,"lag7",-0.0523675860771391
307,"lag8",-0.80553561579237
307,"lag9",1.08195508276336
307,"lag10",0.819651057572674
307,"lag11",2.22393121943529
307,"lag12",3.2970247254504
308,"lag1",1.48544216478544
308,"lag2",0.211439943206671
308,"lag3",1.54352556274402
308,"lag4",2.98908861578662
308,"lag5",3.50609398983023
308,"lag6",0.268910075231539
308,"lag7",2.02756627133525
308,"lag8",0.441260978033859
308,"lag9",3.41609328144154
308,"lag10",2.2496702419073
308,"lag11",2.37105025450486
308,"lag12",3.13647483686925
309,"lag1",1.25373128914353
309,"lag2",4.41056016994471
309,"lag3",2.20599027863965
309,"lag4",6.39181127905364
309,"lag5",1.75302453468531
309,"lag6",3.81826173996766
309,"lag7",0.751008160350777
309,"lag8",-0.04658034487203
309,"lag9",-2.84503344302596
309,"lag10",3.2097802697019
309,"lag11",3.27368806943214
309,"lag12",7.5588564895775
310,"lag1",-1.26895352403583
310,"lag2",3.82960015359151
310,"lag3",-3.65558144003398
310,"lag4",1.37710651198903
310,"lag5",4.66207065253719
310,"lag6",0.742178407111117
310,"lag7",-0.445569395423648
310,"lag8",-3.42137991504527
310,"lag9",-2.3147770359488
310,"lag10",-4.28201283340988
310,"lag11",-2.65291775201789
310,"lag12",-4.14119553492391
311,"lag1",-0.0584603353214942
311,"lag2",3.35150925049678
311,"lag3",2.65892077710044
311,"lag4",4.75616081687579
311,"lag5",3.47717430568396
311,"lag6",2.46202269232438
311,"lag7",3.74789399881681
311,"lag8",5.95528597963272
311,"lag9",2.40389488800152
311,"lag10",2.82482586587733
311,"lag11",2.61484748039607
311,"lag12",3.19822965577029
312,"lag1",3.76803036875887
312,"lag2",3.20045775305538
312,"lag3",4.35744854140419
312,"lag4",7.84847030242242
312,"lag5",-1.48415097483028
312,"lag6",1.62644225953032
312,"lag7",4.64477778950082
312,"lag8",5.62231399602449
312,"lag9",-1.6976524380545
312,"lag10",-0.588676075303672
312,"lag11",-2.5491720887429
312,"lag12",-1.94857729608589
313,"lag1",1.324091559874
313,"lag2",3.51447872309629
313,"lag3",-3.09112895889038
313,"lag4",0.4939110459466
313,"lag5",-1.37648458701714
313,"lag6",0.530308161771021
313,"lag7",2.04614360171432
313,"lag8",-2.349134470472
313,"lag9",-2.12579104631914
313,"lag10",-3.15520670695441
313,"lag11",-5.07259665074242
313,"lag12",-1.47056230906773
314,"lag1",-1.79327762554346
314,"lag2",2.31757603494512
314,"lag3",-3.45398020397781
314,"lag4",-2.34789913679926
314,"lag5",0.121504692028635
314,"lag6",2.43934723311079
314,"lag7",3.23306545569371
314,"lag8",7.91625764725815
314,"lag9",-0.369735636753029
314,"lag10",-2.9222480923053
314,"lag11",1.1280672314293
314,"lag12",2.25518268434827
315,"lag1",2.67050449541646
315,"lag2",3.09551633306426
315,"lag3",3.92094655000592
315,"lag4",1.66313518234921
315,"lag5",4.0556199117497
315,"lag6",1.32649866063456
315,"lag7",2.42122242835382
315,"lag8",-2.09113140383748
315,"lag9",-0.0371315600131605
315,"lag10",-1.19781161909386
315,"lag11",2.95397800372352
315,"lag12",2.45100768848078
316,"lag1",0.272395188418949
316,"lag2",2.23706722841995
316,"lag3",-1.79449471559141
316,"lag4",-3.48941272783845
316,"lag5",-2.57082793721172
316,"lag6",-1.12859228946147
316,"lag7",4.36935580359962
316,"lag8",-0.195740684322845
316,"lag9",0.737380167301245
316,"lag10",-0.735747194771195
316,"lag11",6.39597992548954
316,"lag12",2.67682529043706
317,"lag1",3.56457764457107
317,"lag2",2.24066451759118
317,"lag3",13.0911180167477
317,"lag4",2.30355941338369
317,"lag5",3.91290186936729
317,"lag6",0.41009992614847
317,"lag7",-0.316950957454924
317,"lag8",-2.65209689123378
317,"lag9",-4.39568679041514
317,"lag10",-2.51494843805098
317,"lag11",-2.47189755923982
317,"lag12",1.49892521009419
318,"lag1",-1.70394215990784
318,"lag2",1.87089872218117
318,"lag3",-2.51954356312614
318,"lag4",5.72544360290132
318,"lag5",3.1801213896311
318,"lag6",3.81959692077076
318,"lag7",5.3509256236926
318,"lag8",0.851502882154985
318,"lag9",1.30996476306279
318,"lag10",2.4655591439812
318,"lag11",0.0448802657415277
318,"lag12",1.47521694646825
319,"lag1",0.00408098558808895
319,"lag2",2.64148835401489
319,"lag3",3.51620549136564
319,"lag4",1.75487248087297
319,"lag5",0.687606535121733
319,"lag6",-0.494749702164604
319,"lag7",-1.72430391574855
319,"lag8",-2.51157517299234
319,"lag9",1.81134610918682
319,"lag10",1.92480008814526
319,"lag11",5.21663102817228
319,"lag12",1.54914840661942
320,"lag1",-1.04412054524425
320,"lag2",-0.258646228500586
320,"lag3",-0.705996722914029
320,"lag4",1.84151304848506
320,"lag5",8.4609004414477
320,"lag6",2.49576538244806
320,"lag7",3.20039010555698
320,"lag8",4.25315952712771
320,"lag9",0.983895074450892
320,"lag10",-0.0308313116419354
320,"lag11",-2.4082207036013
320,"lag12",-0.545470227243035
321,"lag1",0.194385559721107
321,"lag2",1.54876496489126
321,"lag3",1.50716392617428
321,"lag4",1.7086501389163
321,"lag5",0.309633415073842
321,"lag6",-1.8268655406959
321,"lag7",1.56036208376449
321,"lag8",6.68965134424754
321,"lag9",0.75803678819906
321,"lag10",-0.289286319137727
321,"lag11",-0.196891250124064
321,"lag12",2.17160138476839
322,"lag1",3.73211241460837
322,"lag2",2.54148276103266
322,"lag3",1.43835095077653
322,"lag4",1.77599821836886
322,"lag5",7.20957644997527
322,"lag6",0.0758134271564253
322,"lag7",-1.07584431732911
322,"lag8",-2.32282059241157
322,"lag9",-0.00604743466680089
322,"lag10",1.94801686068276
322,"lag11",0.525338209152235
322,"lag12",-1.64083517146073
323,"lag1",4.02344728004018
323,"lag2",0.248670423535294
323,"lag3",2.12012923958653
323,"lag4",1.79615901103349
323,"lag5",6.56937700875527
323,"lag6",3.42278721170884
323,"lag7",1.83759164784257
323,"lag8",0.321374446613754
323,"lag9",1.90783987778482
323,"lag10",4.39862940701706
323,"lag11",0.632217294125737
323,"lag12",4.01293178593708
324,"lag1",4.79789044456705
324,"lag2",5.85013240315356
324,"lag3",2.3079679951835
324,"lag4",2.16138683652344
324,"lag5",-2.05951965770932
324,"lag6",1.37871198954998
324,"lag7",1.19917642270829
324,"lag8",-1.66115958388499
324,"lag9",-0.139627493691938
324,"lag10",-0.864871778273749
324,"lag11",-0.394674377857535
324,"lag12",-0.0771403613858355
325,"lag1",1.11336647435987
325,"lag2",2.45801153450787
325,"lag3",0.464811458134143
325,"lag4",-1.75536149182212
325,"lag5",3.22652163808086
325,"lag6",2.99760100805933
325,"lag7",5.50657788306088
325,"lag8",6.26007346761172
325,"lag9",3.4068937951533
325,"lag10",-1.59496297993411
325,"lag11",4.99137653224582
325,"lag12",7.33188743805496
326,"lag1",9.97953264111766
326,"lag2",3.79891483505236
326,"lag3",6.70584253365593
326,"lag4",3.23593173391584
326,"lag5",1.00327372208675
326,"lag6",2.73741942247478
326,"lag7",-0.542284126307136
326,"lag8",-3.64497821962936
326,"lag9",0.569446825711031
326,"lag10",-2.07046690028872
326,"lag11",1.56722642730442
326,"lag12",5.00631557488444
327,"lag1",0.14813944866898
327,"lag2",-2.13513092928931
327,"lag3",-1.11702732995159
327,"lag4",-0.471651878456181
327,"lag5",-0.418320110998152
327,"lag6",0.646551821447335
327,"lag7",4.29453912710932
327,"lag8",-1.87945319387712
327,"lag9",1.90169087616978
327,"lag10",-1.26040519103608
327,"lag11",-0.354273221203933
327,"lag12",-1.2406887825183
328,"lag1",4.18421946222136
328,"lag2",4.16770129817263
328,"lag3",2.51990401033871
328,"lag4",3.55293387938034
328,"lag5",1.05016025474636
328,"lag6",3.51762309437107
328,"lag7",4.34849165503167
328,"lag8",0.537073460436511
328,"lag9",-0.52506686780427
328,"lag10",3.4796968999902
328,"lag11",2.48982553745105
328,"lag12",0.929682655396836
329,"lag1",-1.52779946320785
329,"lag2",-0.223067448845111
329,"lag3",4.87115357202112
329,"lag4",2.04432723966675
329,"lag5",-4.33528447729196
329,"lag6",0.473330018736306
329,"lag7",-0.175267560501612
329,"lag8",0.622004610739481
329,"lag9",-1.7119468603035
329,"lag10",1.34063019721896
329,"lag11",0.927712878680517
329,"lag12",3.41049993553463
330,"lag1",1.67166279761691
330,"lag2",0.228780097021681
330,"lag3",-0.0263058288064582
330,"lag4",-0.215839394169079
330,"lag5",2.0545096292348
330,"lag6",-0.760705020332506
330,"lag7",2.55978939803712
330,"lag8",-1.40896080950942
330,"lag9",-0.212113587632484
330,"lag10",-1.72058333767002
330,"lag11",-1.6514463651586
330,"lag12",-2.21282910430766
331,"lag1",-0.439242709525242
331,"lag2",1.1031941507308
331,"lag3",2.26047707409582
331,"lag4",-2.58220174989394
331,"lag5",-0.726286633140247
331,"lag6",-1.36971304770673
331,"lag7",0.308658003501473
331,"lag8",1.03134118098576
331,"lag9",1.98646771460917
331,"lag10",0.651744131626807
331,"lag11",4.54301079833913
331,"lag12",2.95307846925802
332,"lag1",6.42480389508087
332,"lag2",-0.262268306674319
332,"lag3",3.06993407116625
332,"lag4",-1.0542907848199
332,"lag5",3.15619570142986
332,"lag6",0.791801861384947
332,"lag7",-0.777718773229588
332,"lag8",-1.93998669945518
332,"lag9",0.910929939451503
332,"lag10",-0.0892082088651357
332,"lag11",-0.447351307931437
332,"lag12",0.591572870155702
333,"lag1",1.47153495928823
333,"lag2",1.08293655287832
333,"lag3",2.73405684709855
333,"lag4",2.96602574059127
333,"lag5",1.27932453390995
333,"lag6",0.168621663487718
333,"lag7",4.91344335258837
333,"lag8",-1.48610634043688
333,"lag9",1.40762615495909
333,"lag10",1.23577079595721
333,"lag11",1.18979336977225
333,"lag12",4.23184641188254
334,"lag1",7.60592975090182
334,"lag2",-1.59466679978165
334,"lag3",1.53804979750826
334,"lag4",1.58324420374815
334,"lag5",4.87356701070402
334,"lag6",3.2461824538805
334,"lag7",0.925096919478661
334,"lag8",2.78742317819032
334,"lag9",3.16091946531365
334,"lag10",6.38550259381969
334,"lag11",3.91586846953566
334,"lag12",6.67992387019114
335,"lag1",0.132834837218298
335,"lag2",-0.953767390200182
335,"lag3",1.45258936075803
335,"lag4",0.287324009066066
335,"lag5",1.90109721869424
335,"lag6",1.2648139652426
335,"lag7",0.685216072939666
335,"lag8",0.10564593638917
335,"lag9",2.15037936770852
335,"lag10",0.276794669769585
335,"lag11",0.907985629367433
335,"lag12",0.97400798392289
336,"lag1",2.71964819893441
336,"lag2",4.79320744113529
336,"lag3",-0.938113753588265
336,"lag4",0.715979023501236
336,"lag5",-2.46883764851401
336,"lag6",1.41231055444416
336,"lag7",5.5669093431667
336,"lag8",0.716515770339158
336,"lag9",-1.01021943771697
336,"lag10",0.0319208377408886
336,"lag11",4.3563802585792
336,"lag12",2.10007283575474
337,"lag1",1.50528239852868
337,"lag2",-0.458942567843242
337,"lag3",-2.43355351127044
337,"lag4",-0.0777431972335444
337,"lag5",-2.21811348963895
337,"lag6",1.27928334954392
337,"lag7",5.43771543109981
337,"lag8",6.54711163293532
337,"lag9",5.12926179382293
337,"lag10",-2.22779712425614
337,"lag11",4.98409200177732
337,"lag12",6.8969801596483
338,"lag1",0.540482672515683
338,"lag2",2.27967543956668
338,"lag3",-2.73879086314258
338,"lag4",0.0488123433863441
338,"lag5",-2.35659024877439
338,"lag6",0.347858268181358
338,"lag7",3.13102783888193
338,"lag8",1.8661658187084
338,"lag9",-1.6624909967596
338,"lag10",1.98707442506448
338,"lag11",-1.05875447198438
338,"lag12",0.542996579168921
339,"lag1",2.79967036815436
339,"lag2",2.43010530121564
339,"lag3",1.57829628762801
339,"lag4",-1.87464620829905
339,"lag5",-2.34691403687878
339,"lag6",4.13383476920338
339,"lag7",-2.69838785237628
339,"lag8",-2.46752525245434
339,"lag9",-4.46171601028571
339,"lag10",1.72995662779252
339,"lag11",4.94622173902002
339,"lag12",5.93388964598907
340,"lag1",-0.220559677277365
340,"lag2",0.494746483104404
340,"lag3",-1.48695227766706
340,"lag4",-0.0663866054583151
340,"lag5",2.20999123299285
340,"lag6",-1.20893943557839
340,"lag7",1.65235303690462
340,"lag8",0.681241961072934
340,"lag9",-1.08556093337845
340,"lag10",-0.13185759026337
340,"lag11",1.3958902172542
340,"lag12",5.71615242273764
341,"lag1",-1.84337485712563
341,"lag2",-0.531294416769474
341,"lag3",-1.15198189119876
341,"lag4",-0.658486300590773
341,"lag5",7.31069758095233
341,"lag6",4.83958572741273
341,"lag7",0.263775474147229
341,"lag8",4.78845539146102
341,"lag9",1.24995522020525
341,"lag10",-2.57322283270465
341,"lag11",0.526133745002218
341,"lag12",0.811880828245044
342,"lag1",0.0859608222662518
342,"lag2",5.14081629664884
342,"lag3",2.93103313805521
342,"lag4",-0.440087850626459
342,"lag5",-0.733928913385395
342,"lag6",0.868339705594902
342,"lag7",4.81069397885937
342,"lag8",6.38337790712355
342,"lag9",3.19427861439451
342,"lag10",0.416195824093603
342,"lag11",0.65718457952258
342,"lag12",3.5716629664809
343,"lag1",0.920024693786252
343,"lag2",10.2448305081371
343,"lag3",4.02664143718427
343,"lag4",2.04734980016062
343,"lag5",9.56532043905147
343,"lag6",1.7656704897064
343,"lag7",1.9964123314434
343,"lag8",7.19252444546559
343,"lag9",4.29701390697337
343,"lag10",1.41825561428926
343,"lag11",1.71622225298188
343,"lag12",0.0620917528267427
344,"lag1",-0.0240989348262352
344,"lag2",4.67834365489121
344,"lag3",1.31958686591153
344,"lag4",-0.672265173429656
344,"lag5",-2.33614656994898
344,"lag6",-3.03851407775937
344,"lag7",-0.305345205895476
344,"lag8",-2.38148650487412
344,"lag9",0.14506386663867
344,"lag10",-1.71252934392527
344,"lag11",1.87848742245949
344,"lag12",-0.794919317187703
345,"lag1",-0.239515277867265
345,"lag2",1.59395941228248
345,"lag3",-1.22089293462612
345,"lag4",0.690541000615213
345,"lag5",8.37075374304555
345,"lag6",2.95097840612101
345,"lag7",2.29877419541155
345,"lag8",-1.56159589246663
345,"lag9",8.65484423014937
345,"lag10",1.11762773271854
345,"lag11",0.550498821339054
345,"lag12",0.404942703704956
346,"lag1",6.20803908055833
346,"lag2",-1.30400407883812
346,"lag3",1.15086921903219
346,"lag4",-0.834576021223409
346,"lag5",-1.06431239103007
346,"lag6",5.64681688425391
346,"lag7",4.42709510394329
346,"lag8",0.625070669188408
346,"lag9",-1.0082622527348
346,"lag10",-2.13315639745798
346,"lag11",0.149866639492209
346,"lag12",5.92286510205036
347,"lag1",3.49856219369095
347,"lag2",-1.44299068390119
347,"lag3",2.11929135208324
347,"lag4",-2.51471688512041
347,"lag5",1.01230361974364
347,"lag6",0.654844875403834
347,"lag7",3.6370788143725
347,"lag8",-0.638157876476993
347,"lag9",0.380554105683138
347,"lag10",-1.91053174871277
347,"lag11",0.742878390564731
347,"lag12",3.86395484975383
348,"lag1",7.25478877056622
348,"lag2",9.07413138301307
348,"lag3",6.33358150627737
348,"lag4",0.974736455308359
348,"lag5",-0.624611370604253
348,"lag6",0.837108812576387
348,"lag7",0.516190248087766
348,"lag8",-0.219505879840872
348,"lag9",1.57136979494101
348,"lag10",-1.03980419709288
348,"lag11",-0.929026326250798
348,"lag12",0.444986489912466
349,"lag1",6.69921771684196
349,"lag2",13.2255492928088
349,"lag3",3.74021508662924
349,"lag4",4.26685150464533
349,"lag5",6.66393962371564
349,"lag6",0.787100195332649
349,"lag7",3.38042281734191
349,"lag8",3.93667789060535
349,"lag9",4.04283559042477
349,"lag10",0.651132757377318
349,"lag11",0.722410026798944
349,"lag12",-3.11503498606221
350,"lag1",4.52566693394449
350,"lag2",2.2384764981871
350,"lag3",0.414134262712638
350,"lag4",1.19806467194648
350,"lag5",2.62386964048137
350,"lag6",0.623691874022125
350,"lag7",-0.171482459191514
350,"lag8",-0.822281229669372
350,"lag9",-0.913456290588449
350,"lag10",-0.9560878571136
350,"lag11",3.40734495139856
350,"lag12",2.03924318671024
351,"lag1",9.28442972577953
351,"lag2",4.70480647586021
351,"lag3",1.02902292854331
351,"lag4",2.2863614777488
351,"lag5",4.94011804670048
351,"lag6",2.69061581973984
351,"lag7",3.642256270442
351,"lag8",1.71212974084892
351,"lag9",6.04737860260434
351,"lag10",4.21792625109762
351,"lag11",9.01692711036133
351,"lag12",5.44692159994951
352,"lag1",-1.02624054751557
352,"lag2",-2.24686059936571
352,"lag3",0.681053158537864
352,"lag4",-2.08560714464829
352,"lag5",-2.45001226356337
352,"lag6",-1.08748855974055
352,"lag7",-1.17874665182368
352,"lag8",-4.16975896142017
352,"lag9",-2.56584067255038
352,"lag10",1.85275507155486
352,"lag11",-1.69050743776049
352,"lag12",4.72244560035676
353,"lag1",1.18018185346526
353,"lag2",4.46086999686197
353,"lag3",3.07783986441218
353,"lag4",6.16427991437416
353,"lag5",1.31637572581232
353,"lag6",2.39042485393904
353,"lag7",-1.88055676740764
353,"lag8",-2.51304722691429
353,"lag9",4.06683047629672
353,"lag10",-0.926457269817863
353,"lag11",-0.346379455971852
353,"lag12",0.382114137732469
354,"lag1",1.854735676351
354,"lag2",0.321147292211383
354,"lag3",-1.71467269365061
354,"lag4",-2.80895348197844
354,"lag5",-3.88794172534065
354,"lag6",-2.04706871430534
354,"lag7",1.60370467438264
354,"lag8",1.23157364556778
354,"lag9",0.26243630845291
354,"lag10",-3.27032786339681
354,"lag11",-1.73922584750502
354,"lag12",-2.23897691026112
355,"lag1",0.120155015563784
355,"lag2",2.47036542880918
355,"lag3",0.994792216565691
355,"lag4",-1.34781615932682
355,"lag5",-0.23613553763816
355,"lag6",1.2222543288528
355,"lag7",4.03060194658897
355,"lag8",-2.8419191950372
355,"lag9",2.93677168326378
355,"lag10",-4.27354993222026
355,"lag11",1.42116476209068
355,"lag12",-1.65125978846509
356,"lag1",3.89905945292624
356,"lag2",5.94221471312481
356,"lag3",1.5596699394142
356,"lag4",-1.0832274280219
356,"lag5",2.52709043366843
356,"lag6",0.672599686106939
356,"lag7",0.882331069009482
356,"lag8",0.798343993878105
356,"lag9",4.20462209262281
356,"lag10",4.69270610433766
356,"lag11",0.0687953406184806
356,"lag12",0.809358573673992
357,"lag1",0.747834423934735
357,"lag2",1.10432017791727
357,"lag3",13.0536179340522
357,"lag4",2.19395282161588
357,"lag5",1.26598153832419
357,"lag6",2.58246363507291
357,"lag7",1.32766944502828
357,"lag8",4.79039517824694
357,"lag9",2.74783925634219
357,"lag10",3.5719626877697
357,"lag11",4.8075557982231
357,"lag12",9.35708382538082
358,"lag1",-1.24523043688555
358,"lag2",-4.94206384734856
358,"lag3",1.1403948849806
358,"lag4",-5.62199014709464
358,"lag5",-1.09244491320838
358,"lag6",-1.15974696106604
358,"lag7",-2.28148064597275
358,"lag8",-1.23385023612288
358,"lag9",-1.92186278434887
358,"lag10",-0.651872516467755
358,"lag11",-1.12767528499691
358,"lag12",-2.16578776321906
359,"lag1",-0.287963491664057
359,"lag2",-2.03971564209486
359,"lag3",-2.5307699210445
359,"lag4",-6.19171157748536
359,"lag5",0.975673664626759
359,"lag6",-0.0250660269434532
359,"lag7",-1.56413581828823
359,"lag8",0.975218059341246
359,"lag9",3.73643047322098
359,"lag10",-1.88554350109156
359,"lag11",1.43450139434607
359,"lag12",-1.64389762040083
360,"lag1",1.35128211830245
360,"lag2",-1.64706321092791
360,"lag3",9.01836412706696
360,"lag4",1.63831898173035
360,"lag5",1.69640690705565
360,"lag6",0.27966936413409
360,"lag7",0.658864651841689
360,"lag8",3.46662463574817
360,"lag9",0.634751852278277
360,"lag10",0.467047592389788
360,"lag11",3.83442830573244
360,"lag12",1.49197656580599
361,"lag1",4.16401968256587
361,"lag2",0.0205914903713562
361,"lag3",-1.21117125553103
361,"lag4",2.12353542997614
361,"lag5",2.9810254113193
361,"lag6",0.451325207161761
361,"lag7",-0.253014494426013
361,"lag8",-3.04400914480965
361,"lag9",-1.15974517090424
361,"lag10",-2.03835399865786
361,"lag11",0.407281292720955
361,"lag12",-1.49154610003578
362,"lag1",-1.38719206926678
362,"lag2",-3.10061478676844
362,"lag3",-0.154532170556249
362,"lag4",-1.29400364728092
362,"lag5",-0.404200427847008
362,"lag6",-0.839557631187981
362,"lag7",3.30440905166477
362,"lag8",-0.115072242738852
362,"lag9",-0.942665682331988
362,"lag10",-1.06385299434267
362,"lag11",0.0527839884896689
362,"lag12",1.85130007488332
363,"lag1",3.87305208524345
363,"lag2",2.75156837993217
363,"lag3",5.62590586799565
363,"lag4",2.83044114962945
363,"lag5",4.24286349855918
363,"lag6",3.80315098773294
363,"lag7",6.30860742459036
363,"lag8",6.09209417110459
363,"lag9",8.77298045684266
363,"lag10",2.866760131231
363,"lag11",2.6693802753214
363,"lag12",7.32024248109259
364,"lag1",2.85982244275038
364,"lag2",2.08623864773655
364,"lag3",-0.747781300278091
364,"lag4",-1.27130548005673
364,"lag5",0.686810511620934
364,"lag6",-3.29079903220473
364,"lag7",-1.04324140689159
364,"lag8",-3.03928683932097
364,"lag9",0.367807866840159
364,"lag10",-1.5679338734579
364,"lag11",-0.624182159149664
364,"lag12",0.594128760399088
365,"lag1",-0.383213104574705
365,"lag2",6.42311403100435
365,"lag3",1.13012004628883
365,"lag4",-2.89003899374611
365,"lag5",1.19077909654203
365,"lag6",-1.11581195821714
365,"lag7",-0.835293958279743
365,"lag8",-3.31965608036211
365,"lag9",2.55230021229886
365,"lag10",-2.05547948554409
365,"lag11",-0.222379275283252
365,"lag12",-4.66996847136102
366,"lag1",5.29019786653418
366,"lag2",5.8012498815309
366,"lag3",2.4029164406723
366,"lag4",4.45857316769785
366,"lag5",-0.0744663549669526
366,"lag6",0.792511289283756
366,"lag7",4.10482945375603
366,"lag8",0.371518232417687
366,"lag9",2.54096801299275
366,"lag10",1.37318862753385
366,"lag11",4.47561450489989
366,"lag12",3.52455110843925
367,"lag1",4.59477157371302
367,"lag2",3.81810126381085
367,"lag3",-0.331547839589004
367,"lag4",-3.08473256259206
367,"lag5",0.413117872844099
367,"lag6",1.81904322069936
367,"lag7",3.53627797450717
367,"lag8",0.325778199753673
367,"lag9",0.720295400717048
367,"lag10",-1.95699201014186
367,"lag11",0.380338729813703
367,"lag12",-0.687193978119708
368,"lag1",2.95430461688176
368,"lag2",-0.49659754764152
368,"lag3",0.277616010722601
368,"lag4",-0.497972909459127
368,"lag5",-1.80996884133909
368,"lag6",-1.36700046396042
368,"lag7",-1.18691315333965
368,"lag8",-0.366346710592286
368,"lag9",0.745236294814419
368,"lag10",3.27894258782262
368,"lag11",0.746442218212822
368,"lag12",2.12468766386487
369,"lag1",3.96302847838864
369,"lag2",6.48601697534831
369,"lag3",1.26411259602033
369,"lag4",2.33092971230003
369,"lag5",3.70393225853428
369,"lag6",5.01151545942481
369,"lag7",2.81388453107236
369,"lag8",1.75336382402194
369,"lag9",2.89304327761345
369,"lag10",0.796322366625621
369,"lag11",-0.336216280212878
369,"lag12",1.33309667087476
370,"lag1",-2.857956249262
370,"lag2",-3.08751327989142
370,"lag3",-1.18442276988038
370,"lag4",0.132133827114389
370,"lag5",4.09015653523272
370,"lag6",4.26156158784262
370,"lag7",0.661891298872169
370,"lag8",-0.710718462810599
370,"lag9",1.68988789646644
370,"lag10",1.91947313500846
370,"lag11",3.72769505656252
370,"lag12",-0.83664927105093
371,"lag1",-0.69508638823937
371,"lag2",3.78995403778627
371,"lag3",1.63726309069446
371,"lag4",1.72330188391873
371,"lag5",1.31396365153253
371,"lag6",2.50660570885779
371,"lag7",-1.80460340995853
371,"lag8",5.62279456874434
371,"lag9",4.23727887324708
371,"lag10",-3.40788640566479
371,"lag11",1.68827099829522
371,"lag12",1.65546278354492
372,"lag1",-1.60346622368962
372,"lag2",-2.0697206535753
372,"lag3",3.30688361174582
372,"lag4",0.471182742365107
372,"lag5",0.128216700922006
372,"lag6",-0.361430259008843
372,"lag7",0.932144211193591
372,"lag8",-5.869416702911
372,"lag9",-1.627907644007
372,"lag10",-0.0258375822295425
372,"lag11",-2.25082374650544
372,"lag12",0.394561601048169
373,"lag1",-0.732474153505158
373,"lag2",-1.37040011206913
373,"lag3",-1.94966095683663
373,"lag4",-1.65060172479795
373,"lag5",-0.0502971806985078
373,"lag6",0.411044759547529
373,"lag7",9.54141125429584
373,"lag8",5.2584752793546
373,"lag9",9.7219923192802
373,"lag10",4.93532466454732
373,"lag11",-3.02695284316775
373,"lag12",-0.944694227873136
374,"lag1",2.31894002197879
374,"lag2",3.24536188158104
374,"lag3",-1.05027129280806
374,"lag4",-2.3437330178092
374,"lag5",-2.38454083383569
374,"lag6",1.14507748517025
374,"lag7",0.152839506203599
374,"lag8",-2.22141387034542
374,"lag9",-2.52039938848291
374,"lag10",0.259617131143043
374,"lag11",3.82093753229296
374,"lag12",5.2693070988348
375,"lag1",2.33739246115978
375,"lag2",4.21157021016874
375,"lag3",6.28125115219
375,"lag4",1.60524860482318
375,"lag5",3.9344230755586
375,"lag6",3.56908256558342
375,"lag7",6.8025441189733
375,"lag8",0.167921746677062
375,"lag9",1.37194895569179
375,"lag10",-1.89673970592555
375,"lag11",-0.518382987299202
375,"lag12",-1.6515839145031
376,"lag1",2.82094019953094
376,"lag2",-2.32221443489389
376,"lag3",-1.74154551850302
376,"lag4",1.79466032267388
376,"lag5",5.02785325467068
376,"lag6",8.24205040567879
376,"lag7",3.8100233340121
376,"lag8",-1.36154568714744
376,"lag9",-2.81751376461166
376,"lag10",2.56474093507939
376,"lag11",6.23119611996113
376,"lag12",1.34674894581516
377,"lag1",-2.59101040735082
377,"lag2",-0.368133066595396
377,"lag3",2.7255472389017
377,"lag4",0.429350139751996
377,"lag5",4.55939535709144
377,"lag6",-2.05008915570635
377,"lag7",1.31723975209472
377,"lag8",1.48318379250371
377,"lag9",0.345999408275573
377,"lag10",-1.81310015292004
377,"lag11",0.205125774225245
377,"lag12",-1.80016776283604
378,"lag1",2.05277472304028
378,"lag2",-0.158261650348959
378,"lag3",-0.593849783581345
378,"lag4",0.096332858440231
378,"lag5",3.72233513857796
378,"lag6",0.524595128588062
378,"lag7",1.56933484003231
378,"lag8",0.423320820297607
378,"lag9",-1.04659223236119
378,"lag10",-0.466748633587867
378,"lag11",-2.01917471814282
378,"lag12",-3.34175627105262
379,"lag1",-0.721328054286489
379,"lag2",2.54650352674713
379,"lag3",1.03167107632694
379,"lag4",0.058609969544264
379,"lag5",1.56614551977271
379,"lag6",-0.059162283867353
379,"lag7",1.89649850188839
379,"lag8",4.6168957029503
379,"lag9",1.18816694374293
379,"lag10",4.12498349687809
379,"lag11",6.02641546982399
379,"lag12",3.17094016005451
380,"lag1",0.389346701944773
380,"lag2",-2.0852347445518
380,"lag3",2.27154195968539
380,"lag4",0.593501683633918
380,"lag5",2.60270855714896
380,"lag6",3.54832254352522
380,"lag7",5.64948421851374
380,"lag8",-2.81009157260504
380,"lag9",0.149706466645014
380,"lag10",0.4692595057052
380,"lag11",-1.1916018741055
380,"lag12",1.4931547015569
381,"lag1",-0.994231347004536
381,"lag2",2.78567487050784
381,"lag3",4.68110717793186
381,"lag4",1.65098503467382
381,"lag5",4.54491480912271
381,"lag6",3.51876955983041
381,"lag7",1.15890189697338
381,"lag8",0.49491051046711
381,"lag9",-1.51431930810217
381,"lag10",-1.5604245199375
381,"lag11",0.823248465964892
381,"lag12",4.22438692255753
382,"lag1",5.04347866746426
382,"lag2",-2.58676330681453
382,"lag3",3.54199082274871
382,"lag4",-1.45826586524165
382,"lag5",-0.579527183865042
382,"lag6",3.95752549371458
382,"lag7",3.24073181278156
382,"lag8",-2.21416608366104
382,"lag9",0.155357559000284
382,"lag10",4.69482416997434
382,"lag11",1.82577868179407
382,"lag12",3.91849671021123
383,"lag1",3.27541608683019
383,"lag2",12.5811360566111
383,"lag3",4.11463749819008
383,"lag4",0.842925741103278
383,"lag5",4.30388215894275
383,"lag6",6.3588664150353
383,"lag7",2.33233360652947
383,"lag8",16.3761667782189
383,"lag9",0.637558128242748
383,"lag10",1.15905630773935
383,"lag11",0.345243288115394
383,"lag12",0.865237764724087
384,"lag1",2.38310183514756
384,"lag2",3.02487125936977
384,"lag3",1.10765065761647
384,"lag4",0.478517577886545
384,"lag5",1.75923790641356
384,"lag6",4.3265489121986
384,"lag7",-0.220222722767707
384,"lag8",4.75590148707418
384,"lag9",0.875699824677633
384,"lag10",0.270496690871323
384,"lag11",5.26427143709604
384,"lag12",2.78847906859837
385,"lag1",-3.2233683612003
385,"lag2",-1.04949697763165
385,"lag3",2.88412586231751
385,"lag4",4.03597344577701
385,"lag5",-4.68413765837033
385,"lag6",1.22485702746604
385,"lag7",-1.15360048894599
385,"lag8",-6.43571012458863
385,"lag9",0.00940864663810217
385,"lag10",-0.0388324230464754
385,"lag11",1.86184422439088
385,"lag12",3.61637634537601
386,"lag1",3.15685270967145
386,"lag2",2.85541824559121
386,"lag3",-3.24651991914789
386,"lag4",-0.303052161460567
386,"lag5",1.73794042575574
386,"lag6",1.5248185842411
386,"lag7",5.17393341273283
386,"lag8",1.92175977105339
386,"lag9",0.543828713881473
386,"lag10",0.739265772999724
386,"lag11",1.49935797278639
386,"lag12",0.979432910010072
387,"lag1",-1.97739762267775
387,"lag2",-1.65357357275382
387,"lag3",-1.04941099446807
387,"lag4",-2.34249294768389
387,"lag5",1.65724200560196
387,"lag6",0.0958402163998163
387,"lag7",-0.583764827057281
387,"lag8",1.487442989524
387,"lag9",3.09053216338952
387,"lag10",1.46016742751454
387,"lag11",1.77988761908296
387,"lag12",0.293347154190236
388,"lag1",-0.280497089386554
388,"lag2",4.55429969575993
388,"lag3",0.382706857890332
388,"lag4",5.54931150616626
388,"lag5",1.30915239446543
388,"lag6",-4.04189359740331
388,"lag7",-3.04708581357097
388,"lag8",-1.93597014782753
388,"lag9",0.046327882945791
388,"lag10",-0.48768131458983
388,"lag11",1.77825817624412
388,"lag12",-2.5895950880191
389,"lag1",2.7414936985938
389,"lag2",-2.90772493100793
389,"lag3",0.947266492637903
389,"lag4",-0.038553007935343
389,"lag5",2.81242617977931
389,"lag6",1.86318900094603
389,"lag7",-1.74842600811104
389,"lag8",-1.00728966189556
389,"lag9",2.01746226357295
389,"lag10",1.44240274356018
389,"lag11",-2.98856412303464
389,"lag12",0.758377751098054
390,"lag1",0.964712799531681
390,"lag2",0.908955132948812
390,"lag3",4.09207137289844
390,"lag4",0.536058728104533
390,"lag5",2.59856842410802
390,"lag6",1.55812921138694
390,"lag7",-1.76184264621974
390,"lag8",1.02815101040097
390,"lag9",-3.3293578769316
390,"lag10",-1.76898802676757
390,"lag11",-1.79147144629181
390,"lag12",0.273290434144669
391,"lag1",-0.0029125553883456
391,"lag2",0.797350810106203
391,"lag3",-2.51399750512024
391,"lag4",4.26926248243258
391,"lag5",0.442186661146265
391,"lag6",-4.78893187578547
391,"lag7",-3.20772318988616
391,"lag8",-3.99590402344018
391,"lag9",-1.7198632650163
391,"lag10",-3.09885416740064
391,"lag11",-0.98384885700764
391,"lag12",-1.05642640638176
392,"lag1",5.19247167341565
392,"lag2",-5.33189498391183
392,"lag3",-3.44178147951208
392,"lag4",4.74247073498957
392,"lag5",-1.51140514306202
392,"lag6",0.238207800735536
392,"lag7",3.98435714526154
392,"lag8",-1.57053740514634
392,"lag9",2.18410755510858
392,"lag10",5.36596335895841
392,"lag11",-1.67298325626092
392,"lag12",1.82373427694575
393,"lag1",-4.54212364873269
393,"lag2",3.02708515799852
393,"lag3",4.97476346224584
393,"lag4",6.31700958602018
393,"lag5",4.98346623417337
393,"lag6",1.78870350844453
393,"lag7",-4.98934590109643
393,"lag8",6.65370798381199
393,"lag9",0.867123784647564
393,"lag10",5.48301717474953
393,"lag11",3.9801244879625
393,"lag12",-1.22557313170741
394,"lag1",3.32162196978491
394,"lag2",2.82543413251269
394,"lag3",2.21810020920074
394,"lag4",-0.117411651080918
394,"lag5",-0.65643479693478
394,"lag6",-1.78160109067221
394,"lag7",3.88640258486069
394,"lag8",-0.700571826187873
394,"lag9",-0.455646729052891
394,"lag10",-0.180438590685723
394,"lag11",-0.488104517946024
394,"lag12",-2.27189864042835
395,"lag1",0.517511055959945
395,"lag2",3.10744110784957
395,"lag3",-1.10928608503441
395,"lag4",-0.0732257769902102
395,"lag5",2.21086990745842
395,"lag6",3.84610944397853
395,"lag7",-2.07178505126076
395,"lag8",-0.139821061209532
395,"lag9",-0.0100509734974595
395,"lag10",0.0686888347354563
395,"lag11",0.0816031195055912
395,"lag12",2.2480403910886
396,"lag1",-0.295023412064638
396,"lag2",-4.11412968798842
396,"lag3",1.57396365811761
396,"lag4",1.80514587687751
396,"lag5",0.381592794035422
396,"lag6",-0.338435071188032
396,"lag7",2.36379232128366
396,"lag8",-0.97799713737454
396,"lag9",-1.07595663207961
396,"lag10",1.5284180834105
396,"lag11",0.0121349107062275
396,"lag12",0.0524768708635704
397,"lag1",4.34851092170177
397,"lag2",-1.27590035926989
397,"lag3",-2.92926357511611
397,"lag4",4.2339180898483
397,"lag5",1.11928821331189
397,"lag6",2.44316196232766
397,"lag7",-2.96420327695707
397,"lag8",-3.56543079463818
397,"lag9",-2.33792145115042
397,"lag10",-0.0025127533517493
397,"lag11",1.4678950407511
397,"lag12",4.92985938837055
398,"lag1",4.13608083500354
398,"lag2",0.685149890237046
398,"lag3",3.52358421709671
398,"lag4",-0.967726965822343
398,"lag5",0.732656726172293
398,"lag6",-2.14832552043121
398,"lag7",-2.45751649159431
398,"lag8",0.167907777706404
398,"lag9",4.74383197632333
398,"lag10",2.58608502686539
398,"lag11",-1.7147980833637
398,"lag12",-0.620746343027466
399,"lag1",6.62311238965663
399,"lag2",0.11552458644813
399,"lag3",1.3749869054844
399,"lag4",-3.25615385870982
399,"lag5",-3.40350463571375
399,"lag6",-0.285033223341096
399,"lag7",-1.71951755580861
399,"lag8",-4.25545495948726
399,"lag9",-1.57981568382855
399,"lag10",-0.686292227853351
399,"lag11",1.60204720285848
399,"lag12",1.69314385544313
400,"lag1",11.6844375644679
400,"lag2",7.19781299162453
400,"lag3",0.0103660941049103
400,"lag4",0.746770487799219
400,"lag5",3.60854233457437
400,"lag6",2.66714899660681
400,"lag7",-0.794503871295175
400,"lag8",0.584480918853937
400,"lag9",0.606946580077872
400,"lag10",-0.0173642475507114
400,"lag11",1.38767959439645
400,"lag12",1.62880803102655
401,"lag1",-2.43961360324671
401,"lag2",-3.63476310114274
401,"lag3",-4.20617124675107
401,"lag4",-1.24823983169621
401,"lag5",-0.98434035014203
401,"lag6",-2.57412821134834
401,"lag7",-0.757398986896158
401,"lag8",-3.14080190988174
401,"lag9",1.07992040874012
401,"lag10",-2.70195791329215
401,"lag11",-2.37295052588328
401,"lag12",-3.73809617560584
402,"lag1",1.87548762032529
402,"lag2",2.58143947083351
402,"lag3",-1.22025375623521
402,"lag4",0.978511501246403
402,"lag5",-1.71437805250988
402,"lag6",1.94630320222307
402,"lag7",-0.111535473233382
402,"lag8",0.264805027138252
402,"lag9",1.55472727137437
402,"lag10",-1.63948366825155
402,"lag11",-2.89130619605507
402,"lag12",3.08189340652646
403,"lag1",-5.18217101643191
403,"lag2",-2.88404467980236
403,"lag3",-4.82342842029337
403,"lag4",0.400014840251361
403,"lag5",-0.477957348020301
403,"lag6",-1.95334937908799
403,"lag7",-7.21919180772671
403,"lag8",-4.77945498764816
403,"lag9",-1.79995387212323
403,"lag10",-0.910718956732902
403,"lag11",0.757723993272802
403,"lag12",0.132163570758366
404,"lag1",2.06094897374883
404,"lag2",1.14017415822747
404,"lag3",5.25436375219503
404,"lag4",-0.465190799760088
404,"lag5",2.50514876330068
404,"lag6",2.69173527568506
404,"lag7",1.89920742448071
404,"lag8",-0.521781381393524
404,"lag9",2.5467251209988
404,"lag10",1.5445026384769
404,"lag11",9.64491202582907
404,"lag12",4.23051578072027
405,"lag1",3.23429313562465
405,"lag2",1.10024694111172
405,"lag3",-1.15044585552011
405,"lag4",2.44983062272157
405,"lag5",1.86666835373047
405,"lag6",1.84986537591152
405,"lag7",2.30367923705041
405,"lag8",-2.45701629267199
405,"lag9",-1.994562272132
405,"lag10",-0.446915890667133
405,"lag11",-0.324952543442968
405,"lag12",-0.10756913092597
406,"lag1",3.28694864849095
406,"lag2",7.1576004730319
406,"lag3",3.58437218348863
406,"lag4",3.88062881269384
406,"lag5",-0.594101530011094
406,"lag6",3.54760489112173
406,"lag7",2.45306635021639
406,"lag8",1.5580733511304
406,"lag9",-0.497205106387051
406,"lag10",1.12608654984552
406,"lag11",0.615682697484228
406,"lag12",3.3007607225552
407,"lag1",2.68073201453067
407,"lag2",-0.16484180318268
407,"lag3",1.03427562489386
407,"lag4",1.89056481081363
407,"lag5",3.10850613886409
407,"lag6",0.82234904267207
407,"lag7",3.01365420111471
407,"lag8",-1.67152812166542
407,"lag9",2.24927645789565
407,"lag10",-0.137297971391284
407,"lag11",10.9578740414908
407,"lag12",4.94645706363573
408,"lag1",4.75561979065673
408,"lag2",-2.69851564252415
408,"lag3",1.84516204861141
408,"lag4",0.922562868707392
408,"lag5",0.86862519322679
408,"lag6",0.491919657846876
408,"lag7",4.27803116399767
408,"lag8",8.58839488063713
408,"lag9",4.27805187992268
408,"lag10",2.17662796856437
408,"lag11",2.75997492979783
408,"lag12",5.44207206460948
409,"lag1",3.922476416405
409,"lag2",8.5750172248124
409,"lag3",0.620249749730268
409,"lag4",5.94592226366116
409,"lag5",7.88098626777403
409,"lag6",1.68068677005435
409,"lag7",-0.774534597253607
409,"lag8",-0.280688292405317
409,"lag9",-0.234727887364214
409,"lag10",-4.02353773193633
409,"lag11",-2.80141450442444
409,"lag12",0.0488348565670214
410,"lag1",0.910109752435167
410,"lag2",-0.334875082584301
410,"lag3",0.131478034640966
410,"lag4",-0.58574597903526
410,"lag5",-0.493426697744738
410,"lag6",3.944260627967
410,"lag7",3.03950739426297
410,"lag8",1.08045652593213
410,"lag9",-0.624495702229504
410,"lag10",-2.76007746089036
410,"lag11",-1.98743588051843
410,"lag12",4.05974041537132
411,"lag1",1.83070371594632
411,"lag2",0.345060428708288
411,"lag3",4.97863827323011
411,"lag4",1.07084591484828
411,"lag5",-0.803043753316344
411,"lag6",4.41494346536616
411,"lag7",1.74400095257361
411,"lag8",2.48001754423603
411,"lag9",-0.698452050533311
411,"lag10",1.97066197932646
411,"lag11",5.93104532989652
411,"lag12",5.78446729517558
412,"lag1",-3.31796645259497
412,"lag2",-0.988135673188258
412,"lag3",1.97519045577518
412,"lag4",-2.26991345633489
412,"lag5",-0.872508345750647
412,"lag6",3.5974695131269
412,"lag7",-0.238382689783638
412,"lag8",-0.541318122685287
412,"lag9",-1.86156257566778
412,"lag10",-1.46094221264485
412,"lag11",5.10636352367473
412,"lag12",1.22362019033021
413,"lag1",1.84486957890376
413,"lag2",-0.438659490714378
413,"lag3",0.00905771514446087
413,"lag4",-0.483907741192141
413,"lag5",1.92508641314576
413,"lag6",1.37017154166475
413,"lag7",5.04635477339652
413,"lag8",-2.56456029000237
413,"lag9",0.417074136500107
413,"lag10",-0.502719030322198
413,"lag11",0.890421838580343
413,"lag12",3.0933708060828
414,"lag1",-0.796768540776217
414,"lag2",-1.763655358224
414,"lag3",4.59824461121165
414,"lag4",0.164640026125197
414,"lag5",4.81945206168017
414,"lag6",0.0261693431838123
414,"lag7",0.67248179671833
414,"lag8",-1.34123533598199
414,"lag9",2.80446606026777
414,"lag10",-2.70334721066425
414,"lag11",-0.156017383160983
414,"lag12",1.66735239186412
415,"lag1",-0.541939896725724
415,"lag2",-4.37074024236064
415,"lag3",6.37419685111713
415,"lag4",2.70910061339603
415,"lag5",3.95617605735409
415,"lag6",1.40018281535327
415,"lag7",-2.91971682518564
415,"lag8",-1.12895105538201
415,"lag9",1.50242459853346
415,"lag10",1.31755077920317
415,"lag11",3.64354625977204
415,"lag12",-0.0376665048853628
416,"lag1",0.0380202111100302
416,"lag2",4.67966302262419
416,"lag3",1.74502754359476
416,"lag4",2.07750332096652
416,"lag5",4.86075540781308
416,"lag6",-0.207249147284022
416,"lag7",5.59589763741999
416,"lag8",-0.0728246225818724
416,"lag9",2.20583387550819
416,"lag10",-0.0367348577036876
416,"lag11",2.69340041446866
416,"lag12",1.932558849704
417,"lag1",1.18774372855158
417,"lag2",2.61607273749158
417,"lag3",5.61235932285933
417,"lag4",2.02798673030493
417,"lag5",4.86560425970826
417,"lag6",2.26004502937816
417,"lag7",3.29885303433423
417,"lag8",-2.13437252119356
417,"lag9",1.06664575726769
417,"lag10",3.77793684158567
417,"lag11",5.53846243214101
417,"lag12",2.6910666494652
418,"lag1",-0.346086661793825
418,"lag2",-3.34058907519173
418,"lag3",-0.289633393259662
418,"lag4",-5.36289763378361
418,"lag5",-2.77674658715296
418,"lag6",-0.267565388763127
418,"lag7",-0.437206838084803
418,"lag8",-2.50920717001436
418,"lag9",-3.68441951079604
418,"lag10",-1.01558830984371
418,"lag11",1.01893541628997
418,"lag12",-2.29107690029871
419,"lag1",-0.582606606918695
419,"lag2",-2.17448960496251
419,"lag3",-0.581882513943955
419,"lag4",1.10769946784001
419,"lag5",3.37742937035395
419,"lag6",1.43900746524163
419,"lag7",-1.14059953293443
419,"lag8",-5.34640216012235
419,"lag9",-3.41539121265141
419,"lag10",-0.307702458410127
419,"lag11",0.349623660928225
419,"lag12",1.37151447266949
420,"lag1",-0.824743604539911
420,"lag2",4.22236364177796
420,"lag3",-3.19358748841887
420,"lag4",-0.401192660900212
420,"lag5",-0.295262533860906
420,"lag6",-0.361793901648442
420,"lag7",-1.05385085500915
420,"lag8",-4.45872920403472
420,"lag9",0.1755769377045
420,"lag10",-1.39879665439344
420,"lag11",-0.604473624043684
420,"lag12",0.940053895742106
421,"lag1",2.63771998049765
421,"lag2",2.83316917652783
421,"lag3",1.86138316759216
421,"lag4",-0.946170004027675
421,"lag5",0.839317475707284
421,"lag6",4.52068592363573
421,"lag7",5.64514379553742
421,"lag8",3.40985075322508
421,"lag9",2.16270981749371
421,"lag10",0.18061119350296
421,"lag11",1.23486716940751
421,"lag12",1.55271091592148
422,"lag1",2.92407626488076
422,"lag2",-0.0789201581999387
422,"lag3",-3.69423552201166
422,"lag4",3.38418994558491
422,"lag5",0.426596329236512
422,"lag6",0.165931956603906
422,"lag7",-2.09453449583999
422,"lag8",-2.78233727673987
422,"lag9",-1.98975576376746
422,"lag10",-1.8033029010634
422,"lag11",-2.14270659974252
422,"lag12",-1.04836408371079
423,"lag1",7.0390067249425
423,"lag2",1.93223089584914
423,"lag3",0.560885698319401
423,"lag4",-1.72751214261366
423,"lag5",1.48876806567985
423,"lag6",1.34069440126046
423,"lag7",2.85698694231884
423,"lag8",0.208655720872783
423,"lag9",0.857938680697453
423,"lag10",2.09368539578732
423,"lag11",6.07403293349071
423,"lag12",6.6191226241973
424,"lag1",4.98507284867379
424,"lag2",3.57051448017883
424,"lag3",4.20583252751763
424,"lag4",3.81158288081294
424,"lag5",6.006509548115
424,"lag6",5.06757375106543
424,"lag7",2.45379198528331
424,"lag8",7.42347912239378
424,"lag9",4.72421282800252
424,"lag10",-0.101027897755124
424,"lag11",-1.41687692240099
424,"lag12",1.8169378645428
425,"lag1",-0.576423359247523
425,"lag2",8.99463951054094
425,"lag3",3.02822543321931
425,"lag4",6.16289472864459
425,"lag5",0.769557411020056
425,"lag6",-0.72390750666651
425,"lag7",-0.248810031422491
425,"lag8",-1.44477962722349
425,"lag9",3.07769543256562
425,"lag10",2.30573234700431
425,"lag11",3.12177664976953
425,"lag12",1.75725514111205
426,"lag1",4.28908629871488
426,"lag2",5.86861339061475
426,"lag3",2.10937748509569
426,"lag4",1.05548568570299
426,"lag5",2.0632539909726
426,"lag6",0.305984414939265
426,"lag7",-4.34135595074479
426,"lag8",-4.19395414430647
426,"lag9",2.69983066934779
426,"lag10",-1.13372323507328
426,"lag11",0.457358821877156
426,"lag12",3.43693572388353
427,"lag1",-1.36299510882743
427,"lag2",0.564265595197426
427,"lag3",1.67806217319607
427,"lag4",4.71000001839287
427,"lag5",-0.179249966505048
427,"lag6",0.618563554913069
427,"lag7",3.51124105754556
427,"lag8",-0.912703823902231
427,"lag9",-1.33745367839023
427,"lag10",0.416668670846516
427,"lag11",2.80863073204484
427,"lag12",-1.16698199402272
428,"lag1",4.02552936983838
428,"lag2",1.71122656621429
428,"lag3",-1.16336157688945
428,"lag4",-1.08067701719609
428,"lag5",-0.510625805206549
428,"lag6",-0.888203330398831
428,"lag7",-0.475951617088656
428,"lag8",-2.48575191901175
428,"lag9",-1.59788668203114
428,"lag10",-1.48695765969358
428,"lag11",2.19121396905679
428,"lag12",0.635183569651254
429,"lag1",-2.39247067044828
429,"lag2",-7.60335072475433
429,"lag3",-3.20908286740858
429,"lag4",-0.339337535931407
429,"lag5",-1.03416891902236
429,"lag6",-1.17240857162532
429,"lag7",-3.1967201607522
429,"lag8",-4.4490321178533
429,"lag9",2.32093173261507
429,"lag10",0.774649475908013
429,"lag11",1.55963852190526
429,"lag12",0.107122526721575
430,"lag1",-1.61078760977173
430,"lag2",3.40997756793181
430,"lag3",-0.735785923961587
430,"lag4",-2.48720533259452
430,"lag5",-1.11476383531387
430,"lag6",-0.505422073663132
430,"lag7",1.31368689910531
430,"lag8",-3.32503917168335
430,"lag9",-2.87177564704275
430,"lag10",0.426495622830146
430,"lag11",-2.73974202507539
430,"lag12",0.95893175408662
431,"lag1",-0.480647227376242
431,"lag2",-2.93717439019696
431,"lag3",-1.30527593689784
431,"lag4",-2.14950430743698
431,"lag5",-1.38822562778731
431,"lag6",0.845608678744211
431,"lag7",0.245782545347341
431,"lag8",-1.1842328214888
431,"lag9",-0.492096134221132
431,"lag10",0.846384756474616
431,"lag11",4.17356195483609
431,"lag12",-1.22169375682002
432,"lag1",-2.91202974087859
432,"lag2",3.52159894535184
432,"lag3",4.39483587022593
432,"lag4",1.4740269830022
432,"lag5",0.796095195481661
432,"lag6",-0.533461069522071
432,"lag7",-3.3005587353001
432,"lag8",-2.8905669379869
432,"lag9",3.02362556113103
432,"lag10",-1.2044497334438
432,"lag11",-2.48292772486863
432,"lag12",-2.05025533271051
433,"lag1",7.0172220881868
433,"lag2",4.87153230339612
433,"lag3",4.69884447112335
433,"lag4",0.622032268592928
433,"lag5",-0.968782602285803
433,"lag6",-0.316084334845033
433,"lag7",3.03415523199797
433,"lag8",3.36086817387685
433,"lag9",-1.06440709417832
433,"lag10",-2.8293738376367
433,"lag11",2.5612707640752
433,"lag12",2.86499561858368
434,"lag1",1.36430406132109
434,"lag2",-2.27609873270124
434,"lag3",-0.791017651199284
434,"lag4",1.34423112070339
434,"lag5",10.4225168988616
434,"lag6",-0.623084052519238
434,"lag7",-1.76143121119315
434,"lag8",-1.50981387424245
434,"lag9",-1.25871996312333
434,"lag10",0.736134918539275
434,"lag11",2.89553567255545
434,"lag12",-4.0541118937324
435,"lag1",2.13488906252279
435,"lag2",-2.77817138444702
435,"lag3",4.55069951511282
435,"lag4",3.71894802721198
435,"lag5",2.93226256808924
435,"lag6",-1.21149303510421
435,"lag7",3.19180046751568
435,"lag8",-2.52799128230076
435,"lag9",2.8981087270158
435,"lag10",-0.198522195324937
435,"lag11",-0.803628775354237
435,"lag12",0.875437467898748
436,"lag1",7.24701625383668
436,"lag2",5.1152961180412
436,"lag3",6.76287946723844
436,"lag4",0.122604983761799
436,"lag5",-1.04340061129756
436,"lag6",0.696701701357498
436,"lag7",-0.556693146085081
436,"lag8",0.206520615844173
436,"lag9",0.424014222264431
436,"lag10",0.389501155947805
436,"lag11",2.54270872894414
436,"lag12",4.05593140322978
437,"lag1",-2.05140927966859
437,"lag2",-1.5939460582039
437,"lag3",-1.05937234961253
437,"lag4",-2.07559379156463
437,"lag5",1.80452697707726
437,"lag6",1.36122928601329
437,"lag7",-2.30265508720967
437,"lag8",-1.32556483515115
437,"lag9",0.485009920318624
437,"lag10",-0.890520079708022
437,"lag11",2.00422992769695
437,"lag12",0.840750186849602
438,"lag1",-0.924078995030562
438,"lag2",2.09188985851417
438,"lag3",1.11618039536594
438,"lag4",-0.997178739301887
438,"lag5",1.36159738378025
438,"lag6",1.31252867670794
438,"lag7",-1.94723563976561
438,"lag8",-3.98459412776049
438,"lag9",-3.53767641398495
438,"lag10",-1.90981127279554
438,"lag11",1.83569482484048
438,"lag12",2.62531599686333
439,"lag1",1.24643920011131
439,"lag2",-0.00446095303282166
439,"lag3",-0.663555076327575
439,"lag4",-0.260878550736816
439,"lag5",-0.882745812563336
439,"lag6",0.704176871738239
439,"lag7",3.07252805446955
439,"lag8",0.39293888327251
439,"lag9",-0.0858465605569302
439,"lag10",0.860145508023656
439,"lag11",-0.893920557815265
439,"lag12",4.91501053161395
440,"lag1",1.07651376124324
440,"lag2",5.69427939259441
440,"lag3",0.636036814344286
440,"lag4",-3.10480876205574
440,"lag5",-3.07066623576534
440,"lag6",-2.58690891625344
440,"lag7",2.83772197202974
440,"lag8",4.00661159752787
440,"lag9",5.70216141669406
440,"lag10",-1.64316889672219
440,"lag11",-1.7626619357501
440,"lag12",-1.14676040375979
441,"lag1",-1.25867637388746
441,"lag2",-1.10571070009238
441,"lag3",-2.00815602103707
441,"lag4",-1.05563271357984
441,"lag5",-1.12788102085824
441,"lag6",-0.26438827340166
441,"lag7",0.802803542202375
441,"lag8",-0.142359290679282
441,"lag9",-2.64055638046127
441,"lag10",2.44494860275575
441,"lag11",-0.688538348628845
441,"lag12",-2.22098222832537
442,"lag1",1.59489069635475
442,"lag2",1.0928404133796
442,"lag3",-0.114817126702121
442,"lag4",3.05938662060963
442,"lag5",1.88549937637726
442,"lag6",-0.231458702033424
442,"lag7",-1.26246638393771
442,"lag8",-1.84623188502678
442,"lag9",-0.534486595034374
442,"lag10",0.246326168819817
442,"lag11",-1.00051978399043
442,"lag12",1.28786806661641
443,"lag1",0.737252171624859
443,"lag2",0.595260408960468
443,"lag3",1.69756342046499
443,"lag4",2.96672043275079
443,"lag5",2.65882274617063
443,"lag6",0.570363612871608
443,"lag7",0.678880853379774
443,"lag8",2.15171359080668
443,"lag9",-3.0769244571372
443,"lag10",3.04744592594516
443,"lag11",0.622465984372526
443,"lag12",1.9427853056358
444,"lag1",7.55619349418164
444,"lag2",-3.19934177527302
444,"lag3",3.22024415880534
444,"lag4",4.40366922391228
444,"lag5",2.52934770374682
444,"lag6",-0.838217990010308
444,"lag7",-2.2761262886529
444,"lag8",-2.94982901540087
444,"lag9",-0.597586880692698
444,"lag10",-2.44226245825166
444,"lag11",3.8779709678943
444,"lag12",-0.175601355432555
445,"lag1",3.84248643964926
445,"lag2",3.93654781180711
445,"lag3",1.89930398138843
445,"lag4",-2.3871600952023
445,"lag5",-1.85498704158039
445,"lag6",0.598237661208168
445,"lag7",1.29717586021272
445,"lag8",-0.972409860125717
445,"lag9",2.94597402639397
445,"lag10",-0.619539224685322
445,"lag11",-2.99590721960303
445,"lag12",-1.43825066288813
446,"lag1",3.14852568839589
446,"lag2",2.62970135308616
446,"lag3",1.31690588296765
446,"lag4",-0.772841665294304
446,"lag5",3.20892684404051
446,"lag6",-0.83998545786943
446,"lag7",3.33364992266004
446,"lag8",4.18252992279059
446,"lag9",0.686822304909941
446,"lag10",-1.17650184893842
446,"lag11",1.23893131724468
446,"lag12",2.64372874350037
447,"lag1",1.51152856330165
447,"lag2",-2.7112331079875
447,"lag3",-1.33566207666317
447,"lag4",0.491230282427025
447,"lag5",-0.208924886599733
447,"lag6",-0.0800554623366431
447,"lag7",2.01424874793306
447,"lag8",4.68020778186522
447,"lag9",-1.8565928989665
447,"lag10",1.4483509594839
447,"lag11",6.73731761436848
447,"lag12",4.17040866941974
448,"lag1",4.37015770204706
448,"lag2",1.94533261292041
448,"lag3",-3.73869363307495
448,"lag4",-1.84641529284904
448,"lag5",0.210450157722168
448,"lag6",1.80407064769195
448,"lag7",2.98629464680383
448,"lag8",-0.619895236805319
448,"lag9",-0.396284098052502
448,"lag10",-2.08023811852591
448,"lag11",2.32053324746058
448,"lag12",1.73497154197948
449,"lag1",1.07248520426521
449,"lag2",-3.3967263726188
449,"lag3",-2.03628087501333
449,"lag4",-4.77347886358476
449,"lag5",-2.91387799279716
449,"lag6",0.515219384442919
449,"lag7",2.98449994869825
449,"lag8",2.37608631660391
449,"lag9",3.79543331410124
449,"lag10",0.145045790492437
449,"lag11",-1.96150948354859
449,"lag12",2.15095780262871
450,"lag1",-0.735840458518354
450,"lag2",2.95479434185744
450,"lag3",6.76920167812376
450,"lag4",-0.592537902971044
450,"lag5",1.21103027213502
450,"lag6",-0.2160061999176
450,"lag7",2.17810506214745
450,"lag8",0.757629285468791
450,"lag9",1.0013041253035
450,"lag10",1.71662082698756
450,"lag11",8.12715939105239
450,"lag12",-0.579242688425927
451,"lag1",2.92771000746932
451,"lag2",1.91314133340822
451,"lag3",2.78357295167751
451,"lag4",4.87367730422983
451,"lag5",1.27666490510666
451,"lag6",-0.908584445159846
451,"lag7",-2.78725196473236
451,"lag8",-0.145314507556994
451,"lag9",-2.62501528754909
451,"lag10",1.67479592624512
451,"lag11",0.257331009172391
451,"lag12",1.26972558931103
452,"lag1",5.18372951126468
452,"lag2",2.84296284614944
452,"lag3",-0.578925503543887
452,"lag4",3.44298619618721
452,"lag5",2.29608837146418
452,"lag6",-1.05494831908899
452,"lag7",0.349880886810278
452,"lag8",2.96052463227753
452,"lag9",0.786133692162517
452,"lag10",2.37760834476604
452,"lag11",0.813514489127303
452,"lag12",0.461248026030415
453,"lag1",0.170445231398709
453,"lag2",4.4782272037535
453,"lag3",0.356590888762887
453,"lag4",-1.4672155706129
453,"lag5",-0.401500344738911
453,"lag6",3.26543423036019
453,"lag7",-0.452695724723229
453,"lag8",2.80341870144289
453,"lag9",-0.433560790129219
453,"lag10",-1.54986706157815
453,"lag11",4.38325000060829
453,"lag12",2.17579546501376
454,"lag1",0.346174812598064
454,"lag2",-3.32933854296775
454,"lag3",1.66343859573912
454,"lag4",0.204680487586225
454,"lag5",1.95107144834491
454,"lag6",1.99438412855737
454,"lag7",-2.08961864164863
454,"lag8",-2.59445439649133
454,"lag9",-0.900168934200857
454,"lag10",-1.89421346890779
454,"lag11",2.08895213901692
454,"lag12",0.821985506295877
455,"lag1",3.60232417076498
455,"lag2",-0.665624380917508
455,"lag3",2.42155493641799
455,"lag4",-3.32038968556677
455,"lag5",-2.83620128923294
455,"lag6",-1.90089916554856
455,"lag7",-1.22498800683716
455,"lag8",-3.56115504956866
455,"lag9",0.77983957793118
455,"lag10",0.0452048490018607
455,"lag11",5.1860222481441
455,"lag12",5.59297952479205
456,"lag1",6.08570624730798
456,"lag2",1.89804033328605
456,"lag3",3.03386512526379
456,"lag4",-1.40523784838348
456,"lag5",3.17484439603945
456,"lag6",0.223180466052588
456,"lag7",0.579511021188884
456,"lag8",2.2272317380472
456,"lag9",1.64254074156896
456,"lag10",-0.914419907653489
456,"lag11",3.26376590669003
456,"lag12",1.64439936096614
457,"lag1",-1.5433040798909
457,"lag2",-1.58175891868026
457,"lag3",-2.48641238946855
457,"lag4",-0.880641860925208
457,"lag5",-2.03505606831856
457,"lag6",0.327774104805491
457,"lag7",-1.02694785344212
457,"lag8",-3.87823246648738
457,"lag9",-1.46752395588485
457,"lag10",-0.831155018155519
457,"lag11",-2.6250667712678
457,"lag12",-0.687074041256832
458,"lag1",1.22348495552478
458,"lag2",0.266300372885846
458,"lag3",0.422204991784027
458,"lag4",-1.29067121128766
458,"lag5",4.71827417213771
458,"lag6",0.155198600425007
458,"lag7",2.28566224608041
458,"lag8",-0.954549313631512
458,"lag9",-2.31916536291888
458,"lag10",2.12672510912857
458,"lag11",5.24497767809899
458,"lag12",-0.345637805759527
459,"lag1",3.59846537573691
459,"lag2",6.17270076310301
459,"lag3",2.59775250324202
459,"lag4",0.0780166459524623
459,"lag5",-0.490999464401201
459,"lag6",-1.13952393096459
459,"lag7",-1.15977899403144
459,"lag8",-1.68010975590325
459,"lag9",3.48738373186914
459,"lag10",-0.695630417470503
459,"lag11",-1.64183683198681
459,"lag12",-0.859391572442146
460,"lag1",2.94609252462963
460,"lag2",4.21053959494728
460,"lag3",0.165508291210943
460,"lag4",4.1114005262488
460,"lag5",3.03506787349133
460,"lag6",-0.273939907593688
460,"lag7",1.15925405793723
460,"lag8",-1.72573384628128
460,"lag9",-2.69120435484273
460,"lag10",-2.63632084276409
460,"lag11",-0.743965971548989
460,"lag12",-1.7506832544775
461,"lag1",5.8682435012744
461,"lag2",3.79523058043969
461,"lag3",4.32988163205093
461,"lag4",2.10247509549398
461,"lag5",-0.659294783285922
461,"lag6",-0.867454247369993
461,"lag7",4.80654774637006
461,"lag8",3.42032955001909
461,"lag9",0.486874778707425
461,"lag10",1.89733460061634
461,"lag11",2.13303130408916
461,"lag12",5.17012956040843
462,"lag1",10.7772685282149
462,"lag2",13.0611022876952
462,"lag3",-0.790988276899813
462,"lag4",1.64573929229771
462,"lag5",0.710311665291828
462,"lag6",-1.72971023373384
462,"lag7",1.80271824076107
462,"lag8",-2.69024081525292
462,"lag9",1.40445657730416
462,"lag10",-1.07686649295437
462,"lag11",-1.31705587424425
462,"lag12",-0.100856867757584
463,"lag1",-2.34725475010044
463,"lag2",-5.09255417672733
463,"lag3",0.751994061541581
463,"lag4",-3.0546215725785
463,"lag5",-1.08275377281549
463,"lag6",1.24227929515743
463,"lag7",8.00195812983902
463,"lag8",8.56736983710924
463,"lag9",3.28438279314226
463,"lag10",5.81668736010985
463,"lag11",3.25864390892147
463,"lag12",1.36773577138045
464,"lag1",1.15858889454315
464,"lag2",1.44566220815758
464,"lag3",2.47228646002023
464,"lag4",-1.85063752756794
464,"lag5",-1.0023696288055
464,"lag6",-0.550848095629251
464,"lag7",-2.20245150727856
464,"lag8",-1.37543090271897
464,"lag9",-4.23753423552063
464,"lag10",-3.26514930330651
464,"lag11",4.04291441289051
464,"lag12",-1.13400069077302
465,"lag1",1.23878045995984
465,"lag2",0.816438187712799
465,"lag3",-1.12108534044982
465,"lag4",0.0966712907373884
465,"lag5",1.52864478533622
465,"lag6",-3.24211373551075
465,"lag7",0.503220502546498
465,"lag8",-2.78288859061219
465,"lag9",-2.85976783689713
465,"lag10",-0.593314174531809
465,"lag11",1.92132022239155
465,"lag12",-1.53716549800639
466,"lag1",-0.548874793793433
466,"lag2",8.43006739825847
466,"lag3",-1.76814577133505
466,"lag4",-1.54010663718396
466,"lag5",0.231873818052873
466,"lag6",2.23894719580884
466,"lag7",-0.41403002105207
466,"lag8",2.80990521932884
466,"lag9",1.94968530389145
466,"lag10",-3.43458420447431
466,"lag11",2.32143075644648
466,"lag12",0.578521655581822
467,"lag1",-0.872574295979009
467,"lag2",0.398833170481594
467,"lag3",3.82340311634096
467,"lag4",2.59665958972617
467,"lag5",0.499617500446257
467,"lag6",1.63155541202135
467,"lag7",-0.0500388445345003
467,"lag8",-4.82478328236702
467,"lag9",-2.23375519553061
467,"lag10",-1.69584903413757
467,"lag11",-3.17559723599022
467,"lag12",-1.9289445787442
468,"lag1",1.07664615086487
468,"lag2",1.1781805633812
468,"lag3",6.7244367549113
468,"lag4",0.630186175847458
468,"lag5",-0.626473353477564
468,"lag6",1.49099095896357
468,"lag7",3.63111496449208
468,"lag8",-0.94077552664826
468,"lag9",1.64896078860474
468,"lag10",4.45664292483901
468,"lag11",3.30673246973877
468,"lag12",1.59556442602156
469,"lag1",2.97126981204619
469,"lag2",5.81123813011878
469,"lag3",7.30041713028226
469,"lag4",9.09517696771554
469,"lag5",4.96083093252092
469,"lag6",1.30979885043346
469,"lag7",3.29530699072795
469,"lag8",-0.290739523191471
469,"lag9",-2.22231131042765
469,"lag10",0.715108364421013
469,"lag11",4.20774777802445
469,"lag12",2.03637976437088
470,"lag1",6.25731890613981
470,"lag2",2.21880430146089
470,"lag3",4.89055130454011
470,"lag4",7.08968825362682
470,"lag5",10.1623115949927
470,"lag6",-1.16049479867963
470,"lag7",-0.587665353563653
470,"lag8",-2.62716296377932
470,"lag9",-4.36561939322192
470,"lag10",-0.210355867430106
470,"lag11",5.51001415129848
470,"lag12",-3.86372943306138
471,"lag1",8.4623575147387
471,"lag2",6.99641309594882
471,"lag3",2.29097857385101
471,"lag4",6.30998562669247
471,"lag5",9.07022990440992
471,"lag6",4.34178997152082
471,"lag7",0.971799074726458
471,"lag8",-1.67808536416977
471,"lag9",4.02906592689466
471,"lag10",2.91232918594695
471,"lag11",5.3045673813461
471,"lag12",4.79050170522289
472,"lag1",3.83534583231083
472,"lag2",1.71713430577147
472,"lag3",1.2356732554651
472,"lag4",-1.18169958233444
472,"lag5",-0.291360547581049
472,"lag6",1.39559646953318
472,"lag7",6.04562258326067
472,"lag8",1.59533708049341
472,"lag9",1.52186442322296
472,"lag10",-1.83609813912247
472,"lag11",2.0467845598495
472,"lag12",4.97883380962902
473,"lag1",0.802198142256661
473,"lag2",6.45548387436039
473,"lag3",5.16171554764854
473,"lag4",-1.49636799986371
473,"lag5",-1.95433210669512
473,"lag6",0.360685520058762
473,"lag7",-0.777562133094267
473,"lag8",-1.63898387828634
473,"lag9",-0.459821208966061
473,"lag10",0.673576451619867
473,"lag11",-0.559202679156996
473,"lag12",-0.786078923918347
474,"lag1",6.57702752433219
474,"lag2",4.05376382523588
474,"lag3",0.692501841799883
474,"lag4",-1.66649597227372
474,"lag5",-0.863017601406929
474,"lag6",-1.10542723206961
474,"lag7",4.18588449134318
474,"lag8",-0.795295454640827
474,"lag9",-2.13732122446557
474,"lag10",0.853741926981498
474,"lag11",-2.14311202288246
474,"lag12",2.25918852192766
475,"lag1",-0.552478330844339
475,"lag2",-0.38572571286928
475,"lag3",-3.63574258462771
475,"lag4",-5.30748447648247
475,"lag5",-2.29514725309266
475,"lag6",-0.166909458484768
475,"lag7",1.87884024523418
475,"lag8",-1.61711183125426
475,"lag9",-0.873994823162385
475,"lag10",-4.79105352610878
475,"lag11",1.22351968071592
475,"lag12",-2.57091789155684
476,"lag1",-1.37291898031822
476,"lag2",2.69918644563294
476,"lag3",0.360621172304387
476,"lag4",-0.344671652631419
476,"lag5",-0.463465526425787
476,"lag6",-1.63520016310407
476,"lag7",0.794299448275499
476,"lag8",-1.73144407664179
476,"lag9",-0.906163564690952
476,"lag10",-0.125423821922162
476,"lag11",-1.05015463398806
476,"lag12",-0.819533469323267
477,"lag1",-0.983217344290644
477,"lag2",4.15123607556149
477,"lag3",0.135433243167075
477,"lag4",-0.0657313795710212
477,"lag5",0.107091481798473
477,"lag6",-0.592385852256081
477,"lag7",0.874324413205438
477,"lag8",6.78238585674162
477,"lag9",-2.40317652941535
477,"lag10",-2.04802051903111
477,"lag11",1.40230483697278
477,"lag12",0.926985352372411
478,"lag1",4.47891944669922
478,"lag2",1.03669264345105
478,"lag3",0.0550152122705095
478,"lag4",1.20042650798143
478,"lag5",3.53140532371631
478,"lag6",-0.198909134424319
478,"lag7",5.40764243325781
478,"lag8",-2.32186667802785
478,"lag9",0.384770256139045
478,"lag10",-3.3898263177077
478,"lag11",2.24010335850146
478,"lag12",-2.61106805877892
479,"lag1",2.05199167563279
479,"lag2",3.63140122959616
479,"lag3",3.39410716398466
479,"lag4",0.892397339282131
479,"lag5",0.963523580397948
479,"lag6",1.47181542235028
479,"lag7",0.153402870409203
479,"lag8",-2.80575858306186
479,"lag9",-4.2665941884384
479,"lag10",-1.35506952197425
479,"lag11",-0.409741120379227
479,"lag12",-0.556404051997787
480,"lag1",-1.84078930879748
480,"lag2",-4.89155037369043
480,"lag3",10.2430469564542
480,"lag4",-1.55295745108168
480,"lag5",4.12067624102113
480,"lag6",1.86826360327769
480,"lag7",-2.11992794328581
480,"lag8",-1.97781936184372
480,"lag9",1.41254734094566
480,"lag10",0.958913879189046
480,"lag11",0.978874283739209
480,"lag12",-0.490050287808503
481,"lag1",-0.520635305527419
481,"lag2",0.0413855441889979
481,"lag3",5.95226580583675
481,"lag4",-1.42223878796852
481,"lag5",-3.24872594248898
481,"lag6",2.21808657991328
481,"lag7",-0.392649345410385
481,"lag8",-4.16190277032638
481,"lag9",-2.51897538764262
481,"lag10",-1.94050860350281
481,"lag11",-2.27060915622922
481,"lag12",-2.26028445623346
482,"lag1",0.878718984180479
482,"lag2",-1.18332389524568
482,"lag3",0.00590372003426336
482,"lag4",-0.967858598289237
482,"lag5",1.07105858220916
482,"lag6",2.58942294700936
482,"lag7",1.85977891942645
482,"lag8",5.00527713845865
482,"lag9",2.83879875890848
482,"lag10",2.20999368428329
482,"lag11",2.20152940668505
482,"lag12",2.3734275034642
483,"lag1",2.4302035596661
483,"lag2",2.08755523053219
483,"lag3",-0.535009648117175
483,"lag4",0.0493519576233925
483,"lag5",-2.67569167833157
483,"lag6",-0.774996620218008
483,"lag7",1.52103731634285
483,"lag8",-3.04597844422602
483,"lag9",-1.54503982408786
483,"lag10",-2.04463415070562
483,"lag11",-1.19831490762886
483,"lag12",-1.63682615404852
484,"lag1",3.30413567124454
484,"lag2",0.674388883268259
484,"lag3",1.90166953299425
484,"lag4",1.16948766583276
484,"lag5",3.36605382869302
484,"lag6",-2.12505797540153
484,"lag7",-0.6267962703211
484,"lag8",-1.44202962516803
484,"lag9",-3.03347230938276
484,"lag10",-0.0919354436115381
484,"lag11",4.43051608681025
484,"lag12",3.43770202088412
485,"lag1",-0.665146749885168
485,"lag2",1.74038602506127
485,"lag3",-1.18013397209335
485,"lag4",1.19703815643075
485,"lag5",7.39090656660927
485,"lag6",1.93014639705655
485,"lag7",-0.577859881219143
485,"lag8",-2.2995885885108
485,"lag9",0.488194491219972
485,"lag10",-5.40275456562353
485,"lag11",-2.39868016231709
485,"lag12",-4.18565624032222
486,"lag1",3.30458503819359
486,"lag2",-0.493266336155065
486,"lag3",-0.995072787207057
486,"lag4",-0.402636960442772
486,"lag5",1.20387726130026
486,"lag6",2.99758487976007
486,"lag7",2.40899063016021
486,"lag8",1.10300635729668
486,"lag9",-3.07929509782183
486,"lag10",2.0609587191991
486,"lag11",5.23814791618909
486,"lag12",2.35567190136439
487,"lag1",-1.69921418839177
487,"lag2",3.95608077155307
487,"lag3",-0.0575572178383831
487,"lag4",0.410797147936444
487,"lag5",2.06676555269755
487,"lag6",1.0309804893784
487,"lag7",0.433851226575295
487,"lag8",0.949774677030837
487,"lag9",-3.27843662735528
487,"lag10",-1.11901730539638
487,"lag11",-2.50021263619383
487,"lag12",-3.49914154950697
488,"lag1",4.68078015044881
488,"lag2",1.96649140115719
488,"lag3",-0.754545444738224
488,"lag4",-1.74293658513559
488,"lag5",-1.26849863458772
488,"lag6",0.644911565316342
488,"lag7",-0.234709360817032
488,"lag8",-2.95382636968998
488,"lag9",-0.487860793469047
488,"lag10",-1.372119265852
488,"lag11",-4.02007620717017
488,"lag12",-1.68833796681174
489,"lag1",-0.510801577944076
489,"lag2",-1.40398408798846
489,"lag3",0.305057098042306
489,"lag4",-1.56464188607133
489,"lag5",1.00011949442008
489,"lag6",-0.120134056047359
489,"lag7",1.36030734159985
489,"lag8",-0.968801747464833
489,"lag9",1.55764675086617
489,"lag10",-0.877608465418475
489,"lag11",-1.03429695614768
489,"lag12",-0.247617375808751
490,"lag1",-0.809125371117642
490,"lag2",2.12331348351662
490,"lag3",3.49701367026701
490,"lag4",-1.09082290888535
490,"lag5",1.1728328403484
490,"lag6",-0.0125946403026681
490,"lag7",-2.40224973764793
490,"lag8",-7.88699264107232
490,"lag9",-2.25536082145112
490,"lag10",0.124852311949528
490,"lag11",-1.5260456698433
490,"lag12",-2.41171311636663
491,"lag1",0.367108990033601
491,"lag2",2.29134945074919
491,"lag3",0.74719632460337
491,"lag4",2.10454815736414
491,"lag5",7.852464069422
491,"lag6",1.43981475908109
491,"lag7",-0.518160884150898
491,"lag8",-1.40846972192466
491,"lag9",1.31945063068096
491,"lag10",4.20239965868884
491,"lag11",2.38925370572901
491,"lag12",1.36819784329832
492,"lag1",1.72175298468706
492,"lag2",-0.74770732544774
492,"lag3",8.70684706771215
492,"lag4",-0.419359617487927
492,"lag5",-1.59339478155003
492,"lag6",-3.63477333298066
492,"lag7",-2.0313606440572
492,"lag8",-1.88162576443039
492,"lag9",-1.90338626024556
492,"lag10",0.75002263776012
492,"lag11",-0.911543535932346
492,"lag12",-0.493242386852674
493,"lag1",-1.52666572743321
493,"lag2",-0.776971820319536
493,"lag3",3.31682914106497
493,"lag4",1.70429965579658
493,"lag5",4.95318991770871
493,"lag6",-3.10678562167828
493,"lag7",-2.82296850446956
493,"lag8",-1.25094520501132
493,"lag9",-1.26767091260665
493,"lag10",0.826616675542553
493,"lag11",0.939263390950893
493,"lag12",0.790677001676857
494,"lag1",7.40771331401831
494,"lag2",8.68242546726279
494,"lag3",1.62850232501869
494,"lag4",0.0509420916611917
494,"lag5",-2.16550107803231
494,"lag6",1.76892523610423
494,"lag7",-1.5009685556447
494,"lag8",0.502593170546796
494,"lag9",-0.979703846139131
494,"lag10",-0.410872197856851
494,"lag11",-0.477089162970221
494,"lag12",2.51250500010014
495,"lag1",0.567587823464861
495,"lag2",1.01678816852707
495,"lag3",-3.4850494599465
495,"lag4",-0.555820300171042
495,"lag5",1.15065282096344
495,"lag6",-1.73630316438097
495,"lag7",-1.05855321528898
495,"lag8",1.33608278371602
495,"lag9",-1.58453194199609
495,"lag10",-0.650933036820951
495,"lag11",-0.509835340263312
495,"lag12",-0.876601039569843
496,"lag1",3.13742338955133
496,"lag2",1.01012439782076
496,"lag3",4.57992423805667
496,"lag4",3.90834816715165
496,"lag5",3.56840037059941
496,"lag6",1.17180704380887
496,"lag7",-0.00518478867885403
496,"lag8",1.60597159164237
496,"lag9",3.3275744717361
496,"lag10",-2.73275721307098
496,"lag11",0.937708122611215
496,"lag12",0.0621678583410771
497,"lag1",5.36501444595981
497,"lag2",11.0144151812097
497,"lag3",22.3456855328848
497,"lag4",2.12526180906445
497,"lag5",-2.26529359347007
497,"lag6",-2.516568919757
497,"lag7",-1.5040381789352
497,"lag8",3.21441334663827
497,"lag9",-2.24098779633286
497,"lag10",-0.111092740024313
497,"lag11",-0.500234331310829
497,"lag12",3.0093282959005
498,"lag1",-2.62096621522569
498,"lag2",-3.19154971445071
498,"lag3",-3.43776434610018
498,"lag4",0.147881245857786
498,"lag5",-2.66840399106214
498,"lag6",-0.412395243550094
498,"lag7",0.842150668817886
498,"lag8",-3.70824972468638
498,"lag9",-3.57003462741582
498,"lag10",6.48288714739307
498,"lag11",-0.0816951319083016
498,"lag12",-1.96367745168049
499,"lag1",2.27087595827362
499,"lag2",3.26174510425106
499,"lag3",3.2209417162044
499,"lag4",-1.58096596778104
499,"lag5",3.26842793379779
499,"lag6",-0.452056481677923
499,"lag7",7.8824268010878
499,"lag8",3.26488479911143
499,"lag9",0.619222329170855
499,"lag10",-1.49779015332699
499,"lag11",2.99098570011751
499,"lag12",5.23237525805543
500,"lag1",-1.42055933005959
500,"lag2",-1.70059950846119
500,"lag3",2.0808716099578
500,"lag4",1.21848875473231
500,"lag5",4.17455262292698
500,"lag6",0.223973319361588
500,"lag7",-0.0508060011933922
500,"lag8",1.62311069539313
500,"lag9",3.31811412759265
500,"lag10",2.71531455072613
500,"lag11",0.447154884117896
500,"lag12",1.24995238491971
