"iteration","term","estimate","std_error"
1,"lag1",4.30246029776384,0.558019089049315
1,"lag2",0.45886493517246,0.652492068569536
1,"lag3",0.7854615162214,0.683434233098976
1,"lag4",0.40648548709207,0.629800906474747
1,"lag5",0.855111731361916,0.566596616206165
1,"lag6",1.79247261644047,0.531091896338928
1,"lag7",0.517618793585017,0.570638810658482
1,"lag8",0.901564851599281,0.663246027265551
1,"lag9",0.283360002043538,0.690608266921174
1,"lag10",1.4092133473303,0.635306560290564
1,"lag11",0.669209694665116,0.562564518412146
1,"lag12",0.72696262441928,0.531127272485707
2,"lag1",4.7781650531413,0.510773244104916
2,"lag2",-0.313474285799544,0.622479350374408
2,"lag3",5.20805164589433,0.639976126917882
2,"lag4",0.560403338202102,0.56676023573622
2,"lag5",4.24603352118197,0.506285507710341
2,"lag6",10.784611919515,0.493162009097105
2,"lag7",11.3678169031677,0.525844018577496
2,"lag8",0.562739955047396,0.639115526771551
2,"lag9",1.9168555279548,0.659730267042992
2,"lag10",3.29670955695835,0.572730510973008
2,"lag11",2.69316729158082,0.501675389313829
2,"lag12",3.90111762089149,0.493418443341369
3,"lag1",5.15067683625293,0.507992059516217
3,"lag2",0.816087500426596,0.59688381578018
3,"lag3",4.39789527241258,0.579471365171669
3,"lag4",1.77078084112307,0.540431733543683
3,"lag5",1.16270272300447,0.508932937356516
3,"lag6",5.01805323916471,0.49253652741778
3,"lag7",4.56813754787762,0.520102100228778
3,"lag8",-1.45478911961973,0.616907516194515
3,"lag9",0.0906788791320292,0.600559532913384
3,"lag10",1.67135457900854,0.550599073198449
3,"lag11",0.807640607381377,0.513623751672168
3,"lag12",-0.0682436794368253,0.499003857714754
4,"lag1",7.78109844530149,0.581413820260066
4,"lag2",3.87151961046138,0.713475771381613
4,"lag3",5.63189878884521,0.710029044642095
4,"lag4",-0.0457614090138472,0.655305587531742
4,"lag5",1.02927118065048,0.595807386766794
4,"lag6",2.3892880947667,0.562303436847653
4,"lag7",2.69476674630138,0.596893430455695
4,"lag8",-0.544345701438251,0.72126810863324
4,"lag9",0.535890894103853,0.724138957040617
4,"lag10",-0.117464019252205,0.660793927717507
4,"lag11",-0.0210451869208864,0.585904737962099
4,"lag12",-0.978659877109931,0.563924005193302
5,"lag1",5.20850700347721,0.538879330102138
5,"lag2",0.168181188511836,0.646690643168743
5,"lag3",1.60843851153141,0.634385023563447
5,"lag4",1.26981918617777,0.570362486817294
5,"lag5",1.45920016345811,0.516015510271156
5,"lag6",0.658494634333016,0.513024843954694
5,"lag7",-0.18853498507604,0.55246480633273
5,"lag8",-0.363285004977072,0.671916639194767
5,"lag9",-0.136329319109752,0.648382571210926
5,"lag10",-0.0345637380692199,0.576621215260809
5,"lag11",0.122408667137569,0.510006737387018
5,"lag12",0.55548482039833,0.510861603700974
6,"lag1",5.67542310488529,0.585071475812656
6,"lag2",1.76026318893449,0.744635704759951
6,"lag3",2.46851156707063,0.710966352706715
6,"lag4",-1.71199475311779,0.615624257662028
6,"lag5",1.63320766812803,0.58073992101953
6,"lag6",9.14326031107137,0.572221497867545
6,"lag7",8.98321543516832,0.600724848974846
6,"lag8",0.645311502384677,0.760342789286568
6,"lag9",0.213195865977195,0.732690250661331
6,"lag10",0.206055604366631,0.624123475440922
6,"lag11",1.64379493518899,0.584402376600122
6,"lag12",1.99298476538311,0.570409431203894
7,"lag1",8.10446275479951,0.528543343292784
7,"lag2",2.63897543508041,0.645769497766825
7,"lag3",5.33476116933645,0.680887697871847
7,"lag4",1.00219363053588,0.594603059986828
7,"lag5",0.676105299498784,0.530748735795194
7,"lag6",0.389372360259823,0.511915792102979
7,"lag7",1.85966840637207,0.538544668527149
7,"lag8",2.41117631798939,0.652169358123424
7,"lag9",-0.347512697652392,0.695374746945824
7,"lag10",-0.22943283375233,0.599416053623482
7,"lag11",0.984847357874612,0.526410772345273
7,"lag12",0.0138492137504873,0.514355753513859
8,"lag1",7.29826693346364,0.504114944334894
8,"lag2",0.705360460063219,0.594562033801343
8,"lag3",1.97266463916242,0.654657248886497
8,"lag4",0.838199974928925,0.589669936340192
8,"lag5",1.52717347280524,0.505280534057065
8,"lag6",3.77217026058053,0.49529921997498
8,"lag7",4.07379252692307,0.516415146817551
8,"lag8",1.08445402437124,0.60744835857534
8,"lag9",1.8839001384405,0.677352000723981
8,"lag10",0.956834690008328,0.59616038310857
8,"lag11",2.36824162808814,0.502477227610525
8,"lag12",1.76022620878731,0.492360543311719
9,"lag1",8.16986711287943,0.534137409534362
9,"lag2",2.63611217392846,0.648004224763834
9,"lag3",2.96102520003698,0.653216171329325
9,"lag4",1.16183376305953,0.602270750521776
9,"lag5",2.34301275196171,0.52801110038591
9,"lag6",3.75079056228092,0.501480426398566
9,"lag7",3.99793554727631,0.542674307312581
9,"lag8",0.118265810120259,0.649549014753677
9,"lag9",-0.265640011021736,0.66639079723228
9,"lag10",-0.206706839479916,0.603635025281969
9,"lag11",-0.249791378911686,0.526799279212916
9,"lag12",0.58570045065871,0.503097354613806
10,"lag1",7.53629082286091,0.555196637611395
10,"lag2",0.868068618240286,0.660541566873783
10,"lag3",2.39259900279035,0.623849644157862
10,"lag4",1.30541811181141,0.588291341081405
10,"lag5",1.95272154145609,0.562401993300276
10,"lag6",2.21520512733863,0.559352576166768
10,"lag7",1.25460309191704,0.566596345354672
10,"lag8",0.121577489459907,0.670146703523895
10,"lag9",-1.63067373982354,0.635053387236514
10,"lag10",-0.975858941783453,0.592485342261521
10,"lag11",-0.0732961166639255,0.55995048912131
10,"lag12",1.48470413874276,0.560088362988766
11,"lag1",6.61351642876615,0.506871410198934
11,"lag2",1.75624971840195,0.584191568457782
11,"lag3",2.52032303278431,0.613266209166307
11,"lag4",0.769777554994589,0.587761405224464
11,"lag5",0.56110493583705,0.515554746634253
11,"lag6",1.33495887657099,0.481434624053439
11,"lag7",0.210527781735335,0.515071208438227
11,"lag8",2.72426823929806,0.597790832870928
11,"lag9",-0.573964955075408,0.634507846890325
11,"lag10",0.362108517491816,0.598750450756899
11,"lag11",0.422917123814547,0.520612997791051
11,"lag12",-0.28981758572058,0.488799444551041
12,"lag1",6.32796470007122,0.442127285261129
12,"lag2",0.684050525442256,0.538329482142139
12,"lag3",1.06976357254821,0.582603927724973
12,"lag4",0.872105238559797,0.527230031359016
12,"lag5",1.4541328289005,0.445398315429933
12,"lag6",1.52415422216261,0.440704289852379
12,"lag7",0.860972422170268,0.456210570601066
12,"lag8",1.81480886002529,0.549059914677228
12,"lag9",0.483349781730513,0.598078116434231
12,"lag10",0.360203373544161,0.534676559129286
12,"lag11",0.56228988501277,0.443126158639374
12,"lag12",1.16951863434124,0.436354393408409
13,"lag1",6.6711990642888,0.532733616152093
13,"lag2",2.30622020696604,0.618903256660599
13,"lag3",4.83029523425188,0.602978282421803
13,"lag4",1.78583195498774,0.542004955630495
13,"lag5",0.655897642056198,0.48417787051916
13,"lag6",1.0000632379882,0.484992164991675
13,"lag7",0.815294763028834,0.539518151839805
13,"lag8",1.81051547855668,0.631929829603176
13,"lag9",0.59081728659262,0.61629415853248
13,"lag10",0.294515228900538,0.547065354987386
13,"lag11",0.26695936756448,0.485930388288185
13,"lag12",0.45403023886359,0.489648529008667
14,"lag1",5.20700646827702,0.49301805854473
14,"lag2",0.233544660453964,0.586928501433265
14,"lag3",2.33592608379598,0.599116172022826
14,"lag4",-0.107554514171523,0.550771329574332
14,"lag5",-0.0763102341776235,0.506778225793754
14,"lag6",1.90022513503269,0.486886479669889
14,"lag7",3.4824933882841,0.504638659085646
14,"lag8",-0.19960754994688,0.601958952528574
14,"lag9",-0.232940666157458,0.614821047459827
14,"lag10",-0.119895377228592,0.556408548976631
14,"lag11",0.390030859882728,0.502139423957063
14,"lag12",2.45841111751478,0.487199927745246
15,"lag1",6.96238984073312,0.54175071100385
15,"lag2",1.95350703694302,0.645816148544818
15,"lag3",2.67786279157874,0.620164651971371
15,"lag4",0.498212934248214,0.577578822538681
15,"lag5",2.26936453797782,0.52344864341886
15,"lag6",5.39281012130515,0.509648984557697
15,"lag7",5.90491760639393,0.555208682862351
15,"lag8",3.08227976417403,0.655809235136775
15,"lag9",0.887003902652093,0.626552770763619
15,"lag10",1.1245199403569,0.581882017736793
15,"lag11",0.369176330704646,0.525831369362048
15,"lag12",0.975870828624188,0.510788464751527
16,"lag1",6.33063370598632,0.570023702359337
16,"lag2",1.27823700280332,0.66383274156732
16,"lag3",3.52304342224677,0.661733068289377
16,"lag4",0.616516019439829,0.617422534367653
16,"lag5",1.47441180640205,0.559721589088244
16,"lag6",3.5509061503855,0.54606022836424
16,"lag7",4.44673198719797,0.578213283195479
16,"lag8",1.87746647705432,0.685656195995281
16,"lag9",2.5769983956357,0.688321442282239
16,"lag10",0.922023451010338,0.63384739492054
16,"lag11",0.0387117723110863,0.56440323729347
16,"lag12",0.522740361938926,0.557719336781828
17,"lag1",6.55489400849293,0.503378132002647
17,"lag2",2.76632462575492,0.628409263161998
17,"lag3",2.92396104992569,0.614623739220506
17,"lag4",0.148749606195309,0.54829921212317
17,"lag5",2.98271227448038,0.498284541543272
17,"lag6",6.14548653934972,0.484332712098979
17,"lag7",5.76572049110697,0.51413554332132
17,"lag8",2.42075189070224,0.649961124497709
17,"lag9",-0.168596287703236,0.629799616173447
17,"lag10",0.409772901495167,0.560080630017886
17,"lag11",0.730192972849128,0.500726365474267
17,"lag12",1.58841680469548,0.489082260828527
18,"lag1",8.06604772320383,0.534514427271454
18,"lag2",1.44139241102055,0.614502293628711
18,"lag3",2.5236796310117,0.646370003456274
18,"lag4",-0.170541730755156,0.581828215639248
18,"lag5",0.630926549547061,0.53730108853062
18,"lag6",2.29525697397989,0.521756697596096
18,"lag7",3.20774175527141,0.5407969384298
18,"lag8",-1.16517078821241,0.630302712394017
18,"lag9",-1.42123341462002,0.661240491351085
18,"lag10",-0.694865538275628,0.59176943391455
18,"lag11",0.913631221624784,0.53544543705167
18,"lag12",0.0594890532088674,0.525486361137445
19,"lag1",8.33292820808503,0.536288064434994
19,"lag2",0.908891832702862,0.649843066176072
19,"lag3",2.71995329729865,0.657561383569536
19,"lag4",0.30915739973669,0.583047049501741
19,"lag5",0.812761213056145,0.522332306925523
19,"lag6",0.190157111895268,0.521495857172204
19,"lag7",0.136601550041716,0.547794171380593
19,"lag8",0.424543246644487,0.662599619934954
19,"lag9",-0.86279825811058,0.667054116481244
19,"lag10",0.927824409411621,0.586226341114782
19,"lag11",0.2232432396645,0.5223553574764
19,"lag12",0.926713466735647,0.523387543176551
20,"lag1",8.04941706784306,0.549117432674905
20,"lag2",2.79332682490414,0.634480792674486
20,"lag3",5.97542417382225,0.666800601954683
20,"lag4",-0.0542434238673314,0.612165536481074
20,"lag5",2.19683481999996,0.540165982216755
20,"lag6",3.27126250648043,0.516942147393329
20,"lag7",4.45763595301367,0.557205296586558
20,"lag8",1.40150178770707,0.647595094213452
20,"lag9",1.48860984075288,0.677774224458353
20,"lag10",1.0401059838231,0.619907673169211
20,"lag11",2.2548884783738,0.536925347524799
20,"lag12",2.83883440801312,0.525600923868154
21,"lag1",4.30361567951093,0.53945697175995
21,"lag2",1.08192037807005,0.669462175073088
21,"lag3",3.95438936947086,0.719428245127585
21,"lag4",2.67045465724013,0.597153240216348
21,"lag5",3.03057109663329,0.528778946506953
21,"lag6",6.64996180636673,0.516287202330824
21,"lag7",7.34906692556673,0.5508165115428
21,"lag8",0.357932375537094,0.679528564183201
21,"lag9",2.3123704990163,0.732846824005186
21,"lag10",2.8018540196413,0.5987898373874
21,"lag11",2.12189365130197,0.52214827444322
21,"lag12",2.53304221227149,0.517613294806417
22,"lag1",6.05290898053066,0.596622469035853
22,"lag2",0.0912852283551677,0.732872960908953
22,"lag3",0.946674814968746,0.712340726625238
22,"lag4",0.227424351361687,0.653119017195414
22,"lag5",0.766766826201078,0.623228591642754
22,"lag6",5.06634185192444,0.616064988218362
22,"lag7",3.96862872499142,0.606108697972983
22,"lag8",0.741551683793837,0.751451359350906
22,"lag9",0.66412753072139,0.729458427972257
22,"lag10",0.124759778362924,0.662503365850369
22,"lag11",-0.536744600317586,0.625211322685962
22,"lag12",1.85576644159755,0.611057051335621
23,"lag1",6.83115240365616,0.592527709094176
23,"lag2",3.18185774339884,0.723733536025885
23,"lag3",5.21721447554173,0.68463027076205
23,"lag4",0.589730250282146,0.592262506789824
23,"lag5",2.4492363682851,0.577459217183482
23,"lag6",6.44956640145066,0.559878052325628
23,"lag7",6.27474345759162,0.602879448361973
23,"lag8",1.38401915761491,0.742809362030274
23,"lag9",0.763786377790187,0.698816480370666
23,"lag10",1.3513388966285,0.6039478049719
23,"lag11",1.77601051319738,0.579343151097178
23,"lag12",1.76043640936595,0.566951470737255
24,"lag1",7.47030260736599,0.561831525082284
24,"lag2",3.09304674911826,0.686218323243795
24,"lag3",4.90211711319031,0.681186997494996
24,"lag4",1.71597221631348,0.6281317804351
24,"lag5",1.4314578521757,0.547109081383155
24,"lag6",1.19328227710086,0.529880541474838
24,"lag7",1.05867854081781,0.57272857872303
24,"lag8",2.0356929467448,0.69263014269875
24,"lag9",-0.327610984791901,0.692846761285634
24,"lag10",-0.143945813576081,0.633972478330773
24,"lag11",0.973290214142946,0.54911326176359
24,"lag12",1.090877977414,0.531105745934598
25,"lag1",8.16582004026839,0.574954635817039
25,"lag2",2.94212232103793,0.684466233814393
25,"lag3",4.84796215818982,0.718496196702031
25,"lag4",0.700218503608721,0.626157285489416
25,"lag5",1.94039173372749,0.569288325108936
25,"lag6",5.17195465109549,0.551332520479236
25,"lag7",5.78619638078075,0.588439185441919
25,"lag8",2.21737226991837,0.707079952029441
25,"lag9",1.83050728336422,0.741889470331012
25,"lag10",0.590374661514173,0.636306898477108
25,"lag11",2.03147241958554,0.568934814169754
25,"lag12",2.75091181724698,0.55529624569012
26,"lag1",6.79888143652875,0.50555331959473
26,"lag2",0.983016555185084,0.593471435819106
26,"lag3",3.90298001047355,0.601405170999739
26,"lag4",1.52155249089903,0.545432215249884
26,"lag5",1.66330650848693,0.501266976237792
26,"lag6",0.893384092148076,0.477545795786184
26,"lag7",0.687140495708808,0.511797141353179
26,"lag8",0.692960246689217,0.604357280046355
26,"lag9",-0.104328687915882,0.619062312906516
26,"lag10",-0.250130452762975,0.564129867302547
26,"lag11",0.661859837599843,0.506874218826135
26,"lag12",0.189461424721959,0.48776982062747
27,"lag1",5.18593371268008,0.529635466450664
27,"lag2",1.84824806941631,0.630657804843647
27,"lag3",5.4200242783266,0.671133953340747
27,"lag4",-0.82115863133343,0.581788111492778
27,"lag5",2.36248189864615,0.522095555823608
27,"lag6",8.08968977981257,0.510165514107321
27,"lag7",8.31588601899666,0.535525605413471
27,"lag8",1.4500986279717,0.64514871944236
27,"lag9",1.65156443582053,0.687020059714243
27,"lag10",1.64179482396834,0.592055757053107
27,"lag11",1.4116424483958,0.52470473365348
27,"lag12",2.11138733734171,0.514411931738774
28,"lag1",6.94510219919681,0.462835772100885
28,"lag2",2.44708212923045,0.543397740610773
28,"lag3",3.29811516969835,0.589988663099309
28,"lag4",0.0510486482078785,0.536074685749194
28,"lag5",2.21522211002877,0.476451566125984
28,"lag6",4.71690582259189,0.457217637086587
28,"lag7",4.62030592123268,0.475050850257187
28,"lag8",1.25847369369571,0.566235107269649
28,"lag9",-1.06334456137614,0.61214032459422
28,"lag10",0.122243731775946,0.545828993049489
28,"lag11",0.749646388794613,0.478784904211122
28,"lag12",2.89068580866768,0.456167041601578
29,"lag1",4.22395649139245,0.517857740095775
29,"lag2",0.073137918487916,0.60979230231296
29,"lag3",2.88168945116239,0.634649980168099
29,"lag4",0.66101686719516,0.566007211597845
29,"lag5",0.990752093819648,0.503149363860608
29,"lag6",0.816784496810008,0.49307527432493
29,"lag7",0.600222082712392,0.523357384621232
29,"lag8",-0.389420393154116,0.620285202242138
29,"lag9",-0.74494001993065,0.64643883104927
29,"lag10",0.210183373714972,0.577112932620006
29,"lag11",-0.215471555574525,0.503284045013801
29,"lag12",0.464592527132291,0.494812185826044
30,"lag1",6.20518396463975,0.498344164790524
30,"lag2",-0.344409564102544,0.585867226810059
30,"lag3",2.12091532397665,0.601383659031744
30,"lag4",0.457499921433135,0.538322819776332
30,"lag5",1.66786630225357,0.489012252315506
30,"lag6",2.57174861399107,0.472229252837282
30,"lag7",3.51613648642408,0.50485802479656
30,"lag8",-1.04553035978775,0.596724926001282
30,"lag9",-0.64679878567526,0.621097514396518
30,"lag10",0.740114934297899,0.545187258042814
30,"lag11",0.824824922946131,0.4887151853028
30,"lag12",1.15375122010296,0.479989771329616
31,"lag1",8.16103276338196,0.49545229738032
31,"lag2",0.914207468445523,0.58779701739651
31,"lag3",3.14990928075683,0.623601406330983
31,"lag4",-0.588455077934106,0.573364200721329
31,"lag5",0.70563071825512,0.500104546599951
31,"lag6",3.71565809978085,0.477679896604146
31,"lag7",3.61546094194502,0.505805470306028
31,"lag8",0.929669974980345,0.597722843955598
31,"lag9",-0.309860633000254,0.640269262868595
31,"lag10",0.12019435599764,0.577044725525574
31,"lag11",1.13992586662348,0.493221995435287
31,"lag12",0.415763148069037,0.476755038373843
32,"lag1",5.21776137412104,0.531961102823285
32,"lag2",0.36875437263382,0.658688105204367
32,"lag3",1.89940361848672,0.680053145676765
32,"lag4",1.33855812096388,0.605084266629523
32,"lag5",0.616851984274582,0.555356013617954
32,"lag6",1.95286632243127,0.536588164189704
32,"lag7",0.244265233107504,0.547344541931046
32,"lag8",-0.638892996589751,0.678056437368807
32,"lag9",-0.815230110056131,0.703232644568281
32,"lag10",1.98453773068459,0.613579473651471
32,"lag11",-0.433415815007571,0.5578777786676
32,"lag12",0.580512445560807,0.537575075642288
33,"lag1",6.6535690742524,0.511845195797243
33,"lag2",2.75896593659602,0.616097389085437
33,"lag3",3.55414681117907,0.615691348522439
33,"lag4",1.84857488719844,0.55385414438127
33,"lag5",0.557357126134712,0.504505596506787
33,"lag6",0.594699691239232,0.494617650844553
33,"lag7",-0.389995310555232,0.529242872040388
33,"lag8",0.774307707138117,0.636022191382393
33,"lag9",0.480480671905843,0.640769367917723
33,"lag10",1.00086546107875,0.564440269822862
33,"lag11",-0.196914007412659,0.509091701678156
33,"lag12",0.73040452878252,0.498195845177568
34,"lag1",6.70801827192946,0.548309318912201
34,"lag2",2.70349505659149,0.663254516778164
34,"lag3",3.65133539482021,0.637617514763938
34,"lag4",0.411404973271416,0.577553194689
34,"lag5",1.80318168584759,0.533289051687788
34,"lag6",3.74697340595866,0.514142013514513
34,"lag7",4.48019659064358,0.563810099181715
34,"lag8",1.58501739797453,0.675190366268137
34,"lag9",1.19560396608996,0.641097073390743
34,"lag10",-0.0077431794129891,0.578151609910899
34,"lag11",0.444303597307561,0.533891630828355
34,"lag12",0.748050996394848,0.513656962203325
35,"lag1",6.25339334089189,0.510392634022444
35,"lag2",1.27272740135809,0.621655720754034
35,"lag3",3.48352884079865,0.632864994989742
35,"lag4",1.75254809099726,0.561842230871852
35,"lag5",2.42309417871645,0.517688172770615
35,"lag6",4.39058037119817,0.511007588692777
35,"lag7",3.64678014703584,0.52527472764556
35,"lag8",-0.145761382072825,0.644233101729266
35,"lag9",1.66797950372063,0.650966751063039
35,"lag10",2.7504564542389,0.56868330945705
35,"lag11",1.27630335602308,0.518890348238869
35,"lag12",1.81461183005142,0.516663832807824
36,"lag1",5.08763812651926,0.498733398101913
36,"lag2",-1.44390468259982,0.607482167074174
36,"lag3",0.259239766528658,0.672461165096677
36,"lag4",-0.635095689993235,0.583112951570047
36,"lag5",0.4540257100088,0.493495280099825
36,"lag6",2.7600813575476,0.495599892205137
36,"lag7",2.04472735266903,0.509945323346161
36,"lag8",-0.345910755882993,0.623047770590148
36,"lag9",0.560369705367428,0.687711040907506
36,"lag10",0.140931762150013,0.585227024540868
36,"lag11",0.0790329575312436,0.489396611761085
36,"lag12",1.19393837243384,0.492881765860918
37,"lag1",6.14847329811683,0.57497031663083
37,"lag2",-0.0816756179961575,0.725562587714281
37,"lag3",1.97045132348853,0.689790737618586
37,"lag4",-0.643770258513824,0.597057801053063
37,"lag5",2.89939064175149,0.568005312251044
37,"lag6",10.4511046429503,0.549185312829978
37,"lag7",9.76195347499821,0.584857020736685
37,"lag8",0.963734075199122,0.736448128523941
37,"lag9",0.879052511967053,0.701546448078961
37,"lag10",1.94456865847062,0.600543831572314
37,"lag11",0.956193646054918,0.563465976189431
37,"lag12",1.90657303030799,0.550868546926197
38,"lag1",6.92894013278931,0.528542309553516
38,"lag2",-0.334843770637614,0.65671373702256
38,"lag3",1.29722928605153,0.65408105582605
38,"lag4",-0.345177587091653,0.577897537136046
38,"lag5",2.19623724549172,0.520435526045353
38,"lag6",4.12903424717623,0.500763125967364
38,"lag7",5.37859059641976,0.539067036396948
38,"lag8",1.12047507998067,0.670802105003471
38,"lag9",-0.936913146327846,0.666179903012978
38,"lag10",0.480061520253315,0.578364727424135
38,"lag11",2.13583237331492,0.517934779382304
38,"lag12",2.70876217727662,0.501025563810334
39,"lag1",7.42804507633003,0.595167895348658
39,"lag2",0.455322830132046,0.692906665218543
39,"lag3",4.18519817087329,0.702048544259184
39,"lag4",2.96924322047667,0.662608811884384
39,"lag5",1.73757633859595,0.621653500180079
39,"lag6",1.79199362376674,0.589018633484513
39,"lag7",2.062560160915,0.613535197277286
39,"lag8",2.20744602390787,0.711260649579436
39,"lag9",0.315621569431457,0.711867067666682
39,"lag10",-0.0598361903944976,0.671315867725757
39,"lag11",-0.807819669191499,0.621503753488652
39,"lag12",-1.1735156371496,0.588618663169124
40,"lag1",8.03827342334596,0.504516602339623
40,"lag2",1.54360351948119,0.624843182891848
40,"lag3",1.61400020301935,0.631556952081181
40,"lag4",1.90863694937928,0.549515093400811
40,"lag5",0.442902829204921,0.503880921655482
40,"lag6",0.142060026300715,0.491749932463302
40,"lag7",-0.528183431209257,0.519470945722947
40,"lag8",0.602680356148423,0.642180641844311
40,"lag9",0.699515098583529,0.649442805907134
40,"lag10",0.335681039219504,0.551151039115272
40,"lag11",-0.331062822081863,0.498878237428445
40,"lag12",0.602063443296022,0.488498545844556
41,"lag1",7.32887399201249,0.565758311287647
41,"lag2",1.3123078757513,0.692765181645534
41,"lag3",2.42229117303204,0.689561029288095
41,"lag4",0.817451319655018,0.604608124406697
41,"lag5",2.34296965406545,0.543728359846846
41,"lag6",6.0880916156435,0.523859059533033
41,"lag7",7.17459393846406,0.574644156450337
41,"lag8",1.31954576792476,0.710351230031434
41,"lag9",-0.134218281624341,0.710781950884282
41,"lag10",0.261500781767247,0.616011415391271
41,"lag11",0.568162708485331,0.547627524093415
41,"lag12",0.925694538046722,0.529964538672578
42,"lag1",5.14851102831702,0.58145720367788
42,"lag2",-0.384378450028625,0.716186926450032
42,"lag3",4.15331626827345,0.70782693519312
42,"lag4",1.23000091556061,0.608752377842993
42,"lag5",3.12028577259124,0.554870385770553
42,"lag6",7.04697910911493,0.549122808484701
42,"lag7",5.93504878796769,0.595433322380607
42,"lag8",0.32006582702833,0.725402006161076
42,"lag9",0.689988642637092,0.718039921143738
42,"lag10",2.23323852951588,0.61274093867467
42,"lag11",1.88831191165884,0.553521842202999
42,"lag12",1.49249642022785,0.553239667054693
43,"lag1",5.56260579800926,0.658918235468346
43,"lag2",2.54994763175091,0.826940755826811
43,"lag3",0.691831874342884,0.806148902698602
43,"lag4",-0.841285201305073,0.716661292789179
43,"lag5",0.408471804023907,0.645028203007243
43,"lag6",3.72639032792854,0.639046972016223
43,"lag7",3.31192222728252,0.670205205700764
43,"lag8",0.233179067431076,0.842270519968265
43,"lag9",0.115009364772557,0.819442482399243
43,"lag10",0.731817523107736,0.725847213729914
43,"lag11",-0.23743643693387,0.653009030530743
43,"lag12",2.08561647732402,0.646334525745742
44,"lag1",5.80149837581538,0.540833634980497
44,"lag2",-0.306349998092153,0.691177983994105
44,"lag3",1.5779989564139,0.649967221386842
44,"lag4",1.83080727455662,0.583472152267625
44,"lag5",1.34577456147919,0.536006981581036
44,"lag6",1.48747114673449,0.524567475638483
44,"lag7",0.720819091721058,0.556366623641677
44,"lag8",-0.111087034876362,0.703265509813113
44,"lag9",0.338772733528802,0.664760886537589
44,"lag10",1.5473242200022,0.587061947491266
44,"lag11",-0.167890565230913,0.536631541306807
44,"lag12",1.23953081109368,0.523829944605108
45,"lag1",8.30782885561818,0.540819743180364
45,"lag2",2.32799518582352,0.632651828479874
45,"lag3",3.46553287144382,0.707424707418095
45,"lag4",1.18776586276527,0.605736719691241
45,"lag5",0.725782416281886,0.524822269156457
45,"lag6",0.719693758457104,0.507370604899463
45,"lag7",-0.202507762428679,0.54949595667626
45,"lag8",-0.72286487470282,0.647818741633853
45,"lag9",-0.760280801821622,0.717646310281965
45,"lag10",0.0375857777270255,0.616800220844405
45,"lag11",1.06690524057166,0.524653894218661
45,"lag12",0.823129033004722,0.50890932403886
46,"lag1",8.17943232713832,0.543104237118758
46,"lag2",-0.68372038760137,0.630915617296669
46,"lag3",4.287191210837,0.680846370676514
46,"lag4",1.28680238884683,0.615826191510237
46,"lag5",1.20920412422916,0.518073897570254
46,"lag6",2.69447806463877,0.508055354087038
46,"lag7",4.16104819028168,0.555570260479613
46,"lag8",-0.141445825731804,0.654386552503269
46,"lag9",0.386091111225646,0.706443340655957
46,"lag10",0.51026051615885,0.625963022097526
46,"lag11",0.529693321246067,0.518098263218455
46,"lag12",0.798778262736835,0.509488949641975
47,"lag1",5.37537532095327,0.443232150324794
47,"lag2",0.668754433721547,0.549010348949363
47,"lag3",3.07430412508212,0.609011417772148
47,"lag4",1.05329775397588,0.52029597845507
47,"lag5",2.49105405738076,0.432855749672225
47,"lag6",4.21741217245897,0.424310987218471
47,"lag7",3.45949198192438,0.45742677220883
47,"lag8",-0.0364717360692076,0.567497465608457
47,"lag9",0.453856839987257,0.619123756325101
47,"lag10",1.19078787856938,0.523751793419909
47,"lag11",2.04143098434325,0.430352332239771
47,"lag12",1.94210509580995,0.422085541504399
48,"lag1",6.43173233121116,0.556317210995491
48,"lag2",1.95728402214641,0.668061738036264
48,"lag3",2.7542112910614,0.685311976280444
48,"lag4",-0.0386459887977187,0.622567576271265
48,"lag5",0.983601396101179,0.561159595099816
48,"lag6",4.20291137173513,0.536655609118811
48,"lag7",4.39650959450209,0.572726850329153
48,"lag8",1.65745220179505,0.679574515996975
48,"lag9",0.297175007239716,0.702323076929266
48,"lag10",-0.0492277837349401,0.62575770128494
48,"lag11",0.479277883121439,0.556948416693716
48,"lag12",1.60862024909825,0.535408464264363
49,"lag1",6.92337470001589,0.599890953841361
49,"lag2",4.19734527195945,0.731617936945045
49,"lag3",4.07217656143055,0.687500673120322
49,"lag4",1.49283307338881,0.610522484767429
49,"lag5",3.47890254519783,0.58011339937809
49,"lag6",4.37841515372457,0.582496833558647
49,"lag7",4.67518619415796,0.612962060441264
49,"lag8",1.20153080888292,0.753567256461205
49,"lag9",0.466780393840511,0.709854332569076
49,"lag10",1.20386212646884,0.619210644829826
49,"lag11",0.779028965760071,0.586223295639683
49,"lag12",1.16655516176544,0.588554795217484
50,"lag1",4.67874614871211,0.580825613267319
50,"lag2",1.26295387887081,0.714565102419481
50,"lag3",2.30881679410453,0.700696381597239
50,"lag4",-1.00062205892349,0.626722116653273
50,"lag5",0.190566700455239,0.589266271614729
50,"lag6",3.47810070367098,0.58532169992467
50,"lag7",2.77912159588994,0.589376294229045
50,"lag8",-0.705849294068971,0.721094096698259
50,"lag9",-0.774540998664086,0.716716101422914
50,"lag10",-0.443900309286801,0.632815009799595
50,"lag11",-0.521884507202109,0.588799429974603
50,"lag12",1.16176187298644,0.587246930298814
51,"lag1",6.9869499462376,0.569805934590513
51,"lag2",1.09680340152632,0.689271645960029
51,"lag3",3.20586946267164,0.671437843038267
51,"lag4",0.668598127301569,0.589943200490858
51,"lag5",1.08595436898763,0.56462764328846
51,"lag6",5.2769268718358,0.559507664758348
51,"lag7",5.21017066856412,0.581722724485781
51,"lag8",1.25797135517338,0.703580743184592
51,"lag9",0.62965062054931,0.68075286035522
51,"lag10",1.18095405548355,0.591336381218149
51,"lag11",1.1589894849609,0.562714383095017
51,"lag12",-0.0354535152433991,0.557961129517727
52,"lag1",6.9567771972271,0.499545905150276
52,"lag2",0.50133282321039,0.594732419583225
52,"lag3",2.59022884359202,0.6198761709777
52,"lag4",1.05427001276622,0.544942440111078
52,"lag5",0.902433817658967,0.484473810436417
52,"lag6",0.77447504274402,0.483241957186848
52,"lag7",0.33209112537187,0.514174216253786
52,"lag8",-0.398558432890553,0.612198531241361
52,"lag9",-0.601503222084236,0.642709903685171
52,"lag10",0.181583578291094,0.552943305990974
52,"lag11",-0.294689026221262,0.483567660661836
52,"lag12",0.0686071893255716,0.482636276392398
53,"lag1",6.00806790705525,0.497742019061186
53,"lag2",1.66351580897476,0.622140463483729
53,"lag3",1.36886967797501,0.615419655003452
53,"lag4",0.630367407382557,0.521289460983326
53,"lag5",0.776562004252514,0.508078670173277
53,"lag6",2.63478074973862,0.506370509104027
53,"lag7",2.61516576839833,0.510589062420593
53,"lag8",2.13810241221193,0.641304679751305
53,"lag9",-1.90524488221109,0.629479646399012
53,"lag10",-0.0568560497284056,0.529658368215604
53,"lag11",-0.736682082712859,0.506589169309713
53,"lag12",-0.194728715040664,0.505441043414327
54,"lag1",5.13205130778648,0.50539919673394
54,"lag2",1.96685360266101,0.629661327374254
54,"lag3",2.71167452093285,0.627776867665474
54,"lag4",1.58282182849316,0.559296311064027
54,"lag5",0.989678036758603,0.524874850501305
54,"lag6",0.828594367375649,0.503443677984196
54,"lag7",0.313042152920737,0.522794231898825
54,"lag8",0.559426281237199,0.651391039705957
54,"lag9",0.47345207606037,0.644930948119505
54,"lag10",-0.511693129635503,0.56551999799309
54,"lag11",-0.896855326254311,0.521886436152027
54,"lag12",-0.589199083793331,0.501210633123863
55,"lag1",6.11750983448049,0.508709420375511
55,"lag2",0.937788939311147,0.665321649342982
55,"lag3",2.52936933171963,0.707151252048825
55,"lag4",-0.133728346626457,0.570384102449267
55,"lag5",1.89072706917522,0.50614766735345
55,"lag6",5.85568878827438,0.499959950540976
55,"lag7",4.68472062637459,0.523775514514491
55,"lag8",1.50866936962522,0.672902818659926
55,"lag9",-0.68244616376674,0.716849043879009
55,"lag10",1.32590242163451,0.570004587838457
55,"lag11",1.4685554800342,0.506430063562325
55,"lag12",1.92805647420239,0.496091198524062
56,"lag1",7.92152063723186,0.50747293983381
56,"lag2",1.94751692887067,0.625530229258088
56,"lag3",6.74524277956269,0.610743923637462
56,"lag4",2.63190136372272,0.543738636844748
56,"lag5",2.23527578058608,0.50178871601245
56,"lag6",3.68448394442891,0.492389398853633
56,"lag7",3.4673828129869,0.519487610794425
56,"lag8",2.19367264521461,0.643129250082135
56,"lag9",3.45649528322243,0.634063428208916
56,"lag10",2.20769906705179,0.551976080400058
56,"lag11",0.302093418889789,0.50404979125633
56,"lag12",-0.484158705020391,0.494714806729335
57,"lag1",9.02760782531585,0.535373206002964
57,"lag2",5.00523491926691,0.646674233018933
57,"lag3",7.37832947228118,0.686177921268913
57,"lag4",1.20198487805043,0.583696820195711
57,"lag5",3.0072616101614,0.522407844480615
57,"lag6",5.02973149717761,0.520744580862753
57,"lag7",3.86698071285766,0.550774694147268
57,"lag8",4.05046396957625,0.661662751950281
57,"lag9",2.93073298188722,0.700699020978037
57,"lag10",1.20246422156675,0.591747394893322
57,"lag11",1.62962491466992,0.52460394996732
57,"lag12",3.54449383623221,0.523550304667988
58,"lag1",7.4832635766547,0.486705743056099
58,"lag2",1.34094127537311,0.593443789629975
58,"lag3",0.30283622199853,0.620022939157429
58,"lag4",-0.365632930680815,0.549586420805039
58,"lag5",0.425862983743889,0.47981420414549
58,"lag6",0.176718680155343,0.476503694362672
58,"lag7",-0.160071410181154,0.4929005620267
58,"lag8",0.659965792817581,0.605887365442527
58,"lag9",-1.71269799177586,0.630371241540964
58,"lag10",-0.207075421852516,0.555697649306923
58,"lag11",-0.322357522351778,0.478368084153609
58,"lag12",0.690938840847469,0.474604307052915
59,"lag1",7.48559701390532,0.544262750914506
59,"lag2",2.08049735069099,0.648881958550247
59,"lag3",4.06012379497995,0.633279822395265
59,"lag4",-0.544856631966758,0.584178844854039
59,"lag5",-0.765561298226667,0.545661438317639
59,"lag6",-0.156846481685798,0.523810283507229
59,"lag7",0.834732449630245,0.554954341770618
59,"lag8",-1.43569587010266,0.652278586393991
59,"lag9",1.47030488488441,0.641469705718219
59,"lag10",-0.848079610599823,0.588844001450019
59,"lag11",0.0180988547058575,0.547500708218415
59,"lag12",-0.532948559347253,0.52609881974431
60,"lag1",6.69793980984246,0.545647751600178
60,"lag2",3.31537023633496,0.636207476111313
60,"lag3",4.97679778848475,0.637419288693144
60,"lag4",0.038763413797793,0.587398298450909
60,"lag5",1.79280679950669,0.557232156825678
60,"lag6",4.63414456415562,0.548114635610735
60,"lag7",3.38386845638571,0.555092868602984
60,"lag8",1.43498197903683,0.653930536673766
60,"lag9",1.37176777419261,0.653456274715217
60,"lag10",0.441180295022501,0.601146962794508
60,"lag11",0.44669994461554,0.558846984429119
60,"lag12",0.791263569387235,0.551436697798825
61,"lag1",11.35021263691,0.61652198776339
61,"lag2",1.23713312733766,0.732376824050136
61,"lag3",1.93213178018987,0.695292195910982
61,"lag4",0.72696218890805,0.651289182564072
61,"lag5",1.25016098571449,0.588793469680281
61,"lag6",4.14219610801313,0.582638044647399
61,"lag7",4.75568868456678,0.628352347343374
61,"lag8",-0.805043909490196,0.741049404226971
61,"lag9",0.125452831944154,0.716804125104248
61,"lag10",-0.246097893132465,0.659197968668394
61,"lag11",0.154766890985988,0.592701765425978
61,"lag12",1.68678560558453,0.583146039900014
62,"lag1",6.23724638764503,0.498707674667091
62,"lag2",0.38833881152951,0.62765922599717
62,"lag3",3.68406311893827,0.638948502933588
62,"lag4",1.12485788391235,0.564799772891247
62,"lag5",2.06200734058643,0.513531815254549
62,"lag6",4.17280295570488,0.496163809882787
62,"lag7",3.07277029747557,0.512682513476394
62,"lag8",-0.815575554482008,0.640661723347355
62,"lag9",0.902731511533003,0.656900323376079
62,"lag10",0.687539543380357,0.567026224852031
62,"lag11",0.426646796214573,0.508401095950933
62,"lag12",1.23205766957858,0.493943967881646
63,"lag1",5.18062037938837,0.527896390346675
63,"lag2",0.140105021007985,0.603796010078097
63,"lag3",3.34963354578802,0.635872090569674
63,"lag4",1.02566372620985,0.594408862821287
63,"lag5",2.31130853870816,0.50430684209842
63,"lag6",3.81335284332127,0.494888368477651
63,"lag7",5.24057846195468,0.54266453829351
63,"lag8",0.613145875232219,0.619508958761289
63,"lag9",-0.484578444781747,0.659779344743804
63,"lag10",0.697940511428798,0.603355508461492
63,"lag11",1.07222231245229,0.505805394415944
63,"lag12",1.7600100200568,0.497636982723646
64,"lag1",7.28914003546054,0.58436016605338
64,"lag2",0.500238202592322,0.678639635901728
64,"lag3",3.13235685098726,0.694795439690987
64,"lag4",0.153933097380639,0.632577347948535
64,"lag5",0.81376078810477,0.566170273999346
64,"lag6",5.96190044372478,0.552735446589522
64,"lag7",6.18316321081098,0.592561611139915
64,"lag8",0.455398227189839,0.699650707542387
64,"lag9",1.38428971483423,0.715739718344546
64,"lag10",2.22747229654595,0.644057870610595
64,"lag11",0.845278503310281,0.572290550149724
64,"lag12",0.687355693607137,0.559173220362795
65,"lag1",6.25948933635579,0.562065627975769
65,"lag2",0.26194116183195,0.684517645622545
65,"lag3",0.976885182215422,0.664575562345018
65,"lag4",-0.0108162592859899,0.616551408111874
65,"lag5",1.162182034099,0.551683737400038
65,"lag6",5.14040873023086,0.540580869850145
65,"lag7",4.44745893404466,0.57745155280407
65,"lag8",4.18161356779339,0.699922384435648
65,"lag9",3.40288608902675,0.681053914323411
65,"lag10",2.1068586679945,0.626370704298186
65,"lag11",0.737869309540972,0.554247041554204
65,"lag12",1.56243284448494,0.544112515807321
66,"lag1",5.18018883844473,0.480021573556813
66,"lag2",0.765604131923241,0.591635075319165
66,"lag3",2.94106172547367,0.63456449834732
66,"lag4",-0.387376439288354,0.564222391926618
66,"lag5",2.7773537839829,0.509299988637152
66,"lag6",9.47276383987876,0.481383535428451
66,"lag7",8.08954656983666,0.492434881771593
66,"lag8",3.32102924702877,0.607107505269605
66,"lag9",1.84648122198062,0.649333405283137
66,"lag10",2.08069152202674,0.571518399647172
66,"lag11",2.03377440594001,0.511135633093083
66,"lag12",2.74416287636247,0.47914092253361
67,"lag1",4.94258983910078,0.452211169226808
67,"lag2",0.302427687752824,0.543935959338566
67,"lag3",2.42237140121891,0.589633889143336
67,"lag4",-0.0831728455298468,0.539544998383612
67,"lag5",0.441610702103225,0.459479294019965
67,"lag6",3.33072960641339,0.443752518897409
67,"lag7",3.42477612838454,0.46548549144204
67,"lag8",1.79340275761329,0.558615828322826
67,"lag9",0.534386413855938,0.603296374552201
67,"lag10",0.820553130914036,0.546976941812834
67,"lag11",0.25617666491866,0.459232336203727
67,"lag12",0.101856165782633,0.447748327491798
68,"lag1",7.40774366186418,0.542175348295481
68,"lag2",0.902505076917207,0.638534280013265
68,"lag3",3.8219363168308,0.647309201573555
68,"lag4",1.5373567316396,0.584869964532918
68,"lag5",0.573847230346144,0.5206971317044
68,"lag6",0.920712235394081,0.518601034560993
68,"lag7",1.79094076502239,0.553010654202016
68,"lag8",0.460232807057719,0.654532769591494
68,"lag9",0.506345307935774,0.65743549270209
68,"lag10",1.49306674385649,0.588053469173284
68,"lag11",0.742055314302497,0.522834624808863
68,"lag12",1.04585863080716,0.519318162608348
69,"lag1",7.55695823114468,0.52411887763062
69,"lag2",4.01083212608967,0.623729633051604
69,"lag3",5.99371226186544,0.627102537973772
69,"lag4",0.123545718299836,0.58243356599436
69,"lag5",2.37823335712509,0.539930017448973
69,"lag6",1.57988081114453,0.513465572204404
69,"lag7",1.45370532327194,0.537323464737975
69,"lag8",3.67473528579409,0.634199567435294
69,"lag9",1.92552090335988,0.63922179168987
69,"lag10",0.17319723332603,0.590478164400851
69,"lag11",0.425782023899845,0.539970140880434
69,"lag12",0.645984259049065,0.515550485035535
70,"lag1",8.14543716017594,0.510201703477557
70,"lag2",2.13811441019216,0.620901886295304
70,"lag3",1.47700995760963,0.600097858186693
70,"lag4",0.808938481272608,0.526144598827949
70,"lag5",1.18305079973836,0.487160853813317
70,"lag6",1.3766216845094,0.490745229079848
70,"lag7",0.673012425642761,0.521311977783362
70,"lag8",0.719820462192173,0.63664501399699
70,"lag9",0.121824612132341,0.613264041867201
70,"lag10",0.267844657166515,0.531574932613983
70,"lag11",-0.762020099651469,0.492045018125814
70,"lag12",0.0754445439322609,0.490815924572014
71,"lag1",7.78727025516291,0.566353556719961
71,"lag2",-0.173346356235509,0.699043713215276
71,"lag3",3.02484019072381,0.69553863222204
71,"lag4",-1.33420262681363,0.610643970902109
71,"lag5",3.26240616514268,0.558230191373133
71,"lag6",11.1791538541274,0.549325399069922
71,"lag7",11.8557029743562,0.581021567480771
71,"lag8",-0.480964826998525,0.726765774175757
71,"lag9",1.70819647982651,0.714894691956485
71,"lag10",2.75773225124001,0.616187828866098
71,"lag11",2.59356789940742,0.557888377323425
71,"lag12",2.60089095528543,0.55131393593352
72,"lag1",8.2002170715312,0.501610539294834
72,"lag2",1.57730139370375,0.635966101977764
72,"lag3",4.31542900448233,0.649018616885598
72,"lag4",0.593813100073229,0.54499360376244
72,"lag5",1.9464164068813,0.509374161902518
72,"lag6",6.10489908342405,0.499716256811178
72,"lag7",6.16598277664793,0.51101563844029
72,"lag8",3.08711953226753,0.655225528069713
72,"lag9",1.23476913339083,0.666777350022895
72,"lag10",2.27038535276972,0.55502705464795
72,"lag11",1.41088007480088,0.514797857621459
72,"lag12",1.22387017430405,0.504191718922299
73,"lag1",6.43242604105713,0.587479378234822
73,"lag2",1.7534974248428,0.702422490726648
73,"lag3",4.68439632681211,0.707790460852276
73,"lag4",-0.234112977331028,0.640448296556326
73,"lag5",0.188510723058681,0.598158587312431
73,"lag6",4.14717839081297,0.573164584518122
73,"lag7",3.64582157205761,0.599511531509924
73,"lag8",2.41988180359916,0.719499243390632
73,"lag9",2.01246389462226,0.717176103319181
73,"lag10",-0.282067092338273,0.645165994814717
73,"lag11",-0.801452302793719,0.5967807463338
73,"lag12",-0.432904911388641,0.57653778184724
74,"lag1",6.21660758659067,0.558486444393848
74,"lag2",-0.370621499465609,0.686832851857221
74,"lag3",3.516183358609,0.62915199532697
74,"lag4",1.34607270849161,0.570287628864798
74,"lag5",1.25205451129344,0.535258536548496
74,"lag6",5.08563280987856,0.520031811476199
74,"lag7",4.54718976313292,0.563707947584726
74,"lag8",1.31999331537142,0.702097314634004
74,"lag9",0.292828819995692,0.636634945581693
74,"lag10",0.359685463758303,0.574330761976394
74,"lag11",0.688720074488482,0.536184514948065
74,"lag12",0.880848169220261,0.521717832189396
75,"lag1",9.42504301453737,0.576076100142177
75,"lag2",3.47570935039756,0.729262978646094
75,"lag3",6.65991096957162,0.726252454491739
75,"lag4",0.448410509893937,0.630599656112396
75,"lag5",2.65077095724291,0.547072722078089
75,"lag6",4.17742947899709,0.54719744079364
75,"lag7",3.6440172887558,0.587336496435869
75,"lag8",1.72440728862386,0.733180291159405
75,"lag9",2.47813353207362,0.742335890427921
75,"lag10",0.885578963363544,0.64010196179069
75,"lag11",-0.215382164116576,0.549811863779054
75,"lag12",1.48190962702775,0.549044360197523
76,"lag1",6.42460425460445,0.526041851027395
76,"lag2",-0.489137858640971,0.662690467807259
76,"lag3",0.412572905022265,0.697097309921824
76,"lag4",0.00705315980553839,0.589768114420246
76,"lag5",2.38694963832891,0.514256321960108
76,"lag6",2.24246582134241,0.510289961343129
76,"lag7",1.43840644270825,0.535450328285591
76,"lag8",-0.446425746410423,0.668926917667514
76,"lag9",-0.977147744476509,0.711050453621888
76,"lag10",-1.06639996971462,0.589920722711545
76,"lag11",-0.367901256629522,0.512028862962095
76,"lag12",1.43315693626221,0.508470035804897
77,"lag1",6.13371556096267,0.620369132242084
77,"lag2",3.54684854586873,0.722833981585269
77,"lag3",5.34238495389645,0.710399999583482
77,"lag4",2.58096670702215,0.676296476764054
77,"lag5",1.5718324254868,0.595097927452184
77,"lag6",1.16381212827799,0.579222068299105
77,"lag7",0.163389796301129,0.638665483498235
77,"lag8",2.82027356075266,0.72818875148368
77,"lag9",3.07137811338302,0.718192031936575
77,"lag10",1.60327088209584,0.676998762365122
77,"lag11",1.3476082475586,0.590233609274166
77,"lag12",1.27736572317596,0.57805048972465
78,"lag1",6.52926687678744,0.551933409310083
78,"lag2",0.850560016131921,0.673479521791755
78,"lag3",2.6059620638602,0.672442383438042
78,"lag4",-1.79723236611478,0.593403818333249
78,"lag5",2.07696721863816,0.55543670181599
78,"lag6",11.0935993686718,0.537266177699849
78,"lag7",11.2475910335671,0.558210342876517
78,"lag8",0.0272210233587815,0.686784309485115
78,"lag9",0.652665213343042,0.686931148007162
78,"lag10",0.855316056628652,0.604508994650542
78,"lag11",1.49122310445276,0.556132465256315
78,"lag12",2.62006766446037,0.543085289166757
79,"lag1",8.49517044003256,0.554498564641746
79,"lag2",0.404057038818741,0.681013027940898
79,"lag3",5.83775187896927,0.748580537801213
79,"lag4",2.45539621016202,0.601505630494307
79,"lag5",2.87054591586179,0.527993684796494
79,"lag6",4.55842243648894,0.512264804953797
79,"lag7",3.87939416599003,0.56301541749272
79,"lag8",0.440955338040455,0.682936184001817
79,"lag9",1.09408733495154,0.752907843664667
79,"lag10",2.34449612395712,0.610027868452887
79,"lag11",1.53083503267325,0.525045805023838
79,"lag12",2.44046151657329,0.51661412308326
80,"lag1",5.18987062015318,0.476573934049682
80,"lag2",1.9859439935987,0.555827884652848
80,"lag3",6.27479349086686,0.569692369098029
80,"lag4",1.07144827162578,0.530693724771121
80,"lag5",0.589844805555212,0.470935363312801
80,"lag6",0.641891496324281,0.455843411198257
80,"lag7",2.26322854274085,0.484047380518835
80,"lag8",1.62978811325434,0.569438489542743
80,"lag9",0.564071828941032,0.577901153251548
80,"lag10",1.56466758674018,0.535626044544424
80,"lag11",0.977531739551413,0.467813302644013
80,"lag12",1.27454681173018,0.457598230100057
81,"lag1",6.71256403581375,0.513149475152954
81,"lag2",1.27275233119189,0.621002249428812
81,"lag3",3.91394838010183,0.654653076513408
81,"lag4",1.15253619922421,0.581086610339545
81,"lag5",0.818386737293709,0.496029614715797
81,"lag6",0.83738762600497,0.486937591597805
81,"lag7",1.35195344782915,0.520922480024733
81,"lag8",1.48128522744425,0.634609071282254
81,"lag9",0.342736650241307,0.664032061726483
81,"lag10",0.766347591988176,0.584192671719714
81,"lag11",0.196336993111461,0.496650508565781
81,"lag12",1.35205846666255,0.49241399199965
82,"lag1",5.38094078749699,0.535511535941384
82,"lag2",0.641424498481423,0.620798325471625
82,"lag3",1.91221140233148,0.624987745801114
82,"lag4",1.05152079175766,0.597209497845388
82,"lag5",1.06345063791634,0.531132694099218
82,"lag6",2.37367480174082,0.514093301667185
82,"lag7",1.58080520954255,0.545514713408269
82,"lag8",-0.503290542104778,0.631129273486766
82,"lag9",0.11862997724668,0.647795858378237
82,"lag10",0.217569400484825,0.602715888859372
82,"lag11",-0.551639656122624,0.53618635282731
82,"lag12",0.948416095633642,0.51784381494319
83,"lag1",8.32663770820837,0.529594082623034
83,"lag2",1.99362291203424,0.624919730928474
83,"lag3",5.01132122330393,0.645794323431
83,"lag4",0.748674512591874,0.605463368037841
83,"lag5",0.400358564220043,0.545808706011577
83,"lag6",0.121456492045047,0.534193302703997
83,"lag7",0.640859948898039,0.543061522864318
83,"lag8",1.42839467935698,0.640644881582034
83,"lag9",0.655178170405859,0.674988543566825
83,"lag10",-1.16102521021877,0.617378677715621
83,"lag11",-0.759764783712729,0.543252867424567
83,"lag12",-0.566949736064519,0.538588539790654
84,"lag1",7.15934696197271,0.549694308627398
84,"lag2",3.96212317028628,0.687705533399433
84,"lag3",4.12658315635036,0.694264856683994
84,"lag4",0.317380214426315,0.60150892346448
84,"lag5",0.911790052108985,0.544561538828178
84,"lag6",3.54201083304592,0.526130517575819
84,"lag7",4.55071092433574,0.556300714686068
84,"lag8",4.46718764670596,0.69298229712696
84,"lag9",3.08763292628458,0.707795262095607
84,"lag10",0.369503110072773,0.609605087601093
84,"lag11",0.749874946943868,0.545045049967849
84,"lag12",1.42933269470264,0.528117874383172
85,"lag1",4.56054577645254,0.473926213732402
85,"lag2",2.68043776096913,0.543922584670426
85,"lag3",5.46793109802427,0.61166153177399
85,"lag4",2.09699397575546,0.562400570677392
85,"lag5",1.97936436346272,0.459950812714931
85,"lag6",1.37621200819984,0.44645325344076
85,"lag7",0.167389936226429,0.484437232693776
85,"lag8",3.58184615552123,0.556794072503776
85,"lag9",3.28113082785758,0.627802011395602
85,"lag10",1.29327765318393,0.571379474583709
85,"lag11",1.23060717614779,0.456859406164052
85,"lag12",0.574468951575961,0.451361306504691
86,"lag1",4.86165972122038,0.498612592021202
86,"lag2",-0.453179016857359,0.578619494051841
86,"lag3",1.86048557227703,0.621438341150963
86,"lag4",-1.3303728121677,0.568639409498268
86,"lag5",1.17344180887948,0.496738529023795
86,"lag6",3.48071420076722,0.486495101051752
86,"lag7",3.66630933730255,0.510964700014
86,"lag8",-0.138537423022744,0.594509014777319
86,"lag9",-0.924224989900391,0.637425647767722
86,"lag10",-0.00702011018083865,0.575449012939344
86,"lag11",1.50649262132612,0.494902074533174
86,"lag12",0.872105922015482,0.488410448438492
87,"lag1",5.3253230463236,0.506389017075579
87,"lag2",2.45751050687032,0.608917809765493
87,"lag3",7.95743337671294,0.641901312469459
87,"lag4",0.0834365145337455,0.592033079832721
87,"lag5",2.44856248058129,0.505148597765009
87,"lag6",5.95132476575765,0.491968145884441
87,"lag7",6.95569218009222,0.516955638484756
87,"lag8",1.25677519962343,0.626271906271833
87,"lag9",1.47186051278576,0.662009458112236
87,"lag10",0.361024902748728,0.591812891609495
87,"lag11",1.3173551498261,0.504027516348047
87,"lag12",1.17170474949652,0.496521470708775
88,"lag1",6.64896858441302,0.57202353752677
88,"lag2",0.666061584765043,0.69655618861797
88,"lag3",2.66230617364837,0.679361154220164
88,"lag4",0.0934403469949919,0.600097566087749
88,"lag5",1.91031881415936,0.577832869632857
88,"lag6",6.16950510435638,0.563582143446938
88,"lag7",7.06918054033436,0.582425126659185
88,"lag8",-0.63556552527707,0.711703920671822
88,"lag9",0.113928551421774,0.696741172335779
88,"lag10",1.66051671071552,0.612345935909168
88,"lag11",1.2755514670424,0.577705267215024
88,"lag12",0.250385961940283,0.571687387344415
89,"lag1",7.53537708100157,0.560650198080296
89,"lag2",0.896627700654067,0.708883814859033
89,"lag3",1.57435989272481,0.685199986835072
89,"lag4",1.32211992620188,0.596069053677919
89,"lag5",0.800931054468562,0.552188493687821
89,"lag6",0.223009602948162,0.545059786465291
89,"lag7",-0.819525990137852,0.573896551181973
89,"lag8",1.02376994339278,0.717711254268929
89,"lag9",2.47612598306653,0.705960126677994
89,"lag10",1.27409235631744,0.604863742652828
89,"lag11",-1.35785701085718,0.557736579295275
89,"lag12",-0.388661525528302,0.551660938277693
90,"lag1",8.50390036002503,0.568584890807258
90,"lag2",-0.235313082513331,0.684417259545498
90,"lag3",2.66495534148772,0.684767151173309
90,"lag4",-0.665874376505771,0.592132139336444
90,"lag5",3.141127047571,0.540282984956658
90,"lag6",9.75763035837177,0.528249696961285
90,"lag7",9.98999777530191,0.575644829413902
90,"lag8",0.664973429340395,0.698874984855738
90,"lag9",2.02787428134996,0.696704146363585
90,"lag10",2.63636493167883,0.597621231647306
90,"lag11",2.12455407863448,0.542578331136028
90,"lag12",0.558704557447969,0.53554425891431
91,"lag1",5.50713354558088,0.460284530257918
91,"lag2",0.0617078697734736,0.565790385363592
91,"lag3",4.2732951463301,0.616257973202252
91,"lag4",1.56958717542801,0.513701462015725
91,"lag5",1.38415843514512,0.445687142630327
91,"lag6",2.46728651373137,0.44391409445392
91,"lag7",2.2914672332529,0.473903816532583
91,"lag8",-0.0539016101295492,0.57936077188537
91,"lag9",0.66002883128725,0.62768701109127
91,"lag10",1.66982789084364,0.517884709968184
91,"lag11",1.09781216213686,0.445246507210463
91,"lag12",2.0515365487385,0.445092672046779
92,"lag1",6.22695223170276,0.511860225157646
92,"lag2",1.64275927256102,0.607938677050902
92,"lag3",4.16489761063776,0.616421184910386
92,"lag4",1.72328254520376,0.550148011999271
92,"lag5",1.48601389393463,0.530080476711263
92,"lag6",1.59440788282983,0.495616384552441
92,"lag7",0.794845547726312,0.520751529276762
92,"lag8",1.24360463553646,0.617675915578611
92,"lag9",0.200030385083727,0.62306362636928
92,"lag10",0.750334770291937,0.557566857799894
92,"lag11",0.615517983390641,0.532406262190803
92,"lag12",0.0876828318727292,0.500120654262927
93,"lag1",6.01626214560942,0.509124083524858
93,"lag2",3.41949582423605,0.63021929811314
93,"lag3",3.76170086900164,0.627276666024969
93,"lag4",-0.793308444683667,0.553247482234381
93,"lag5",0.124526271493527,0.496995213098167
93,"lag6",2.97297616898654,0.482948719603633
93,"lag7",4.89114087174629,0.520232512739175
93,"lag8",2.27270523926567,0.645906539919629
93,"lag9",-0.416962426999712,0.639200731461768
93,"lag10",-0.0501822386885664,0.55341470458239
93,"lag11",0.881292074581867,0.497406518361931
93,"lag12",2.22142927754768,0.486309392085196
94,"lag1",6.07527575859933,0.552591192237841
94,"lag2",1.32613387670141,0.663083173643188
94,"lag3",3.79492234359027,0.668848159716093
94,"lag4",2.1874275257642,0.617966145633877
94,"lag5",0.896155504358198,0.553605342860882
94,"lag6",3.84321359615523,0.525498049645351
94,"lag7",4.47424580258676,0.566572406633789
94,"lag8",1.78326799752648,0.693124642718768
94,"lag9",1.69234674031957,0.69423058324749
94,"lag10",2.25149345435615,0.634087683339956
94,"lag11",2.68332731944459,0.557544793373021
94,"lag12",1.86131687809512,0.53211784829828
95,"lag1",7.63224545399778,0.505927125055563
95,"lag2",2.37448554788721,0.620602538747986
95,"lag3",3.04871709016328,0.6257478170853
95,"lag4",0.973427959236081,0.537554260753034
95,"lag5",0.837428020666307,0.479148265095031
95,"lag6",0.528585294551244,0.469743761666825
95,"lag7",-0.338925241223866,0.521536016679049
95,"lag8",0.510907000385392,0.643246369078033
95,"lag9",-0.677693901236316,0.641847448685534
95,"lag10",-0.317766241665079,0.548921808453378
95,"lag11",-0.507739568494377,0.481723704145238
95,"lag12",-0.990083459762914,0.471368752674101
96,"lag1",7.77817744664112,0.541870620384352
96,"lag2",2.43221752662539,0.652371772014647
96,"lag3",2.34736945779324,0.667471996719693
96,"lag4",0.107990875329296,0.626457698811843
96,"lag5",1.90329265673498,0.551912215959385
96,"lag6",4.33208783225598,0.532559402393208
96,"lag7",2.1949263034457,0.556353994328255
96,"lag8",1.0584793549374,0.66851126242987
96,"lag9",0.0801786120050612,0.683651445269639
96,"lag10",0.165596598150393,0.628965612657494
96,"lag11",0.790027777915282,0.550344483121492
96,"lag12",0.730349297693407,0.532206853785734
97,"lag1",4.85677299679708,0.537914679613761
97,"lag2",0.373889003100168,0.683071032836437
97,"lag3",3.31743534037337,0.702136783424596
97,"lag4",1.38137437452428,0.592552780398844
97,"lag5",1.82656218999726,0.546232689617008
97,"lag6",4.05519918330716,0.530786790240695
97,"lag7",4.16295029934893,0.551663057174248
97,"lag8",0.856387814420366,0.699823816181367
97,"lag9",-0.42523762659712,0.71893517199501
97,"lag10",1.02895386288168,0.596122786446412
97,"lag11",1.13150335260048,0.54262995967381
97,"lag12",3.37285638025412,0.529766300987668
98,"lag1",7.00094647953028,0.54824471562669
98,"lag2",2.65619440521205,0.636550893693008
98,"lag3",5.4453049062667,0.674613677604597
98,"lag4",0.792846307261294,0.605936421804504
98,"lag5",2.86697808502587,0.536812034028977
98,"lag6",3.80837040362162,0.527067520605708
98,"lag7",3.90231926027441,0.56085746294691
98,"lag8",0.262684121343449,0.65066163116306
98,"lag9",1.95705599479541,0.68661531542973
98,"lag10",1.70801280778331,0.616838682077165
98,"lag11",1.26403214356309,0.536779318700674
98,"lag12",0.90817083059475,0.532072854528712
99,"lag1",7.83474276783195,0.54014394776294
99,"lag2",1.74501463676848,0.685669484833213
99,"lag3",3.72174689538105,0.681951825303745
99,"lag4",1.35929646690942,0.57914192556323
99,"lag5",3.27667850539589,0.536483817922103
99,"lag6",6.99277279793111,0.522463045762883
99,"lag7",6.28835288743376,0.55240591216289
99,"lag8",1.312109109385,0.695498425675125
99,"lag9",0.670121176549278,0.695733057772762
99,"lag10",2.96180582893213,0.587421293189402
99,"lag11",0.999246700234156,0.535321102621679
99,"lag12",2.08312773379986,0.528639368016068
100,"lag1",6.50857300477702,0.536642788978789
100,"lag2",2.43186370566711,0.639749210415565
100,"lag3",4.61404443497128,0.659830694758076
100,"lag4",0.518884672421086,0.579335365400267
100,"lag5",3.16266987578231,0.519881013127482
100,"lag6",7.56915607113969,0.509701086231585
100,"lag7",7.29117226630533,0.549684923595287
100,"lag8",1.96258086003326,0.658565614224682
100,"lag9",0.779079971214732,0.684950469632906
100,"lag10",1.29148362782025,0.599272606579307
100,"lag11",1.14530997107516,0.524517273499115
100,"lag12",1.82982818697876,0.517417388950986
101,"lag1",7.61856591605321,0.515693941280644
101,"lag2",1.40055724456469,0.621496642570795
101,"lag3",3.68621494651218,0.646733241602663
101,"lag4",1.11124699693153,0.57639168897383
101,"lag5",2.80835436950367,0.52295525706774
101,"lag6",4.85900187207228,0.509402018957924
101,"lag7",5.16605342779155,0.523915939654176
101,"lag8",1.94954291804832,0.628091026722888
101,"lag9",1.4312398369288,0.649404534224634
101,"lag10",-0.278068471936554,0.579352543115733
101,"lag11",1.68149357767427,0.522818342716267
101,"lag12",0.137441180677592,0.507282442034388
102,"lag1",7.06886152634476,0.515306911107225
102,"lag2",3.43999775725181,0.638285315906246
102,"lag3",3.90652121946156,0.665981960786142
102,"lag4",-2.58846741148617,0.598514385161964
102,"lag5",1.29205190792006,0.519272316080868
102,"lag6",7.46386417584026,0.507845900654947
102,"lag7",7.7684645032884,0.528493649823305
102,"lag8",1.82218482963744,0.643060028876654
102,"lag9",-1.0880112945455,0.682417239982205
102,"lag10",-0.448069644472634,0.600406572503548
102,"lag11",0.821580332414676,0.518367908626452
102,"lag12",0.998559500111814,0.508607966117807
103,"lag1",7.46415517984269,0.517329804441539
103,"lag2",2.06651075460269,0.607358957486391
103,"lag3",3.36743756116574,0.628550354020505
103,"lag4",-0.962766511913414,0.559687675295855
103,"lag5",-0.622665727378125,0.514652575777793
103,"lag6",-0.452597879528221,0.505503792086863
103,"lag7",0.0683239008033096,0.533538219847563
103,"lag8",-0.446190865661457,0.624417732902498
103,"lag9",0.174884765900137,0.643958133960687
103,"lag10",0.563611712537047,0.563990478563001
103,"lag11",0.331345343743721,0.512493346233432
103,"lag12",0.250849019635484,0.508312698581369
104,"lag1",7.28359991146676,0.529766687417118
104,"lag2",3.3868585694972,0.645018219657143
104,"lag3",4.21150166679304,0.674608061139353
104,"lag4",0.820905502360675,0.608520463267577
104,"lag5",1.11495758848763,0.546513108671954
104,"lag6",-0.161327602361642,0.530069868025231
104,"lag7",-1.68067619487379,0.545264172668348
104,"lag8",-1.0919292835655,0.653558965765346
104,"lag9",0.528154180992495,0.695336425633154
104,"lag10",0.164465109388032,0.61400016352255
104,"lag11",-0.734697918248911,0.54631832718096
104,"lag12",-0.11658387473876,0.528611588034249
105,"lag1",7.43886152950068,0.568952517090785
105,"lag2",0.76079732601688,0.660759859723837
105,"lag3",2.31222558458541,0.700763966066649
105,"lag4",0.229510905366307,0.624513741021048
105,"lag5",1.35936186404401,0.538731956928795
105,"lag6",3.96133264524263,0.521069930420183
105,"lag7",2.5152743042672,0.581826887356291
105,"lag8",0.618307005391002,0.6819953235622
105,"lag9",-1.44334645681441,0.721369559435085
105,"lag10",0.556147338701344,0.633467941465908
105,"lag11",1.10759487940923,0.53629921815382
105,"lag12",0.402456015159717,0.521738762825781
106,"lag1",4.69448776392043,0.489168077122115
106,"lag2",-1.13673752336798,0.583761833023261
106,"lag3",5.21737546602444,0.638432988424628
106,"lag4",2.63887217024769,0.562716470704915
106,"lag5",2.80421678092124,0.481806648996372
106,"lag6",6.40490601966018,0.464775092704542
106,"lag7",5.36979681615063,0.497143864988862
106,"lag8",-0.281371294650818,0.599580333055793
106,"lag9",2.52550127287323,0.659053192884825
106,"lag10",3.07032718024939,0.567664508059542
106,"lag11",1.42020597376877,0.477046872868103
106,"lag12",0.537808412105537,0.463987069222187
107,"lag1",6.53042641287711,0.522197017556295
107,"lag2",0.532979003547579,0.63329456621678
107,"lag3",3.68864741322906,0.654234856024076
107,"lag4",1.88165024271442,0.570801680354519
107,"lag5",3.11437873570858,0.516165809506337
107,"lag6",4.87485201395763,0.498725467577182
107,"lag7",5.00909925883741,0.531710577881619
107,"lag8",0.392149512947747,0.651382887870208
107,"lag9",1.63028602215491,0.671960533434608
107,"lag10",2.77125749486698,0.581083443044541
107,"lag11",2.28690011816948,0.515691360261685
107,"lag12",2.50914288485684,0.504811953624747
108,"lag1",7.51664171114652,0.528128073835951
108,"lag2",3.4698281821166,0.640901478153125
108,"lag3",2.90662835240129,0.632026848603844
108,"lag4",0.0922130039352105,0.58200429239211
108,"lag5",1.68487059044458,0.534594999186502
108,"lag6",4.12166404900111,0.519111612672627
108,"lag7",4.51001878289772,0.545405315221189
108,"lag8",2.88400635320781,0.662036989855152
108,"lag9",0.415170754559769,0.653483494670317
108,"lag10",-0.291906868244653,0.591793088453088
108,"lag11",0.458612860034517,0.534908456776609
108,"lag12",0.142247255963198,0.519115653294711
109,"lag1",6.6748712904731,0.556366066317216
109,"lag2",1.12161725285127,0.672407954751234
109,"lag3",4.06154476161601,0.723011865272985
109,"lag4",-0.987898875822536,0.61630793427101
109,"lag5",2.22668833523443,0.555103620430384
109,"lag6",9.43946384149385,0.535539717438948
109,"lag7",9.53403051775767,0.565578567319873
109,"lag8",0.230147255699638,0.686297657202892
109,"lag9",-0.234360310432055,0.7377124224469
109,"lag10",0.845998409667585,0.626100181883533
109,"lag11",1.98630376247142,0.552288042181549
109,"lag12",1.55954244136315,0.538092445209464
110,"lag1",8.0055657711649,0.51882800726676
110,"lag2",1.07062792533297,0.622388905684515
110,"lag3",2.9054228307187,0.625743600054838
110,"lag4",1.42032489652944,0.56862402807008
110,"lag5",1.35423203878086,0.513658611830813
110,"lag6",2.37519685778339,0.490026679762229
110,"lag7",2.38622301949817,0.534574038413374
110,"lag8",-1.7915708626873,0.63610330674773
110,"lag9",0.559995252185931,0.642367465264486
110,"lag10",0.889211857966244,0.573378801549162
110,"lag11",-0.489639235435615,0.513121126630605
110,"lag12",-1.0589530507291,0.492924623151804
111,"lag1",4.84050747957796,0.515135013910457
111,"lag2",-0.783497250309113,0.633801643036254
111,"lag3",1.93592702291014,0.657811268936867
111,"lag4",0.391639613329283,0.572110608327787
111,"lag5",1.72364975831285,0.51539030714524
111,"lag6",4.51880453635217,0.503877690162918
111,"lag7",3.27583002625661,0.524008285371023
111,"lag8",0.117675540566404,0.648919784800657
111,"lag9",0.791728585865882,0.668683409328329
111,"lag10",1.81635723425267,0.578145110610102
111,"lag11",1.38891718128311,0.512555874509944
111,"lag12",1.12715513020035,0.500858185501998
112,"lag1",4.62005467374511,0.479542455843627
112,"lag2",1.57868849377965,0.615001375092372
112,"lag3",2.55342561717052,0.589110813465311
112,"lag4",0.570627127912777,0.493495816842589
112,"lag5",2.91661497902795,0.465478459208915
112,"lag6",6.05997483474226,0.465768142073296
112,"lag7",5.7918181338945,0.49446536825185
112,"lag8",0.401799086392958,0.627029456780169
112,"lag9",1.78868377503381,0.596949158233756
112,"lag10",1.95639688833619,0.497518086596946
112,"lag11",1.76950275216645,0.46271305457201
112,"lag12",1.09561917468909,0.462247957847125
113,"lag1",6.91536596979539,0.541568695951364
113,"lag2",1.99922725169049,0.651534881436573
113,"lag3",2.418934106596,0.64642591482212
113,"lag4",-1.53675276592282,0.585317510751935
113,"lag5",1.31156155169853,0.56540068910767
113,"lag6",8.87875511196559,0.552010939450234
113,"lag7",10.2156979195002,0.55987713184292
113,"lag8",0.844416284062694,0.676748922199305
113,"lag9",0.599086171840758,0.671315481689734
113,"lag10",0.831146215219346,0.59345689713255
113,"lag11",1.32527998244009,0.566200209890174
113,"lag12",2.13111063230841,0.55157364603892
114,"lag1",7.43755359184252,0.545467345806767
114,"lag2",1.5285307199262,0.655613068219476
114,"lag3",3.84293879486855,0.694782160618467
114,"lag4",1.65776537191567,0.601963960728231
114,"lag5",1.46555154122069,0.540537709558201
114,"lag6",4.38343062192622,0.524004518011707
114,"lag7",4.31504563603654,0.556085498263015
114,"lag8",1.5009354707005,0.673634666700716
114,"lag9",0.341860175170172,0.707661327930518
114,"lag10",1.03972264753522,0.615184954241994
114,"lag11",1.01926604032207,0.540127336141395
114,"lag12",0.0861952694753963,0.527845172684448
115,"lag1",7.85293840813386,0.523848943394463
115,"lag2",1.04123564170584,0.621490809268173
115,"lag3",3.52237287293469,0.609910490846416
115,"lag4",0.734665729974453,0.567661180362449
115,"lag5",-0.131586547397982,0.521183151977703
115,"lag6",0.50289421878399,0.503858354709733
115,"lag7",-0.834632315538879,0.535201272869222
115,"lag8",-0.134056788832086,0.634839644232935
115,"lag9",-0.287268701163342,0.630878656514027
115,"lag10",-0.874708557570357,0.576071009267278
115,"lag11",-0.983318364882288,0.52112964921498
115,"lag12",0.487997963729234,0.506344364375674
116,"lag1",7.62629052933556,0.549802286276488
116,"lag2",-0.256255563624473,0.653889520849298
116,"lag3",4.44008796037224,0.66828691475054
116,"lag4",1.87185197421038,0.605057753335319
116,"lag5",1.88946320107527,0.530975299103889
116,"lag6",2.37226924697719,0.52543275661441
116,"lag7",1.52954139505633,0.56291924352548
116,"lag8",1.91567494226378,0.672001113871314
116,"lag9",0.935547575728772,0.68561121575555
116,"lag10",-0.309295063363311,0.609428496321182
116,"lag11",0.596282538942724,0.529233106652454
116,"lag12",1.70127759613804,0.528485717437956
117,"lag1",6.69028081525563,0.566572393872266
117,"lag2",-0.359045530186722,0.703477299097299
117,"lag3",2.28510241750139,0.688851254110493
117,"lag4",-0.130004293913695,0.590820102849458
117,"lag5",1.9475970633473,0.564113152778531
117,"lag6",7.3562240195962,0.551660233748437
117,"lag7",6.0752138078861,0.581651397507907
117,"lag8",-1.53138542347022,0.718428936401824
117,"lag9",-1.23595792596534,0.708649999690437
117,"lag10",1.1273849789655,0.598009572754541
117,"lag11",0.562421042409199,0.56664807513427
117,"lag12",-0.321586983316054,0.55174652470891
118,"lag1",6.79609126105509,0.561285478240164
118,"lag2",3.5968762932687,0.698021271515427
118,"lag3",4.38322890670936,0.697022312504663
118,"lag4",0.601359985457724,0.596175068955356
118,"lag5",0.967671568498946,0.542084388773263
118,"lag6",1.29685417403009,0.533084764021974
118,"lag7",1.07604308980189,0.580240464489216
118,"lag8",1.44436757234419,0.716850545610517
118,"lag9",1.00514180608172,0.715564464315506
118,"lag10",-0.363429498025996,0.596250733610782
118,"lag11",0.791474294615682,0.53677130109268
118,"lag12",1.70250517966923,0.530596287480625
119,"lag1",6.5852472388743,0.522502332440826
119,"lag2",1.17703650558577,0.635967714721906
119,"lag3",6.11594959129108,0.656323070213484
119,"lag4",0.645017100870087,0.571260333060103
119,"lag5",3.50471806922849,0.514556346728969
119,"lag6",7.39697551819747,0.500514110102535
119,"lag7",6.91650865289554,0.532633023610928
119,"lag8",1.19360503455165,0.646902426046446
119,"lag9",2.32553358970805,0.671895891945405
119,"lag10",1.6298454988738,0.578823892008393
119,"lag11",2.17387430362107,0.510481587096518
119,"lag12",4.25463378546315,0.501543584206904
120,"lag1",6.74898193159167,0.570000602755966
120,"lag2",1.85392187843313,0.711117354474724
120,"lag3",4.85417647941463,0.673068022257305
120,"lag4",1.5108514792663,0.600732984637318
120,"lag5",0.615939409078487,0.580124132043799
120,"lag6",0.590642298109857,0.555225487125077
120,"lag7",-1.15943665609125,0.58196814992616
120,"lag8",0.925516563592412,0.727879336900658
120,"lag9",1.94189759710502,0.685929856387417
120,"lag10",0.732516138357448,0.604799896077562
120,"lag11",-0.258724555616899,0.576219086182173
120,"lag12",-0.576136254604285,0.556422597351762
121,"lag1",4.95191982351014,0.526269778699693
121,"lag2",1.20601314855597,0.600182814657073
121,"lag3",3.20787196273712,0.640872291070363
121,"lag4",0.990204306398981,0.602212605623034
121,"lag5",1.04567585677911,0.537534376517062
121,"lag6",1.7226413869633,0.507143394816244
121,"lag7",0.278332393024742,0.539568821844768
121,"lag8",2.71935160459382,0.616130535372945
121,"lag9",-1.20934810938234,0.651139494050647
121,"lag10",0.782865540233894,0.608535977660567
121,"lag11",0.718068950230141,0.533819442655666
121,"lag12",1.67342882365159,0.509548443055918
122,"lag1",7.51526177042641,0.487192551071766
122,"lag2",1.55063276992562,0.571958384999613
122,"lag3",4.02415139729818,0.620469352612403
122,"lag4",-0.6258211195637,0.591151549385773
122,"lag5",0.165957555448585,0.50155423206586
122,"lag6",2.57238596780751,0.482473311566259
122,"lag7",1.91795185060811,0.499866703987489
122,"lag8",2.21755751869203,0.585156608528776
122,"lag9",-0.180469734560261,0.637281284452818
122,"lag10",-0.528563838605461,0.604177062333875
122,"lag11",-0.150642664617602,0.506942493183986
122,"lag12",-0.675713441845807,0.483049695194175
123,"lag1",6.22809012044814,0.52732454227258
123,"lag2",-0.338930507788168,0.659611464458295
123,"lag3",3.7060072260183,0.671275184272818
123,"lag4",1.27840186886265,0.576634248277461
123,"lag5",2.52495438880736,0.513699307438481
123,"lag6",4.18070407185414,0.493547068427554
123,"lag7",4.19512683903714,0.53587175653263
123,"lag8",-0.111482863474133,0.670462565043398
123,"lag9",-0.350001918589662,0.67795676944352
123,"lag10",0.635604888044572,0.577299226449826
123,"lag11",1.09519791058244,0.508041381575512
123,"lag12",1.61584276068183,0.49238964286167
124,"lag1",8.29505333790454,0.561633263136477
124,"lag2",1.52184439856341,0.673178845072802
124,"lag3",4.28242487382288,0.666918367406118
124,"lag4",2.43321907341783,0.629762959284926
124,"lag5",2.4782885949124,0.567339686875446
124,"lag6",4.48971767549529,0.541515639946119
124,"lag7",4.10321392430708,0.575520207203739
124,"lag8",-0.777619783932681,0.680773743062491
124,"lag9",-0.422702686311833,0.677227263442014
124,"lag10",0.605290738101808,0.629333216230562
124,"lag11",-0.766588624962343,0.561865962134881
124,"lag12",-0.615761470864603,0.545885804989963
125,"lag1",4.34421553428762,0.492306505829332
125,"lag2",0.0657512827906031,0.601963906272494
125,"lag3",1.82439117763872,0.609884134938669
125,"lag4",2.06995970107431,0.549738188607156
125,"lag5",0.244018044900795,0.497842708660646
125,"lag6",0.457245336081915,0.487027871468458
125,"lag7",1.57291954770878,0.504492445194559
125,"lag8",-1.32949354369137,0.619198936575005
125,"lag9",-0.193329794099444,0.624766296685775
125,"lag10",0.645074771539115,0.553120112086509
125,"lag11",0.640552161927007,0.497583233752827
125,"lag12",0.825422116212422,0.486545715134058
126,"lag1",8.11783034605046,0.596151860535129
126,"lag2",2.13158638713739,0.7332349772666
126,"lag3",4.4279751654879,0.702728779905582
126,"lag4",2.26090090183096,0.614273268151891
126,"lag5",2.0480352346906,0.559172996582053
126,"lag6",4.94046829366061,0.555717879759326
126,"lag7",3.63833136631399,0.606980072506183
126,"lag8",1.59875557889105,0.747196216360242
126,"lag9",2.40000100103669,0.722170585071817
126,"lag10",2.5193899439843,0.624425042565993
126,"lag11",0.770942359598084,0.559470134281367
126,"lag12",0.600098955383851,0.561990337247454
127,"lag1",6.59049371985593,0.501563838926707
127,"lag2",1.93679877680523,0.589537523304323
127,"lag3",5.29038686982633,0.661084437208464
127,"lag4",-0.69618259375003,0.606092217909753
127,"lag5",0.102925639459688,0.490890124925936
127,"lag6",1.89066903474152,0.478678778850624
127,"lag7",2.65098062013333,0.517086084168204
127,"lag8",1.7140141690042,0.607212259013715
127,"lag9",-0.259425265218956,0.672267789525994
127,"lag10",0.614373219894864,0.613479657746753
127,"lag11",0.550832430242715,0.490729318602123
127,"lag12",0.962141008730376,0.480882672134469
128,"lag1",7.78669625591838,0.556776776642305
128,"lag2",2.77433130751536,0.677278068902148
128,"lag3",3.03750297984777,0.67797471060727
128,"lag4",0.383272711733689,0.605581683600891
128,"lag5",0.409425221651593,0.558585612742347
128,"lag6",1.46012793682426,0.535169990211175
128,"lag7",1.6802439523413,0.580105074259583
128,"lag8",0.753635315037611,0.698376084992722
128,"lag9",0.793921082749897,0.696056651613517
128,"lag10",-0.72459646653339,0.616206175696843
128,"lag11",-1.41539159849946,0.554276395907853
128,"lag12",0.602678992226541,0.533658847707116
129,"lag1",6.20259472728685,0.546595248065634
129,"lag2",1.70385191012103,0.653251928551343
129,"lag3",4.55136722100608,0.663049317878282
129,"lag4",-1.07863415694203,0.605738408449685
129,"lag5",1.66585584452245,0.554534504108601
129,"lag6",8.54941138791187,0.536821961821486
129,"lag7",8.56209384361542,0.558064525160487
129,"lag8",1.79383613317819,0.669582246209074
129,"lag9",1.36144173194291,0.681083191505873
129,"lag10",0.901113366316354,0.617615422390937
129,"lag11",1.54306470494812,0.559516683265727
129,"lag12",1.92879855937455,0.541963219233945
130,"lag1",7.59496418130804,0.559802975139889
130,"lag2",3.90299908719842,0.673005637847645
130,"lag3",6.15351284188043,0.676126554720124
130,"lag4",0.909488950519297,0.611367990542592
130,"lag5",2.21863532895613,0.547046178946711
130,"lag6",6.41832110023199,0.533027628952282
130,"lag7",6.76507647892686,0.576123704728209
130,"lag8",3.44716835825914,0.69613963590177
130,"lag9",3.5302095740068,0.707566738629893
130,"lag10",1.99542405012991,0.62900962955028
130,"lag11",2.82982175625371,0.54701865733103
130,"lag12",2.48358521610007,0.538690757545315
131,"lag1",7.89037906917074,0.569211954208775
131,"lag2",1.97059736660167,0.664959850446964
131,"lag3",4.91214192988002,0.677487042695414
131,"lag4",2.21049298744466,0.609931568759683
131,"lag5",1.94087923199046,0.557006820799052
131,"lag6",3.75401430023945,0.538923822023436
131,"lag7",3.45580481118977,0.578509662971212
131,"lag8",1.07960422875991,0.684021091896653
131,"lag9",1.03824749363918,0.696467325883441
131,"lag10",1.73345442967189,0.620022870798546
131,"lag11",1.3188466784971,0.556723365630574
131,"lag12",2.17046430649677,0.542504560001621
132,"lag1",6.16182047583748,0.542030293749582
132,"lag2",1.23367633068564,0.610777324380095
132,"lag3",4.75372430484265,0.673857225291772
132,"lag4",3.59758961015711,0.622528072824783
132,"lag5",2.96974505230141,0.534851913644613
132,"lag6",2.76529352747835,0.518652205559196
132,"lag7",-0.303759020835158,0.56135337571102
132,"lag8",2.17123384096566,0.639204495448921
132,"lag9",2.30631012824594,0.692645880202665
132,"lag10",1.81887774268035,0.63598812232886
132,"lag11",1.62060966949127,0.538573337033504
132,"lag12",1.49467298072554,0.521929342854829
133,"lag1",5.24039296454369,0.491531663644199
133,"lag2",2.27311011795449,0.591186233994519
133,"lag3",3.4295382718696,0.607776865975478
133,"lag4",0.279883339870799,0.540520169337367
133,"lag5",1.2907392100296,0.489894905978005
133,"lag6",2.56661738430404,0.48229616972892
133,"lag7",3.23268505643164,0.500762494456755
133,"lag8",0.161036146802009,0.605351492815202
133,"lag9",0.0476350375688318,0.628692123521861
133,"lag10",-0.87402413481901,0.549635656903639
133,"lag11",-0.154199301865294,0.488190880907601
133,"lag12",-0.808566065719956,0.481238558951404
134,"lag1",7.55115246968904,0.494885438333233
134,"lag2",1.97637901837222,0.60693280948479
134,"lag3",5.92118710672385,0.616307084541172
134,"lag4",1.23180260030132,0.538946321165085
134,"lag5",0.929122884488845,0.480458856064429
134,"lag6",2.98885679453721,0.479355650001555
134,"lag7",3.22824472957838,0.507219807148
134,"lag8",1.07910467271782,0.626461054514401
134,"lag9",0.773234958753074,0.642602619356997
134,"lag10",0.889441088934356,0.548977313701374
134,"lag11",0.474591843878255,0.486783628744634
134,"lag12",2.43435083406053,0.48104914075161
135,"lag1",5.88773222870586,0.541178303638968
135,"lag2",0.889559808365136,0.659749146236312
135,"lag3",4.52612735692548,0.687933501976823
135,"lag4",1.37924206189548,0.618620384362201
135,"lag5",1.41105746106515,0.53295596518746
135,"lag6",4.65166935912077,0.528165692824428
135,"lag7",3.52491016786374,0.549575448833094
135,"lag8",0.780424018670523,0.671107724762014
135,"lag9",0.369618155841204,0.702366668708986
135,"lag10",0.559834886036439,0.625591913721065
135,"lag11",1.242414660722,0.536775662295431
135,"lag12",1.54716817307551,0.532082713902741
136,"lag1",8.13631652036508,0.580883561442509
136,"lag2",-0.177247061310998,0.68093441351599
136,"lag3",3.00216683908788,0.713280161891589
136,"lag4",0.965332225278696,0.656129770187089
136,"lag5",2.2973531846844,0.588987317730192
136,"lag6",5.5841442682345,0.577591039888233
136,"lag7",3.98138861343053,0.593437691852583
136,"lag8",2.5832251866054,0.697702998969193
136,"lag9",2.58369455110443,0.733888632670216
136,"lag10",1.66644901862784,0.667636947516736
136,"lag11",1.14443280262062,0.588240811980776
136,"lag12",0.544393521579593,0.582618008269325
137,"lag1",6.80794679121289,0.577732134274502
137,"lag2",3.19650498268766,0.683628479281582
137,"lag3",4.62449349173436,0.682978268984623
137,"lag4",-0.264394979920459,0.653777710304755
137,"lag5",1.23773834237418,0.580501491149859
137,"lag6",3.58574089445957,0.558868825466572
137,"lag7",4.57747389321384,0.588786603597543
137,"lag8",4.38479186261554,0.698732754082312
137,"lag9",-0.0198897153202932,0.704608420618989
137,"lag10",0.441334942610791,0.669759637430509
137,"lag11",0.374903559303276,0.584891489691245
137,"lag12",1.52223635834073,0.5639083626749
138,"lag1",6.21259587139061,0.486546214801227
138,"lag2",1.92204007520064,0.580868479421993
138,"lag3",2.59619815305703,0.610403875881652
138,"lag4",0.529188452986638,0.549393693916418
138,"lag5",0.00656606706201837,0.488630485082968
138,"lag6",0.578980845333799,0.477684049819261
138,"lag7",-0.107231779019991,0.50259699016371
138,"lag8",-0.634495528598698,0.596395571722485
138,"lag9",-1.32220892725403,0.627246408549427
138,"lag10",-0.771865936505246,0.55697043240344
138,"lag11",-0.136574752482206,0.482257164644513
138,"lag12",-0.154212591308475,0.479670963894016
139,"lag1",6.8044875124211,0.484390685408303
139,"lag2",3.13011038173679,0.564442772067521
139,"lag3",3.53556562514332,0.578485332336612
139,"lag4",-0.319259648754049,0.518661387354043
139,"lag5",1.4459018453051,0.473797781663708
139,"lag6",3.89488247651218,0.474907305155132
139,"lag7",3.11821237309438,0.493054412260216
139,"lag8",1.85924459301001,0.576851618597438
139,"lag9",0.452257755479874,0.592901252343893
139,"lag10",0.745599090049343,0.528073642814977
139,"lag11",0.765438784842779,0.476469928225516
139,"lag12",0.969934615156351,0.478496006827057
140,"lag1",7.97385701213017,0.516522940736501
140,"lag2",1.38849098251139,0.639331243334716
140,"lag3",3.48139367509947,0.625898478782105
140,"lag4",1.0328408528059,0.573114719504121
140,"lag5",1.32281779552813,0.505470028231671
140,"lag6",0.716294042973019,0.480338871399593
140,"lag7",1.23808027577734,0.528525501453625
140,"lag8",1.44031089926336,0.651276591347846
140,"lag9",2.48112470162939,0.635401964677108
140,"lag10",0.716267925751185,0.581450000735687
140,"lag11",0.380182930047594,0.502909127658998
140,"lag12",1.29568455228595,0.481107356857109
141,"lag1",4.85148332057011,0.554124091657527
141,"lag2",-0.364764010440798,0.666100780464215
141,"lag3",4.13666401996495,0.715877696764724
141,"lag4",1.92574957715411,0.61449175670204
141,"lag5",0.774260015215197,0.544578713312712
141,"lag6",3.423252624505,0.5365256304537
141,"lag7",2.42303341310586,0.56124377641071
141,"lag8",-0.564745623333384,0.673752598014618
141,"lag9",2.62417119807842,0.733500726845472
141,"lag10",2.23908443372994,0.61908276232042
141,"lag11",0.940819945911961,0.54687261478907
141,"lag12",2.31152688683571,0.541454037987343
142,"lag1",5.84735880170959,0.579661559066421
142,"lag2",2.10267687256295,0.69285439752801
142,"lag3",4.55922927205822,0.667016925207381
142,"lag4",-0.761399530812138,0.598555625422515
142,"lag5",1.94556379745267,0.574093835137509
142,"lag6",8.20770931817613,0.570652261988733
142,"lag7",9.6501821856202,0.59199953300928
142,"lag8",0.53401801915841,0.702694062843383
142,"lag9",1.46449053378342,0.680979661377139
142,"lag10",1.29533041471637,0.603498391794742
142,"lag11",1.56039823754242,0.576228530733643
142,"lag12",1.00888351412881,0.57024233988149
143,"lag1",7.68787647892563,0.591883106927958
143,"lag2",1.31426796098693,0.735022234285173
143,"lag3",3.16505797771416,0.699333179496281
143,"lag4",2.99495737662747,0.633974361232371
143,"lag5",1.0629002558384,0.563120020897925
143,"lag6",0.828237929197576,0.538785498751464
143,"lag7",-0.105517581247409,0.611741368165972
143,"lag8",-0.426173299725292,0.753427090592853
143,"lag9",0.703804759909745,0.714765581959801
143,"lag10",0.506944764220003,0.636445684422937
143,"lag11",-0.204766495522127,0.560117715143115
143,"lag12",0.370915044947375,0.541770375595048
144,"lag1",4.49566437971101,0.493767416082967
144,"lag2",0.281754199746807,0.570539933011732
144,"lag3",1.85282733397244,0.587264073637037
144,"lag4",0.785674164033057,0.559527545492615
144,"lag5",2.07045345266526,0.508144755947773
144,"lag6",4.17267450445955,0.496638827971293
144,"lag7",4.1498391929101,0.502969125225413
144,"lag8",2.52246285580102,0.588612806480871
144,"lag9",0.872075479813151,0.599803632966341
144,"lag10",1.04985932225897,0.568073960639786
144,"lag11",0.442263438553307,0.509333356405429
144,"lag12",1.20018563681702,0.498147108517796
145,"lag1",6.78155139862133,0.57084327730609
145,"lag2",1.13797570186417,0.685025863304926
145,"lag3",6.54983522046332,0.671958875282959
145,"lag4",2.77226715444779,0.604171107536011
145,"lag5",1.82184149800366,0.558954494047389
145,"lag6",4.17627000396092,0.540643794311769
145,"lag7",3.71978161815542,0.578315369156098
145,"lag8",0.703426740472797,0.702212351079885
145,"lag9",3.89738414092828,0.69345186439617
145,"lag10",2.15278244993762,0.614176576219361
145,"lag11",0.304439164208018,0.564755922488908
145,"lag12",0.06242703013928,0.54283968287908
146,"lag1",6.92949251172339,0.512886373212654
146,"lag2",1.30653983519192,0.627454204588915
146,"lag3",6.27914701880963,0.678896638270327
146,"lag4",2.96992736528456,0.585056735150384
146,"lag5",0.971540035144667,0.506369490823351
146,"lag6",1.61255965021678,0.496033021085725
146,"lag7",0.436227468052473,0.531316095214108
146,"lag8",1.92374603010766,0.661371727698445
146,"lag9",2.06265971210068,0.709240001386766
146,"lag10",1.10057032379649,0.598147631525536
146,"lag11",0.604601940130576,0.510048053685754
146,"lag12",0.827168839922835,0.501963365340331
147,"lag1",3.66369445058865,0.551293972277661
147,"lag2",-0.302398239938242,0.652507867520766
147,"lag3",3.35126809839765,0.67086457571136
147,"lag4",0.551375425798232,0.634159401027989
147,"lag5",0.24175850884107,0.542937167795995
147,"lag6",0.65709054391208,0.528179730140624
147,"lag7",-1.68285276412015,0.568027382842621
147,"lag8",1.24730497057594,0.673717285339538
147,"lag9",0.156881085466362,0.699126476891302
147,"lag10",-1.11948030963321,0.643684300445111
147,"lag11",-0.51907808214259,0.546653108155682
147,"lag12",-1.57661570681627,0.535335147612532
148,"lag1",7.00882787290569,0.523911889765516
148,"lag2",0.764086169833688,0.660469059403462
148,"lag3",2.96235335127418,0.636662774008623
148,"lag4",-0.852178880859378,0.566093762022913
148,"lag5",1.4599928207653,0.508515121254498
148,"lag6",5.42029406722534,0.504092533443211
148,"lag7",5.39512418412087,0.538663350919633
148,"lag8",-0.274626642294638,0.676698867253701
148,"lag9",-0.334101554762983,0.649672529619395
148,"lag10",0.875398534574026,0.567239035928939
148,"lag11",0.672518783470194,0.50812182116444
148,"lag12",0.0266391941127352,0.499203391301023
149,"lag1",9.33389735470722,0.571776941299501
149,"lag2",4.11047218399792,0.692842639001797
149,"lag3",5.58679642876178,0.700924929590854
149,"lag4",1.25468351784966,0.613099141670365
149,"lag5",1.20372610161149,0.539992473186395
149,"lag6",2.81767862188315,0.537892811604669
149,"lag7",3.5057837219158,0.587926598172346
149,"lag8",-0.0583697264858352,0.706809883759739
149,"lag9",1.37114101714857,0.710918157950375
149,"lag10",1.59293081796229,0.615066034619516
149,"lag11",1.08435901422309,0.541282890550002
149,"lag12",0.708193619282978,0.540637260018859
150,"lag1",7.07153633428686,0.487315282509726
150,"lag2",0.92358979774517,0.582343584430917
150,"lag3",4.69805987802477,0.614736494708126
150,"lag4",1.82978739537325,0.5656897002644
150,"lag5",1.56989889428969,0.479394698508233
150,"lag6",1.85570499784613,0.468562166248673
150,"lag7",1.82855372585764,0.504400782342311
150,"lag8",2.73277686234717,0.600269442813658
150,"lag9",3.02292013648947,0.631974637340582
150,"lag10",0.0600190124074758,0.568533584458239
150,"lag11",0.944142190453066,0.476984342407341
150,"lag12",0.322297707961356,0.466785999382197
151,"lag1",7.82396781219434,0.444514937097643
151,"lag2",0.518582380342209,0.541329121384008
151,"lag3",3.19429785230124,0.609859150872056
151,"lag4",0.873365877182869,0.529674936589967
151,"lag5",0.158481770509669,0.456767361802819
151,"lag6",2.20007102383986,0.455770056862326
151,"lag7",1.74819798255749,0.456309954646398
151,"lag8",3.34764464886684,0.555868801867974
151,"lag9",-0.549627986824634,0.628447344191174
151,"lag10",-1.00856522426792,0.541502012267538
151,"lag11",-0.238646197519121,0.455442264641582
151,"lag12",0.496886285254751,0.455290355219778
152,"lag1",7.1138139575003,0.558498294079428
152,"lag2",0.514882666529091,0.688097606422274
152,"lag3",2.22110366737368,0.667337922085386
152,"lag4",0.816709092959457,0.605516646247444
152,"lag5",0.912004698159195,0.55970628250332
152,"lag6",3.90547444835078,0.537819330274407
152,"lag7",4.41047767965731,0.574739325655104
152,"lag8",2.00729111314756,0.705864581137916
152,"lag9",-0.915047903524873,0.692381013435697
152,"lag10",0.163940252392678,0.612553949972598
152,"lag11",-0.360534242313454,0.561384562271525
152,"lag12",-0.122668486586813,0.533577335550466
153,"lag1",4.08031640882617,0.488027829025156
153,"lag2",-1.69856676973909,0.589759047965979
153,"lag3",1.38206014211174,0.580128349872777
153,"lag4",1.16144899685996,0.512268268481592
153,"lag5",1.81367569206675,0.502090088692259
153,"lag6",4.45077030892515,0.483497431893459
153,"lag7",3.31253997458853,0.502690274310292
153,"lag8",0.211648017052141,0.609380639306999
153,"lag9",-0.401676317446449,0.59876243875365
153,"lag10",2.02858877537104,0.524642895828166
153,"lag11",0.765966175207669,0.497593849125364
153,"lag12",0.352055499464509,0.484086163147401
154,"lag1",6.05116794752494,0.5006553584036
154,"lag2",2.35705408431685,0.614120878072444
154,"lag3",3.42358425801785,0.68617916124749
154,"lag4",0.285189953696316,0.591098196587105
154,"lag5",0.571120668111129,0.493519089696203
154,"lag6",0.700606821217198,0.48427465197189
154,"lag7",1.12327602088303,0.512249343405578
154,"lag8",2.52978936204704,0.623160584465221
154,"lag9",0.134978206718272,0.693500325309033
154,"lag10",-0.273527157855668,0.595902821882895
154,"lag11",0.949805662870573,0.49349682446455
154,"lag12",0.923777576048273,0.488554081988267
155,"lag1",4.4750898414705,0.524296108394297
155,"lag2",0.199583999233898,0.650747293378424
155,"lag3",1.63477260134719,0.638201387976616
155,"lag4",-1.2068107466935,0.579732107629272
155,"lag5",1.28508216008981,0.542703071792923
155,"lag6",6.86484160241678,0.509396731832934
155,"lag7",6.0431719119934,0.54283765001652
155,"lag8",0.55643090859729,0.666360473474944
155,"lag9",0.00244872971228621,0.646481712332231
155,"lag10",-0.0332156860205648,0.579504376618713
155,"lag11",0.777702777398395,0.534488371408028
155,"lag12",0.119636651670752,0.506348160297899
156,"lag1",7.2121155266259,0.567926763168139
156,"lag2",1.11713133947783,0.686604454481358
156,"lag3",4.62432331544811,0.693528187512985
156,"lag4",0.858417295433956,0.604870765645752
156,"lag5",2.21274925070896,0.575586120549695
156,"lag6",6.09438683386305,0.558076943346329
156,"lag7",3.92184931750246,0.584920048526033
156,"lag8",0.294737699870974,0.713306602163065
156,"lag9",0.627096703229449,0.712250020068169
156,"lag10",1.03477374069269,0.615430104968233
156,"lag11",1.30462455901777,0.574430656944576
156,"lag12",2.07115562257401,0.555909774331108
157,"lag1",8.06901399900861,0.628462559376434
157,"lag2",1.37663998005569,0.773378296431839
157,"lag3",4.99422387011228,0.743958820073866
157,"lag4",2.43960566458612,0.659371341257811
157,"lag5",1.0652640689997,0.606952287782401
157,"lag6",5.11182952508454,0.588820416610982
157,"lag7",5.25648171165619,0.636168964136157
157,"lag8",0.57723722988954,0.788467991939346
157,"lag9",0.0285659426976658,0.757926847905101
157,"lag10",1.35725288398186,0.663956219437763
157,"lag11",0.0618507668663708,0.607077792904954
157,"lag12",1.01277047409979,0.590620841800282
158,"lag1",5.93924560010722,0.526879540096159
158,"lag2",0.513829785943965,0.641455542075123
158,"lag3",3.57790011914132,0.660727280120881
158,"lag4",2.98528632289885,0.581466551018673
158,"lag5",2.04137613632228,0.517995131686278
158,"lag6",1.94416248328473,0.511762499715777
158,"lag7",1.55707186941333,0.545242340379816
158,"lag8",0.0382362970653997,0.660452197589531
158,"lag9",1.7937099441483,0.675864998135021
158,"lag10",2.18509912492171,0.587370623781736
158,"lag11",0.324120738292877,0.51666335490496
158,"lag12",-0.272808542212635,0.512048991390159
159,"lag1",4.54898005141011,0.48808661147665
159,"lag2",0.338120480201161,0.585772585221685
159,"lag3",1.66880705566867,0.618123280734583
159,"lag4",0.469015260971582,0.541001019154566
159,"lag5",3.17405979810152,0.471606619614401
159,"lag6",5.5733264880192,0.456989455542174
159,"lag7",6.00972949874606,0.496120946185599
159,"lag8",-0.503166198105426,0.600745478140907
159,"lag9",0.246953574871424,0.629293457490876
159,"lag10",1.26672327317208,0.550004124480523
159,"lag11",1.03784740322538,0.466007768563746
159,"lag12",1.73256779530257,0.458638107494103
160,"lag1",6.5538065890162,0.550193722392896
160,"lag2",0.364334153740732,0.644454252338858
160,"lag3",1.33767840013584,0.669680449945344
160,"lag4",1.54622595541504,0.611800290037049
160,"lag5",1.83321667321851,0.538214426448402
160,"lag6",1.22902676016074,0.529122073390245
160,"lag7",0.402050038532404,0.565142712896374
160,"lag8",-0.262774783012849,0.655320789915067
160,"lag9",1.41047668791745,0.675232133363285
160,"lag10",-0.306148591243303,0.611809791997323
160,"lag11",0.772706573056547,0.532724913612045
160,"lag12",0.486633008410096,0.530722774309103
161,"lag1",7.56719745976925,0.540230055185709
161,"lag2",2.41125956314706,0.695188953272614
161,"lag3",4.64179069925013,0.68242846619632
161,"lag4",2.17789242527823,0.572435864870102
161,"lag5",0.509668453415815,0.524267969069736
161,"lag6",0.861265033685658,0.506429313002911
161,"lag7",0.508438352089913,0.556023728892447
161,"lag8",1.46579800484184,0.717570919748978
161,"lag9",-0.00612738600765493,0.699259172980558
161,"lag10",-0.179554601706411,0.579578622380182
161,"lag11",0.452890030803124,0.528582139396863
161,"lag12",0.859794098507537,0.510708809915712
162,"lag1",6.87756648503284,0.473580624155908
162,"lag2",0.435344442508228,0.544517519170624
162,"lag3",1.9786075432838,0.618375691284036
162,"lag4",-0.157467005692909,0.56418144167557
162,"lag5",-0.0604199169928393,0.482970395659132
162,"lag6",-0.971787679083849,0.472528244132774
162,"lag7",-0.121380146886554,0.484387954650307
162,"lag8",-0.47355240392627,0.557904134331338
162,"lag9",-0.617368090538414,0.634820454706375
162,"lag10",-0.65133848777895,0.575644733988931
162,"lag11",-0.154696436736344,0.482138377945637
162,"lag12",-0.374457692086187,0.477105048494903
163,"lag1",6.21545541193964,0.597924223323256
163,"lag2",2.87072665253844,0.748231901066509
163,"lag3",5.20442153600564,0.748257541249244
163,"lag4",1.28019096420525,0.635688273079648
163,"lag5",1.96218002667529,0.593023804862675
163,"lag6",3.59686054212013,0.592740815937406
163,"lag7",2.08762767611152,0.61164599353086
163,"lag8",1.93545602732533,0.767964956578277
163,"lag9",2.33791249637109,0.757889799166171
163,"lag10",2.09357353409365,0.64655789155469
163,"lag11",1.0560256540439,0.59802901273105
163,"lag12",2.27056099623706,0.600878510133299
164,"lag1",6.03373398406467,0.486016955801382
164,"lag2",2.39256108867887,0.596140051183165
164,"lag3",4.60045452918802,0.652873052579868
164,"lag4",2.2627758049481,0.563267025218721
164,"lag5",1.67589349424947,0.482456476095423
164,"lag6",1.63381398843682,0.478830571404402
164,"lag7",-0.0257639920294505,0.498829665788661
164,"lag8",1.7895329654015,0.606619971628538
164,"lag9",2.21121418658742,0.666965756622297
164,"lag10",0.842840495716836,0.565655261231858
164,"lag11",0.471112631565887,0.482203401152355
164,"lag12",1.39084925032878,0.476311434652003
165,"lag1",6.49094282956812,0.467487972199635
165,"lag2",0.572565146288839,0.582654542606171
165,"lag3",4.35121245833691,0.597073348811416
165,"lag4",-0.397848230701953,0.521832200018311
165,"lag5",1.55143576303679,0.479049154670119
165,"lag6",3.9179033300672,0.468841618612884
165,"lag7",3.36660701854147,0.476715522973356
165,"lag8",0.0121353201250916,0.59339975708473
165,"lag9",-1.61187984646912,0.606352353855024
165,"lag10",-0.343724675509003,0.528781614400777
165,"lag11",0.0857494478731361,0.475655799783188
165,"lag12",0.806920846761885,0.468314675594664
166,"lag1",6.03938915528417,0.532705359116411
166,"lag2",0.939221610700667,0.628018229034947
166,"lag3",2.99964685307966,0.639259535423995
166,"lag4",-1.71926538022201,0.588681026691621
166,"lag5",1.54658372152897,0.535871000010203
166,"lag6",8.50712021934048,0.523421565372384
166,"lag7",8.80701656872056,0.540093015814409
166,"lag8",0.272759216708114,0.639009031914449
166,"lag9",0.478919779153026,0.652595007152094
166,"lag10",1.13806580522351,0.597633810828099
166,"lag11",1.10228491499445,0.541694988669707
166,"lag12",1.91458821756335,0.52923491812847
167,"lag1",7.05894140143838,0.544666919944445
167,"lag2",1.23641868354201,0.664222085635632
167,"lag3",3.1635992417059,0.690600528968646
167,"lag4",0.752515491501324,0.5886898053893
167,"lag5",1.78790548544607,0.525702308386991
167,"lag6",4.31758999461972,0.524923544332235
167,"lag7",4.13370248734049,0.561349663743308
167,"lag8",1.0752024366375,0.682572317399193
167,"lag9",0.42600899679631,0.703066469674289
167,"lag10",1.04998475702545,0.599344056453908
167,"lag11",1.04741401680783,0.528217257660227
167,"lag12",2.92978280837045,0.526795753317179
168,"lag1",6.75585605122429,0.553088143636027
168,"lag2",3.92857194453754,0.64213189550399
168,"lag3",6.04634788009661,0.680086962220837
168,"lag4",2.60408181523649,0.624339309671827
168,"lag5",1.19892938482045,0.561468680747183
168,"lag6",-0.0733237839420242,0.546926636482257
168,"lag7",0.465240711756565,0.571537032333477
168,"lag8",2.20268046755753,0.671104146722499
168,"lag9",0.566433745889289,0.707279944883729
168,"lag10",-0.175814836759351,0.633539487420583
168,"lag11",-0.119390415402648,0.558508864442569
168,"lag12",1.02328312505038,0.543386820242026
169,"lag1",7.48332040126485,0.510025747199698
169,"lag2",1.76758163036019,0.61422818136066
169,"lag3",4.82130250672726,0.647757914198313
169,"lag4",-0.124797523842274,0.586287342337301
169,"lag5",1.87352957456011,0.507299130292398
169,"lag6",5.3536793909617,0.495309200052286
169,"lag7",6.3847575865316,0.52278833398023
169,"lag8",1.96030984310204,0.628419148539858
169,"lag9",1.19740126852998,0.663516913169585
169,"lag10",2.17389502917374,0.588718580886994
169,"lag11",1.24083762206966,0.504027280044037
169,"lag12",0.9450958093698,0.498292343336527
170,"lag1",12.0087305649373,0.564671314562255
170,"lag2",2.05533771685028,0.722711887965745
170,"lag3",2.15881160719876,0.65405197794447
170,"lag4",1.2787937083598,0.581856791537735
170,"lag5",0.993022657301386,0.556318461146936
170,"lag6",3.26766472719577,0.54633914078424
170,"lag7",3.5838202512445,0.582018418861439
170,"lag8",1.25700039812586,0.731305314025628
170,"lag9",-0.155184865298056,0.667829744576721
170,"lag10",0.358924078738895,0.585444782718182
170,"lag11",0.753870287618206,0.553649773450104
170,"lag12",1.76856595433749,0.543521531679866
171,"lag1",6.0311487521198,0.545945997768552
171,"lag2",-0.399398278532055,0.663509372297202
171,"lag3",5.78127877335872,0.674628849252241
171,"lag4",2.20634573653289,0.578670969153302
171,"lag5",3.499093770654,0.532677653676128
171,"lag6",6.81165707590368,0.52015797653812
171,"lag7",6.69113525182466,0.554280891283493
171,"lag8",0.657408082559385,0.673005395822011
171,"lag9",1.27242134226549,0.689807169788703
171,"lag10",3.38919899307755,0.586865696757631
171,"lag11",1.43897817155491,0.530015442229567
171,"lag12",2.38044082466387,0.524012672119413
172,"lag1",6.33289704696691,0.584525794897915
172,"lag2",1.41093298419393,0.707903738093922
172,"lag3",4.44246278722839,0.713353380415062
172,"lag4",2.45048898118924,0.618472886930521
172,"lag5",3.19634461485871,0.568268874407186
172,"lag6",4.5618042649038,0.560459857884583
172,"lag7",4.10313172574973,0.599855710517964
172,"lag8",-0.639198498967547,0.727788540609016
172,"lag9",0.875661858896089,0.740990027458365
172,"lag10",1.38676968854235,0.624722151742253
172,"lag11",0.885643669495832,0.566485106532575
172,"lag12",2.48336540135129,0.563144594247677
173,"lag1",6.87693115786674,0.543798413282428
173,"lag2",2.83516589704823,0.678142773981834
173,"lag3",2.65882835072276,0.647714111117034
173,"lag4",-0.445115741842548,0.578787245679208
173,"lag5",1.53416706066946,0.541237223025428
173,"lag6",6.77759859556935,0.52326961425455
173,"lag7",6.76880390057969,0.555006130111814
173,"lag8",3.29878196624193,0.694702780432711
173,"lag9",0.146180872766716,0.66269195505174
173,"lag10",1.37083500727521,0.58259987643319
173,"lag11",1.62725631444089,0.541269775694274
173,"lag12",0.831284810258722,0.528243366923468
174,"lag1",9.7749235011132,0.582802636532662
174,"lag2",4.40714373029538,0.708165305725903
174,"lag3",5.58638571998485,0.699694418118293
174,"lag4",2.5330010867658,0.627847170459363
174,"lag5",0.914263691132724,0.574377669935016
174,"lag6",1.07933435174825,0.559528954946724
174,"lag7",-0.000318868186453658,0.597078536599922
174,"lag8",1.55597271995181,0.725412542348063
174,"lag9",2.88918115998526,0.719035786429703
174,"lag10",0.917369109521987,0.636555846679546
174,"lag11",-0.924786761560356,0.572744174363666
174,"lag12",-1.2301319204526,0.558511295350264
175,"lag1",8.69720563087475,0.5835415299879
175,"lag2",0.176157571366019,0.674701043149729
175,"lag3",4.197006963894,0.672428259744573
175,"lag4",2.10861381069127,0.643431808874576
175,"lag5",1.34584710222959,0.59401222170453
175,"lag6",3.79023731152521,0.564579562284345
175,"lag7",2.50546668206151,0.60055468017797
175,"lag8",-0.56826234686175,0.691300630837783
175,"lag9",-0.177375508936533,0.697707608520885
175,"lag10",1.11023417416683,0.651114886618888
175,"lag11",-0.920793014855278,0.59246082503673
175,"lag12",-0.605784896420216,0.569244070711595
176,"lag1",6.46196793856491,0.524197819513155
176,"lag2",0.36577031136557,0.611880149454137
176,"lag3",2.76204652561965,0.667254703478471
176,"lag4",-0.570658513154551,0.593454631848214
176,"lag5",0.642646410632979,0.520877024304144
176,"lag6",2.39549224431186,0.506141364496906
176,"lag7",3.40088413192682,0.534259338423627
176,"lag8",0.691409286747259,0.625888290087583
176,"lag9",0.194707362278488,0.684381305651393
176,"lag10",-0.439386562841874,0.606516773849709
176,"lag11",1.50559008078869,0.522560809011362
176,"lag12",0.41084193760126,0.510340334735972
177,"lag1",7.08181781832384,0.551550119142916
177,"lag2",2.32168849408936,0.672295145306301
177,"lag3",4.43326916772989,0.670642635408725
177,"lag4",0.14590002456839,0.604586404656454
177,"lag5",2.02963393709067,0.562561849823818
177,"lag6",4.35970980916719,0.537047849250678
177,"lag7",3.29194864763652,0.567866248885296
177,"lag8",2.12947203011014,0.679820665954789
177,"lag9",0.341732205439728,0.685186115804563
177,"lag10",0.490286837234055,0.613604763689375
177,"lag11",0.798182261478145,0.561994266518347
177,"lag12",0.859224115825764,0.540458746484569
178,"lag1",6.16595044896771,0.54699033053824
178,"lag2",1.13488557984839,0.642383623557786
178,"lag3",3.8385008951166,0.621453970762558
178,"lag4",1.27360840600968,0.56529146374079
178,"lag5",1.10853930537896,0.527396762787038
178,"lag6",0.919316225717457,0.518029461137854
178,"lag7",0.562534345894547,0.56450908082851
178,"lag8",0.707960856754511,0.662234974335835
178,"lag9",-0.0403162073723649,0.641980666607604
178,"lag10",-0.0240306454703605,0.576964693758188
178,"lag11",-0.219001889940976,0.529691921002208
178,"lag12",0.318703458546047,0.527204157803163
179,"lag1",5.98088588840641,0.549908801438671
179,"lag2",0.0999754747710728,0.68027210811154
179,"lag3",2.47416324502404,0.688393583619264
179,"lag4",0.087298808142514,0.611589537872546
179,"lag5",1.54944551316704,0.53068833977146
179,"lag6",6.2947055413418,0.530703744408109
179,"lag7",6.65461166376581,0.55977403795788
179,"lag8",0.891950756343816,0.684231841942007
179,"lag9",2.55919878351092,0.704852042620208
179,"lag10",2.49662304853028,0.616069154338522
179,"lag11",0.826782257748954,0.530148460669347
179,"lag12",2.80654695350382,0.529322807750096
180,"lag1",5.83237421190298,0.583919636390063
180,"lag2",0.706079391766369,0.713115330757299
180,"lag3",1.46961677810726,0.755165206527111
180,"lag4",-4.55170841131598,0.678563280614668
180,"lag5",0.980264786757633,0.575440399360432
180,"lag6",10.8772258178024,0.57593309241856
180,"lag7",11.2584940719244,0.590051004589872
180,"lag8",1.12056819339845,0.720531934057798
180,"lag9",-1.260192143333,0.766719788473112
180,"lag10",0.0596822140364106,0.687830490947706
180,"lag11",0.850028326671178,0.580860074226951
180,"lag12",2.70664845109701,0.578255623518604
181,"lag1",6.62947054142652,0.588587511479475
181,"lag2",2.99661877314681,0.720235036356581
181,"lag3",2.50384608022028,0.651304102271643
181,"lag4",0.451738429134417,0.601893127444457
181,"lag5",0.113673820666772,0.565880251903381
181,"lag6",-0.130184982152874,0.568376965410373
181,"lag7",1.18045443736514,0.605994647172136
181,"lag8",-0.382752687674762,0.734822953979333
181,"lag9",0.208476611637441,0.658090155489961
181,"lag10",-0.0815568701011298,0.604071464872943
181,"lag11",-0.239264311075471,0.566448610674351
181,"lag12",0.570628057944759,0.573253351883172
182,"lag1",5.99925022931012,0.553052914137682
182,"lag2",1.65041856871962,0.671746871461948
182,"lag3",4.55508341721604,0.625195307503753
182,"lag4",2.27288407544127,0.565722944311832
182,"lag5",2.39482216164109,0.526509237932828
182,"lag6",1.6339144875953,0.511705210523509
182,"lag7",0.854637916566552,0.568203307184549
182,"lag8",1.02818331001411,0.680740353035441
182,"lag9",2.59678381230256,0.638307401517133
182,"lag10",1.31149314092557,0.569201150323603
182,"lag11",0.324226174253327,0.530002758437566
182,"lag12",-0.0202136518786305,0.516336852018195
183,"lag1",5.39033746321212,0.495277709829065
183,"lag2",0.458707470428643,0.548407824270788
183,"lag3",2.01161535585158,0.58791028748525
183,"lag4",1.65557035495713,0.59760249103533
183,"lag5",0.72368661527978,0.501974955278183
183,"lag6",0.551169598445211,0.476226098670773
183,"lag7",-0.380394443616255,0.505464340820645
183,"lag8",1.3162258308631,0.561626530412541
183,"lag9",1.73611011647239,0.605390748805525
183,"lag10",0.361278011311096,0.604206838163619
183,"lag11",1.7264931249707,0.505372825246031
183,"lag12",0.937846578656414,0.480718835403468
184,"lag1",6.56444241130503,0.515646404903485
184,"lag2",1.42262917488762,0.634142982978716
184,"lag3",3.82663884165056,0.668424574830171
184,"lag4",-0.10653659938916,0.611443159714289
184,"lag5",0.540217195691219,0.527869614089333
184,"lag6",3.26813061582793,0.514000285576273
184,"lag7",3.27033732335972,0.529778651568162
184,"lag8",2.15016110053734,0.647956733910801
184,"lag9",0.726621706255381,0.681092166713322
184,"lag10",1.20662649212494,0.609097769800647
184,"lag11",0.903081897447833,0.521356437445599
184,"lag12",2.97322691120258,0.510793372886804
185,"lag1",9.95534098406411,0.583123292334203
185,"lag2",2.19743008194268,0.716378196960831
185,"lag3",3.91254587341955,0.723220902511369
185,"lag4",0.220145930958835,0.624886182770282
185,"lag5",1.88474106881688,0.58450795682005
185,"lag6",4.78103090864316,0.573658274090418
185,"lag7",4.53773205349267,0.600202490381072
185,"lag8",1.9191310955701,0.740815858182965
185,"lag9",1.21471476389312,0.757483857931699
185,"lag10",1.20959773999965,0.639152343323505
185,"lag11",0.665284604462817,0.589386957057089
185,"lag12",0.45260255913394,0.573025646806046
186,"lag1",6.41787217811068,0.470976901427566
186,"lag2",-0.0963366393319043,0.565688909263506
186,"lag3",4.77518664509737,0.611865458448552
186,"lag4",0.697799186222123,0.53911328361929
186,"lag5",0.976781967494808,0.462294591324754
186,"lag6",5.3081511344489,0.444440087497237
186,"lag7",4.56031153049597,0.484467828777502
186,"lag8",0.780934709862273,0.584611638674786
186,"lag9",2.28919602885932,0.624320081555123
186,"lag10",1.280033062702,0.545429684192653
186,"lag11",0.945173328631029,0.459068685384177
186,"lag12",-0.108932327138195,0.447815225256577
187,"lag1",7.65128170580706,0.551611613805172
187,"lag2",1.78405086523947,0.665872678243454
187,"lag3",3.08837294922352,0.690881279269274
187,"lag4",-1.06151261910627,0.628714695021398
187,"lag5",1.0799728359883,0.561484286414785
187,"lag6",4.26315770758628,0.541592925025116
187,"lag7",3.70133123178828,0.567316189893574
187,"lag8",1.41682083828623,0.684919391308206
187,"lag9",-1.18038927937509,0.71479202150028
187,"lag10",0.489370992101209,0.639143022509002
187,"lag11",0.91001806291675,0.567945539601901
187,"lag12",1.61574795883614,0.549379272991753
188,"lag1",7.97153615837686,0.557715516438745
188,"lag2",2.464649232349,0.70138875964198
188,"lag3",2.9982064095695,0.701079049576251
188,"lag4",-0.569397134331523,0.600832907231697
188,"lag5",0.924721510704258,0.551690415667507
188,"lag6",3.96546876721021,0.541735568269584
188,"lag7",4.27458143072249,0.572475101346109
188,"lag8",0.32962646534522,0.722308214343971
188,"lag9",-1.50902125592107,0.732107834976535
188,"lag10",-0.556388885785306,0.61497882628964
188,"lag11",0.0974075051356526,0.554420239499482
188,"lag12",0.998869753428108,0.545058483533167
189,"lag1",7.47887306264654,0.568990237245603
189,"lag2",0.523363261594868,0.72077783728389
189,"lag3",4.5805753001008,0.703364159162498
189,"lag4",1.03478309280275,0.603924823086516
189,"lag5",1.23054008216656,0.570447628029704
189,"lag6",2.87716917449093,0.553064567683756
189,"lag7",1.70861693883865,0.577385213569653
189,"lag8",-1.28005967936591,0.733544964679867
189,"lag9",1.92346938211926,0.732949496253021
189,"lag10",2.40816475891912,0.612574531802183
189,"lag11",1.75195970273076,0.576106368900672
189,"lag12",2.05092484961919,0.555805089025754
190,"lag1",7.37782365626925,0.529669616283411
190,"lag2",1.83394070416099,0.644140291095672
190,"lag3",5.71336480802866,0.669282952257088
190,"lag4",2.35434719660338,0.547252749478954
190,"lag5",1.50164927622203,0.508800994473694
190,"lag6",0.462513655125235,0.511845984428533
190,"lag7",-0.479585903093024,0.552906696360934
190,"lag8",1.93475512702872,0.665388527463142
190,"lag9",2.7741222877571,0.682039961546113
190,"lag10",0.211684044511671,0.549905160719534
190,"lag11",0.498570491729645,0.509457621968705
190,"lag12",0.586518471084456,0.510105730714535
191,"lag1",6.84142973250223,0.508438782936352
191,"lag2",2.73626748821915,0.607996109060693
191,"lag3",3.23915491915726,0.633258686857777
191,"lag4",-0.294328504460903,0.591976710060188
191,"lag5",0.543689374947717,0.53811118945567
191,"lag6",0.477496368072774,0.516860675887305
191,"lag7",1.92929547633749,0.521371494591518
191,"lag8",-0.144101208531945,0.627299714519512
191,"lag9",-0.967229054572259,0.646963553288836
191,"lag10",-0.215716569169542,0.599632521279063
191,"lag11",-0.521735898994457,0.539133704749681
191,"lag12",1.06938342431239,0.513417088813126
192,"lag1",7.07411137137442,0.581397471148298
192,"lag2",0.680013739467466,0.702792952192953
192,"lag3",3.65983459246069,0.687780629413127
192,"lag4",2.04209376481266,0.607124303236234
192,"lag5",0.881020095060685,0.572801596506923
192,"lag6",0.390039727520695,0.564559273941476
192,"lag7",0.731132833117274,0.604042957498795
192,"lag8",0.137096757652971,0.7218580390459
192,"lag9",1.40146162791737,0.713939765112835
192,"lag10",0.657514088207727,0.616284935390226
192,"lag11",-0.367447692250776,0.574070480536206
192,"lag12",0.3850512493563,0.567526046862231
193,"lag1",8.3672335356429,0.537570470002579
193,"lag2",-0.0345115128514357,0.599988594874722
193,"lag3",4.65345430433202,0.622944893176657
193,"lag4",0.552815597347439,0.632217863480059
193,"lag5",0.462773170153783,0.582124296107656
193,"lag6",1.63166727393745,0.549046792642472
193,"lag7",0.79193734783608,0.554146696066819
193,"lag8",0.837904153999051,0.616598739709116
193,"lag9",-0.574281009554244,0.635779810585781
193,"lag10",-1.10625281741679,0.640945867676994
193,"lag11",-0.2228840602413,0.577981367831608
193,"lag12",1.21381916515686,0.54683995272807
194,"lag1",6.79151730018962,0.585261628349563
194,"lag2",2.39970302946488,0.707654282727601
194,"lag3",3.84539366157069,0.674640001992805
194,"lag4",0.570518537008422,0.624934018573596
194,"lag5",-0.342128448194281,0.598753499829669
194,"lag6",2.04740992472224,0.572500745428704
194,"lag7",2.26725543230952,0.595528944017972
194,"lag8",0.0476346083720252,0.737743706040142
194,"lag9",1.37779330786849,0.706207633579088
194,"lag10",0.561685451068907,0.638037754627403
194,"lag11",-0.599689147011409,0.600198321462974
194,"lag12",0.450700143601653,0.573822303533246
195,"lag1",8.99606589907696,0.549769734911713
195,"lag2",3.42348816518482,0.717662055020415
195,"lag3",3.79041206341166,0.692286285182444
195,"lag4",0.733600836684916,0.598173086778899
195,"lag5",1.42954343853787,0.55032906896821
195,"lag6",3.30909331346749,0.535273492136197
195,"lag7",3.56402475970352,0.566524217745456
195,"lag8",3.37217299371574,0.730045237696973
195,"lag9",0.60768124110916,0.712577177285552
195,"lag10",1.34688437724845,0.605891920277548
195,"lag11",0.379368154853119,0.55409479447923
195,"lag12",0.168990237611367,0.541662063308611
196,"lag1",5.14069481206462,0.488989764945736
196,"lag2",1.56271379671476,0.55031420715724
196,"lag3",3.96993631816364,0.583816302360686
196,"lag4",1.36400630379476,0.542563027628073
196,"lag5",1.57150560331368,0.488700865439025
196,"lag6",1.4608359323356,0.467197695793412
196,"lag7",1.06029801052194,0.504943584938928
196,"lag8",2.16758113769283,0.566199100131907
196,"lag9",0.712549047695354,0.592490922813067
196,"lag10",1.43867078160286,0.548365277706925
196,"lag11",2.28484015600003,0.487213796310096
196,"lag12",2.0433710556007,0.46958732073163
197,"lag1",8.4270740996095,0.574167426117988
197,"lag2",2.02082391922592,0.709358131669718
197,"lag3",2.78594298289035,0.678088437286835
197,"lag4",-0.316439458612966,0.603680910719746
197,"lag5",0.305786470246589,0.555807892726062
197,"lag6",0.408945504601244,0.543109457623149
197,"lag7",0.640547470336963,0.588295208817662
197,"lag8",0.695172362807262,0.726067233609542
197,"lag9",-1.56278743079373,0.694285024270585
197,"lag10",-1.53195782155959,0.609669244832101
197,"lag11",0.140844901536755,0.558016829176981
197,"lag12",2.11570235656121,0.546983158555812
198,"lag1",6.37688859988846,0.547454965474678
198,"lag2",4.1465773360392,0.656978719227951
198,"lag3",5.13825127461839,0.674841793440865
198,"lag4",0.588265174956955,0.576497110100712
198,"lag5",3.09866730205979,0.528116162189804
198,"lag6",6.56022330737954,0.519022313478271
198,"lag7",6.38918430895007,0.559451724268651
198,"lag8",0.762852518117581,0.67863789097897
198,"lag9",1.1349891469582,0.690029754807121
198,"lag10",1.96116072491003,0.590321097511675
198,"lag11",1.71566274519283,0.531958484015917
198,"lag12",1.28339182947209,0.522924424817036
199,"lag1",5.98981149103208,0.535652288989024
199,"lag2",4.50752418895275,0.676007289355837
199,"lag3",4.1552354542381,0.649945554110178
199,"lag4",1.85973953027428,0.566502260035433
199,"lag5",1.27786400163841,0.531433338712216
199,"lag6",1.96933369180837,0.521082769561559
199,"lag7",1.80569646830094,0.550491403528481
199,"lag8",4.04447715050727,0.701042935064689
199,"lag9",0.70698041833037,0.666252316315084
199,"lag10",-0.359729285868123,0.574870418368358
199,"lag11",-0.0152070045990208,0.531671538878929
199,"lag12",-0.0753322271087501,0.519673887710779
200,"lag1",6.28124411194332,0.542467181901802
200,"lag2",2.68919898955097,0.623689935756166
200,"lag3",5.91836440940474,0.656435442883153
200,"lag4",2.71655148169285,0.589418088383213
200,"lag5",3.30086851007385,0.535053507722998
200,"lag6",4.70486372482575,0.534088605393565
200,"lag7",4.82184286651471,0.556990841905111
200,"lag8",1.16280825975009,0.653549021568366
200,"lag9",2.39110781589361,0.682219159289883
200,"lag10",2.16437414016065,0.600896570396675
200,"lag11",0.88405290026804,0.531705253867472
200,"lag12",1.45065882503653,0.534995308820132
201,"lag1",4.79473812734733,0.502343828670092
201,"lag2",-0.00640349214219643,0.590149308930253
201,"lag3",0.0896344416608861,0.602400929300501
201,"lag4",-0.689197247078036,0.558074152098938
201,"lag5",-0.425316969925303,0.500981079782962
201,"lag6",0.247050925061535,0.485388627801439
201,"lag7",1.0761906243302,0.518173107513215
201,"lag8",0.199224428997622,0.601475114391542
201,"lag9",-2.67908253169462,0.611400703242067
201,"lag10",-1.62835687986475,0.559421288254905
201,"lag11",-0.0202227452069228,0.501492273630052
201,"lag12",-0.565916811503922,0.486780264754562
202,"lag1",7.03441610978646,0.49979636473895
202,"lag2",0.421405203402344,0.616643372676976
202,"lag3",5.63070364880907,0.667899044733004
202,"lag4",1.81127035056186,0.559987301844267
202,"lag5",1.51074144987291,0.501381750107698
202,"lag6",1.37545296465957,0.496483936751971
202,"lag7",0.774673409005291,0.510741562591603
202,"lag8",0.928178400519182,0.631015691660839
202,"lag9",0.640098426537191,0.690353217965093
202,"lag10",0.187282506159924,0.56765023863302
202,"lag11",-0.0774100101328545,0.500270629865625
202,"lag12",1.33970331289968,0.495018433552815
203,"lag1",7.30846721518931,0.532245784922869
203,"lag2",3.84666493853172,0.617458763735961
203,"lag3",7.48279821702823,0.658450458118806
203,"lag4",0.342373161385042,0.622349557803317
203,"lag5",2.19730862470231,0.532803359114044
203,"lag6",4.12053820261726,0.507541497988602
203,"lag7",5.46732485304204,0.545442193947167
203,"lag8",3.63674212910621,0.635541904365882
203,"lag9",2.10986788760556,0.66877222069679
203,"lag10",0.567052049656964,0.632459133657913
203,"lag11",1.9989040675773,0.532898868549584
203,"lag12",1.3951421113521,0.510068520046184
204,"lag1",5.43060192690236,0.541300499309995
204,"lag2",-0.343837474633527,0.653152940817886
204,"lag3",2.55120376080662,0.656312599773414
204,"lag4",-0.370599167880015,0.60071744869258
204,"lag5",3.74073687896595,0.514552026628405
204,"lag6",10.1587908438712,0.512279478611375
204,"lag7",10.4681552000436,0.55562673612929
204,"lag8",-0.0773697019931137,0.671307088876464
204,"lag9",0.684566535449577,0.673021842597708
204,"lag10",1.32238408625386,0.60519193147918
204,"lag11",1.96372448979458,0.518710356756103
204,"lag12",2.24778377853919,0.510754130829799
205,"lag1",5.86967070435736,0.550697686118711
205,"lag2",1.47050635450971,0.654830250106038
205,"lag3",4.65246901408201,0.694942076124805
205,"lag4",0.964415977231625,0.594502270413586
205,"lag5",-0.140572548815213,0.516811887800818
205,"lag6",-0.0253647798968264,0.507430246111883
205,"lag7",0.145805831084943,0.564233888296618
205,"lag8",1.38919960450032,0.672068773227016
205,"lag9",0.540849243315312,0.71708868787768
205,"lag10",-0.319356085247023,0.602020929660852
205,"lag11",-0.0041316496094721,0.516908994322671
205,"lag12",0.266552649198416,0.510523018465831
206,"lag1",8.72447586325952,0.537364729203386
206,"lag2",3.24681771053086,0.625099827194789
206,"lag3",4.25576287100704,0.664853891646571
206,"lag4",1.48925499763243,0.610869479916764
206,"lag5",0.852288751155272,0.547047627344585
206,"lag6",1.11767498192688,0.529808333942643
206,"lag7",-0.650757537462089,0.555127996882352
206,"lag8",1.55924449352833,0.645105817260061
206,"lag9",1.34348228997872,0.686436119143181
206,"lag10",0.320763815271908,0.620703598126718
206,"lag11",0.531895950704025,0.545128256218352
206,"lag12",0.508768725943997,0.53092531593797
207,"lag1",8.69484068320858,0.583094929483239
207,"lag2",1.32098302912903,0.740347980052357
207,"lag3",3.44478432055251,0.730595825890376
207,"lag4",1.26391875504989,0.635682365812751
207,"lag5",1.41099251467568,0.581558314732646
207,"lag6",1.27790850090476,0.569787452986958
207,"lag7",0.563422998413475,0.597048435700119
207,"lag8",0.735985024922997,0.750595427244362
207,"lag9",0.98032121985563,0.742198647054324
207,"lag10",0.480020506276353,0.642187397539273
207,"lag11",1.12639695900337,0.582896479355108
207,"lag12",0.0468833842964789,0.573462620973802
208,"lag1",9.78571008826755,0.57089525693325
208,"lag2",3.88548297254173,0.699256404504713
208,"lag3",5.69865395916825,0.650699632701871
208,"lag4",1.79545764288583,0.587859005011708
208,"lag5",0.253673160799481,0.54778612889708
208,"lag6",0.452240882551308,0.53018270024495
208,"lag7",1.38410113236733,0.585236916323303
208,"lag8",2.18072275162244,0.712764566907359
208,"lag9",1.51863021315116,0.673429621868556
208,"lag10",-0.445229950798365,0.601119061396485
208,"lag11",-0.00140870027039303,0.552159975398079
208,"lag12",-0.799038493133926,0.540015999726851
209,"lag1",7.58572420115143,0.525332604914478
209,"lag2",1.91163056520343,0.616118633100283
209,"lag3",4.36724944066239,0.628957829426112
209,"lag4",4.77522862618567,0.573907479916302
209,"lag5",2.35387160933362,0.530592875740627
209,"lag6",1.16427710606668,0.51348393830208
209,"lag7",-0.0469015559161822,0.543004106427667
209,"lag8",-0.106048418453506,0.633063616779275
209,"lag9",1.93155386170867,0.643088228921219
209,"lag10",2.52612176658576,0.57752948552475
209,"lag11",1.20976536271096,0.530431663502906
209,"lag12",-0.34606736079104,0.51484096818259
210,"lag1",6.01134065978273,0.524506972487983
210,"lag2",-0.131567743680525,0.622653765322682
210,"lag3",0.943864531661924,0.634884316096676
210,"lag4",-0.663429178384613,0.605680321555811
210,"lag5",0.524633206212097,0.547790246892934
210,"lag6",3.9557970453532,0.510220792317148
210,"lag7",4.50972344854858,0.536352158090263
210,"lag8",-0.981772708357991,0.635997799564469
210,"lag9",-1.51201878888691,0.655812467582175
210,"lag10",0.543013617901792,0.610990220679846
210,"lag11",0.647696618596029,0.549711975804472
210,"lag12",1.20914906640657,0.514659965829521
211,"lag1",6.6529147506886,0.501337647281201
211,"lag2",1.57039361551176,0.593851333708279
211,"lag3",5.02374326401969,0.627414511703302
211,"lag4",-0.173138593643945,0.575960611988272
211,"lag5",1.20568191843655,0.50673674337436
211,"lag6",6.1289202981207,0.493344791040851
211,"lag7",6.44883421354799,0.51071267007063
211,"lag8",4.17512135431365,0.60670489391128
211,"lag9",2.12494396121863,0.648071997571041
211,"lag10",0.114486907698056,0.579063500925169
211,"lag11",1.22055033518241,0.509670536979006
211,"lag12",1.08087021573543,0.492397754393367
212,"lag1",6.89625535611447,0.562692645027832
212,"lag2",2.12317465654021,0.731975763160726
212,"lag3",2.60359991338551,0.720067579532718
212,"lag4",0.197284412251911,0.612504911481105
212,"lag5",0.495854755648421,0.552362476390138
212,"lag6",4.98988044483229,0.541394903157403
212,"lag7",5.68840583838409,0.578913390940297
212,"lag8",0.943577415792324,0.743734581628739
212,"lag9",0.20770976280412,0.736770851332662
212,"lag10",0.897101932131153,0.62352776532122
212,"lag11",-0.124648031047814,0.551802473667697
212,"lag12",-0.545277856799374,0.543078592970914
213,"lag1",6.6433106129169,0.488067513515843
213,"lag2",0.0255635144686079,0.593535719902973
213,"lag3",1.53686781792707,0.621084689435788
213,"lag4",0.601545077199597,0.554179901189319
213,"lag5",1.63502685950452,0.491911976589727
213,"lag6",3.50007128820002,0.483680136596171
213,"lag7",3.26142943251959,0.497770527841506
213,"lag8",0.0164022989931778,0.605085143068964
213,"lag9",-0.652884811156667,0.636074296197999
213,"lag10",0.220290522049633,0.56103211890371
213,"lag11",1.02026178704132,0.49357683134012
213,"lag12",2.93989273448503,0.484610914733569
214,"lag1",6.13036730150855,0.504123074735312
214,"lag2",0.282231220139803,0.592089475228922
214,"lag3",1.19094706103903,0.643476252760669
214,"lag4",-0.664090676176109,0.572183276721473
214,"lag5",-0.243264854569411,0.481062417543888
214,"lag6",3.14644834930226,0.477412269187096
214,"lag7",3.79777145564146,0.516105770624833
214,"lag8",1.30178552503015,0.607871979517441
214,"lag9",-0.0166773515880868,0.66725673609372
214,"lag10",0.16694822420192,0.583634918974697
214,"lag11",1.39534012635094,0.483349185756445
214,"lag12",1.82332541879377,0.483481493869707
215,"lag1",6.6665901765305,0.576687006954085
215,"lag2",0.394905526787328,0.720215028555004
215,"lag3",4.11136887989341,0.684681077899747
215,"lag4",0.401283243541158,0.588391516016715
215,"lag5",2.01222575562517,0.553560064951413
215,"lag6",8.50733491887118,0.55110296777026
215,"lag7",10.6927359377651,0.592214009250967
215,"lag8",0.306447645925564,0.738797410641281
215,"lag9",0.165562401221831,0.707478824482814
215,"lag10",1.77389132970932,0.594296521296476
215,"lag11",1.14058507106022,0.555110382898537
215,"lag12",0.33699891173758,0.551619604512942
216,"lag1",7.47816885701882,0.550250535626617
216,"lag2",1.71901820585272,0.65465675874902
216,"lag3",6.59675511313544,0.652012045303274
216,"lag4",1.63243732276429,0.583383659026284
216,"lag5",1.79794385872402,0.516359989727659
216,"lag6",3.67555806582366,0.519085061462843
216,"lag7",3.30570095177664,0.558290362085238
216,"lag8",0.785425430141408,0.667259178962033
216,"lag9",1.78980281798851,0.667117877158465
216,"lag10",1.28109041571484,0.59009482207229
216,"lag11",0.368492816745258,0.520213486193029
216,"lag12",0.488196399365216,0.525842631709981
217,"lag1",6.65842038633752,0.506035604490663
217,"lag2",1.40856910865016,0.611457904484418
217,"lag3",4.33664651740728,0.608535166578403
217,"lag4",0.0265095427277076,0.546185541213322
217,"lag5",3.22592584725041,0.500002780164856
217,"lag6",6.11163796101497,0.491441104919006
217,"lag7",5.85300763828898,0.515983002004025
217,"lag8",1.13714341710805,0.616419305104315
217,"lag9",0.0708420008774885,0.616306072887544
217,"lag10",0.684708302511617,0.549207799862336
217,"lag11",2.0687255544092,0.497206058429448
217,"lag12",0.625754607993401,0.489828456670968
218,"lag1",6.16399368951082,0.518636977075322
218,"lag2",0.45954404497538,0.618335024199819
218,"lag3",2.05703707559235,0.632158481260492
218,"lag4",-0.359911500987323,0.563837808053704
218,"lag5",0.923608198858499,0.507088144942103
218,"lag6",0.0715745520619022,0.494495071521616
218,"lag7",0.06328763101051,0.53136762917011
218,"lag8",-0.139862302724657,0.634046612794439
218,"lag9",-1.67237298296435,0.64692451813937
218,"lag10",-1.3641427568321,0.569058215936052
218,"lag11",-0.251088536192907,0.508567792466012
218,"lag12",0.582348820299632,0.498348577151215
219,"lag1",6.18230623709393,0.524981554856782
219,"lag2",2.52349340007182,0.647744864213221
219,"lag3",6.21450056555064,0.642755541014595
219,"lag4",2.68499229134263,0.555061301304668
219,"lag5",1.29023985836585,0.507826322087991
219,"lag6",2.16801435143332,0.505941853457529
219,"lag7",0.807790762156602,0.53827965314287
219,"lag8",2.51242641712496,0.666742915025097
219,"lag9",2.5216665557813,0.662738165115609
219,"lag10",1.78845507366167,0.564347318629073
219,"lag11",-0.162202311617306,0.507854967597582
219,"lag12",1.02738059286516,0.50781777576392
220,"lag1",7.50541892981252,0.509651727941515
220,"lag2",2.18263796358879,0.60625903749258
220,"lag3",3.20808636352321,0.608906526758478
220,"lag4",0.944248535593637,0.549388904472422
220,"lag5",1.6537161537022,0.497364185545935
220,"lag6",3.5003023564655,0.49229095565921
220,"lag7",3.69087942056929,0.521021004291596
220,"lag8",0.221357252414712,0.621594226533802
220,"lag9",0.785342414332196,0.627705047808243
220,"lag10",0.499449184618504,0.562592719143654
220,"lag11",0.475632142311383,0.500570344095956
220,"lag12",0.548523047804794,0.497908309153891
221,"lag1",6.55206797681488,0.516271898695626
221,"lag2",2.40525200004314,0.618287501178701
221,"lag3",3.76500040614689,0.630314669488823
221,"lag4",1.21820594581229,0.579555144699808
221,"lag5",1.02332073147467,0.521889952996602
221,"lag6",3.96306231106628,0.501430981971395
221,"lag7",3.98571333722776,0.528687541053652
221,"lag8",3.22687511499119,0.635986440013663
221,"lag9",3.30324168366416,0.650935038680179
221,"lag10",1.41981362674388,0.588484962863337
221,"lag11",0.987889791560413,0.521607788259476
221,"lag12",1.7236231018252,0.503591128866133
222,"lag1",5.94815345008304,0.579129600950362
222,"lag2",1.2247874692293,0.765875085638589
222,"lag3",3.26958268502706,0.707804064138922
222,"lag4",0.874936979666545,0.583306205040461
222,"lag5",1.92709971561517,0.556860104333221
222,"lag6",4.50971496659795,0.52691636665816
222,"lag7",3.85259611691595,0.591198585835424
222,"lag8",0.831570485336623,0.778937400572098
222,"lag9",1.48582696398741,0.711529227873411
222,"lag10",1.87835931911802,0.585576842117236
222,"lag11",1.40790991286948,0.558335442172147
222,"lag12",1.53579659263159,0.526233020470826
223,"lag1",6.63264425028398,0.476765879257469
223,"lag2",0.963707353755969,0.570945383960534
223,"lag3",3.98153990124723,0.583118676759783
223,"lag4",1.3196164322556,0.540305682831982
223,"lag5",1.14061015697375,0.475120082175394
223,"lag6",0.358173484411533,0.463426647787047
223,"lag7",1.01440602375845,0.487359934273409
223,"lag8",0.497606719321792,0.590983946939707
223,"lag9",0.798922838832237,0.603469475970582
223,"lag10",1.11709759485242,0.54898370549637
223,"lag11",0.704794331134864,0.478045731695448
223,"lag12",0.434571909221612,0.466410602089768
224,"lag1",4.52715657216248,0.546854241773544
224,"lag2",1.4453471385591,0.649556138237632
224,"lag3",4.66589754149107,0.645589293630801
224,"lag4",0.576005954275771,0.589270482733633
224,"lag5",0.312422191415589,0.528303388112321
224,"lag6",1.94902589347684,0.525600471365531
224,"lag7",1.20303053771599,0.562068224253061
224,"lag8",0.42461312947835,0.672086406481443
224,"lag9",0.861382426178493,0.659781544167724
224,"lag10",2.08696215290167,0.600512724043045
224,"lag11",0.5143699514449,0.526323815516536
224,"lag12",0.100753322802095,0.528168494863452
225,"lag1",7.51367630409914,0.487216731588803
225,"lag2",1.1613118698811,0.612708734950523
225,"lag3",3.32793850163876,0.64950097492463
225,"lag4",-0.0489668771868197,0.544802496483931
225,"lag5",1.55908653147129,0.465537773361387
225,"lag6",4.02789027805707,0.46129302804972
225,"lag7",4.38667943528052,0.499033910178781
225,"lag8",2.14688480253687,0.61897841789467
225,"lag9",0.787107435228667,0.657849136048891
225,"lag10",0.345702528474552,0.543566464754516
225,"lag11",0.317784595550702,0.463302847592903
225,"lag12",0.935541901527041,0.459807373191257
226,"lag1",7.36192770247945,0.420249416724331
226,"lag2",0.956633819041606,0.527290627034055
226,"lag3",5.05208206520657,0.568600473407847
226,"lag4",0.511034039363057,0.477070904440789
226,"lag5",0.812260944815231,0.425290925299893
226,"lag6",1.59521224976132,0.412887968321858
226,"lag7",1.829320457339,0.432953100418268
226,"lag8",1.14810315094485,0.538877469821222
226,"lag9",-0.524298199952163,0.572235865398179
226,"lag10",-0.383634211768525,0.476197620896215
226,"lag11",0.539165558903184,0.419904031894749
226,"lag12",0.671951579940192,0.412308210506173
227,"lag1",5.75491021060574,0.567354783272631
227,"lag2",1.53032302400583,0.702503666421534
227,"lag3",1.86034502758676,0.67995791927185
227,"lag4",-1.25308135149277,0.614792652895393
227,"lag5",1.43579272459012,0.567600162238254
227,"lag6",6.83399373608344,0.556999447057639
227,"lag7",7.42384650604874,0.571913233350631
227,"lag8",1.60824466495273,0.711828706602101
227,"lag9",0.891300010611785,0.694291466507831
227,"lag10",0.330557099902567,0.623470860940172
227,"lag11",0.510002973092642,0.572740277720109
227,"lag12",0.868266270930476,0.563622487725546
228,"lag1",8.3213140605412,0.561293539318681
228,"lag2",1.46737679913638,0.675700442651884
228,"lag3",4.33213523898241,0.676589583338441
228,"lag4",1.87307331166351,0.599663911562726
228,"lag5",1.60768105923979,0.536703418199238
228,"lag6",1.08049365345187,0.539251734246421
228,"lag7",0.642128167173586,0.575644483113691
228,"lag8",1.29852256988677,0.69152524200534
228,"lag9",1.60696491146524,0.693585907672922
228,"lag10",0.482177545826623,0.610799696611049
228,"lag11",0.951584985839906,0.542518715750347
228,"lag12",1.05410162505986,0.54575592128459
229,"lag1",5.51890339774415,0.494371876984382
229,"lag2",2.65417490323347,0.577955758829433
229,"lag3",3.45323266682048,0.579570120966955
229,"lag4",0.18856910850895,0.560225280769348
229,"lag5",0.306587101901156,0.490198174165725
229,"lag6",0.983758056159573,0.485150492256027
229,"lag7",0.249425260617369,0.513062405681494
229,"lag8",2.00775193657293,0.594069746587749
229,"lag9",0.986125969319391,0.599237534712273
229,"lag10",0.855382963400722,0.565223507122913
229,"lag11",-0.278831424008218,0.489367763449715
229,"lag12",0.0653167549747313,0.481982992481116
230,"lag1",5.56330741513521,0.531699996534435
230,"lag2",1.98840494753326,0.634907952150078
230,"lag3",2.68792722405389,0.659914927572559
230,"lag4",0.227373431877831,0.587291757043177
230,"lag5",0.668074529942223,0.528472215910374
230,"lag6",3.25157137863192,0.514147590473224
230,"lag7",2.9546369282779,0.538765030489057
230,"lag8",1.88795041355344,0.650257103880481
230,"lag9",0.811724943299994,0.677499002338926
230,"lag10",1.10600210509338,0.59758479096375
230,"lag11",0.22582444712922,0.535524168672643
230,"lag12",0.935138940395382,0.523624876776822
231,"lag1",6.451642966756,0.572394284129639
231,"lag2",-0.41484172977199,0.685876435504511
231,"lag3",2.59274990172781,0.667238036611889
231,"lag4",0.762479546464959,0.626642873710329
231,"lag5",1.3379993844889,0.558630508628843
231,"lag6",4.02050031394837,0.546573795182043
231,"lag7",3.72363391519055,0.578561441832604
231,"lag8",0.113416932995281,0.699123074110213
231,"lag9",0.113666704208481,0.679224641103985
231,"lag10",0.98002756848114,0.630000573126231
231,"lag11",1.06571559508572,0.55883308910904
231,"lag12",0.345177611598637,0.550139096465683
232,"lag1",7.46013782034162,0.516753229585608
232,"lag2",4.56490017577671,0.599244718599888
232,"lag3",6.31889359633509,0.627169960952778
232,"lag4",1.30277071144787,0.571627358094199
232,"lag5",1.23020623180528,0.513763830640445
232,"lag6",4.81739421013671,0.511802697348703
232,"lag7",5.46790065855371,0.527878153848563
232,"lag8",1.87029851485847,0.618696994800404
232,"lag9",1.75430856856624,0.648583045172824
232,"lag10",1.09086065049097,0.582236584656629
232,"lag11",2.01783389871176,0.517737892073255
232,"lag12",0.898432640091188,0.513742852520943
233,"lag1",6.38834541493893,0.527084325892652
233,"lag2",1.29891778554158,0.648594412599363
233,"lag3",2.68610783559007,0.647656249378009
233,"lag4",-0.314027696594382,0.565845390213203
233,"lag5",1.77054937241563,0.52539231930405
233,"lag6",5.52879875226848,0.518375058531596
233,"lag7",6.84165290766922,0.541559733921141
233,"lag8",0.89955480964765,0.667535729089845
233,"lag9",0.759245687841666,0.662060355779019
233,"lag10",0.456670491208444,0.567178773706968
233,"lag11",0.842697052374291,0.517786860887056
233,"lag12",0.728890368840555,0.513700132385167
234,"lag1",6.59593595022629,0.624375667436751
234,"lag2",2.6378833652885,0.753405150945093
234,"lag3",2.06735535259278,0.718022729517455
234,"lag4",-0.177729655919405,0.672414497398904
234,"lag5",1.08402210760647,0.600112065444513
234,"lag6",3.73207835865074,0.597612708003028
234,"lag7",4.01253911442546,0.636020052376139
234,"lag8",0.541988152607213,0.757001346291099
234,"lag9",0.266150061775598,0.730782721703431
234,"lag10",1.32580914537,0.67648791745843
234,"lag11",0.449785701125065,0.601210981641516
234,"lag12",1.43315240908202,0.592470466823373
235,"lag1",7.70728616670057,0.487419265246661
235,"lag2",1.23374809254488,0.574760239986476
235,"lag3",3.44656119274612,0.597040382337182
235,"lag4",0.55320835053915,0.546692989266615
235,"lag5",0.722355433893114,0.482011442863906
235,"lag6",1.25264614206179,0.458572196672499
235,"lag7",-0.138538342616216,0.497178334928699
235,"lag8",3.07078891312283,0.591479923878668
235,"lag9",-0.822827077479764,0.611474754286887
235,"lag10",0.402390243310995,0.558879644760438
235,"lag11",0.768856901529299,0.48382613059243
235,"lag12",1.50976288492269,0.460800698789608
236,"lag1",6.82575552042422,0.589355345644439
236,"lag2",4.17652082529483,0.710734038471507
236,"lag3",5.59317509270361,0.697086217262159
236,"lag4",-0.0411552524243784,0.622764941718305
236,"lag5",3.02122810636882,0.575353049181917
236,"lag6",8.33668294994178,0.566200745166309
236,"lag7",8.80837712593842,0.603985523017364
236,"lag8",2.0940539002696,0.728878813458221
236,"lag9",1.16540910942013,0.719764952741556
236,"lag10",1.24705160944502,0.634224463136142
236,"lag11",1.51739594439875,0.580593985761354
236,"lag12",1.24082546026416,0.570437246440849
237,"lag1",6.3975038795557,0.549737510576758
237,"lag2",0.609493018560983,0.643524323173389
237,"lag3",5.10058598091267,0.652581270739033
237,"lag4",-1.55359505096375,0.62210585833591
237,"lag5",1.04434273634758,0.560415137612712
237,"lag6",6.02196441583876,0.529352499092725
237,"lag7",6.33035825688833,0.558860369076323
237,"lag8",2.5281337540118,0.654967718995704
237,"lag9",2.98138135939098,0.670838041998499
237,"lag10",-0.736825416627656,0.630836009898337
237,"lag11",0.87377844538565,0.56605377011797
237,"lag12",0.847274707901333,0.536239090859363
238,"lag1",6.42842406022136,0.554877816617867
238,"lag2",0.640828247767462,0.687236451125763
238,"lag3",3.90625053053909,0.625896807512721
238,"lag4",0.751800189639624,0.573769121509184
238,"lag5",0.389058191486196,0.548256876708494
238,"lag6",0.0279256218215629,0.530166240304926
238,"lag7",-0.187876936530055,0.568835375774409
238,"lag8",-0.623834884953262,0.695130816341388
238,"lag9",-0.390182330401549,0.634089988073471
238,"lag10",0.330219724651796,0.574233332520735
238,"lag11",-0.759610602071299,0.543368638300022
238,"lag12",0.275835295377148,0.532368383027495
239,"lag1",6.12473914178277,0.510173373329171
239,"lag2",-0.0848031860466787,0.626490615629882
239,"lag3",4.66165953106316,0.67898685508911
239,"lag4",1.05701280706998,0.571229974951872
239,"lag5",1.89872594468105,0.509039921212666
239,"lag6",3.48321414174649,0.501716939572428
239,"lag7",2.88934235107202,0.527798735299615
239,"lag8",0.474853537880393,0.641542122331301
239,"lag9",-1.01976971445819,0.698659687391759
239,"lag10",2.56162964454123,0.577901395417327
239,"lag11",0.555757455499203,0.509632543125757
239,"lag12",-0.0165150588461702,0.504917858897118
240,"lag1",7.31049232276418,0.53276789395905
240,"lag2",1.63035323012648,0.651262020969564
240,"lag3",1.48841910890218,0.68549512535763
240,"lag4",-1.35222368159572,0.57878330664369
240,"lag5",1.3485399909142,0.502718772173616
240,"lag6",5.24278691660471,0.495540948313137
240,"lag7",6.13794390808514,0.543282292534759
240,"lag8",1.08376325354595,0.660708596085667
240,"lag9",-0.776909849011195,0.691989040962068
240,"lag10",-0.476454135221437,0.582601093183265
240,"lag11",0.909163031653153,0.504527038997739
240,"lag12",2.51809012841808,0.497527089411257
241,"lag1",6.68952318923245,0.534010864548332
241,"lag2",5.03087413826777,0.66830623483404
241,"lag3",5.20489697747743,0.629111209212194
241,"lag4",1.01585818271639,0.570845266938903
241,"lag5",1.04803139153655,0.541636365950577
241,"lag6",2.18141101396526,0.518287330061489
241,"lag7",2.14914184328503,0.54645035889832
241,"lag8",2.9162080654034,0.682619511263423
241,"lag9",1.82448226590883,0.639490010397352
241,"lag10",0.922093320288036,0.576987421294942
241,"lag11",0.131619069661331,0.542714304186719
241,"lag12",0.725229461777285,0.520102785643739
242,"lag1",6.10283762443615,0.5368843967631
242,"lag2",1.59442449496497,0.653533640460083
242,"lag3",3.84570632305701,0.638788636114731
242,"lag4",0.443449963116879,0.57761698819406
242,"lag5",2.61105917508644,0.530274797966546
242,"lag6",7.16788384289816,0.516682058702311
242,"lag7",6.14203974144379,0.55135927585899
242,"lag8",2.84671018121079,0.669810719147321
242,"lag9",1.88476043868341,0.650169692641792
242,"lag10",1.76699533383236,0.582953678243006
242,"lag11",0.881945713191204,0.532776131865011
242,"lag12",0.283938444099658,0.512319958819529
243,"lag1",5.95476374959492,0.512592173774976
243,"lag2",0.255856311458069,0.614554473714273
243,"lag3",2.31172736970377,0.611567428087261
243,"lag4",-0.630633596595025,0.5596167165225
243,"lag5",1.86546777064866,0.503249897771132
243,"lag6",6.74976211978594,0.485423466181921
243,"lag7",7.02571484699662,0.522360793229588
243,"lag8",0.869492541536128,0.629966562114869
243,"lag9",-0.0819617692453949,0.623301301210411
243,"lag10",-0.242068942316739,0.56347682236523
243,"lag11",1.27624487252513,0.503180741428083
243,"lag12",1.82577418683135,0.486435838128444
244,"lag1",4.03911261884409,0.448098375434269
244,"lag2",-0.612979948737868,0.526186174390505
244,"lag3",2.76420459179459,0.575760197838859
244,"lag4",0.5636324906129,0.527291039168205
244,"lag5",1.99073281442662,0.460547547468344
244,"lag6",4.17666352572419,0.448626699174637
244,"lag7",2.54183815618825,0.457492680830038
244,"lag8",1.47482869668188,0.538394302571864
244,"lag9",1.30758506874003,0.588146277399006
244,"lag10",0.355007255260811,0.53373619589358
244,"lag11",0.755898239659698,0.458654413392644
244,"lag12",1.52414855996616,0.44682854528409
245,"lag1",7.68947244337463,0.557682349189874
245,"lag2",-1.7739124112598,0.652518598848177
245,"lag3",3.12388930377301,0.666523251317098
245,"lag4",0.416623661344525,0.604926845632807
245,"lag5",2.34399503744209,0.526189837547271
245,"lag6",5.48729626369547,0.513499399729318
245,"lag7",6.26386106624525,0.567397656191824
245,"lag8",-0.606988958935566,0.658138844581918
245,"lag9",1.10825112749195,0.675475022357765
245,"lag10",1.45394863103371,0.605224549521967
245,"lag11",1.80804681030186,0.526213713312072
245,"lag12",1.06252459433823,0.516274281233295
246,"lag1",4.98649549623693,0.542999425241838
246,"lag2",-0.278789487616841,0.680833266910692
246,"lag3",2.21218896212927,0.662107871662143
246,"lag4",-0.29122878132802,0.577725810941076
246,"lag5",0.521455111254876,0.527914019658873
246,"lag6",0.300568747980966,0.533912928160313
246,"lag7",-0.421868114577692,0.559004606908727
246,"lag8",-1.36286031765898,0.692159940761358
246,"lag9",0.648210505171333,0.683719593267275
246,"lag10",0.118872629421709,0.584768199878162
246,"lag11",-0.64780995228283,0.531758798025344
246,"lag12",-1.09978487112687,0.536371595745732
247,"lag1",8.29443269196375,0.576340251426356
247,"lag2",1.1011870575134,0.674239787989594
247,"lag3",2.15907530181852,0.679661383651217
247,"lag4",1.12860921232462,0.640506130324978
247,"lag5",0.719784189591298,0.585501644575414
247,"lag6",1.74489324631872,0.563148306558231
247,"lag7",1.65210087624802,0.584082584359501
247,"lag8",1.02346963155412,0.683685764032109
247,"lag9",0.797253625965193,0.695412852369752
247,"lag10",-0.00613991566936669,0.649100965230323
247,"lag11",0.916335531357074,0.589362855192939
247,"lag12",2.61498186614346,0.567815796150115
248,"lag1",5.6228187305251,0.573842774113171
248,"lag2",1.82601764531537,0.71400425098986
248,"lag3",3.44497082506119,0.708207603802325
248,"lag4",0.78052791835277,0.604797725721096
248,"lag5",0.845303682097836,0.564796137819312
248,"lag6",1.10438976868566,0.559445991802603
248,"lag7",-0.317274235701368,0.591046614605898
248,"lag8",0.600919555031661,0.736269240789457
248,"lag9",-1.33041934224508,0.729788407885937
248,"lag10",-0.732214294125482,0.613631734941513
248,"lag11",-1.01186219611071,0.559968937412254
248,"lag12",0.604457103822354,0.562050556339667
249,"lag1",6.72143551391202,0.539500288210043
249,"lag2",3.02178515307206,0.683012720730055
249,"lag3",5.38365128476896,0.673134082739212
249,"lag4",0.796803476658345,0.569041398055033
249,"lag5",3.69471510140522,0.538062103526934
249,"lag6",7.3569098679249,0.529510640093993
249,"lag7",6.72671420714452,0.552953484697324
249,"lag8",1.55845068924639,0.700553502365158
249,"lag9",2.25181673981741,0.68416573984605
249,"lag10",3.33346216865058,0.574287457105925
249,"lag11",1.30854674473535,0.532149052602135
249,"lag12",1.00666350465757,0.531361827947421
250,"lag1",5.96196547943984,0.515346667966734
250,"lag2",0.158810361791085,0.602113295505864
250,"lag3",2.35808041396569,0.606800603107925
250,"lag4",-0.146308448772891,0.565761893710192
250,"lag5",0.890173351265914,0.521984593449038
250,"lag6",0.917512647428376,0.506980435830579
250,"lag7",0.141026285713077,0.525839608880538
250,"lag8",0.698892006958392,0.612892213924261
250,"lag9",-1.24072510955957,0.619900343518972
250,"lag10",-1.25150611658577,0.579571820380111
250,"lag11",0.71410625362347,0.526329724178213
250,"lag12",1.23655830335351,0.509399938093044
251,"lag1",7.04119214848961,0.530304725635735
251,"lag2",2.82183702388125,0.642541906518576
251,"lag3",2.28001022487846,0.690737507262529
251,"lag4",-1.45769546286678,0.593082728629002
251,"lag5",0.758515738799321,0.515266421867116
251,"lag6",4.41647220671555,0.507495392199912
251,"lag7",4.29844320216058,0.544655985652805
251,"lag8",2.01202251320435,0.658324473354057
251,"lag9",-1.44279615868643,0.705245240393613
251,"lag10",-1.04583457393863,0.594839059090419
251,"lag11",1.74300428496089,0.50928038740486
251,"lag12",3.63062292037085,0.504707046632747
252,"lag1",7.13401763105407,0.522780230988816
252,"lag2",0.275974309474454,0.631315368893739
252,"lag3",2.40042022321782,0.614190755290108
252,"lag4",1.18546356065966,0.542126969967105
252,"lag5",0.82313215474336,0.517646762701706
252,"lag6",1.79496200393241,0.506359370050751
252,"lag7",1.72417333601527,0.538611007556657
252,"lag8",0.64340355858422,0.651556294600126
252,"lag9",1.63472130459122,0.631858562001947
252,"lag10",0.110790391713264,0.548365120692111
252,"lag11",0.528917969800133,0.515274168789127
252,"lag12",-0.0429008987420143,0.508712238584093
253,"lag1",5.60921169152686,0.472692243864722
253,"lag2",-0.627521476924837,0.569738816175594
253,"lag3",2.05201038904162,0.626361978637649
253,"lag4",0.894928065848021,0.546989671494967
253,"lag5",0.875624426141872,0.473091333916318
253,"lag6",0.820056409069397,0.462772378878358
253,"lag7",0.143387775809424,0.485426062963854
253,"lag8",1.15144169144806,0.57910176490112
253,"lag9",-0.881785246488224,0.631978358240018
253,"lag10",0.499362036268204,0.548193203545721
253,"lag11",0.515706438840381,0.467985579315763
253,"lag12",1.58949848838352,0.458808743366652
254,"lag1",5.65509887073274,0.615313085116335
254,"lag2",0.862304264726348,0.756917733599039
254,"lag3",4.73220983459233,0.76515571376723
254,"lag4",-0.792379539337462,0.656183746467379
254,"lag5",2.02011394069375,0.585758119422327
254,"lag6",12.4801884613438,0.593888501106895
254,"lag7",12.1487288523978,0.625434961901055
254,"lag8",2.80574580932477,0.778675613498315
254,"lag9",0.643645678551886,0.779676039664741
254,"lag10",1.48782940593567,0.657533921455071
254,"lag11",1.65101626023404,0.587879952673608
254,"lag12",2.08050899405084,0.592720299432025
255,"lag1",5.10863608945353,0.486873759619145
255,"lag2",0.329373077741848,0.578316578283662
255,"lag3",3.93864060804625,0.598430597453607
255,"lag4",1.42311503624277,0.532834690035638
255,"lag5",0.620754250346914,0.485833424780299
255,"lag6",1.17739269438108,0.467649735594015
255,"lag7",1.31955436255419,0.500408926701754
255,"lag8",1.00033430698253,0.589842577528729
255,"lag9",0.602791838430703,0.613989142160096
255,"lag10",0.584173559390694,0.54000084405458
255,"lag11",1.48691213520771,0.484277385095869
255,"lag12",0.458167428002216,0.471118965960533
256,"lag1",7.79279710753283,0.548303050537814
256,"lag2",1.12891385823992,0.670062709518907
256,"lag3",3.07390563827267,0.676703037914767
256,"lag4",0.40765391013468,0.582846830463804
256,"lag5",1.46687952874217,0.537486861938658
256,"lag6",3.62636232571793,0.528873010733307
256,"lag7",3.70264729108675,0.564737346145585
256,"lag8",0.29922821056977,0.696327639725843
256,"lag9",1.39028915845402,0.697188809850775
256,"lag10",1.34137380852347,0.593706198808747
256,"lag11",0.753497222070136,0.537977792021711
256,"lag12",1.03016840314062,0.53029216685389
257,"lag1",9.44981367995905,0.55004214714781
257,"lag2",3.18770784956572,0.709985963768098
257,"lag3",5.20117559047515,0.692103165558891
257,"lag4",2.16476214534423,0.582826099836406
257,"lag5",3.3346252856392,0.540185409352891
257,"lag6",6.00791967463582,0.527404659679924
257,"lag7",5.99051927138171,0.564636032723382
257,"lag8",0.935357258664797,0.727052383696319
257,"lag9",0.894604881952051,0.719559701161393
257,"lag10",2.15223470835275,0.586734631669636
257,"lag11",2.73582365746783,0.538561210138585
257,"lag12",3.88123488157242,0.522614890063982
258,"lag1",7.01746617213757,0.568580811523866
258,"lag2",1.15170231676349,0.725158780016287
258,"lag3",3.01505863814199,0.752210638379709
258,"lag4",0.168545118636456,0.621276161365255
258,"lag5",3.02071111174466,0.54130848460759
258,"lag6",8.92778434628324,0.547141522040334
258,"lag7",10.0670658426964,0.580680338016438
258,"lag8",0.574153049304327,0.739701476978597
258,"lag9",1.16168285978736,0.763393242266437
258,"lag10",2.38490989168899,0.623312754157822
258,"lag11",2.5246431346972,0.540505456338058
258,"lag12",1.91735289316891,0.548319481946325
259,"lag1",7.59093537958312,0.537468410319875
259,"lag2",0.298015817313382,0.711205349739106
259,"lag3",1.24252587692852,0.681378022681888
259,"lag4",0.221197239105978,0.578724246831199
259,"lag5",1.74880001234425,0.530583067943668
259,"lag6",3.99551721204994,0.529974676062257
259,"lag7",4.18949885948587,0.548087567334986
259,"lag8",0.119627918502981,0.720517693134582
259,"lag9",1.004426641862,0.699092547861179
259,"lag10",2.04348062018363,0.582639027694276
259,"lag11",0.448710067098159,0.528819239587994
259,"lag12",1.19198025278776,0.52689353388388
260,"lag1",5.81686306449481,0.560412836061663
260,"lag2",2.6104821222384,0.71017205877682
260,"lag3",3.52495862437958,0.683483884873914
260,"lag4",0.818650442583659,0.594692904944372
260,"lag5",0.747453882955972,0.533848547040644
260,"lag6",3.18334027637386,0.532007025579324
260,"lag7",3.7747413169901,0.573399535370168
260,"lag8",3.97696781204502,0.732808000647354
260,"lag9",0.529331961040441,0.702560121293145
260,"lag10",1.14848239227205,0.603242044049635
260,"lag11",0.999825290772894,0.533886563560196
260,"lag12",0.762249978180014,0.535902014694953
261,"lag1",6.22546529592638,0.552082657100586
261,"lag2",0.723173054434677,0.675133812693404
261,"lag3",1.82596651354499,0.612892943281827
261,"lag4",-0.424254519376162,0.570412781792424
261,"lag5",-0.143566594192548,0.550070217166479
261,"lag6",2.24043736930518,0.523961810584728
261,"lag7",2.6447399882908,0.559289958129124
261,"lag8",0.554538116234188,0.686618057972808
261,"lag9",-1.41834017192348,0.625355122644131
261,"lag10",-0.287424675895348,0.575075379379162
261,"lag11",-0.28512293516222,0.552845144972287
261,"lag12",0.888493502482898,0.526690452066328
262,"lag1",7.18654069173853,0.527882142378931
262,"lag2",1.04214307599827,0.687826036438699
262,"lag3",2.71590598159627,0.672818239956073
262,"lag4",0.79794531731412,0.553863855503545
262,"lag5",0.721752460940816,0.487304901597097
262,"lag6",2.67323218822347,0.491951396562892
262,"lag7",3.37988827197188,0.540517474394117
262,"lag8",1.83423048639675,0.704655527688855
262,"lag9",-1.10538246418487,0.696411212832154
262,"lag10",0.396599528143092,0.560635418653136
262,"lag11",0.0488742415807018,0.486659544597519
262,"lag12",-0.119841918898236,0.493267335132084
263,"lag1",8.12500922737877,0.584387983196523
263,"lag2",0.563992543352894,0.683648948471442
263,"lag3",2.7220400444447,0.68932407423536
263,"lag4",0.581310265508971,0.624704336099336
263,"lag5",2.00366402668072,0.584867536884177
263,"lag6",5.38995303339704,0.583741974053838
263,"lag7",3.47379485048773,0.592359832610953
263,"lag8",0.416228531504197,0.705338396872058
263,"lag9",0.783473545595082,0.717162882360303
263,"lag10",0.625772698343088,0.638947845957251
263,"lag11",-0.00663270365554927,0.591071503929736
263,"lag12",1.57639855530467,0.586574230817963
264,"lag1",7.67384295651614,0.606668412688623
264,"lag2",0.308963280151495,0.718770722952999
264,"lag3",3.77213168166921,0.731632672661756
264,"lag4",0.804461186261099,0.677985993852827
264,"lag5",1.62627466842606,0.581236787744323
264,"lag6",2.01908964765673,0.576056253121486
264,"lag7",0.760480983987835,0.617045214537182
264,"lag8",0.600572545618057,0.722553608401339
264,"lag9",-0.454853172149074,0.74112797193591
264,"lag10",0.310118051565768,0.680641012386212
264,"lag11",-0.506513207845614,0.585400881919193
264,"lag12",1.36975926485255,0.575186164337111
265,"lag1",6.82588390519113,0.506444473678537
265,"lag2",0.491569625737541,0.595712576480415
265,"lag3",2.76860377904296,0.635862829621245
265,"lag4",2.40465021529292,0.563261641980223
265,"lag5",1.22650800292776,0.513612161879612
265,"lag6",0.885030866918095,0.493904412021958
265,"lag7",-0.0741790963712698,0.520169075667456
265,"lag8",-0.584578493306378,0.612291506602207
265,"lag9",0.863986431864491,0.652045836586795
265,"lag10",-0.295700118626322,0.56693483210384
265,"lag11",-0.189802574477044,0.509779927365929
265,"lag12",0.0820227295591893,0.494743189458725
266,"lag1",4.11002902904207,0.549707798983897
266,"lag2",0.729578493415252,0.672575841891915
266,"lag3",3.56623193112033,0.676251343930511
266,"lag4",-0.380934638078296,0.588162231902424
266,"lag5",1.62495626139269,0.524443114240936
266,"lag6",6.15741153941183,0.513908875341623
266,"lag7",5.98845542633246,0.564488183683082
266,"lag8",1.15321134150512,0.693452467589872
266,"lag9",0.230342808947156,0.693473282160272
266,"lag10",0.962323198560752,0.597913780621889
266,"lag11",0.85196703574501,0.526747659842908
266,"lag12",-0.0337014800131181,0.518447225980862
267,"lag1",6.62317908782416,0.519380720072165
267,"lag2",1.40454684747655,0.625824811547133
267,"lag3",2.89387472905618,0.690034814621064
267,"lag4",0.818471556340269,0.635674163583141
267,"lag5",1.76635145510995,0.527824383667057
267,"lag6",4.92872308872925,0.508625383995369
267,"lag7",3.08204449342443,0.531072366036232
267,"lag8",-0.399417229610196,0.637927656240601
267,"lag9",-0.232870580419114,0.693124377251675
267,"lag10",-1.18813501644907,0.636445022397037
267,"lag11",1.04681120472304,0.525225213860221
267,"lag12",1.48712666144095,0.508059633450506
268,"lag1",5.1781137041351,0.513141847101254
268,"lag2",2.25993409727147,0.619482770991669
268,"lag3",6.93113575383231,0.655338059901609
268,"lag4",2.50564606630543,0.568967681539516
268,"lag5",2.12715939985699,0.4984451509317
268,"lag6",3.55552468523884,0.494224358630199
268,"lag7",2.80697816567253,0.523260731876359
268,"lag8",2.54340711490662,0.634586070616067
268,"lag9",3.4379863730189,0.669807378131597
268,"lag10",2.29359807648616,0.570440545730372
268,"lag11",1.55233364982577,0.500007300207426
268,"lag12",0.269958175459892,0.49449452002352
269,"lag1",6.31296867507911,0.5321821832301
269,"lag2",2.73237499290942,0.649386049299847
269,"lag3",2.41967408785461,0.630277548660019
269,"lag4",1.49353681968759,0.56993467680743
269,"lag5",2.45012476269141,0.530361501470665
269,"lag6",4.8432843155758,0.513664118570658
269,"lag7",3.95768404172463,0.544170272901642
269,"lag8",1.2544648881927,0.669641786746035
269,"lag9",-0.145203138091236,0.64406812202244
269,"lag10",2.1882070354139,0.576933282544955
269,"lag11",0.596041907988136,0.529518009747988
269,"lag12",1.57532574703798,0.512296109477081
270,"lag1",5.18176656624768,0.499060372415056
270,"lag2",0.963292576275557,0.580178305101201
270,"lag3",2.14604405169558,0.60441906403252
270,"lag4",0.352658617950772,0.56676341206888
270,"lag5",-0.359388598168744,0.529610971785781
270,"lag6",-0.00405278497376609,0.508804375287646
270,"lag7",-0.0811912727239773,0.513068446821142
270,"lag8",-0.956650556465781,0.593239268109755
270,"lag9",-0.439901985375744,0.617997374886507
270,"lag10",-0.717765072864137,0.571938651254342
270,"lag11",0.163290853981348,0.524419199535662
270,"lag12",0.74748880699668,0.506671536248286
271,"lag1",5.76620693532583,0.497630161042108
271,"lag2",1.66596458361022,0.582487224627276
271,"lag3",5.10659748445882,0.615368735954385
271,"lag4",1.15071169787184,0.579647841403415
271,"lag5",-0.00340007999919947,0.494984640717211
271,"lag6",0.270601161661202,0.474661563149093
271,"lag7",0.833840468658149,0.505759499170166
271,"lag8",1.08914929799903,0.592123390035255
271,"lag9",-0.611826884233378,0.630734987813319
271,"lag10",0.168431109061604,0.586784629865088
271,"lag11",1.20171116124304,0.49454368612594
271,"lag12",1.47255166929501,0.476668787548778
272,"lag1",5.7954709947467,0.589894216771558
272,"lag2",-0.0041077884994238,0.707165460152451
272,"lag3",3.1279467169788,0.728859212342491
272,"lag4",0.618590767646249,0.642896224990873
272,"lag5",1.97693033237707,0.57307888182825
272,"lag6",7.5165892276183,0.556407661431498
272,"lag7",8.59772913536693,0.605038400688514
272,"lag8",0.200930459196559,0.723442236482087
272,"lag9",2.21412785618661,0.744598908158395
272,"lag10",3.16517851412948,0.65462501047009
272,"lag11",1.18857197540651,0.574638458916486
272,"lag12",-0.501355529165314,0.561655341149126
273,"lag1",8.07543488100267,0.577977901056222
273,"lag2",3.54229523931241,0.724682293725998
273,"lag3",6.29326390233462,0.713685355270972
273,"lag4",-0.764758105289012,0.671138424275214
273,"lag5",2.8317957303314,0.591137419498315
273,"lag6",8.33753385848041,0.559651694114053
273,"lag7",9.91130763896634,0.587238861326555
273,"lag8",3.45502494186273,0.74174900907917
273,"lag9",2.54717525429866,0.739653417100865
273,"lag10",1.02504380390515,0.683959566243315
273,"lag11",2.52582944772937,0.600192533174121
273,"lag12",1.04109457382289,0.566573000424391
274,"lag1",6.54113298543382,0.499903069211511
274,"lag2",1.27944831547809,0.600621928697466
274,"lag3",3.64949555618558,0.579795293011245
274,"lag4",0.458644399756624,0.543440702048415
274,"lag5",1.4971407380042,0.507014270248406
274,"lag6",3.66162246267901,0.485602562401363
274,"lag7",4.26537376159649,0.509932690813928
274,"lag8",0.434285004713545,0.614263316182038
274,"lag9",0.103414788954435,0.597627626674599
274,"lag10",0.222235711826001,0.551051666698325
274,"lag11",0.608007013133302,0.506379669912044
274,"lag12",1.46966410330263,0.483810002915355
275,"lag1",6.15705162513355,0.537749080097401
275,"lag2",0.609472533805223,0.664038947586516
275,"lag3",4.85368810101756,0.658126496267223
275,"lag4",0.698217917858118,0.577893060314496
275,"lag5",0.793725403383933,0.537999917226968
275,"lag6",4.11180016776046,0.509325497301198
275,"lag7",4.70254252810918,0.551552767671128
275,"lag8",0.926439709636714,0.681313518212239
275,"lag9",0.996860174897044,0.671945725998738
275,"lag10",1.99111931580191,0.585529460406799
275,"lag11",0.907983083437644,0.537461474265165
275,"lag12",2.69490946693672,0.512917336419119
276,"lag1",3.89254653878091,0.456161637592049
276,"lag2",0.627703802468964,0.562787207455436
276,"lag3",2.56553396368516,0.576639750827369
276,"lag4",0.343936558408853,0.514386025457942
276,"lag5",1.30467022081244,0.487846948500158
276,"lag6",4.61005364921285,0.470431441214623
276,"lag7",4.34960744585131,0.470655740602947
276,"lag8",1.45549970871955,0.577236396898039
276,"lag9",0.534780896421492,0.59894022860794
276,"lag10",0.316704330687906,0.527612820533124
276,"lag11",-0.0290680440618573,0.490167105406489
276,"lag12",0.582381754853315,0.473607138975413
277,"lag1",7.07631918251252,0.529096917151313
277,"lag2",2.96639296067267,0.657139408020985
277,"lag3",2.77868744510171,0.638148982016666
277,"lag4",0.0551026005496254,0.566122976379335
277,"lag5",2.60097094844132,0.537254654711925
277,"lag6",5.37322110488773,0.535761268442953
277,"lag7",3.91061862192182,0.540576419641332
277,"lag8",2.73226687024242,0.674092587895713
277,"lag9",-0.068037584321332,0.651375823124281
277,"lag10",0.709994443973923,0.576217939931931
277,"lag11",-0.0613326796490728,0.54057842003268
277,"lag12",1.63975051089936,0.536346900167541
278,"lag1",8.24145094928833,0.486828771257174
278,"lag2",0.287476121877055,0.551776569967143
278,"lag3",3.33240100143629,0.617972808784893
278,"lag4",0.773869434183245,0.567511520596605
278,"lag5",0.65021111896463,0.477718809261247
278,"lag6",0.865662310312539,0.462684972542735
278,"lag7",1.88062210444568,0.492989167786207
278,"lag8",-1.03430540221844,0.560488594425768
278,"lag9",-1.54035105906093,0.62815844454133
278,"lag10",-1.29288252439552,0.564262941422224
278,"lag11",0.0661368030192822,0.471034134496857
278,"lag12",-0.666475100561642,0.464179438043725
279,"lag1",7.8305423288839,0.568475722665476
279,"lag2",1.67401338667531,0.672799886420708
279,"lag3",4.81878783265147,0.710210834921686
279,"lag4",0.642868288575809,0.640539404943754
279,"lag5",0.154072315497169,0.543530440986689
279,"lag6",0.318300260182467,0.53452711568589
279,"lag7",-0.688340499203001,0.579851422607527
279,"lag8",-0.101491198667629,0.68076673779571
279,"lag9",0.447993472787714,0.717579449059456
279,"lag10",0.326244709018999,0.635874315582881
279,"lag11",0.989060556591024,0.537627566954389
279,"lag12",-0.358548321190789,0.533155536549568
280,"lag1",6.63227017101975,0.537623942188563
280,"lag2",4.28120382019944,0.664762393461111
280,"lag3",3.31328827120361,0.622779959052079
280,"lag4",0.495819390021768,0.559885289045459
280,"lag5",2.81592243624949,0.50933498146222
280,"lag6",7.87946558946681,0.500840785750002
280,"lag7",9.34863552224939,0.549809989624964
280,"lag8",1.72552254062911,0.676990741903427
280,"lag9",1.25881998348783,0.641444297837621
280,"lag10",2.42674725576722,0.562772950664773
280,"lag11",1.70104495686679,0.506764615127621
280,"lag12",1.42126523088639,0.501403330621553
281,"lag1",5.99134225738783,0.514738143005391
281,"lag2",2.07617960437987,0.633453696579223
281,"lag3",3.77625041395095,0.633755602513586
281,"lag4",-0.164506320388446,0.557354144372787
281,"lag5",-0.174991069143578,0.511642680947198
281,"lag6",-0.418593227353084,0.510308754683079
281,"lag7",0.316492308903541,0.524117736294219
281,"lag8",0.265285910929191,0.640084081683173
281,"lag9",0.0526563616720999,0.64622101456927
281,"lag10",-0.910686914303184,0.557182557830478
281,"lag11",-0.721963990809258,0.509596404140156
281,"lag12",1.13122189095244,0.506513120812879
282,"lag1",5.39000322314389,0.524091980040462
282,"lag2",-0.612684329751372,0.64800922669622
282,"lag3",1.61095462891813,0.665780509419447
282,"lag4",1.94815029542961,0.619447644304859
282,"lag5",1.35532393208136,0.529200251762499
282,"lag6",3.8288784164052,0.514863001865524
282,"lag7",3.04312576949782,0.538519046247376
282,"lag8",-0.473677481049207,0.663499036585319
282,"lag9",0.7716432592563,0.679074540193485
282,"lag10",1.43981299812023,0.62526603077737
282,"lag11",0.57311308451659,0.529340329823109
282,"lag12",0.297187238808387,0.51713372772132
283,"lag1",7.28057758995392,0.50529333007276
283,"lag2",0.858669414122254,0.613857795406051
283,"lag3",5.3786255516183,0.668441522314138
283,"lag4",1.24889420322684,0.57458833535396
283,"lag5",3.85003458669855,0.487566025004954
283,"lag6",8.70078353807423,0.484198905878545
283,"lag7",9.19009303284584,0.517022270607242
283,"lag8",1.45272825737701,0.633509661998293
283,"lag9",3.7000122351564,0.693664811490692
283,"lag10",2.87763933464555,0.584746900884129
283,"lag11",3.43018239829155,0.488294760915899
283,"lag12",3.42646285698124,0.487430039544055
284,"lag1",5.28438347904475,0.568629749215354
284,"lag2",0.630216797115513,0.690452353729065
284,"lag3",5.1051338639416,0.67631647608613
284,"lag4",1.21302716197192,0.596789802447284
284,"lag5",0.976055221825961,0.555137608948466
284,"lag6",3.43471495977796,0.541065409813038
284,"lag7",2.02874392045265,0.577397464507761
284,"lag8",0.325220267389594,0.696938314311629
284,"lag9",3.95999059199302,0.688909286539403
284,"lag10",1.00070260271421,0.60254950060155
284,"lag11",0.65428666954759,0.553196916281222
284,"lag12",0.568150747390244,0.546228269444341
285,"lag1",6.5344626781313,0.493406846925277
285,"lag2",2.33535411586789,0.5851395078184
285,"lag3",4.51893549232123,0.611679986978119
285,"lag4",0.0618937655473507,0.553603281798715
285,"lag5",1.16670891284484,0.48664747587743
285,"lag6",1.07115624845491,0.473890621921918
285,"lag7",1.98951878565223,0.504983934351838
285,"lag8",2.48235092003433,0.6018759099522
285,"lag9",-0.407670585823156,0.622706296289833
285,"lag10",0.327786811732064,0.564673716473099
285,"lag11",1.06963558788571,0.487147395568789
285,"lag12",0.679052584031386,0.478001800807088
286,"lag1",9.93217823276222,0.561182230893189
286,"lag2",5.28125117931199,0.707103902732374
286,"lag3",4.36769723958037,0.658717791535487
286,"lag4",0.900073778814746,0.586530270648192
286,"lag5",1.11067953912586,0.545960006510606
286,"lag6",1.63981710505359,0.53550968024558
286,"lag7",0.521900945266016,0.577221424322716
286,"lag8",4.47083281507324,0.724447989990259
286,"lag9",1.56713967511286,0.673711476294098
286,"lag10",1.29622137212809,0.597289270399895
286,"lag11",0.811796662664655,0.549624117882826
286,"lag12",0.758005716733612,0.540733482198128
287,"lag1",8.29896230130011,0.523078573646371
287,"lag2",1.97655549710753,0.625198805911106
287,"lag3",4.3505692675725,0.673217475912123
287,"lag4",1.93701063351425,0.58062333849592
287,"lag5",2.26206732157467,0.514187927983556
287,"lag6",3.66174741044347,0.510139768801136
287,"lag7",2.63256521856545,0.532715183621248
287,"lag8",2.30878797132953,0.645798465705004
287,"lag9",1.41824226698735,0.694823215283174
287,"lag10",1.02850475390772,0.595762692250564
287,"lag11",0.956777726416473,0.517933212850004
287,"lag12",1.55002180196561,0.514978303548389
288,"lag1",5.78087417748273,0.529055187513179
288,"lag2",2.86642350283385,0.627734408845347
288,"lag3",6.0229008712314,0.639437087695387
288,"lag4",-0.0807080726355773,0.605874192790041
288,"lag5",1.48918994332607,0.533518381121576
288,"lag6",5.74397993340514,0.503594496807698
288,"lag7",4.76175624961599,0.537600270091037
288,"lag8",1.94697697269563,0.635076742738296
288,"lag9",2.49600528864112,0.656915607378371
288,"lag10",0.993148122707335,0.61145816729944
288,"lag11",2.05222106982474,0.533713670278265
288,"lag12",1.67108905256442,0.509071781127612
289,"lag1",8.43682063748537,0.589662018267106
289,"lag2",3.88756405034798,0.698372334556688
289,"lag3",4.11718382206291,0.650273975810508
289,"lag4",0.224612313496251,0.584254046073365
289,"lag5",1.98327570620927,0.552021380722666
289,"lag6",7.43392384242294,0.540684853433494
289,"lag7",8.47333607984725,0.599452826781355
289,"lag8",2.32163713572253,0.729078059436015
289,"lag9",1.51227860661127,0.676212946208018
289,"lag10",1.03918337616719,0.602112322513869
289,"lag11",2.14163043155236,0.559121603171873
289,"lag12",3.32687520807057,0.549059532097026
290,"lag1",5.40281256350003,0.4737300225264
290,"lag2",2.1835459493208,0.554384692408991
290,"lag3",1.59245866597195,0.581572003807112
290,"lag4",0.341181131161552,0.540216215933545
290,"lag5",0.273316524726541,0.495316573109682
290,"lag6",1.16128858324907,0.461500861114755
290,"lag7",0.241133025776566,0.485398022048472
290,"lag8",1.97691306738961,0.574168017783985
290,"lag9",0.650723551567301,0.603981179827798
290,"lag10",0.0872291962428242,0.558489446892914
290,"lag11",0.0234313894776787,0.496503562155714
290,"lag12",0.373268509589717,0.466864055456539
291,"lag1",6.64992205939057,0.559910319025222
291,"lag2",0.0278418948139337,0.674667858608056
291,"lag3",2.74297340482286,0.655205260895883
291,"lag4",-0.695633080638118,0.599650018557341
291,"lag5",0.639282444428862,0.543359989272593
291,"lag6",5.07780498496618,0.532767090415993
291,"lag7",5.88352999046736,0.571688597025985
291,"lag8",-0.16134058087648,0.680050870434227
291,"lag9",0.344232287562521,0.664445581090568
291,"lag10",2.41938518298859,0.604965747705613
291,"lag11",0.84803434525671,0.545364422057125
291,"lag12",0.61613638215136,0.538846414774508
292,"lag1",6.67826974805727,0.500567849916523
292,"lag2",1.06743623684304,0.585282172008213
292,"lag3",5.98647409164858,0.649403481891269
292,"lag4",1.38323705036612,0.596135616952442
292,"lag5",1.37665540193537,0.503378727150465
292,"lag6",1.14039329587878,0.493230482828187
292,"lag7",0.544976599774099,0.511588458035043
292,"lag8",-0.409395491928372,0.602639980716086
292,"lag9",0.0613865914080355,0.661297504623743
292,"lag10",-1.42630368702468,0.593326047083574
292,"lag11",-0.410147828470169,0.496020807362583
292,"lag12",0.193050729797921,0.491980073671178
293,"lag1",7.21876029575081,0.555683957318551
293,"lag2",1.32142816628095,0.65791957646276
293,"lag3",4.16159586437763,0.677242893295958
293,"lag4",1.97082230593987,0.617933589160531
293,"lag5",0.608578796305212,0.562085958805497
293,"lag6",2.04159731536997,0.535456611015503
293,"lag7",-0.558120420556851,0.570887433939505
293,"lag8",0.509195303441348,0.671916677146138
293,"lag9",-0.440832248546286,0.690186864389228
293,"lag10",1.30681242425357,0.626044186443895
293,"lag11",0.0939458883058464,0.560316904443762
293,"lag12",1.71075648166952,0.53116569733865
294,"lag1",7.56348096707849,0.548025171227195
294,"lag2",2.24345659586865,0.653044687319127
294,"lag3",4.74799063961668,0.666932475537476
294,"lag4",0.19911692929585,0.591294687320685
294,"lag5",1.39486824836009,0.532307782622344
294,"lag6",2.60072684116208,0.527596303425795
294,"lag7",3.69139015263015,0.558448643037312
294,"lag8",1.47162787270566,0.665271486175311
294,"lag9",1.66670162603164,0.678921325259617
294,"lag10",0.963255182649162,0.600674623108422
294,"lag11",-0.0442553580858474,0.530170707553191
294,"lag12",-1.19213961874265,0.529026428688654
295,"lag1",6.96524989350423,0.492179365203119
295,"lag2",0.842956276137093,0.609324432096812
295,"lag3",3.71596048601306,0.60710988701317
295,"lag4",0.220431936825004,0.526836142058368
295,"lag5",2.01881162411731,0.501217405655455
295,"lag6",4.35377248149981,0.492393691753841
295,"lag7",4.50987128897849,0.500784711541578
295,"lag8",0.724759956747469,0.628154647320974
295,"lag9",-0.949625708669745,0.627958434897104
295,"lag10",1.00334749516516,0.536689710742639
295,"lag11",0.868036545337548,0.504935619638084
295,"lag12",0.481213531134648,0.493306303833787
296,"lag1",5.59309318896009,0.525203896269414
296,"lag2",2.66310773818741,0.622476037056143
296,"lag3",3.60024529314114,0.636167570957541
296,"lag4",0.690583283397868,0.587612317549184
296,"lag5",1.63258856774636,0.5536689058848
296,"lag6",4.20988501617795,0.533046591134629
296,"lag7",3.93262660965781,0.538655356657411
296,"lag8",0.852405226553057,0.63768836821515
296,"lag9",1.21022318934216,0.656549150760897
296,"lag10",1.92684100187493,0.600585454561432
296,"lag11",0.856688641343821,0.552952638988573
296,"lag12",1.88278744431222,0.537963250260787
297,"lag1",7.95559495494433,0.531656445876956
297,"lag2",1.5815958849341,0.610734871303565
297,"lag3",2.93494933593666,0.618786608686521
297,"lag4",0.599477706495674,0.572646514161221
297,"lag5",1.62376200062235,0.529449983014697
297,"lag6",0.889920706290419,0.515966578620612
297,"lag7",0.863830651984905,0.539191116861073
297,"lag8",1.60559500732623,0.624558524280938
297,"lag9",0.356944554261653,0.630970938220064
297,"lag10",0.882130319650743,0.581347170973678
297,"lag11",0.759368826918575,0.530669510284374
297,"lag12",-0.232153141245624,0.522620795351505
298,"lag1",4.73272615880377,0.512542224731817
298,"lag2",0.00381004773182907,0.642153965103411
298,"lag3",2.57503069147346,0.628726731517087
298,"lag4",0.866253888328941,0.576967175619913
298,"lag5",2.91072632816924,0.520013142445459
298,"lag6",6.24117557628711,0.499239131590797
298,"lag7",5.58996276008817,0.524392319533913
298,"lag8",1.03285140018542,0.654833992769295
298,"lag9",-0.295523962853515,0.640511885422171
298,"lag10",3.28667134023015,0.581146901461364
298,"lag11",2.0390756061901,0.517882763053988
298,"lag12",3.36893125722241,0.500406024572156
299,"lag1",3.92031745366459,0.526461579776783
299,"lag2",-0.716427758741026,0.67233497475704
299,"lag3",1.26686591132336,0.658015941922309
299,"lag4",1.1579412825314,0.581923247845244
299,"lag5",2.26090301553599,0.51199710190888
299,"lag6",4.44657113705292,0.499106195233029
299,"lag7",3.28765835203184,0.541998631876507
299,"lag8",0.954406079996789,0.691193787924363
299,"lag9",2.13858188980731,0.671190862429612
299,"lag10",1.70347781261383,0.582218175162145
299,"lag11",0.147123522276833,0.506146958176643
299,"lag12",0.153716692134092,0.495301446267941
300,"lag1",8.29274626883934,0.537993441630243
300,"lag2",0.778846201026552,0.665889834666712
300,"lag3",3.88684414995753,0.641483392107725
300,"lag4",1.57207968525903,0.567289187795155
300,"lag5",1.79441675664409,0.517388813766686
300,"lag6",1.43889643219159,0.508115538646426
300,"lag7",0.0629003944187617,0.552704342192861
300,"lag8",2.58112992673899,0.679696843982198
300,"lag9",0.184907670642572,0.65544019642441
300,"lag10",1.03370196135876,0.574719583881455
300,"lag11",0.299872416478838,0.517931338221728
300,"lag12",0.995993424664579,0.510585662435098
301,"lag1",5.51768119197874,0.493435136074897
301,"lag2",0.991214968857366,0.626215907252727
301,"lag3",3.25061067406851,0.608182067007562
301,"lag4",0.530022438933871,0.523625803012105
301,"lag5",1.29103132881984,0.491169934870971
301,"lag6",1.1589907394787,0.483423486205467
301,"lag7",1.42491647337961,0.5100674493711
301,"lag8",1.02986809310316,0.642237992825114
301,"lag9",-0.865015660213137,0.625392893140467
301,"lag10",0.1057691612684,0.532070757660303
301,"lag11",1.82033236497522,0.490288623363022
301,"lag12",1.71918220353155,0.484675953306415
302,"lag1",8.29110734331311,0.54856986104711
302,"lag2",4.4290008351899,0.660468612562807
302,"lag3",5.43600599355262,0.643473891097477
302,"lag4",1.58560167975292,0.584874521369572
302,"lag5",2.5691366844056,0.528903085965796
302,"lag6",3.31870168319163,0.526686517164781
302,"lag7",3.67402525163662,0.56014145644488
302,"lag8",1.27679543138113,0.677460210459042
302,"lag9",1.32307560786474,0.665318506030769
302,"lag10",2.60724099548853,0.59242983030957
302,"lag11",1.15482214503133,0.53160211679449
302,"lag12",1.13412096364601,0.528108740548
303,"lag1",5.90095131125612,0.513542637069317
303,"lag2",0.675567058131608,0.597320391749597
303,"lag3",2.65828439109087,0.616811652849476
303,"lag4",1.21487789593743,0.565520532923905
303,"lag5",2.32168974691016,0.527768569699339
303,"lag6",4.2937937026998,0.507688704882213
303,"lag7",4.10050379252567,0.526894330023498
303,"lag8",-0.28696053379913,0.619917777016469
303,"lag9",0.478388810052743,0.626689923251786
303,"lag10",1.40633270646802,0.571376974904445
303,"lag11",0.582713893869434,0.528292210836727
303,"lag12",2.9591169963301,0.506092441210157
304,"lag1",8.45841898749026,0.586647271225621
304,"lag2",1.39256149113425,0.705815754998896
304,"lag3",4.60268289654071,0.722581413773081
304,"lag4",1.9925340766077,0.627883664234135
304,"lag5",1.26407684658666,0.580670813896502
304,"lag6",3.78029900394739,0.567834047136254
304,"lag7",3.04681858818239,0.597281799919419
304,"lag8",1.33599037803497,0.726130114346419
304,"lag9",0.60919117549017,0.734606475971461
304,"lag10",2.02053975795948,0.634926748371504
304,"lag11",1.09695371667251,0.584887114691556
304,"lag12",0.429533568971848,0.573785600722082
305,"lag1",5.94696163576295,0.552954129326818
305,"lag2",0.408940954966108,0.639850322415138
305,"lag3",2.54683375223253,0.655368276706167
305,"lag4",0.416223818373443,0.599151224784597
305,"lag5",1.53687366470234,0.536532312173668
305,"lag6",1.43527163820709,0.515384969009768
305,"lag7",1.50284313558974,0.55741373971874
305,"lag8",1.42441686411376,0.652006392909579
305,"lag9",-0.536356570641425,0.654123126298122
305,"lag10",-0.234062856561627,0.606051989527597
305,"lag11",2.07467536008648,0.535593023218936
305,"lag12",1.64106873591368,0.518689519580207
306,"lag1",7.45627693032155,0.504136533538943
306,"lag2",-0.348915996409184,0.641692076352535
306,"lag3",1.76486215432209,0.637811397755344
306,"lag4",1.51982082237819,0.575484404717029
306,"lag5",2.80067007011361,0.508280283460442
306,"lag6",4.84285220098399,0.492866870701951
306,"lag7",5.30512433437811,0.522338101918757
306,"lag8",1.55934664674644,0.660726565387138
306,"lag9",-1.22102688028024,0.655109927391444
306,"lag10",1.4814185144543,0.573917315296308
306,"lag11",1.98462081397456,0.505379109114443
306,"lag12",3.24374999835858,0.491865951807032
307,"lag1",7.17176663711111,0.497220618054751
307,"lag2",0.988757357611378,0.588435634103993
307,"lag3",2.97458222038555,0.610040463185771
307,"lag4",0.562604735055591,0.554516498299311
307,"lag5",1.64108024837361,0.491974560109421
307,"lag6",3.50721267101239,0.482181281632414
307,"lag7",3.41532683245471,0.504957437279963
307,"lag8",0.567971240746711,0.599038273708428
307,"lag9",0.343265231500564,0.624240513015787
307,"lag10",0.644436988302188,0.561891484488979
307,"lag11",0.632247122784028,0.492574703025526
307,"lag12",0.00921068121629966,0.486252572541021
308,"lag1",5.13376353561739,0.484188753127304
308,"lag2",-0.751633346443569,0.631345926411972
308,"lag3",1.56495314212542,0.674257915947018
308,"lag4",-1.38030922116063,0.530709473387199
308,"lag5",1.30923806722709,0.466659813265067
308,"lag6",7.07545212170289,0.465944490198017
308,"lag7",6.47829933635491,0.492956924781084
308,"lag8",-0.472523183175279,0.643814946786909
308,"lag9",-0.295280817156421,0.68274305589418
308,"lag10",1.8039254866633,0.534703973037858
308,"lag11",1.59191646387792,0.465811713880715
308,"lag12",0.608170624069443,0.469070778851891
309,"lag1",5.3067359694548,0.500027066961167
309,"lag2",2.58349235571564,0.614032299539616
309,"lag3",5.31534269663594,0.612300288927771
309,"lag4",1.24692825211791,0.535256308439318
309,"lag5",2.16591672183708,0.474085068647714
309,"lag6",5.46591513081725,0.46587770720565
309,"lag7",5.7314973276649,0.51550413757413
309,"lag8",1.29779670721363,0.622353028534306
309,"lag9",3.12233801981417,0.629682134465787
309,"lag10",2.00583418741854,0.539674923932167
309,"lag11",1.17345417193927,0.473089047694406
309,"lag12",-0.393863702231758,0.466589517395277
310,"lag1",6.56207870640561,0.523953050983657
310,"lag2",1.24516188577999,0.622442834330402
310,"lag3",3.69126340688579,0.63756584897942
310,"lag4",0.193021457910361,0.591534709709507
310,"lag5",0.98467342514871,0.53186101662252
310,"lag6",2.04588492415929,0.511727430462547
310,"lag7",2.13890824836436,0.540386775867978
310,"lag8",2.54076734927559,0.644188174033481
310,"lag9",-1.34498129060167,0.65595484044228
310,"lag10",-0.284384090904277,0.601304088353926
310,"lag11",0.31236582898786,0.528334734090613
310,"lag12",2.23099313408553,0.509679736479596
311,"lag1",8.58544189965388,0.526099230491423
311,"lag2",1.91326409291968,0.638606545895305
311,"lag3",3.58411202570394,0.663546858961286
311,"lag4",-2.50343242193848,0.587903645992842
311,"lag5",1.38511848648311,0.544598033804793
311,"lag6",7.11715637838992,0.524922803893068
311,"lag7",8.19439083912659,0.539258972721442
311,"lag8",1.77615031246797,0.661049963639284
311,"lag9",-0.270597522777174,0.686395818463923
311,"lag10",0.477421237316762,0.603940762796943
311,"lag11",1.41940686398827,0.544444148165921
311,"lag12",1.76601286312472,0.527620188656928
312,"lag1",6.1945063494538,0.545150610783462
312,"lag2",2.57733600492818,0.627247751888866
312,"lag3",6.58314960963115,0.639245732121492
312,"lag4",1.92045422915095,0.616978384963782
312,"lag5",1.46279171065902,0.529043724223424
312,"lag6",0.656414867410624,0.503188006392001
312,"lag7",0.0865379033098072,0.56116613377051
312,"lag8",0.773367886918306,0.642781741519423
312,"lag9",1.06734961631375,0.662036943036014
312,"lag10",-1.06180126208392,0.631729158243411
312,"lag11",0.249785088085701,0.527481052224052
312,"lag12",0.233861837405891,0.509124168261719
313,"lag1",7.46425277214967,0.562941699514731
313,"lag2",2.97403050887068,0.656238370707118
313,"lag3",4.01596090155153,0.66714837983243
313,"lag4",-0.0628047974997215,0.64291003244994
313,"lag5",1.06972986232389,0.594407526041727
313,"lag6",0.575334831648571,0.565313460781563
313,"lag7",0.34865677521195,0.579279705919709
313,"lag8",2.38537456005679,0.679672862397787
313,"lag9",0.162608973445928,0.683251932505768
313,"lag10",0.0386071745800536,0.654268400213425
313,"lag11",-0.545671775609117,0.597929003825618
313,"lag12",-0.0880210566000325,0.566881986636646
314,"lag1",7.41004372144398,0.501126091850369
314,"lag2",0.189440795080074,0.619452546032722
314,"lag3",2.25261519035729,0.604925191918873
314,"lag4",0.97063846951985,0.539038389760743
314,"lag5",2.8478911353238,0.511865602929589
314,"lag6",4.56324873256286,0.490535823344374
314,"lag7",4.10546578378256,0.516184091888712
314,"lag8",-0.300170867879116,0.635428590482228
314,"lag9",0.416930147323623,0.614660263863152
314,"lag10",0.319141171686126,0.541430292193397
314,"lag11",0.245942242623029,0.506038958106366
314,"lag12",0.634242022623141,0.486343611204445
315,"lag1",7.92285796533842,0.560708018708586
315,"lag2",2.01955993668478,0.666299460720218
315,"lag3",4.45268297871024,0.682286219214189
315,"lag4",1.29836579973251,0.601786112866033
315,"lag5",1.43908315470445,0.568016774013463
315,"lag6",1.29902214448425,0.548076501977928
315,"lag7",-0.14786547852045,0.573032649702672
315,"lag8",-0.0725995873284118,0.671839370446567
315,"lag9",1.7931614231205,0.688418309866867
315,"lag10",0.626319726332698,0.607626118549673
315,"lag11",0.0604245446549065,0.560579188923714
315,"lag12",0.86493762778035,0.55424846476314
316,"lag1",7.13665291515371,0.611178882988854
316,"lag2",-0.459407694123426,0.740012011433456
316,"lag3",4.14275061596986,0.700071062161655
316,"lag4",2.76495352146122,0.647644500456008
316,"lag5",2.24654022783839,0.60514847605133
316,"lag6",4.20215607224291,0.580393087165519
316,"lag7",4.03166265579383,0.628767394430667
316,"lag8",0.260206045354192,0.762872051549072
316,"lag9",2.03015793373674,0.717158429485533
316,"lag10",2.17591763533392,0.651514094292101
316,"lag11",-0.087911919156188,0.598789521251809
316,"lag12",0.855877945860395,0.580238628143324
317,"lag1",8.91124157401013,0.683017127644371
317,"lag2",1.74172181632242,0.810952141419926
317,"lag3",5.32106726306152,0.777954836186159
317,"lag4",3.06446001103979,0.692528434775436
317,"lag5",1.03479407262149,0.657763080383523
317,"lag6",1.57980635890523,0.645311308506188
317,"lag7",0.545611483163464,0.696155365210804
317,"lag8",0.0673242886704314,0.82920369891609
317,"lag9",2.55225442743141,0.787169089906323
317,"lag10",0.905317468924691,0.701318396359419
317,"lag11",-0.777229937972117,0.658560181588903
317,"lag12",0.622200876013104,0.654469591821156
318,"lag1",8.3886448976717,0.55085522038215
318,"lag2",3.27858471367935,0.660217881252098
318,"lag3",7.41631406400122,0.676913195344965
318,"lag4",2.28495898054109,0.595885127739226
318,"lag5",0.850020468811235,0.536773373132531
318,"lag6",2.27186401429521,0.509901289383453
318,"lag7",2.3391863966734,0.559755675200345
318,"lag8",1.82069262373901,0.674354179486139
318,"lag9",1.98768784372514,0.694967256673596
318,"lag10",1.42171479314435,0.606747219698659
318,"lag11",0.461220344780984,0.539277371368629
318,"lag12",0.280383574275028,0.517818264987239
319,"lag1",5.6170340280599,0.562025068181882
319,"lag2",0.758852704383623,0.684482046428714
319,"lag3",-2.76937032027413e-05,0.716361400443578
319,"lag4",-0.29621626309723,0.596342944958386
319,"lag5",1.46880384692366,0.547534264326718
319,"lag6",6.36600795656362,0.535361359221054
319,"lag7",6.04700519330822,0.571328216257479
319,"lag8",0.443551302742242,0.700746284415381
319,"lag9",-1.23183099777536,0.730992083303722
319,"lag10",1.07651702988933,0.604612197304219
319,"lag11",1.20047551554452,0.547301208041902
319,"lag12",2.33273959300637,0.5349242991955
320,"lag1",7.48471643039399,0.588571211372051
320,"lag2",1.42399605202239,0.715066046402696
320,"lag3",2.45838265652331,0.676275074378407
320,"lag4",0.106443682668196,0.620888983988309
320,"lag5",2.59219347487315,0.585345285598489
320,"lag6",5.44932613298327,0.57768420696723
320,"lag7",5.28520187884515,0.60067547193456
320,"lag8",4.62500424901867,0.728211785070633
320,"lag9",0.783618380217836,0.688794875762378
320,"lag10",1.17834922167532,0.633707185436199
320,"lag11",2.30354200146466,0.589455787616097
320,"lag12",2.51450656784515,0.581271917034836
321,"lag1",7.40132765247022,0.608661707762596
321,"lag2",3.33250026622144,0.751534697947109
321,"lag3",3.91744281549223,0.674827429458707
321,"lag4",2.26391602239627,0.639700945337654
321,"lag5",-0.0221479687926803,0.593313165840104
321,"lag6",-0.703836155514934,0.564939350010296
321,"lag7",0.213943239990318,0.62071460079528
321,"lag8",-1.86983234722395,0.767236589394301
321,"lag9",0.799726899417581,0.688146959993735
321,"lag10",-0.050147968697756,0.646022955263151
321,"lag11",-0.269968562738749,0.594924396570576
321,"lag12",0.499837184945384,0.57458886707805
322,"lag1",6.12710946051821,0.532297774045752
322,"lag2",0.768681722169176,0.636723975345865
322,"lag3",1.49563629859233,0.620651365752025
322,"lag4",0.550590165167684,0.559878466552701
322,"lag5",1.49786634190797,0.523548162636071
322,"lag6",4.56608011424362,0.533250952372188
322,"lag7",3.58166891692675,0.548759508189521
322,"lag8",2.16728207167015,0.659051089636231
322,"lag9",0.444040868767997,0.645309912210291
322,"lag10",0.219434149212772,0.570740651781803
322,"lag11",-0.56233771104542,0.526018490490972
322,"lag12",-0.0519139666132932,0.532390349943572
323,"lag1",6.53846384165128,0.552554096136504
323,"lag2",2.54454880693157,0.686404894436389
323,"lag3",3.61065433018902,0.654719027224781
323,"lag4",0.853624459502203,0.583947056655419
323,"lag5",1.46658131707642,0.543277717731025
323,"lag6",3.47278814222125,0.527519304072607
323,"lag7",4.17049366257953,0.564304379182587
323,"lag8",1.19106027871231,0.692908649205762
323,"lag9",-0.0818199958788468,0.665602641175353
323,"lag10",1.03851077971871,0.591505665837884
323,"lag11",0.0186280445080989,0.543946045628064
323,"lag12",0.644196105005548,0.532850911184037
324,"lag1",9.28143945948653,0.537279048824886
324,"lag2",3.61461294841864,0.660174081228705
324,"lag3",5.5828380938611,0.676459221195946
324,"lag4",1.78624878455275,0.594732438812345
324,"lag5",2.16617493706283,0.542517431349848
324,"lag6",4.9362443718659,0.519092048001235
324,"lag7",4.84052240810661,0.549508764338265
324,"lag8",3.35823452455776,0.68199413530752
324,"lag9",1.69269736019436,0.699574925905829
324,"lag10",2.40275020466652,0.598561155643569
324,"lag11",1.852436446974,0.543370819830573
324,"lag12",3.63141491331583,0.51813322769806
325,"lag1",7.91984938299589,0.597748829232655
325,"lag2",1.53140936406093,0.721960916247371
325,"lag3",2.90407869591727,0.713677697022141
325,"lag4",0.916434532824963,0.628646685461811
325,"lag5",2.95906826553436,0.577317455358421
325,"lag6",5.44945930292395,0.567589570885715
325,"lag7",4.85344158449613,0.606133170616117
325,"lag8",1.99382458811983,0.728259427825419
325,"lag9",3.02377632944137,0.728031956125448
325,"lag10",1.14294508227974,0.635164003555037
325,"lag11",1.25188322657273,0.579914829231777
325,"lag12",2.05240722531477,0.570244457824474
326,"lag1",6.79945592209594,0.505220774185691
326,"lag2",2.12135470645359,0.671508618130467
326,"lag3",2.8400260236701,0.627952233616269
326,"lag4",0.882059124001352,0.530574880100094
326,"lag5",0.812408890883129,0.499070743189633
326,"lag6",1.18165982094502,0.484087989771363
326,"lag7",-0.163395187117076,0.517168994272072
326,"lag8",1.36095641920138,0.676840109468685
326,"lag9",0.309139071080857,0.64231485228353
326,"lag10",-0.229103263277461,0.532800551449642
326,"lag11",-0.300699925110797,0.497714053178967
326,"lag12",-0.12229981104044,0.483895708360215
327,"lag1",6.42413926456014,0.523338358379885
327,"lag2",0.785560292258183,0.63725116806264
327,"lag3",3.99205758937405,0.628838517198921
327,"lag4",2.2935772894744,0.562671266196602
327,"lag5",0.796581407774128,0.511341577168685
327,"lag6",-0.529303957372321,0.495614777832245
327,"lag7",-1.87121230379177,0.537285895709498
327,"lag8",-2.6428181828079,0.653759286204415
327,"lag9",0.22720389071295,0.652697875337832
327,"lag10",0.332696766749479,0.570757765648705
327,"lag11",-0.110948953640975,0.503995771121168
327,"lag12",-0.384236905732064,0.497076500192062
328,"lag1",6.10240285837839,0.516395220582958
328,"lag2",0.804308245068097,0.587573364033159
328,"lag3",1.40022448392542,0.619357500199165
328,"lag4",0.195404555661871,0.579903868704811
328,"lag5",0.323878375057975,0.527984892531424
328,"lag6",0.866340692501492,0.515676588214986
328,"lag7",0.981562621912868,0.531400090563565
328,"lag8",0.579570590891601,0.609263221784484
328,"lag9",-0.325543520219748,0.641245648052329
328,"lag10",0.657718381253212,0.589054180504453
328,"lag11",1.49008054096301,0.528975058699737
328,"lag12",2.60335042062666,0.517594178098613
329,"lag1",7.98984333522007,0.580564816169001
329,"lag2",0.635634965896503,0.695681757777365
329,"lag3",1.33719912309726,0.704288624015555
329,"lag4",-0.663407076757242,0.649948759686008
329,"lag5",-0.381755565782846,0.591513314622825
329,"lag6",0.596782705254157,0.569439349980607
329,"lag7",0.593777456693616,0.591997477537282
329,"lag8",0.585598166841691,0.710587133176487
329,"lag9",-0.734113159293235,0.721225361061104
329,"lag10",-1.25505214397306,0.664544477744887
329,"lag11",-0.575984876533189,0.589153132435452
329,"lag12",-0.910139749002918,0.571814130076031
330,"lag1",11.6669827301803,0.597332950237015
330,"lag2",4.44257878517729,0.7212779129267
330,"lag3",5.98502370153265,0.745933288769249
330,"lag4",0.95220086094708,0.680330544801627
330,"lag5",2.82611457671156,0.579214908348495
330,"lag6",4.98690864717769,0.565269779886491
330,"lag7",6.53637381427081,0.61160259764122
330,"lag8",4.09698384344356,0.743601535175337
330,"lag9",2.31462843267,0.75928218512677
330,"lag10",0.815632229508891,0.678621738204782
330,"lag11",0.922771705109405,0.574441759145647
330,"lag12",1.47643489920284,0.561078707605982
331,"lag1",5.74200488020648,0.577819734784085
331,"lag2",2.27193141284933,0.664388791554019
331,"lag3",7.43695038287984,0.703537637848524
331,"lag4",0.043425561730638,0.659355030762684
331,"lag5",1.96495253394137,0.577520156920914
331,"lag6",7.46374518678523,0.562967367044586
331,"lag7",7.62479963257634,0.588192157556315
331,"lag8",1.83176703410842,0.681359269740154
331,"lag9",0.808245123603591,0.730620473690621
331,"lag10",1.12690052099832,0.67601629213338
331,"lag11",0.941187390465857,0.577677475158776
331,"lag12",0.790281152933245,0.56964758370504
332,"lag1",6.00840944873157,0.479974393860723
332,"lag2",2.88261487124574,0.620016959670376
332,"lag3",3.48825232059724,0.629575652473319
332,"lag4",1.14407780503256,0.522995386200031
332,"lag5",1.47886044962146,0.479433216566004
332,"lag6",3.14361213606158,0.460146638012741
332,"lag7",2.92098873368594,0.492691219042262
332,"lag8",1.54089662527863,0.635967150553932
332,"lag9",1.07100430490461,0.648978599050085
332,"lag10",0.445387264921082,0.530274389919913
332,"lag11",0.427779024754002,0.473459451602177
332,"lag12",0.0253033473753851,0.458963825648196
333,"lag1",7.8318102787059,0.608750329250831
333,"lag2",2.51731866635223,0.720333244643242
333,"lag3",5.18865142757775,0.713440892363959
333,"lag4",1.43154853895717,0.638473069124425
333,"lag5",0.538417208953633,0.5690510682848
333,"lag6",0.255490345763783,0.556276963221644
333,"lag7",0.110305344335363,0.623448233032447
333,"lag8",-0.588425470393214,0.734255781354948
333,"lag9",0.686744476595397,0.725810203174012
333,"lag10",-0.755805040165001,0.640597556810593
333,"lag11",-0.670967566772091,0.567050201462244
333,"lag12",-1.08353107300808,0.558094574850632
334,"lag1",7.50426164925442,0.565560396018687
334,"lag2",0.443236773578228,0.671508894776321
334,"lag3",3.77470579107909,0.717902620202625
334,"lag4",1.3896711456153,0.672171235607327
334,"lag5",0.759688629951966,0.592848475643547
334,"lag6",1.97327153459384,0.554253426014379
334,"lag7",0.301361516709364,0.571741636685903
334,"lag8",-1.64453103826865,0.683291107662417
334,"lag9",-0.817504683436089,0.741770292775402
334,"lag10",-1.46584419691391,0.677441928609767
334,"lag11",-2.19406266363118,0.592132753750398
334,"lag12",-0.854649455983318,0.556981758394769
335,"lag1",7.15862483282071,0.585200533856627
335,"lag2",1.01776708567808,0.699181675080027
335,"lag3",5.21970728091345,0.737597892279948
335,"lag4",0.743109612814194,0.664721314382865
335,"lag5",-0.167799974422089,0.560011452519426
335,"lag6",0.92714650817465,0.55024378814491
335,"lag7",0.598906892742232,0.601189613693558
335,"lag8",1.15619631859214,0.717177192328741
335,"lag9",0.556901899275256,0.755352462874367
335,"lag10",0.554288979419527,0.667431610963266
335,"lag11",0.232578300011511,0.556289730791768
335,"lag12",0.00240433867886544,0.553024278799412
336,"lag1",9.13150974114389,0.600157170830698
336,"lag2",5.99653803025858,0.767313927274513
336,"lag3",7.8291606240481,0.735364081948846
336,"lag4",2.20939060700129,0.626955677072729
336,"lag5",2.16568005242603,0.591271695568543
336,"lag6",6.9656120859744,0.577294439477989
336,"lag7",7.6079273046378,0.616559542215931
336,"lag8",2.52004391650607,0.794699823347431
336,"lag9",3.87095530757802,0.755836229224839
336,"lag10",2.78236401155309,0.639589187074025
336,"lag11",1.00202072870665,0.59173645321361
336,"lag12",2.0935792002121,0.585175100361143
337,"lag1",7.12085637775298,0.583831495667758
337,"lag2",2.55495687004585,0.714177567316306
337,"lag3",2.35981299949374,0.689763420355394
337,"lag4",1.5133608512199,0.619839110064148
337,"lag5",3.02996118936645,0.566607778607897
337,"lag6",4.10683638762046,0.542820765669469
337,"lag7",3.19112322480871,0.595796792212217
337,"lag8",1.36458987582705,0.731495832274762
337,"lag9",0.144692790679651,0.697899909209133
337,"lag10",1.02432106021908,0.623752952689594
337,"lag11",1.8071288642984,0.56269737410033
337,"lag12",1.19116639398964,0.541186097879471
338,"lag1",5.7718330954077,0.520609048025107
338,"lag2",0.609352266879733,0.647310621165827
338,"lag3",4.52650574659228,0.679265884156189
338,"lag4",2.15870443899158,0.589568498281272
338,"lag5",1.40718100027958,0.516713438695066
338,"lag6",2.11307466722034,0.503580747403813
338,"lag7",2.15445877346766,0.53338042270089
338,"lag8",-0.405977677127785,0.662059781768057
338,"lag9",2.74111948551495,0.702341851149778
338,"lag10",1.9838339292656,0.593611465471968
338,"lag11",1.32921468141227,0.516864891377674
338,"lag12",2.50240501675082,0.503471453608735
339,"lag1",7.73974928364912,0.597249335523023
339,"lag2",0.614519672547825,0.785438232636318
339,"lag3",3.97223606363143,0.769701361277031
339,"lag4",-0.430179472048984,0.630804832204777
339,"lag5",3.16579873204226,0.563506586047519
339,"lag6",11.507467776789,0.560442434628182
339,"lag7",13.7833202117884,0.614282720516585
339,"lag8",0.988788385352205,0.799995028265996
339,"lag9",0.865858617595313,0.780952054404837
339,"lag10",2.56421588704633,0.631632868659735
339,"lag11",2.34769548537209,0.561484150372743
339,"lag12",2.64548974180747,0.562017341168097
340,"lag1",7.21200792818714,0.50317340802253
340,"lag2",0.289882225411887,0.6119570754948
340,"lag3",0.531329145517414,0.630966638055278
340,"lag4",-0.104298975910815,0.553222373399121
340,"lag5",1.23779558995526,0.514167239263949
340,"lag6",1.26257621955162,0.503950477923647
340,"lag7",2.09654814857209,0.516450048331707
340,"lag8",0.570205878700574,0.628264550564089
340,"lag9",-1.853802443595,0.642731995847539
340,"lag10",-1.01534172685052,0.559403222465026
340,"lag11",-0.201101445356474,0.511425003041356
340,"lag12",0.136876189304127,0.504307936610254
341,"lag1",6.60171728883507,0.569639746948475
341,"lag2",1.74460998721682,0.691443190598101
341,"lag3",4.62813685430437,0.690109078513362
341,"lag4",2.92250056584485,0.596446953864025
341,"lag5",2.80421721916899,0.538482636071953
341,"lag6",4.91784582265719,0.527863038658891
341,"lag7",3.53452423862041,0.581928642055139
341,"lag8",0.502488360016522,0.706356512648896
341,"lag9",2.82376236881995,0.694805204973124
341,"lag10",3.0260469317807,0.596863125564711
341,"lag11",1.365163326349,0.539531132995881
341,"lag12",1.4322093892157,0.531106598341596
342,"lag1",7.24366457373493,0.562806420747895
342,"lag2",2.47604632327751,0.653686900104594
342,"lag3",4.03079600326689,0.688921346618373
342,"lag4",-0.990886868405653,0.610487011485055
342,"lag5",1.94912557065481,0.550691614887024
342,"lag6",6.17109426909694,0.548980706592834
342,"lag7",6.98736872644333,0.571502583204695
342,"lag8",-0.489492803818395,0.668325738672362
342,"lag9",0.558956937678604,0.695227091321433
342,"lag10",0.890531594145325,0.611170850607286
342,"lag11",0.908202612255275,0.546542426297661
342,"lag12",0.102496187906218,0.549246349617144
343,"lag1",4.61559083214204,0.505245332521369
343,"lag2",0.198500216759463,0.621128214303154
343,"lag3",0.273749973126022,0.645016713159475
343,"lag4",-3.31327666718567,0.567559121218357
343,"lag5",1.84328478547689,0.511727341311573
343,"lag6",10.7532099136614,0.500740326325566
343,"lag7",10.9432174610182,0.513755632548982
343,"lag8",0.462375516788957,0.632089148153143
343,"lag9",-1.32928073023566,0.664273542614452
343,"lag10",0.0319553157611624,0.573650794900652
343,"lag11",2.01728500390959,0.509044460310276
343,"lag12",2.30066521063374,0.496693451433657
344,"lag1",7.46566074675788,0.523251104309788
344,"lag2",3.31856141838157,0.637179374947645
344,"lag3",4.85879994281341,0.619805520605333
344,"lag4",1.59546717338582,0.571024666637027
344,"lag5",2.16168009646841,0.544311805731885
344,"lag6",3.99695384253491,0.515898528704523
344,"lag7",3.38898587996953,0.541180787601687
344,"lag8",0.474900622425858,0.662440326833296
344,"lag9",-0.00176864481666311,0.637079109046064
344,"lag10",0.773293015655607,0.577980921791374
344,"lag11",1.33104790331613,0.541811406795659
344,"lag12",-0.00487931397699931,0.517020497312586
345,"lag1",6.8253408135335,0.585510004807813
345,"lag2",1.93427984795597,0.715039235149294
345,"lag3",2.91100965161232,0.703484874582017
345,"lag4",0.317113834504535,0.640506584883996
345,"lag5",1.89533419332653,0.574125339943083
345,"lag6",5.10674893731769,0.562733568686514
345,"lag7",3.90267886167008,0.603934570276561
345,"lag8",2.81475147036917,0.738728932877448
345,"lag9",2.28284514401625,0.728548258327408
345,"lag10",1.01781801429597,0.650191436237867
345,"lag11",0.755908570976894,0.574447410817579
345,"lag12",1.19706759805286,0.568967832718786
346,"lag1",8.66988048748803,0.609943720727225
346,"lag2",2.23385155558674,0.713745973081731
346,"lag3",6.84585744769255,0.769217389286588
346,"lag4",-0.0440220449310223,0.689057278698702
346,"lag5",0.708758062323205,0.575275342164643
346,"lag6",2.82015628389527,0.563138611593028
346,"lag7",3.16804535926996,0.619905073742211
346,"lag8",0.150375492474058,0.727158547400112
346,"lag9",1.65690785857544,0.783663266384134
346,"lag10",0.0137538433615268,0.692666893469563
346,"lag11",0.644296170176281,0.570959117619272
346,"lag12",0.261464562160791,0.566041174542117
347,"lag1",7.64473514835749,0.562576326720648
347,"lag2",-0.0329664302042491,0.688644448135961
347,"lag3",3.53389438107729,0.726041371781175
347,"lag4",0.175916543469094,0.634841706349087
347,"lag5",2.61076419100456,0.541067339890899
347,"lag6",6.5981415224612,0.537656287263025
347,"lag7",6.47513590455505,0.572394025982021
347,"lag8",2.61748043788348,0.708608572280365
347,"lag9",1.59160990728555,0.737902597105852
347,"lag10",1.01711969589318,0.635325919908964
347,"lag11",1.85388802502163,0.540737249656423
347,"lag12",2.95783760397448,0.538690006704962
348,"lag1",6.90569974146844,0.511013786119803
348,"lag2",0.701804324381918,0.616474712060564
348,"lag3",2.05479249087617,0.675715727300342
348,"lag4",-0.315620480594233,0.587213119282639
348,"lag5",0.413240726799667,0.515523092782359
348,"lag6",2.22174130504809,0.512747920945257
348,"lag7",1.96494938246107,0.523726935334081
348,"lag8",0.814991378645068,0.632418971459807
348,"lag9",-0.267335554583397,0.689949032884136
348,"lag10",0.316552328341293,0.594847257050824
348,"lag11",1.31685182880675,0.513879777472305
348,"lag12",2.93590317981928,0.510392131459097
349,"lag1",7.74484823734586,0.543829646184026
349,"lag2",2.30716321440842,0.632206857528004
349,"lag3",3.63487511560665,0.642683507633657
349,"lag4",2.21425714172706,0.583543387973631
349,"lag5",0.498362676641673,0.524776128453774
349,"lag6",0.127268978805211,0.516697309739241
349,"lag7",-0.30838840094415,0.558882438153894
349,"lag8",-0.553514612591835,0.652599060359521
349,"lag9",0.428950236163535,0.6652605395183
349,"lag10",-0.32922238340948,0.595244017606531
349,"lag11",-0.0139923027731154,0.52837018463654
349,"lag12",0.186716304714835,0.520380855744506
350,"lag1",6.91832069964716,0.508296619593485
350,"lag2",0.324047033865915,0.596189486159806
350,"lag3",2.1541118185976,0.639355306965812
350,"lag4",0.429364783056415,0.567679894187647
350,"lag5",0.785380497866623,0.502926890659524
350,"lag6",1.11924228486278,0.496444054725285
350,"lag7",0.134786227423404,0.518812269716281
350,"lag8",2.20618256907813,0.606080458306365
350,"lag9",0.235960525049125,0.645154341589338
350,"lag10",-0.255803311733062,0.571511166517758
350,"lag11",-0.2507313141369,0.50117029645252
350,"lag12",-0.630431472024812,0.497225199050381
351,"lag1",5.32663981011543,0.507627413735141
351,"lag2",0.144321114396727,0.646224180563522
351,"lag3",2.70185422004704,0.626123802942434
351,"lag4",1.32179402687106,0.549867160897084
351,"lag5",1.00930812608979,0.510161257388927
351,"lag6",4.20084421148645,0.500670642483075
351,"lag7",4.4192702492788,0.522145701150437
351,"lag8",2.59042899179194,0.657529900571007
351,"lag9",0.0995523604611081,0.642192368294424
351,"lag10",1.91750539018929,0.556955879790565
351,"lag11",0.140959979707955,0.509827421504509
351,"lag12",-0.256590585045361,0.503913826285272
352,"lag1",8.23230891691797,0.570753006351398
352,"lag2",-1.07659038486793,0.700437475361916
352,"lag3",4.29008175396843,0.701100276574033
352,"lag4",0.595794287399574,0.618431553738819
352,"lag5",2.34085741858289,0.572118077233716
352,"lag6",7.3921315950785,0.543768405956103
352,"lag7",8.05347527089309,0.584126861842605
352,"lag8",1.89812686423856,0.715119284280356
352,"lag9",2.13661588466199,0.720913749236467
352,"lag10",2.64522216531632,0.628594499862899
352,"lag11",1.31834381797365,0.572256539361573
352,"lag12",1.45394638497348,0.545409087179854
353,"lag1",5.56442853054681,0.499456322885661
353,"lag2",0.472539963666667,0.611531007291765
353,"lag3",1.65557072223251,0.612519128415125
353,"lag4",-1.06546205068177,0.52727361058404
353,"lag5",2.05466272135236,0.487665716962012
353,"lag6",5.41256724441631,0.482411855565438
353,"lag7",5.77927504511588,0.507563868499908
353,"lag8",-0.642864935609568,0.620047103116717
353,"lag9",-0.524911858044061,0.619227303442277
353,"lag10",0.900817067572386,0.534326712385735
353,"lag11",1.24411569678067,0.484621895010041
353,"lag12",0.990770984305953,0.482365319286252
354,"lag1",4.8467628959376,0.599372691405633
354,"lag2",-1.58735450456702,0.751849139162603
354,"lag3",3.56026261957812,0.730253613955202
354,"lag4",-0.377662016611691,0.631137395204213
354,"lag5",2.54199342323292,0.596727923948172
354,"lag6",11.2199274886381,0.580384457329076
354,"lag7",11.1940959197105,0.618885048116471
354,"lag8",1.48131327673963,0.783080698330025
354,"lag9",1.98512828085268,0.748345822577095
354,"lag10",3.0489127825751,0.641617383028088
354,"lag11",0.534748411624032,0.595715837752314
354,"lag12",1.52025425209739,0.581271207029165
355,"lag1",8.6354880610114,0.538647902459829
355,"lag2",1.96050196242035,0.645498281590241
355,"lag3",3.67035410281766,0.665044634806194
355,"lag4",1.67544671792633,0.581498932542636
355,"lag5",2.37090152780668,0.528732309897875
355,"lag6",4.98685034858578,0.520404451367741
355,"lag7",4.11374522610967,0.552338388715394
355,"lag8",-0.552768807237996,0.669829642300143
355,"lag9",-0.320387114032203,0.688478930741261
355,"lag10",1.68041852465307,0.593248853972599
355,"lag11",0.479371711256601,0.532067470525671
355,"lag12",1.69560254685809,0.525641086214406
356,"lag1",7.55126698148645,0.546336688734149
356,"lag2",1.54052465681678,0.614124260721048
356,"lag3",3.16925700132888,0.620719123780626
356,"lag4",0.18704840942907,0.593521255859414
356,"lag5",0.418479425511213,0.523496435887045
356,"lag6",1.03633752971251,0.511849335973023
356,"lag7",0.815089031022378,0.563243266324866
356,"lag8",1.92932574250983,0.628814175991949
356,"lag9",0.877121078481991,0.627986292605107
356,"lag10",-0.384079234604653,0.603106058618962
356,"lag11",0.658806538280367,0.519857279620416
356,"lag12",0.190049687628248,0.516122781660985
357,"lag1",6.68729867733713,0.512350656724107
357,"lag2",3.52615260511339,0.59278938891492
357,"lag3",4.6149518297379,0.627661173903782
357,"lag4",1.83126662453114,0.587441352085664
357,"lag5",1.89789719810503,0.536604556951359
357,"lag6",1.46512672968465,0.518450544762737
357,"lag7",0.261067160939784,0.521894704139981
357,"lag8",1.83978676250944,0.604172912101117
357,"lag9",0.978852368369955,0.644833578284817
357,"lag10",1.77036110544658,0.597277389324536
357,"lag11",1.22756512021696,0.535899361453774
357,"lag12",2.74669821613274,0.518112013090213
358,"lag1",6.84691774299077,0.483910094663167
358,"lag2",1.00751023239905,0.576189287710284
358,"lag3",4.68139078773023,0.603592557445528
358,"lag4",0.0282431876685872,0.560068999027279
358,"lag5",2.02111211020202,0.499825325010558
358,"lag6",5.41764677101621,0.479631041542492
358,"lag7",5.48492223435047,0.495482924436783
358,"lag8",1.55701752999667,0.595527323924735
358,"lag9",0.748089396863848,0.626871538433774
358,"lag10",-0.403557427275795,0.566775897016679
358,"lag11",1.18631479809546,0.498771158824401
358,"lag12",1.09236885060519,0.480079980791567
359,"lag1",6.63821989852379,0.543871940006154
359,"lag2",1.19051057882356,0.647264151352713
359,"lag3",3.68251968802846,0.678030634480147
359,"lag4",0.853715393061844,0.595040395074281
359,"lag5",2.87915736439669,0.528049684782474
359,"lag6",6.52018756081617,0.522637509752064
359,"lag7",7.59111506440352,0.556171126191213
359,"lag8",1.12981437833734,0.660845356492464
359,"lag9",1.84994409711593,0.686727533299173
359,"lag10",2.96389644863631,0.599526752563428
359,"lag11",2.31034686368805,0.525660636635796
359,"lag12",2.72041387092695,0.519615753767153
360,"lag1",9.08274325157255,0.559348037670104
360,"lag2",1.40586354577199,0.676929909214941
360,"lag3",3.16277553781459,0.691064611013747
360,"lag4",-0.592468337830939,0.599182044596098
360,"lag5",2.46142482705839,0.532721086661592
360,"lag6",5.44928090846664,0.532822710872351
360,"lag7",5.86194285339543,0.570363575045582
360,"lag8",0.133195836322635,0.695520702065955
360,"lag9",0.170126506813306,0.699758311244641
360,"lag10",1.2623570455333,0.604832713014653
360,"lag11",0.89177360425982,0.534710909784902
360,"lag12",-0.11971574227001,0.535156620484583
361,"lag1",6.28530195418214,0.530151032207198
361,"lag2",1.3356012404843,0.629286452719402
361,"lag3",4.2481279615645,0.67009553496727
361,"lag4",1.89747653833657,0.613814237031047
361,"lag5",0.98695539912878,0.535214190723561
361,"lag6",1.85998045924194,0.521513158773404
361,"lag7",1.65052409441601,0.545732499306191
361,"lag8",1.050879597605,0.648507819491477
361,"lag9",-1.30701778586818,0.696990305862645
361,"lag10",0.111318648198904,0.621060479959993
361,"lag11",0.0275520398313168,0.532429710801257
361,"lag12",2.97113797833863,0.523635669667374
362,"lag1",7.64140722987893,0.521053946744551
362,"lag2",1.27982709874388,0.64708998788786
362,"lag3",5.4357986704183,0.635161097972508
362,"lag4",1.92133618899874,0.562005868167476
362,"lag5",3.71205453664948,0.524956516736277
362,"lag6",6.72317453140929,0.507196233077684
362,"lag7",6.9295229052954,0.534661421711181
362,"lag8",0.871220245982313,0.660157815540692
362,"lag9",3.80754546910403,0.649314375282406
362,"lag10",2.54700573939369,0.567026292571546
362,"lag11",1.30489732144044,0.524144967610294
362,"lag12",2.52911231547987,0.508325301699654
363,"lag1",6.08422599367266,0.46760045038359
363,"lag2",1.68270060169059,0.563140868551146
363,"lag3",4.37714027257359,0.58881578411185
363,"lag4",0.65071007330792,0.532568846735183
363,"lag5",1.16231146539575,0.467191700838258
363,"lag6",2.79839381086346,0.451928449953138
363,"lag7",3.33314645325288,0.48019944316584
363,"lag8",0.591715506122965,0.578584703713381
363,"lag9",-0.422323807909218,0.599611560145647
363,"lag10",1.21886697127483,0.533435569296968
363,"lag11",0.512032311323549,0.463345339743983
363,"lag12",-0.469745036776837,0.449747576257423
364,"lag1",7.92676524370035,0.541113950134362
364,"lag2",1.24802054663749,0.648755176926189
364,"lag3",2.13990448617105,0.66237374523542
364,"lag4",-0.387518531355347,0.610433927930259
364,"lag5",0.535622212666539,0.550858791841747
364,"lag6",3.60012998392113,0.530071799603078
364,"lag7",3.06386375004822,0.555710726005517
364,"lag8",1.32052739748008,0.664036093746372
364,"lag9",0.760983706670264,0.676536985919046
364,"lag10",-0.221697410798524,0.613691881694558
364,"lag11",0.709756062648214,0.550904735654549
364,"lag12",0.695779320350944,0.530659826781886
365,"lag1",6.26725837723352,0.47838751533239
365,"lag2",-0.324420804568622,0.56516895465274
365,"lag3",1.81168807219419,0.58616329819121
365,"lag4",0.0494053626165611,0.539483519952408
365,"lag5",0.206382101188021,0.479301785507715
365,"lag6",0.401185538460215,0.474919104271105
365,"lag7",1.44681186029926,0.488014554630335
365,"lag8",0.146675672105594,0.574441719485228
365,"lag9",0.959179663001557,0.594258986684603
365,"lag10",-0.204793240590539,0.543640771089151
365,"lag11",-0.64428937052267,0.476801175178732
365,"lag12",0.39843076555337,0.475515582493842
366,"lag1",5.71632036258835,0.538996228063733
366,"lag2",2.67916801194748,0.641792034032493
366,"lag3",1.89205178742525,0.649733512053762
366,"lag4",-1.64612483299196,0.6048832187013
366,"lag5",1.08087506535415,0.570497294775921
366,"lag6",8.99559964017029,0.548782031236899
366,"lag7",8.81390207247174,0.553962810175714
366,"lag8",2.36562137278584,0.656067891523239
366,"lag9",1.29456496507498,0.666385728971337
366,"lag10",1.26025177234128,0.612261531470447
366,"lag11",1.45260576386528,0.572807772723313
366,"lag12",2.80249859803304,0.547309029883667
367,"lag1",5.31985443201805,0.525148099318342
367,"lag2",1.0270351085358,0.624706187048759
367,"lag3",4.34714303248436,0.622828068539791
367,"lag4",2.90912647966823,0.580356711003484
367,"lag5",2.57809045406856,0.511794491466927
367,"lag6",4.15211486630798,0.491761121623205
367,"lag7",4.03118176277768,0.542639770350367
367,"lag8",0.745838821130914,0.646202691889524
367,"lag9",2.72829470619108,0.635863975876573
367,"lag10",2.15910823314734,0.580543623874969
367,"lag11",0.607944487154417,0.511451068183317
367,"lag12",1.44800741883247,0.492815248904628
368,"lag1",4.67089263875395,0.506215532988425
368,"lag2",-0.602158249197501,0.611119158079955
368,"lag3",2.04747901131362,0.613581060356887
368,"lag4",-1.77613235529363,0.567773298072824
368,"lag5",2.36381118303555,0.520617060778591
368,"lag6",9.0429210331367,0.498357624105533
368,"lag7",8.22365975109727,0.524784720145
368,"lag8",0.980429252558224,0.629281812579062
368,"lag9",-1.64434649582658,0.626476872610408
368,"lag10",0.542412849481585,0.570717678139862
368,"lag11",1.42054262577312,0.516039783497185
368,"lag12",1.62101766222485,0.495490804129145
369,"lag1",6.0338520893268,0.485365859085684
369,"lag2",0.699839105117729,0.593839892600046
369,"lag3",2.44150350317991,0.592598497125666
369,"lag4",-1.26644388199709,0.528947426332178
369,"lag5",2.22837165221988,0.491960146613925
369,"lag6",6.18088233892184,0.469461779266045
369,"lag7",6.02279722151177,0.494603745327281
369,"lag8",1.8482460425004,0.600073107270142
369,"lag9",0.955039719913754,0.606840343071636
369,"lag10",0.128524277275256,0.538873078388067
369,"lag11",0.333658603417727,0.492238762578227
369,"lag12",0.436530712086517,0.47170127768255
370,"lag1",3.85727897451562,0.53607704268323
370,"lag2",1.66790993780818,0.616548373526391
370,"lag3",4.43750223801198,0.640292341747871
370,"lag4",0.764282169154588,0.562133837080946
370,"lag5",1.58740374466561,0.522138196622554
370,"lag6",0.489271152486845,0.503837509556455
370,"lag7",-0.630176503499107,0.550782222587019
370,"lag8",-0.4304151854633,0.632154534445695
370,"lag9",-0.674668686631334,0.648423388307833
370,"lag10",-0.280843865896088,0.564798089438926
370,"lag11",0.231498150859136,0.516673119019164
370,"lag12",0.159384302970788,0.505723466534298
371,"lag1",7.19448138450309,0.49335095122313
371,"lag2",2.73770058654019,0.591860361130719
371,"lag3",5.97914958774737,0.653361161831943
371,"lag4",1.38237931286583,0.577698052068571
371,"lag5",0.244160038045028,0.501858596271057
371,"lag6",0.541970040933131,0.48173417729451
371,"lag7",-0.668192231950576,0.501595625820231
371,"lag8",1.35019544184418,0.597571469184785
371,"lag9",1.15806946491868,0.667131506882567
371,"lag10",0.187491160881662,0.586782237658522
371,"lag11",0.501850495508467,0.502394106877513
371,"lag12",0.990448206390621,0.488069799701328
372,"lag1",7.11329772176725,0.52552055795682
372,"lag2",1.52366851267882,0.652641946936886
372,"lag3",3.67030128155399,0.675006039635106
372,"lag4",-0.345534440783663,0.578488387439622
372,"lag5",2.27113155491576,0.511521664710656
372,"lag6",7.09060139648773,0.507291320485524
372,"lag7",6.33123734716722,0.537738192501785
372,"lag8",1.53511466337368,0.661717336713442
372,"lag9",2.05355425974116,0.684569698082882
372,"lag10",0.952113274059073,0.581508903145545
372,"lag11",1.53983544378003,0.508223093846627
372,"lag12",3.60282859595611,0.507203412803737
373,"lag1",9.05449507635792,0.57876004755409
373,"lag2",2.15785043119405,0.727768772154951
373,"lag3",1.43375461482127,0.686843569371302
373,"lag4",0.474189715788983,0.609687677279235
373,"lag5",0.774029842860495,0.563559238050413
373,"lag6",3.16591177028468,0.54092494086645
373,"lag7",5.88028810341305,0.586620447823033
373,"lag8",0.600966512292096,0.745424923412927
373,"lag9",-1.34078571830018,0.70257744826701
373,"lag10",-0.296425302357143,0.615950559471221
373,"lag11",0.342058765591404,0.563399501927943
373,"lag12",3.07294758791487,0.544581111601469
374,"lag1",7.03782172904533,0.546280467399963
374,"lag2",2.18864185963772,0.627065770898618
374,"lag3",3.20200777006252,0.64531144137719
374,"lag4",0.53429900187739,0.59423472210344
374,"lag5",1.22967224291251,0.561308134761426
374,"lag6",1.61672123431626,0.550687368355765
374,"lag7",-0.712355100735911,0.561635480892819
374,"lag8",-0.266362954558714,0.650881903035251
374,"lag9",-0.555801524024135,0.67394207051168
374,"lag10",-0.729462634945202,0.614929588965191
374,"lag11",0.471659019909913,0.563166372066406
374,"lag12",0.472566101923522,0.557120737221598
375,"lag1",7.69652353921273,0.510304898934317
375,"lag2",2.86784225251383,0.614429211825015
375,"lag3",5.18785246212629,0.641944742605603
375,"lag4",-0.0653056997838419,0.574245957833867
375,"lag5",1.69665316666982,0.487170747205239
375,"lag6",4.68383508571365,0.48289861526592
375,"lag7",5.94059442972258,0.521619160816029
375,"lag8",1.85993520681451,0.629671801934755
375,"lag9",1.93790827126414,0.661886223184331
375,"lag10",1.26955343602189,0.578889027948536
375,"lag11",2.76510465311153,0.486260928766656
375,"lag12",0.96150210091339,0.483617533324683
376,"lag1",4.16124843924726,0.443994908676568
376,"lag2",-0.861444765116627,0.537662022306487
376,"lag3",3.0378942992247,0.575743955810938
376,"lag4",0.683238954159345,0.504671411655164
376,"lag5",1.45247557657533,0.437358239496857
376,"lag6",2.40881793737916,0.426040794836644
376,"lag7",2.48557945564939,0.455722770509048
376,"lag8",-0.889301021870552,0.550566100984816
376,"lag9",0.292994300698597,0.583770684308108
376,"lag10",2.15127454073362,0.511824625853039
376,"lag11",0.489222876351289,0.436634056401852
376,"lag12",-0.0325231369228274,0.430532845227981
377,"lag1",4.77787487994577,0.529837946904345
377,"lag2",0.521802716787721,0.635554459092097
377,"lag3",1.87595110658518,0.679783063172742
377,"lag4",1.19359676964027,0.625834404232023
377,"lag5",2.19185931751774,0.548722514450628
377,"lag6",4.69378926977258,0.53437458846563
377,"lag7",2.77361415584243,0.545111059726392
377,"lag8",0.580825803471361,0.651627208499407
377,"lag9",-0.0918824876913507,0.693455415624395
377,"lag10",1.28256082429193,0.631906251978123
377,"lag11",1.98579691815405,0.546625270050257
377,"lag12",1.65119445647298,0.528534540407448
378,"lag1",8.86317383528364,0.604501073648199
378,"lag2",4.88632316585725,0.711660702229272
378,"lag3",4.85257235521352,0.734566297304841
378,"lag4",1.15316710614258,0.669418055821299
378,"lag5",1.97858849257186,0.604557371498373
378,"lag6",4.77648264297803,0.584750226054106
378,"lag7",2.83710889323554,0.61856800327939
378,"lag8",3.08317697566514,0.729757425532166
378,"lag9",3.12700541824416,0.758166105670032
378,"lag10",2.53585029647498,0.685811356028371
378,"lag11",0.475585003215063,0.606400286050705
378,"lag12",0.723583054313871,0.588198896444225
379,"lag1",7.15652946572253,0.503949119560889
379,"lag2",2.6449463476546,0.602638991501426
379,"lag3",6.20743070823477,0.622135845490654
379,"lag4",1.51119252860416,0.56334241757514
379,"lag5",0.812352733603233,0.490902837784744
379,"lag6",0.49129199046024,0.480623635730425
379,"lag7",1.10530338537908,0.51576471865986
379,"lag8",2.19492799838648,0.616098022075683
379,"lag9",0.858715275266071,0.638096324829269
379,"lag10",0.152942568729388,0.568521214339606
379,"lag11",0.827994964288272,0.490985512608733
379,"lag12",0.576612197272922,0.481107301169312
380,"lag1",7.45293140235426,0.543314615662626
380,"lag2",0.578632309915651,0.662819981589227
380,"lag3",3.01376271907779,0.69145659017649
380,"lag4",2.84438344888402,0.604581679063808
380,"lag5",0.565009318698567,0.538438014107369
380,"lag6",1.92173957904686,0.524337952850306
380,"lag7",-0.369951407781877,0.558405523734169
380,"lag8",2.75484951204756,0.684966218225282
380,"lag9",0.13518174161443,0.712436485747466
380,"lag10",-0.329079606966399,0.614835543242372
380,"lag11",0.286474167351421,0.541152248158805
380,"lag12",1.26932406603648,0.527996700812517
381,"lag1",6.0850855119384,0.586946532807541
381,"lag2",4.44759127887721,0.717376789093222
381,"lag3",4.22189576528415,0.687876329251435
381,"lag4",1.13681353131622,0.598543586408783
381,"lag5",2.51586431001594,0.56057143135391
381,"lag6",1.828394995911,0.551635457861067
381,"lag7",2.05654050843339,0.596415231487288
381,"lag8",1.59481475766424,0.727384429224994
381,"lag9",1.51386539215761,0.700099961242161
381,"lag10",1.59148635109007,0.608544148213831
381,"lag11",1.16331452292631,0.562677089030525
381,"lag12",4.07388305586213,0.556033869294451
382,"lag1",5.95382930260639,0.532178334949487
382,"lag2",0.975461716331954,0.640791060802489
382,"lag3",1.50210230897682,0.644978132627622
382,"lag4",1.85852253031318,0.581993896829804
382,"lag5",0.199706355976658,0.531136634813962
382,"lag6",0.809503067399049,0.524896159669354
382,"lag7",1.30274298417742,0.542839296871683
382,"lag8",1.06898945911939,0.657040750304007
382,"lag9",0.164542475475295,0.663727175310355
382,"lag10",-0.253693620618942,0.592850815462479
382,"lag11",-0.0227018781399784,0.531922551293388
382,"lag12",1.16377711485809,0.524833206862478
383,"lag1",7.18820176044412,0.48808724695509
383,"lag2",0.145882858315422,0.569105408931901
383,"lag3",3.18118375713676,0.603022956942829
383,"lag4",0.295685721137371,0.557554092180966
383,"lag5",2.1354198048714,0.496647910405318
383,"lag6",6.02922856041155,0.481669838176445
383,"lag7",6.69716899559303,0.503179848519835
383,"lag8",0.914343569673741,0.58754970133708
383,"lag9",0.929438638997628,0.616233152545696
383,"lag10",2.15024566276465,0.563602104558387
383,"lag11",1.24487199869824,0.493144180402855
383,"lag12",0.789148690312836,0.478714678974109
384,"lag1",6.94735535515974,0.491775446701961
384,"lag2",1.78168557843874,0.627054685548802
384,"lag3",3.23658778779858,0.642602699355022
384,"lag4",0.564929494625633,0.559462368999052
384,"lag5",0.904822144387174,0.4889019795108
384,"lag6",2.54766314702868,0.475796018803854
384,"lag7",3.73627619914312,0.504349588563157
384,"lag8",-1.46661024240397,0.637109091562296
384,"lag9",2.10002772766449,0.655267588438279
384,"lag10",1.14700512428125,0.555189223524735
384,"lag11",1.50339549487528,0.484655507334213
384,"lag12",1.24347517595744,0.472495605254487
385,"lag1",7.43737416354166,0.555639085915498
385,"lag2",-0.0964445650210687,0.688792518011885
385,"lag3",3.74563742153896,0.662424216583916
385,"lag4",2.76227919234782,0.591929975942272
385,"lag5",1.31138290832218,0.547301259205698
385,"lag6",1.16299214657064,0.52328683669768
385,"lag7",1.24561511619462,0.572336701341701
385,"lag8",1.57493407600243,0.705207587784423
385,"lag9",1.72690335310904,0.673864408956872
385,"lag10",1.14754153456791,0.591848099486557
385,"lag11",0.571438265146686,0.543084388168457
385,"lag12",0.836860485175664,0.519423465799097
386,"lag1",5.80899096952948,0.599865200675679
386,"lag2",2.02537506223443,0.720842980504224
386,"lag3",3.67589642692352,0.741911544823831
386,"lag4",1.29700947196987,0.661347158776243
386,"lag5",-0.901166730210103,0.582701914924853
386,"lag6",1.41881757916995,0.564153088563079
386,"lag7",-0.358607694085493,0.616944566360533
386,"lag8",1.08836645600245,0.752451855762729
386,"lag9",0.498218472961325,0.769308028176367
386,"lag10",-0.167731828772704,0.671799301226148
386,"lag11",-0.304006713821386,0.585264771250186
386,"lag12",-0.822404588166975,0.563601842420495
387,"lag1",5.58404006463054,0.567644307105429
387,"lag2",-1.82426450471898,0.681909685195251
387,"lag3",3.19054854535461,0.679130579083393
387,"lag4",1.97026167712567,0.611081243907418
387,"lag5",1.73350951380572,0.56623277495999
387,"lag6",3.98243730316342,0.546049195157198
387,"lag7",3.94465604885073,0.578505353166573
387,"lag8",0.182733955992485,0.697584156027451
387,"lag9",-0.516847555150116,0.701638538522222
387,"lag10",2.40096719501328,0.625173777517158
387,"lag11",1.56734280996336,0.567549392754389
387,"lag12",1.86585872057105,0.550554752087411
388,"lag1",7.94080259348121,0.560338524335498
388,"lag2",2.70906470756281,0.673090237413728
388,"lag3",5.7020671464156,0.728786238693106
388,"lag4",-1.1120958773312,0.655896616068057
388,"lag5",2.36537660755382,0.560698255131987
388,"lag6",6.48021993210171,0.549696308535474
388,"lag7",6.66576030416749,0.57206103888721
388,"lag8",-0.426157183703142,0.681335322866137
388,"lag9",-0.0771917104024754,0.746250424227641
388,"lag10",-0.291233106963004,0.657547731299219
388,"lag11",1.69544006400949,0.555022620035867
388,"lag12",1.51018025909816,0.550048329741135
389,"lag1",6.74524487788404,0.581163092065654
389,"lag2",3.10817663052408,0.722648976834372
389,"lag3",4.14658164258463,0.694375907522861
389,"lag4",0.0275912900488864,0.618400256121517
389,"lag5",0.48467896563464,0.547060004330138
389,"lag6",5.30935641501131,0.534842601619341
389,"lag7",5.48042398968171,0.590536267590421
389,"lag8",1.84680083298629,0.727384502261384
389,"lag9",2.47835971840456,0.715408850051145
389,"lag10",1.27291698434761,0.618384762771354
389,"lag11",1.22332507817143,0.547571538065392
389,"lag12",1.71022002369178,0.536124020413363
390,"lag1",8.28865317472045,0.555665178886097
390,"lag2",3.79928170848049,0.705697069895642
390,"lag3",4.42331110291351,0.689265366784736
390,"lag4",1.32802160168733,0.623230174359802
390,"lag5",1.53994983069824,0.581739515710312
390,"lag6",5.08621768419816,0.563287213381294
390,"lag7",3.85790519808014,0.573715620357195
390,"lag8",3.7351157602894,0.730906629294543
390,"lag9",1.00471017016409,0.710510283839879
390,"lag10",1.56220231363515,0.634592050625954
390,"lag11",0.127314734803347,0.581588948583086
390,"lag12",0.0643194851551936,0.561014447327627
391,"lag1",6.42864577290587,0.549198405724282
391,"lag2",3.66033324002743,0.669585362115689
391,"lag3",6.46151655509831,0.681481536469854
391,"lag4",1.13524772400948,0.593184316678839
391,"lag5",2.26456422899162,0.543761507650645
391,"lag6",5.60280850905178,0.516781386139196
391,"lag7",5.83706408417861,0.562038025224725
391,"lag8",3.07035223776107,0.688838266628694
391,"lag9",1.41080593883357,0.697546469930739
391,"lag10",2.5529377643575,0.601428279059325
391,"lag11",1.92180610690806,0.54489123619337
391,"lag12",0.65890116978355,0.518652919742058
392,"lag1",8.96449994847962,0.563928578478387
392,"lag2",1.62554544258369,0.667245853508032
392,"lag3",4.94387475332476,0.712276074995191
392,"lag4",2.58728254276821,0.609084468055041
392,"lag5",2.70070235677613,0.548087963845348
392,"lag6",4.74145871243382,0.550107522562439
392,"lag7",4.09056447992394,0.581481659478649
392,"lag8",1.22697952284359,0.684144561240337
392,"lag9",3.75048717226369,0.731431825107462
392,"lag10",2.16782740513705,0.612550574963935
392,"lag11",1.17778116845339,0.544407376996516
392,"lag12",2.04681376806086,0.549307683210215
393,"lag1",7.71962903906171,0.568018701402756
393,"lag2",-1.14829775421532,0.701526618505386
393,"lag3",3.75051341658437,0.709455820077198
393,"lag4",0.573702049708668,0.611368353629924
393,"lag5",1.95610124752654,0.547250064990391
393,"lag6",5.50364400212093,0.548328054692286
393,"lag7",5.71816277486291,0.578239981983573
393,"lag8",-3.36376190507246,0.720351786516667
393,"lag9",-0.863287614168282,0.735274298259828
393,"lag10",0.521304213847606,0.618548608105636
393,"lag11",0.703506725952799,0.548174144032719
393,"lag12",1.81477816219166,0.553704836744775
394,"lag1",5.0848555014546,0.565567214658
394,"lag2",3.39137564601725,0.643561205956199
394,"lag3",3.58785722567349,0.654618970527639
394,"lag4",-1.21987861799021,0.621535901056303
394,"lag5",0.356589053607568,0.543463385854119
394,"lag6",4.94828745956727,0.524047217665134
394,"lag7",5.00904879027445,0.579856445808792
394,"lag8",1.01973894318955,0.659152020143086
394,"lag9",1.97866710718779,0.67412349890909
394,"lag10",1.34048453688233,0.633284158427341
394,"lag11",1.28745383513959,0.545938193405231
394,"lag12",1.01654349214098,0.526508465183636
395,"lag1",6.30840327297557,0.574784356176801
395,"lag2",0.60810160671878,0.683634983485117
395,"lag3",4.30386269426498,0.665829659071864
395,"lag4",2.04445694970715,0.61728188825209
395,"lag5",1.00578147663183,0.584472204034928
395,"lag6",3.89490364021734,0.569339881118272
395,"lag7",2.87784789106063,0.596943599264143
395,"lag8",0.589342233968391,0.708205226359831
395,"lag9",1.08650745757638,0.693573456690983
395,"lag10",2.55617279286115,0.638975582757953
395,"lag11",0.223555532627225,0.590228184436264
395,"lag12",0.265970165170765,0.582808348349321
396,"lag1",8.37820827643561,0.547144157384746
396,"lag2",2.28182649371382,0.672583476009527
396,"lag3",3.20043069387047,0.677185147738401
396,"lag4",0.766141994375027,0.607036691082905
396,"lag5",1.58175833968205,0.528073120448902
396,"lag6",1.90215802903145,0.511902480976635
396,"lag7",2.42322519775081,0.558217129171377
396,"lag8",0.555791637359526,0.685142273460602
396,"lag9",-1.44038016509098,0.686354752745243
396,"lag10",-0.539719159131938,0.608639682561669
396,"lag11",-0.1710891130625,0.525958749893677
396,"lag12",0.20065303046696,0.51210756549028
397,"lag1",5.56152042876643,0.561732828813562
397,"lag2",-1.18948101031171,0.69825468214331
397,"lag3",0.689739583418813,0.67367440221453
397,"lag4",-0.0260261219571674,0.593219014613964
397,"lag5",1.54547773876806,0.562065014374202
397,"lag6",6.78397198106854,0.554947284943955
397,"lag7",6.12387062391454,0.574768119144583
397,"lag8",-1.13755518965581,0.71108686674625
397,"lag9",0.283912370667928,0.693151929487093
397,"lag10",1.32803527623292,0.597412553975707
397,"lag11",1.57911102252954,0.567908861425466
397,"lag12",1.78162897205328,0.557110448400032
398,"lag1",8.00950183105762,0.569793071176129
398,"lag2",0.269289941301522,0.68169467551245
398,"lag3",3.87303479650761,0.683840100167779
398,"lag4",1.24453873243305,0.607279893199772
398,"lag5",2.39845251267417,0.568134100582197
398,"lag6",5.21171117997956,0.542866418075621
398,"lag7",4.46072569275835,0.576229873725459
398,"lag8",-0.0314516385598536,0.690479294350984
398,"lag9",-0.126070475064816,0.699057803070317
398,"lag10",0.61724295625894,0.61560668816088
398,"lag11",0.986300008605955,0.563267384443007
398,"lag12",0.144951896469103,0.545126850609794
399,"lag1",7.61336883965763,0.503312539585437
399,"lag2",1.65049206294143,0.619705437475431
399,"lag3",3.63403710051073,0.641135830607246
399,"lag4",1.51197185002085,0.54743894870364
399,"lag5",2.41542736913943,0.504005093674654
399,"lag6",4.11030109543184,0.491681151476999
399,"lag7",3.71649399216657,0.516521420537882
399,"lag8",2.62065905973323,0.634157653193406
399,"lag9",0.750289210036805,0.655089477454643
399,"lag10",0.872739163407098,0.554149432490561
399,"lag11",0.51216097354195,0.501383092623106
399,"lag12",1.14376341574437,0.493719968693103
400,"lag1",5.6785065953697,0.54104906245929
400,"lag2",1.61651107438981,0.667997498702863
400,"lag3",2.9512268375253,0.669164215549395
400,"lag4",0.239810842167377,0.580006461998654
400,"lag5",2.07785607879669,0.518402944462051
400,"lag6",6.1532760139276,0.510365500114246
400,"lag7",6.70286120102983,0.551465340615679
400,"lag8",1.13481682308987,0.687294645717095
400,"lag9",1.07883790362891,0.683553110744637
400,"lag10",2.15834406345968,0.58374483253056
400,"lag11",1.33735431400782,0.521414059835974
400,"lag12",0.349037517049204,0.514103441430191
401,"lag1",6.99060945801947,0.519920779693384
401,"lag2",1.86047193600324,0.646388716901066
401,"lag3",5.26250687555961,0.661088599130438
401,"lag4",0.889017747138108,0.574643710352722
401,"lag5",0.543380312154082,0.505329946674723
401,"lag6",1.84542756499627,0.502103835166336
401,"lag7",1.48162388847806,0.532178681869574
401,"lag8",2.11940747165595,0.657845792264631
401,"lag9",-0.491479754499239,0.671478820080821
401,"lag10",-0.454586227775127,0.577679944897262
401,"lag11",-0.58824277549023,0.503685911459017
401,"lag12",1.17521915916244,0.505305551732361
402,"lag1",6.3347357075,0.505144932022031
402,"lag2",-0.528642043073828,0.624081876800502
402,"lag3",1.79883402477569,0.642972843374737
402,"lag4",1.12426125436255,0.560655586800139
402,"lag5",2.36045990929228,0.494566991912817
402,"lag6",3.77162953357572,0.478791289441811
402,"lag7",2.22861375954446,0.511928266076516
402,"lag8",-0.81620033364997,0.634689081215444
402,"lag9",1.06632553962687,0.650570678795491
402,"lag10",2.19859206061876,0.565698386521961
402,"lag11",1.67969797896415,0.49093304785386
402,"lag12",1.97412829528168,0.479854551468331
403,"lag1",4.2041876589902,0.511781478265483
403,"lag2",0.0459314572777818,0.611119793797591
403,"lag3",1.16864159589079,0.597479932026496
403,"lag4",-0.00398175476723976,0.547253540711647
403,"lag5",-0.970323334641695,0.50957483735452
403,"lag6",0.649561723483529,0.49466976763571
403,"lag7",0.882935556873058,0.524209204018252
403,"lag8",1.40768059738308,0.631697565409399
403,"lag9",-0.708829265209429,0.626921376050432
403,"lag10",-0.116199569683728,0.561115963312542
403,"lag11",-0.149904593080066,0.514076172375171
403,"lag12",0.922709505914531,0.501669652309083
404,"lag1",7.62804329591594,0.548427581798584
404,"lag2",3.08313200933997,0.669983811214997
404,"lag3",6.27173791711008,0.689943476594694
404,"lag4",-0.237808932123268,0.58469039391134
404,"lag5",3.30210739403911,0.5386435665218
404,"lag6",10.4403919563041,0.527536877260391
404,"lag7",10.2534297653764,0.55630437090317
404,"lag8",1.60528342819241,0.682293275571006
404,"lag9",2.19143166556041,0.707963404410327
404,"lag10",2.07631281798442,0.593871057487413
404,"lag11",3.58450823589288,0.5393017304732
404,"lag12",2.27335208491756,0.530375314758047
405,"lag1",6.5121838609523,0.560991599566129
405,"lag2",1.79006883787875,0.720926694940258
405,"lag3",3.15733661896748,0.683263903624162
405,"lag4",1.91909736208967,0.563114812393443
405,"lag5",1.92462354303248,0.542951932138319
405,"lag6",4.60756320672318,0.534739286762927
405,"lag7",3.41721860889047,0.576236132045447
405,"lag8",-2.31284633126828,0.729446328438849
405,"lag9",0.631687594497156,0.698552582788579
405,"lag10",1.09361389270851,0.5709784154253
405,"lag11",0.511349012028146,0.5453993695824
405,"lag12",0.705951871229117,0.544950452547898
406,"lag1",6.98015046088244,0.530867718779513
406,"lag2",1.49579128551737,0.648225048970274
406,"lag3",2.93779743176494,0.64366134906871
406,"lag4",1.19635366114534,0.6012503206207
406,"lag5",0.534305219005165,0.54415474522575
406,"lag6",1.93177135882763,0.529820146246847
406,"lag7",1.19534022421943,0.54614942566258
406,"lag8",2.54052866975812,0.667821810335834
406,"lag9",1.24758296019567,0.653773816992948
406,"lag10",1.25769574875424,0.60671772675165
406,"lag11",0.839957935330973,0.540168192801108
406,"lag12",1.43909934577874,0.526325019329693
407,"lag1",6.43994899711458,0.48622944389819
407,"lag2",0.999513563704451,0.601537534867516
407,"lag3",2.15559715110118,0.634855346809805
407,"lag4",2.08631576480826,0.552154226958026
407,"lag5",1.95827161091559,0.494890214892119
407,"lag6",1.13807509970714,0.481780362032248
407,"lag7",-0.357797150785553,0.503292195284292
407,"lag8",1.7523351625925,0.611796867569213
407,"lag9",0.60276559702549,0.64899874194662
407,"lag10",0.112330349279718,0.552407885765004
407,"lag11",0.0904585748030544,0.487256063711308
407,"lag12",0.391600527525598,0.475294436098809
408,"lag1",8.02181965323668,0.469978111940157
408,"lag2",1.38254190815435,0.582767916261785
408,"lag3",3.45309533688975,0.616169719950442
408,"lag4",-0.710241521923969,0.529258209749863
408,"lag5",1.17996856304971,0.471961477642454
408,"lag6",2.71525707102777,0.45904046938103
408,"lag7",3.50768207675615,0.478286702011616
408,"lag8",1.04811030997805,0.586557588251498
408,"lag9",-1.10636719765943,0.629402736149291
408,"lag10",0.779045109940782,0.535313001502429
408,"lag11",0.972445275891191,0.469230880052949
408,"lag12",1.55949026606725,0.463185839875149
409,"lag1",7.14851039834855,0.54230282059244
409,"lag2",2.48353105417411,0.647740277150155
409,"lag3",4.9095089084038,0.664906035057146
409,"lag4",1.66103764029802,0.600255746915091
409,"lag5",-0.0059389920750236,0.514188371851631
409,"lag6",0.147545253335703,0.519994107635913
409,"lag7",-0.152445542878802,0.55446407869888
409,"lag8",-0.76670771126897,0.665190277602125
409,"lag9",0.509290999540047,0.684420145591386
409,"lag10",0.18945691557204,0.607807699452427
409,"lag11",0.0442345923367691,0.519339408362387
409,"lag12",1.43246629080248,0.524849280096082
410,"lag1",7.49529588596775,0.52153226112561
410,"lag2",3.14677732637875,0.621408874440607
410,"lag3",6.6877322668711,0.62515690867114
410,"lag4",2.29094047461216,0.57856658397524
410,"lag5",1.17842054197394,0.517572779965764
410,"lag6",2.25883898775445,0.503027093160688
410,"lag7",1.31474098115485,0.534250585733866
410,"lag8",2.31403850736996,0.632087607266776
410,"lag9",0.476416373464236,0.64605445123271
410,"lag10",-0.460574158061237,0.586160945839716
410,"lag11",1.59962866277949,0.520120313349819
410,"lag12",1.35940759309331,0.509121407342074
411,"lag1",8.04059069893639,0.601678212711543
411,"lag2",1.32379290273658,0.707739164167858
411,"lag3",5.00130441528268,0.733756814337378
411,"lag4",2.9077604895883,0.686442714199588
411,"lag5",2.83771451123068,0.598400586923339
411,"lag6",2.14612339851597,0.566019973466018
411,"lag7",0.301349364445565,0.61509825203362
411,"lag8",-0.462367886788394,0.721290380553334
411,"lag9",0.596424183163629,0.745159848442833
411,"lag10",0.62408218317948,0.692216896407777
411,"lag11",-0.259554192402664,0.590807618149394
411,"lag12",-0.48207832166975,0.572543630252719
412,"lag1",6.36056421574549,0.510686075425043
412,"lag2",0.439442116671493,0.632138179511476
412,"lag3",1.06899409903125,0.630885096001504
412,"lag4",-0.780314127998172,0.564429107829904
412,"lag5",0.0745569381242569,0.502158482768712
412,"lag6",2.90524663214985,0.501935346392741
412,"lag7",3.50438359712884,0.52140152413689
412,"lag8",1.66931374061397,0.64397293500524
412,"lag9",-0.728708968662295,0.646872437625791
412,"lag10",-0.468912170350253,0.568153783865117
412,"lag11",0.262990460878328,0.499660306788219
412,"lag12",0.866791344856405,0.49805966113223
413,"lag1",5.70612855346723,0.4859443063636
413,"lag2",1.73744949184461,0.599924782206312
413,"lag3",4.43549252233675,0.590114448303536
413,"lag4",1.65869239566914,0.533870116456629
413,"lag5",1.5396295941634,0.495585278395767
413,"lag6",1.28969599831736,0.47807866128497
413,"lag7",0.22046962054769,0.497869640804757
413,"lag8",1.48869323621727,0.616663238790233
413,"lag9",0.840041542255393,0.604748711007188
413,"lag10",0.838305626651928,0.54172611399778
413,"lag11",0.314075568388272,0.494136063637013
413,"lag12",0.416722238723705,0.478551810267892
414,"lag1",5.59136216492924,0.486502967251693
414,"lag2",-0.343125435172515,0.608074585007771
414,"lag3",3.05562315267178,0.619275568841155
414,"lag4",2.41616550576087,0.534402198181388
414,"lag5",2.35457643189469,0.483750438074226
414,"lag6",1.65990866152576,0.485236660207496
414,"lag7",1.20792469115935,0.501730270920354
414,"lag8",0.0745999354075513,0.626793619098607
414,"lag9",1.3830846231051,0.632096690233375
414,"lag10",0.747390963681945,0.538364949936351
414,"lag11",2.0119197347178,0.481072868156632
414,"lag12",2.57874329598336,0.48297258183327
415,"lag1",7.17355100053593,0.533994686139164
415,"lag2",1.4416471057434,0.662388405471358
415,"lag3",3.34484808919326,0.659808721266974
415,"lag4",0.726713885609695,0.573325166175446
415,"lag5",-0.0572461870495259,0.524338348482824
415,"lag6",3.38987434532275,0.518056649714564
415,"lag7",4.35456720430074,0.547688811353455
415,"lag8",1.21220067561745,0.67615096756682
415,"lag9",1.02239099374719,0.681904925996453
415,"lag10",-0.0185057106739163,0.577819401261508
415,"lag11",0.869842512599688,0.526371279645778
415,"lag12",0.947448172076225,0.515908319771702
416,"lag1",6.71459062663992,0.524904605887701
416,"lag2",0.910360125665905,0.668539735055533
416,"lag3",4.63647784773051,0.665772665506787
416,"lag4",1.45897782297933,0.58396988291217
416,"lag5",0.549161850364444,0.526067597415839
416,"lag6",0.606959454901081,0.521278885713425
416,"lag7",-1.38859295398468,0.538063336806801
416,"lag8",1.37528906364119,0.685514654111187
416,"lag9",-0.677870948135814,0.679082480479305
416,"lag10",0.21666361801774,0.591999385530902
416,"lag11",-1.5181599375162,0.525746083402139
416,"lag12",-1.8672537648935,0.515164441941247
417,"lag1",8.47156291800235,0.564192979034887
417,"lag2",-0.185054785707868,0.685991525851177
417,"lag3",2.57783879294979,0.674208298769975
417,"lag4",1.4666598997711,0.596429943441357
417,"lag5",0.757454118222558,0.551888728556917
417,"lag6",0.488355744516472,0.537912075560644
417,"lag7",0.848923197104991,0.573196324549536
417,"lag8",-0.233177683515406,0.705286898059469
417,"lag9",-1.82044628728452,0.68770518391646
417,"lag10",1.09937106427723,0.604411257438865
417,"lag11",0.801145133716961,0.552469262862305
417,"lag12",0.213470998131643,0.545970172678359
418,"lag1",6.63300218016757,0.546630358829781
418,"lag2",1.42458505182987,0.699946583406569
418,"lag3",1.20177251894614,0.668284256399975
418,"lag4",-1.38544873630222,0.582576320407334
418,"lag5",0.818268167844816,0.544129825552772
418,"lag6",2.53756597897679,0.536312994138112
418,"lag7",2.95331574952801,0.558218077238168
418,"lag8",0.863649410529509,0.706373291338832
418,"lag9",-0.979315117494795,0.680138538987579
418,"lag10",0.196611705803399,0.585492107458214
418,"lag11",-0.285694084397775,0.544578143235302
418,"lag12",-0.154142901344929,0.540019877507904
419,"lag1",5.84763026947301,0.460121325300039
419,"lag2",0.606483750907334,0.538708341381506
419,"lag3",3.34722008452971,0.596368694774908
419,"lag4",-0.234131866451128,0.533155714769263
419,"lag5",0.0704523015147162,0.459314078946815
419,"lag6",1.64992362168073,0.447397757323175
419,"lag7",2.90497776871386,0.468755804504243
419,"lag8",0.24460433178903,0.551244419602186
419,"lag9",2.31449388747932,0.614939269690545
419,"lag10",0.803643787896493,0.54220168133677
419,"lag11",0.854874884507392,0.457829545558196
419,"lag12",2.00601824278101,0.452089653508098
420,"lag1",5.32145064375309,0.478536520088267
420,"lag2",-0.888612976689197,0.55083557164905
420,"lag3",2.14758303351941,0.580249189775881
420,"lag4",1.4598894406803,0.567469577962941
420,"lag5",0.354397750422527,0.484170102754986
420,"lag6",-0.0666977743525694,0.469012467527352
420,"lag7",-0.421017428886554,0.491350735097466
420,"lag8",-0.559066749949444,0.566609806978911
420,"lag9",-1.62093020124359,0.588754662268565
420,"lag10",0.0668627214264071,0.574714225512332
420,"lag11",0.627244060549123,0.482597824947363
420,"lag12",-0.484332880594932,0.469399280633472
421,"lag1",5.21871186371331,0.48459993707451
421,"lag2",0.774365391945859,0.574872817374093
421,"lag3",5.10865962514871,0.6417540060488
421,"lag4",0.415855327769288,0.558199815820374
421,"lag5",1.89880352265042,0.46721748393041
421,"lag6",4.800801790018,0.46091681510219
421,"lag7",5.08098083176428,0.490329879817599
421,"lag8",1.0797259184438,0.585680373972649
421,"lag9",0.642223801152363,0.660494928399884
421,"lag10",0.54012237687163,0.56366739516148
421,"lag11",1.45109725532137,0.466684868748252
421,"lag12",1.39204832550016,0.460209573681495
422,"lag1",5.63281488221658,0.44592836311435
422,"lag2",0.737221624145137,0.51568015373383
422,"lag3",3.02735572690519,0.58438022596706
422,"lag4",1.33080675063218,0.527176595963801
422,"lag5",1.05116339741923,0.444488785039534
422,"lag6",0.856272250932867,0.438032051845176
422,"lag7",1.73756921640774,0.459908375491451
422,"lag8",1.72958561789926,0.529580163483284
422,"lag9",0.910693741447753,0.602945298202223
422,"lag10",-0.241059084213245,0.536385161264542
422,"lag11",0.0969568344444846,0.438995370243659
422,"lag12",0.585457272498003,0.437671279957764
423,"lag1",6.37052631579315,0.535893610578841
423,"lag2",0.390283330733107,0.617359990219541
423,"lag3",2.15080351032577,0.615585873832817
423,"lag4",1.80918173888248,0.578512335624797
423,"lag5",1.41633028690445,0.519799095644284
423,"lag6",1.93450195180823,0.518508828334111
423,"lag7",0.337727460792257,0.5461623982394
423,"lag8",-0.120644006177467,0.636830785948063
423,"lag9",-1.44730390652691,0.628773558466217
423,"lag10",-1.26989911867407,0.588784187585748
423,"lag11",-0.895643486624187,0.519298802295281
423,"lag12",-0.127147854793306,0.523524355774186
424,"lag1",7.81030196173763,0.574360920178413
424,"lag2",3.00543995182267,0.67216234385974
424,"lag3",3.5077826233777,0.694974934510856
424,"lag4",0.543349693101915,0.642477182833143
424,"lag5",0.991574945122259,0.577277493239431
424,"lag6",1.66040581865755,0.569597409374462
424,"lag7",1.49085487287476,0.585758840086351
424,"lag8",1.08866832039796,0.688856062564537
424,"lag9",-0.715683178032477,0.710716597121984
424,"lag10",-0.665750838016433,0.652326426651973
424,"lag11",0.371906096625974,0.5798440396555
424,"lag12",2.10836980465107,0.574868195271509
425,"lag1",6.07971056103595,0.533822078102681
425,"lag2",1.05955856170136,0.654984613445397
425,"lag3",3.47755050137045,0.683591561610833
425,"lag4",0.757963793421197,0.599538488276226
425,"lag5",0.685255464098531,0.509046673974301
425,"lag6",0.80617566648483,0.510479246565639
425,"lag7",1.14155049914043,0.541108361780762
425,"lag8",0.536405551443545,0.66792986555259
425,"lag9",0.506840850080465,0.697967947012283
425,"lag10",-1.21287731173162,0.601964426946699
425,"lag11",0.0402872578554108,0.507420652600279
425,"lag12",2.17711151852293,0.509703827794887
426,"lag1",6.41535519364355,0.565204826079115
426,"lag2",1.39472965525526,0.696041308903698
426,"lag3",5.29961398381996,0.705989932022781
426,"lag4",0.362025975045805,0.611914170236609
426,"lag5",1.53186098907559,0.530482959775411
426,"lag6",4.13848504912885,0.530775637028489
426,"lag7",2.17084555554308,0.577944995773762
426,"lag8",1.51084040775063,0.707546794955732
426,"lag9",1.45687077497769,0.71831435377535
426,"lag10",1.2037944793148,0.617551389904797
426,"lag11",-0.0142012081286969,0.53352983759066
426,"lag12",0.368803544721499,0.531053478208345
427,"lag1",5.25904118606268,0.539496761795108
427,"lag2",2.53649252781907,0.669278675909769
427,"lag3",4.20520906743498,0.653420351046921
427,"lag4",-0.662424337601567,0.582196943723111
427,"lag5",2.39986257501816,0.536295510539651
427,"lag6",11.4372456425281,0.514601787175807
427,"lag7",13.356845582358,0.552782171919673
427,"lag8",1.00570410723401,0.684954227956387
427,"lag9",0.617995780682715,0.669821422353503
427,"lag10",2.51705083883341,0.588617890190393
427,"lag11",2.65380367212964,0.539626739605596
427,"lag12",1.97220136139256,0.513942720969273
428,"lag1",5.97563533418066,0.550067309677747
428,"lag2",2.03145819110049,0.677186059992893
428,"lag3",4.06423284408707,0.675760886614161
428,"lag4",1.9634520269435,0.593147023340642
428,"lag5",4.13368785738605,0.555713133632442
428,"lag6",7.43081295553681,0.543777024101015
428,"lag7",6.43790813195232,0.5669967667304
428,"lag8",2.21561979136629,0.697311551313524
428,"lag9",3.16593832451879,0.69346429629799
428,"lag10",3.16266950167456,0.601423496483834
428,"lag11",2.79778859754045,0.553636520729582
428,"lag12",1.81172194427592,0.543399703335253
429,"lag1",5.29339035428505,0.501554247064372
429,"lag2",1.76563599846584,0.587033952418504
429,"lag3",1.18666040807073,0.576828993706141
429,"lag4",-0.0552792380602497,0.54414266250101
429,"lag5",1.87618287245579,0.502474284016834
429,"lag6",3.86058263879407,0.48269872637485
429,"lag7",3.72886469846001,0.514317247674008
429,"lag8",1.90028767191982,0.602251020646928
429,"lag9",-1.21703744791002,0.588245211051006
429,"lag10",1.27223661279985,0.551125037596755
429,"lag11",0.724351650121884,0.501643935769346
429,"lag12",0.373509673186641,0.481387120542805
430,"lag1",6.35976291334012,0.591503029617013
430,"lag2",0.698681460931561,0.690224304960227
430,"lag3",2.01571711673632,0.71167079337472
430,"lag4",-0.872468088826541,0.649927655792373
430,"lag5",1.50455100691344,0.592850553192801
430,"lag6",6.85656939229633,0.576094840525291
430,"lag7",5.81927421863589,0.607667792048409
430,"lag8",-0.879822225116727,0.713089416973104
430,"lag9",1.21705075993581,0.734578012042275
430,"lag10",2.33661422254987,0.661692180642798
430,"lag11",1.13010483478745,0.59003002234152
430,"lag12",3.11175770933471,0.573838100468368
431,"lag1",5.80010034003631,0.485073831242322
431,"lag2",0.243545978317655,0.568534734995682
431,"lag3",0.632399372885084,0.593758678167723
431,"lag4",-0.407391231624991,0.53412154818796
431,"lag5",0.283830847763429,0.469922004583535
431,"lag6",1.32740301265971,0.456844191704635
431,"lag7",0.242390333433934,0.493238758187551
431,"lag8",0.133255562196186,0.572660943469595
431,"lag9",-1.05225895779301,0.605035834736535
431,"lag10",-2.06952119448862,0.537812967896998
431,"lag11",-0.317216875466828,0.46614898223365
431,"lag12",1.61476662992159,0.457007288870812
432,"lag1",6.91512947728938,0.566441491130642
432,"lag2",1.06689893588392,0.662421157213162
432,"lag3",2.4216112222124,0.686175299176236
432,"lag4",-2.04416861331361,0.638104529368746
432,"lag5",2.75037777858738,0.56010014113669
432,"lag6",8.68728129181538,0.55299487766758
432,"lag7",7.94363957455736,0.579285827618606
432,"lag8",3.37086171367143,0.678615447258701
432,"lag9",1.69245670291446,0.700407940791916
432,"lag10",-0.591820828813827,0.648747376624358
432,"lag11",1.54171586363447,0.558455978800052
432,"lag12",2.18127094743581,0.554479460784299
433,"lag1",7.81819142731993,0.550606923205409
433,"lag2",3.83693466757146,0.662550023345999
433,"lag3",4.89620397763075,0.664360935994512
433,"lag4",1.59517612372912,0.600023280915348
433,"lag5",1.24412947313294,0.541823165567126
433,"lag6",4.11246677462,0.524353884637035
433,"lag7",5.49760504880166,0.566690386528956
433,"lag8",1.78147230440211,0.681659305854164
433,"lag9",3.64188515122338,0.676151355930025
433,"lag10",2.93004170403315,0.606130233652187
433,"lag11",1.86139118175438,0.544793538673039
433,"lag12",2.16151639956825,0.523365105320832
434,"lag1",8.1874861112557,0.551695186815179
434,"lag2",-0.777929610979436,0.658416691932449
434,"lag3",1.47241612838711,0.650579506412086
434,"lag4",0.391760198619466,0.605038646392621
434,"lag5",0.525817223878826,0.537849861412285
434,"lag6",0.818337584053367,0.518568606302748
434,"lag7",0.702785894777509,0.556907737303257
434,"lag8",1.33266530340535,0.666587285804494
434,"lag9",-0.508485350399003,0.659404558701358
434,"lag10",0.69257588114755,0.610882560659914
434,"lag11",0.405917181854512,0.536184636825215
434,"lag12",1.23157931627137,0.521583406146243
435,"lag1",7.40963797991873,0.527777096560785
435,"lag2",2.34361345213723,0.590125296588238
435,"lag3",5.10703943948952,0.651556512409744
435,"lag4",2.60416137196993,0.603862583265245
435,"lag5",2.42745880804614,0.520303962903203
435,"lag6",1.85858295672874,0.515859272654048
435,"lag7",-0.451746445458898,0.541417040066469
435,"lag8",0.529864508731869,0.606416228766357
435,"lag9",1.81270881041897,0.668217786280693
435,"lag10",1.09711719417235,0.612441044588582
435,"lag11",1.04455565621503,0.520131602000965
435,"lag12",1.27432071732473,0.518758703739724
436,"lag1",7.5831044597644,0.593580062582667
436,"lag2",3.50424746373266,0.731019836960753
436,"lag3",2.6533609765723,0.760189993103322
436,"lag4",-0.235289242173637,0.686433421792684
436,"lag5",0.112005315671052,0.597311705162503
436,"lag6",2.88317674739984,0.583348557423409
436,"lag7",3.04915578625356,0.607503195637289
436,"lag8",-0.0160286339920929,0.740992639839838
436,"lag9",-0.393289001960427,0.770272159506832
436,"lag10",-0.164042068606219,0.692068225392554
436,"lag11",-0.510528490216031,0.597345807363127
436,"lag12",0.565201081716858,0.584314531579283
437,"lag1",5.95927831130263,0.535082463955423
437,"lag2",0.817217104714518,0.652896282684457
437,"lag3",3.26823414762163,0.642897937821995
437,"lag4",0.258657361747567,0.603336341462107
437,"lag5",0.568728030512838,0.556318801360413
437,"lag6",3.38107875123416,0.530258264124054
437,"lag7",3.84769545625837,0.547554924441472
437,"lag8",-0.230384682869936,0.672914972633523
437,"lag9",-0.388805300713488,0.653907540482301
437,"lag10",0.645408033548361,0.60999745450456
437,"lag11",1.49977866030723,0.555937552482735
437,"lag12",1.87282084379631,0.529526179320552
438,"lag1",5.31384961298547,0.536371784692484
438,"lag2",0.287484625218754,0.657486828151808
438,"lag3",2.48911407730913,0.731610273946084
438,"lag4",-2.50959413980791,0.618501072091604
438,"lag5",1.56558255197717,0.52782882250515
438,"lag6",7.78110337051679,0.519107163498026
438,"lag7",8.57098555063371,0.54562718325098
438,"lag8",0.708155911328724,0.674361636425537
438,"lag9",-2.92762137509602,0.759679833381049
438,"lag10",0.147343083659156,0.633931669361557
438,"lag11",1.02324350324316,0.531925800004591
438,"lag12",3.04939213612319,0.523482899944284
439,"lag1",8.22312570644644,0.535708144669422
439,"lag2",1.49991777086659,0.65417794937415
439,"lag3",4.56445438047268,0.647193826514668
439,"lag4",0.425891585074252,0.589681110435458
439,"lag5",3.45398778821493,0.526770142528506
439,"lag6",7.56604004765729,0.508178352855892
439,"lag7",7.2460135169334,0.54730549291646
439,"lag8",2.20100389508142,0.660769064792364
439,"lag9",0.0471019318000689,0.658002973970149
439,"lag10",1.068929787618,0.588084307552074
439,"lag11",1.88183160007473,0.530833241330014
439,"lag12",2.33325450263824,0.513962343552048
440,"lag1",4.81853458657417,0.506416320279212
440,"lag2",3.75367716470586,0.614416399907564
440,"lag3",5.42194431399132,0.602824842929437
440,"lag4",1.19707883703585,0.547070360942948
440,"lag5",1.45693964710782,0.508768127839357
440,"lag6",4.00008212704908,0.493282298269576
440,"lag7",3.04672999117847,0.518093679626353
440,"lag8",3.09461006163211,0.630163406922806
440,"lag9",1.61004790826842,0.621908959565079
440,"lag10",1.30256429437407,0.558591379391335
440,"lag11",0.671671324656234,0.509425122682116
440,"lag12",-0.652910196983842,0.496275857429902
441,"lag1",6.54062096870808,0.519608662260629
441,"lag2",1.17446612637047,0.607720022564405
441,"lag3",5.67679585868805,0.635778022661642
441,"lag4",1.89943243932272,0.60082225713565
441,"lag5",1.28174172906746,0.554749087638184
441,"lag6",1.21983906515975,0.529394681818722
441,"lag7",-0.289152453448351,0.52929162931624
441,"lag8",1.68849913635247,0.622881615986634
441,"lag9",1.3107198196558,0.653616046183417
441,"lag10",1.18663452868473,0.614350597140345
441,"lag11",-0.27151340932338,0.556063209942715
441,"lag12",0.00294003808045046,0.534724306085504
442,"lag1",5.84586434727848,0.551879296985529
442,"lag2",2.14663081759714,0.686060599523379
442,"lag3",3.64987276555439,0.677228871790801
442,"lag4",0.781870416589807,0.618011621635276
442,"lag5",0.293109179964673,0.545688086378862
442,"lag6",1.15045718947628,0.536710196853593
442,"lag7",0.961030093758522,0.564352294140573
442,"lag8",3.83648060021403,0.70497628530072
442,"lag9",1.00261651559487,0.70060498308888
442,"lag10",-0.484045595710153,0.62658922755114
442,"lag11",-1.19043644693475,0.545691302406601
442,"lag12",-0.0618805093290002,0.537379325524522
443,"lag1",6.18005996950301,0.561689161639927
443,"lag2",1.33182574950673,0.686777838042945
443,"lag3",4.26308780686384,0.729647811434411
443,"lag4",0.959804507448655,0.656939934057342
443,"lag5",2.43080257154123,0.545824237224829
443,"lag6",7.02288628434499,0.542401771805429
443,"lag7",6.71548390179555,0.575803220571819
443,"lag8",2.427428439064,0.706633825924105
443,"lag9",2.89285149409111,0.747005625296955
443,"lag10",3.27782356492005,0.665143358724616
443,"lag11",1.86648310363292,0.551668400269269
443,"lag12",1.94925722125771,0.551922456624225
444,"lag1",7.4876034032833,0.501814142185187
444,"lag2",1.13309179737764,0.636364349005969
444,"lag3",3.38028378481108,0.626394155467133
444,"lag4",0.730611691216527,0.538051700799277
444,"lag5",1.33210187980032,0.508240066167019
444,"lag6",6.44514234037702,0.504845302737377
444,"lag7",6.73626001057648,0.51812260493214
444,"lag8",0.132394409141946,0.659250200129433
444,"lag9",1.04475813407201,0.656071781672928
444,"lag10",1.36228211965158,0.549297179623555
444,"lag11",0.494662095616926,0.512182058350978
444,"lag12",1.92210962197393,0.502734686123558
445,"lag1",7.37694680080487,0.595277915187401
445,"lag2",4.24867944336051,0.710591082986693
445,"lag3",7.91968509530317,0.727073417959037
445,"lag4",2.57462894327192,0.626106204907718
445,"lag5",1.55513570787183,0.561402941956787
445,"lag6",4.30942608885593,0.563794614739418
445,"lag7",4.85713124962351,0.602811081174281
445,"lag8",1.68784970141808,0.726974323463853
445,"lag9",2.55290116259203,0.743917927369381
445,"lag10",0.659324906814451,0.629646122403932
445,"lag11",-0.0861509151479977,0.564674842449176
445,"lag12",1.3687203700352,0.566654573603108
446,"lag1",8.99917723564192,0.579211801058733
446,"lag2",1.34934295331411,0.709551775738123
446,"lag3",5.43761432503127,0.708353605939344
446,"lag4",0.906983836405348,0.621623463823501
446,"lag5",0.219159966787794,0.582510239335632
446,"lag6",2.13394027252146,0.562251889473858
446,"lag7",1.87417043657937,0.58818486363238
446,"lag8",1.2177253146777,0.724262936927547
446,"lag9",0.98500750322242,0.723196080506538
446,"lag10",0.591296136162668,0.627509517860887
446,"lag11",0.112614349564179,0.583375642659124
446,"lag12",0.136805242606279,0.56727666524396
447,"lag1",6.362645155353,0.577234168108708
447,"lag2",1.73048393542899,0.699908020579506
447,"lag3",5.88155468119272,0.701850538527835
447,"lag4",1.01264146753025,0.641054470399484
447,"lag5",0.920786127681457,0.563130150744521
447,"lag6",4.33775103341415,0.548853434737108
447,"lag7",3.03265805396664,0.59552063161792
447,"lag8",4.11995666929911,0.710520051223446
447,"lag9",3.05183168100542,0.71584754532493
447,"lag10",0.919047059324887,0.647293130745554
447,"lag11",0.370801058834662,0.563772000576649
447,"lag12",0.292817946965969,0.55462891212665
448,"lag1",8.3919945516489,0.579770464545946
448,"lag2",1.29496709822736,0.706303220473366
448,"lag3",6.35778519131522,0.761409475028336
448,"lag4",0.234162042811243,0.668939345930118
448,"lag5",1.8243809335975,0.576078048534365
448,"lag6",6.71897369719662,0.553981242977164
448,"lag7",7.03802440452791,0.586563629176968
448,"lag8",3.1192519783205,0.710118548206434
448,"lag9",1.52836011839753,0.766684417199442
448,"lag10",0.739928071074543,0.673307352160305
448,"lag11",1.29014218308833,0.5725601156125
448,"lag12",0.848680802732048,0.554289323713337
449,"lag1",9.58471997677866,0.487151549275328
449,"lag2",0.469995026897943,0.604856868424441
449,"lag3",3.91863888733035,0.633894489971259
449,"lag4",1.49543093233818,0.571311855973399
449,"lag5",2.67283644296161,0.486877707526974
449,"lag6",4.80262267758265,0.470399242286806
449,"lag7",4.65702819032568,0.494815747188885
449,"lag8",0.705257394817015,0.615348906184394
449,"lag9",2.07916555236855,0.645339268660625
449,"lag10",1.58901232230907,0.574419619750586
449,"lag11",1.92484268869501,0.486943072180764
449,"lag12",1.80040368175793,0.468824996362816
450,"lag1",5.96898697869598,0.62985386421936
450,"lag2",3.11866488999385,0.744973726873472
450,"lag3",8.49566988762226,0.738577113130801
450,"lag4",1.09395573778772,0.682717260506593
450,"lag5",1.16182829876932,0.625326190983956
450,"lag6",3.97540504257956,0.61450009891078
450,"lag7",3.30486688991274,0.643709609679875
450,"lag8",1.15639992488721,0.760454823820817
450,"lag9",2.77864021808982,0.753897479950129
450,"lag10",0.915284199025586,0.687450915445215
450,"lag11",0.794681868463349,0.62999783047023
450,"lag12",0.440215523139225,0.620853149018178
451,"lag1",5.29079022776986,0.541662223227973
451,"lag2",-0.940196556730579,0.649008401259207
451,"lag3",2.046197876703,0.675413223624171
451,"lag4",1.10803812127064,0.595219241125639
451,"lag5",1.01402292254125,0.540737996653778
451,"lag6",3.62224886212667,0.529189816117712
451,"lag7",2.41163718043866,0.555493671605296
451,"lag8",-0.135012822525693,0.668216427325365
451,"lag9",0.817727520534599,0.691559551484873
451,"lag10",1.20217380080252,0.603878325720057
451,"lag11",0.667194638550609,0.541122541095478
451,"lag12",0.989759457019816,0.533752250500239
452,"lag1",6.99097617178776,0.495082301263452
452,"lag2",4.08543685727818,0.594647929137721
452,"lag3",5.07091300552254,0.578603785466775
452,"lag4",1.5161669104236,0.51814341663625
452,"lag5",1.71805761384,0.50087797075619
452,"lag6",3.64196111605018,0.48358091858081
452,"lag7",4.64011325632925,0.51177943765553
452,"lag8",2.54932668586313,0.605733218595285
452,"lag9",2.17709384647626,0.586772320952472
452,"lag10",2.1019015897201,0.522014408427871
452,"lag11",0.576133468909533,0.495273146565112
452,"lag12",0.088957114288766,0.485949535127416
453,"lag1",6.90143430620223,0.541807910207067
453,"lag2",0.515960705622036,0.645111905471253
453,"lag3",4.95919560485249,0.697060396030781
453,"lag4",1.00271637996645,0.625504469035693
453,"lag5",3.56461832274704,0.521902202865851
453,"lag6",7.6615708728678,0.515316613862333
453,"lag7",7.26425464651802,0.547799629339544
453,"lag8",1.47112768158247,0.662385760148301
453,"lag9",0.614832441158663,0.710112136322494
453,"lag10",1.66631272414308,0.630204667870007
453,"lag11",2.20735337023936,0.523287700119096
453,"lag12",2.18830384324922,0.516608407255717
454,"lag1",4.34162064990321,0.474595587937038
454,"lag2",0.92638958706085,0.588478583238165
454,"lag3",3.79042434023572,0.636374800771542
454,"lag4",1.7674317206472,0.551022606504467
454,"lag5",2.46584197321173,0.478930069784011
454,"lag6",3.89844478283414,0.467273312994959
454,"lag7",3.62510778972719,0.490519841063125
454,"lag8",-0.923413978299202,0.605807840277695
454,"lag9",1.242810322503,0.661763352633563
454,"lag10",1.64941830944881,0.559080385925622
454,"lag11",-0.0816378816310146,0.474234874545793
454,"lag12",0.475911542246868,0.464951348834846
455,"lag1",8.4405364663648,0.544330239177125
455,"lag2",2.18293336968499,0.658161038117996
455,"lag3",2.34914095225482,0.628547069064555
455,"lag4",1.1325967373627,0.547267030367739
455,"lag5",2.18141792227067,0.545020576230523
455,"lag6",4.47845840813829,0.548181216870677
455,"lag7",4.12600424067895,0.558456041952189
455,"lag8",1.43893977509983,0.678160336302377
455,"lag9",0.476317837498468,0.65199772534485
455,"lag10",0.73686893799668,0.562717751956597
455,"lag11",-1.34510782834685,0.549477301844857
455,"lag12",2.06758401093064,0.55684826560838
456,"lag1",6.4144121042529,0.539225484739168
456,"lag2",3.29949287853759,0.667379164034791
456,"lag3",7.30435246469598,0.672609450748956
456,"lag4",2.54347590144711,0.590607678907853
456,"lag5",2.02537096828112,0.528398600382855
456,"lag6",3.03967208296828,0.511548554735153
456,"lag7",1.86481742550016,0.551783278929704
456,"lag8",3.65416636638623,0.686069754827116
456,"lag9",1.83630914329489,0.681150706204802
456,"lag10",1.88206703172463,0.596545062313788
456,"lag11",0.00625884930531284,0.531962513337107
456,"lag12",1.20496400962613,0.512392926552074
457,"lag1",5.94091120769566,0.510953396254147
457,"lag2",1.99259799605293,0.632835069175689
457,"lag3",4.73190832323945,0.676374860007846
457,"lag4",0.846138802644386,0.570320285139294
457,"lag5",1.54609137515506,0.515810594183686
457,"lag6",3.77893996207523,0.498061603830034
457,"lag7",2.99005189795105,0.520446353457057
457,"lag8",0.199788116897109,0.647297134154647
457,"lag9",-0.109637747711169,0.688065571510993
457,"lag10",1.252538266665,0.575101314489861
457,"lag11",0.728464774294471,0.51165826747826
457,"lag12",0.917601087647494,0.49966020721478
458,"lag1",5.84456229066712,0.486348139584324
458,"lag2",3.07353612229843,0.563712411393056
458,"lag3",3.87187028064336,0.598098953428585
458,"lag4",0.45219524699292,0.540941068895525
458,"lag5",1.59496657622222,0.483679102039184
458,"lag6",3.41402917750534,0.467311915303678
458,"lag7",3.9771631889361,0.492812868815895
458,"lag8",2.25945548037425,0.586793993895209
458,"lag9",1.5511086517061,0.618574410320511
458,"lag10",0.661138940134187,0.559232038019722
458,"lag11",1.59013589992596,0.489570942849394
458,"lag12",1.31554052658805,0.473927763580041
459,"lag1",7.62327801863214,0.565056084912318
459,"lag2",3.65747404412832,0.686991004720433
459,"lag3",5.46421830484714,0.664568838802078
459,"lag4",0.851377934042187,0.612806640107148
459,"lag5",1.27081271486855,0.550935805765324
459,"lag6",3.13036786958043,0.525422728833684
459,"lag7",3.14064123378748,0.579038797651931
459,"lag8",4.28134233266874,0.70094555328565
459,"lag9",2.34111423065252,0.679672933690702
459,"lag10",0.188067870498857,0.618060273490632
459,"lag11",-0.334241144760901,0.54893092346475
459,"lag12",-1.62980940898907,0.526614967481899
460,"lag1",5.96552344676916,0.550608379515801
460,"lag2",2.73428382776109,0.675770180878276
460,"lag3",3.45394211940434,0.643793396889676
460,"lag4",0.80078956690097,0.576079304723551
460,"lag5",1.29847616080751,0.536849764310737
460,"lag6",3.90110068774646,0.520000838753148
460,"lag7",3.65048569116021,0.56179868622007
460,"lag8",0.950189841918786,0.686909015198259
460,"lag9",1.5170132407271,0.651873998120676
460,"lag10",0.820416633396399,0.579575977258904
460,"lag11",0.226296886833395,0.538100956072524
460,"lag12",0.241710109267834,0.522673121257072
461,"lag1",7.51102227993372,0.558193843546197
461,"lag2",1.18329413314968,0.697072033139358
461,"lag3",2.34472801077115,0.716558555639163
461,"lag4",0.538470542172095,0.636279284264242
461,"lag5",1.16902610066034,0.563932608279659
461,"lag6",4.28290056117373,0.549589166179395
461,"lag7",3.98416368411462,0.57030577682544
461,"lag8",2.54128103515371,0.706859420278532
461,"lag9",2.81258899237664,0.724150129101253
461,"lag10",0.813040145132571,0.634379150666865
461,"lag11",1.11311476430872,0.561122642794146
461,"lag12",2.14463318510664,0.549802948300365
462,"lag1",7.50909336225234,0.544343808566396
462,"lag2",2.00162120949687,0.624767498022267
462,"lag3",3.46018852402554,0.661099981080999
462,"lag4",2.04455484459014,0.62486169935595
462,"lag5",2.22726353828807,0.540473656513634
462,"lag6",1.65546146796186,0.518049441871415
462,"lag7",0.917554641903002,0.567853130096352
462,"lag8",2.39936300227439,0.642436440324955
462,"lag9",1.1873628537563,0.6808460064479
462,"lag10",-0.232381011842474,0.632154485750663
462,"lag11",0.770371281704566,0.538961946019662
462,"lag12",2.02416169971913,0.519533613547312
463,"lag1",6.85494771496542,0.585044768254241
463,"lag2",3.0120352940576,0.702512109910131
463,"lag3",5.83465444335293,0.70068788682328
463,"lag4",1.34393685233517,0.618306708302272
463,"lag5",2.11107452896298,0.573581498347378
463,"lag6",6.23058561442855,0.548758701719329
463,"lag7",4.53907252046978,0.602095676154993
463,"lag8",1.24442863907538,0.717492040578535
463,"lag9",2.31534148635437,0.716066330368769
463,"lag10",1.99630268563619,0.626986528443549
463,"lag11",1.598449708516,0.574293249128322
463,"lag12",1.44600380749723,0.554996229084367
464,"lag1",7.42854782809969,0.522504786333375
464,"lag2",-0.107125417557111,0.617998458962646
464,"lag3",5.12693918410111,0.637646219291333
464,"lag4",2.34643131670096,0.56815777639815
464,"lag5",1.77306010905432,0.513737245450753
464,"lag6",2.62108625516243,0.495083251053782
464,"lag7",3.4147141551251,0.530489494802683
464,"lag8",-0.0927021947956999,0.627717608980388
464,"lag9",1.55814381260912,0.649157680746177
464,"lag10",1.21012095938907,0.575679907408729
464,"lag11",0.48528532492888,0.513831636569738
464,"lag12",1.12168323263497,0.499148029428874
465,"lag1",5.11063115786915,0.508323491560531
465,"lag2",-0.0496570140836728,0.629174774967081
465,"lag3",2.75199503468405,0.669623675988961
465,"lag4",0.340984589936169,0.561423724477086
465,"lag5",2.2992257411461,0.491396677067116
465,"lag6",5.59114928487413,0.493465574447549
465,"lag7",5.35581607451405,0.525675702474077
465,"lag8",0.873737486878642,0.640226497686758
465,"lag9",1.34188827562258,0.682758256731501
465,"lag10",1.8192372276456,0.567763133452543
465,"lag11",1.41675032651843,0.488367497411798
465,"lag12",1.92402563839715,0.495262659638345
466,"lag1",6.89161347121478,0.592360278549477
466,"lag2",-0.272752493506833,0.729278355480907
466,"lag3",2.54964123381764,0.682501416386236
466,"lag4",0.06381404675583,0.627527647092224
466,"lag5",1.10868506652808,0.603719497249825
466,"lag6",5.30944239652537,0.579886228245431
466,"lag7",5.46744223581541,0.603796479624029
466,"lag8",0.19300507763633,0.749614838377693
466,"lag9",-0.185935968309792,0.709139374552479
466,"lag10",0.890097290351229,0.6382741959192
466,"lag11",0.0806046371727908,0.610689756626745
466,"lag12",1.24610465018847,0.590042235654354
467,"lag1",5.00029845167555,0.482541120545302
467,"lag2",2.2276624765541,0.563349711534434
467,"lag3",2.41347432189848,0.578043318642093
467,"lag4",0.650382084497614,0.546508951576462
467,"lag5",1.5085648071088,0.487196995292272
467,"lag6",2.95847566854116,0.469766260566198
467,"lag7",2.89992696435597,0.493635268418699
467,"lag8",1.93193426627107,0.575023385816379
467,"lag9",-0.600240602883268,0.593524264056827
467,"lag10",0.340348176087616,0.55517060436711
467,"lag11",-0.129740272502833,0.488951984824286
467,"lag12",0.055692797917388,0.471191614158477
468,"lag1",6.58894380276538,0.497446559588704
468,"lag2",2.74036136938876,0.593860155162729
468,"lag3",4.49868942962889,0.623483071641746
468,"lag4",-0.910105398244383,0.57773664617585
468,"lag5",1.45811345153984,0.516870824139164
468,"lag6",3.59575685056935,0.498115978077709
468,"lag7",4.23307497799704,0.508041192290131
468,"lag8",1.39296764295143,0.608809307231075
468,"lag9",-0.523692811567426,0.632627770086312
468,"lag10",0.924169968951134,0.582759594817959
468,"lag11",1.34642568405973,0.520134296315325
468,"lag12",-0.00311688347298669,0.499131818899792
469,"lag1",7.12546888463261,0.567266600264891
469,"lag2",0.93625472787925,0.668779275405302
469,"lag3",2.28606098279286,0.668501689192405
469,"lag4",0.431638026585625,0.620101650650819
469,"lag5",0.532724022439268,0.560969468887144
469,"lag6",3.49665647599122,0.539981195135273
469,"lag7",1.3103198025724,0.579191257039535
469,"lag8",0.659263727126032,0.685736432317919
469,"lag9",1.29610316602231,0.692379853581364
469,"lag10",0.68215136133806,0.628348669086501
469,"lag11",0.358002889837447,0.560544682057104
469,"lag12",-0.491285468125294,0.544385670789366
470,"lag1",5.88177153215945,0.506777060435708
470,"lag2",2.31377430834988,0.60943544427283
470,"lag3",2.61831012744965,0.662107922723369
470,"lag4",0.94461512598863,0.560110651213692
470,"lag5",1.23507339467153,0.490943779286284
470,"lag6",2.365072639979,0.480416401319289
470,"lag7",3.68807286947291,0.516754059414428
470,"lag8",0.629651213083521,0.622498146717541
470,"lag9",2.10617517543189,0.680525296443067
470,"lag10",0.583273255842387,0.566393790589404
470,"lag11",0.966959977399386,0.491077853527187
470,"lag12",2.06413926640502,0.480739476320932
471,"lag1",5.40647536201724,0.571852643222089
471,"lag2",1.0390333858818,0.660587231711672
471,"lag3",2.62918692597606,0.637955079557616
471,"lag4",0.912850983470974,0.609111601927191
471,"lag5",-0.166854270783467,0.547426128537403
471,"lag6",-0.275351951702597,0.526436329452951
471,"lag7",-1.25716011306348,0.581825552395391
471,"lag8",-0.0147969488306899,0.665266661881804
471,"lag9",0.541583098377115,0.647921622672222
471,"lag10",-0.478059598753108,0.611240887975399
471,"lag11",0.371286289951194,0.542264526200997
471,"lag12",-1.49320369599112,0.528249500762923
472,"lag1",8.44725863866021,0.511730000156467
472,"lag2",1.19643067870317,0.63037411407449
472,"lag3",4.42301325808566,0.625295793161777
472,"lag4",1.45906643411838,0.563450232372696
472,"lag5",-0.301192615734005,0.54326291641211
472,"lag6",1.40384604304871,0.519073598677483
472,"lag7",1.38881835027762,0.520753650276737
472,"lag8",1.81652032476638,0.644490523292692
472,"lag9",0.516503248128151,0.64464028342077
472,"lag10",-0.506845951382765,0.570733043299159
472,"lag11",-0.72956862133846,0.542679418735159
472,"lag12",-0.821950787160507,0.516458219434894
473,"lag1",8.64529439897133,0.524477834465331
473,"lag2",0.837710380152668,0.642098817000734
473,"lag3",1.09576172947587,0.639858055165663
473,"lag4",1.02454942137312,0.553687738859154
473,"lag5",0.179253918861022,0.513205321014722
473,"lag6",0.322185846322065,0.5124003761975
473,"lag7",0.600798551490039,0.541256740979713
473,"lag8",1.34292970923039,0.658279056940278
473,"lag9",0.260206396147149,0.6526298262876
473,"lag10",0.450851199208495,0.557938208088158
473,"lag11",0.233622703627734,0.510413668188242
473,"lag12",-0.178695251506529,0.509787832151248
474,"lag1",8.53106244391528,0.567231303833977
474,"lag2",3.18477211679996,0.698522403715498
474,"lag3",5.13617380808305,0.690969342624233
474,"lag4",0.647562257103606,0.597916563738574
474,"lag5",1.93453050957558,0.556562352327246
474,"lag6",4.18412310917682,0.535438697339675
474,"lag7",5.23967557795922,0.578199059443783
474,"lag8",-0.758947514129413,0.706580609464712
474,"lag9",-0.158431818582614,0.70722473857927
474,"lag10",0.43154762955149,0.603680592086944
474,"lag11",0.0790883873190188,0.552634120027675
474,"lag12",1.49337804945937,0.538037110930928
475,"lag1",6.29773283692778,0.549338339901737
475,"lag2",3.42772011874022,0.67227970995453
475,"lag3",6.19788763469762,0.687597648940913
475,"lag4",2.31650455161309,0.589796572016045
475,"lag5",1.53138201897689,0.544189326498475
475,"lag6",1.96453097781971,0.545769160527331
475,"lag7",-0.314972993159261,0.564941632806859
475,"lag8",0.437866858015762,0.6836340993885
475,"lag9",2.06785407983518,0.705002500895745
475,"lag10",2.51361606953593,0.598423075562061
475,"lag11",0.828063294137585,0.546331398767924
475,"lag12",-0.497364125322131,0.546141222054692
476,"lag1",7.07559493175197,0.54947627879895
476,"lag2",0.752747866675525,0.667300310243742
476,"lag3",3.14744838927966,0.677070545692684
476,"lag4",-0.108302684163695,0.593471381632918
476,"lag5",2.1055405782869,0.554594315982361
476,"lag6",9.07068231883605,0.535851304539691
476,"lag7",9.16179842668992,0.568639190031708
476,"lag8",-0.260867973391309,0.70133898302253
476,"lag9",2.12418341900996,0.700140116149196
476,"lag10",2.78098728071717,0.604068614528919
476,"lag11",2.67572380353714,0.551733912520695
476,"lag12",1.44831980786458,0.532074341731122
477,"lag1",8.83591920212926,0.603168053740842
477,"lag2",3.52868474271338,0.752218107958738
477,"lag3",6.41557982470644,0.745587620218929
477,"lag4",0.033139846764257,0.66157171618386
477,"lag5",1.77785792852591,0.595958836333702
477,"lag6",4.33846751702284,0.573335413441054
477,"lag7",5.11586774058954,0.612452853989431
477,"lag8",1.21607158826694,0.77009116204788
477,"lag9",-2.30479294251503,0.770586971790081
477,"lag10",-0.946068551764622,0.675373642515853
477,"lag11",0.354739710317013,0.593358650645417
477,"lag12",1.30309819130971,0.57109694998988
478,"lag1",4.86614767496084,0.485965104307454
478,"lag2",-0.453473763391795,0.609705143994847
478,"lag3",4.79757173607924,0.634464040190563
478,"lag4",0.309725901970386,0.554263069013791
478,"lag5",1.31886670163098,0.498386894899299
478,"lag6",5.24010846237775,0.476633274398028
478,"lag7",4.9491768699979,0.494207317093145
478,"lag8",1.83865278945034,0.618846048148909
478,"lag9",0.030128806538736,0.639374881644868
478,"lag10",1.41083864780193,0.556493586945217
478,"lag11",1.91089525589113,0.495718235949854
478,"lag12",1.93249974749616,0.477017446291427
479,"lag1",7.02240344404766,0.549346349372339
479,"lag2",2.0543814866051,0.643528225299995
479,"lag3",3.44837719001074,0.663839026133768
479,"lag4",2.31240280346398,0.636809524364975
479,"lag5",0.438059910011916,0.561726868727542
479,"lag6",1.17492740042369,0.543309233662886
479,"lag7",-0.14056326398359,0.559211894744775
479,"lag8",1.23928813902073,0.657763112136946
479,"lag9",-0.399657349495452,0.677772697428109
479,"lag10",0.852674774613017,0.642608412077708
479,"lag11",1.08642957966756,0.558480643951798
479,"lag12",2.34579118350375,0.54110409812367
480,"lag1",8.13872684334875,0.55986753211317
480,"lag2",2.79745312440503,0.675482963160034
480,"lag3",3.61406726152795,0.702069545087861
480,"lag4",0.114013832164959,0.622516160535714
480,"lag5",2.98894652713523,0.55668930840607
480,"lag6",8.6928541540407,0.546493905972125
480,"lag7",10.4186061404683,0.572779978502584
480,"lag8",1.6954597970638,0.696015514736032
480,"lag9",0.931104586588793,0.726657210551516
480,"lag10",1.24137661798422,0.631684922884111
480,"lag11",1.98699232950501,0.556509643480423
480,"lag12",3.435278934448,0.544185977820117
481,"lag1",5.19496988340948,0.528120585698188
481,"lag2",1.16236914879229,0.639669118362458
481,"lag3",2.01759145003024,0.647625289039608
481,"lag4",0.564125358843364,0.572710322821621
481,"lag5",0.671519866503853,0.519356096497792
481,"lag6",1.33434348604191,0.499884397258152
481,"lag7",2.53918089193247,0.537549299475129
481,"lag8",2.22913125127504,0.657659809561326
481,"lag9",1.34397000561888,0.665295765482522
481,"lag10",1.47616370879269,0.590206183115142
481,"lag11",0.748613817305756,0.523872801691568
481,"lag12",1.69780483368125,0.509145109510395
482,"lag1",3.7561546712191,0.509407648694531
482,"lag2",-0.85062050428665,0.606562539056341
482,"lag3",2.12386126958888,0.635740684865755
482,"lag4",1.47413204241527,0.553474261191363
482,"lag5",1.21967937416733,0.497386362981262
482,"lag6",6.15457243585421,0.491233991846949
482,"lag7",5.93200510197118,0.522525303141378
482,"lag8",-0.193756681412761,0.619626417271228
482,"lag9",2.94864747478909,0.646846062464992
482,"lag10",2.77626098371959,0.558647955730871
482,"lag11",1.63646168345175,0.49655201800301
482,"lag12",1.30942091318704,0.490747310202926
483,"lag1",6.13327131282414,0.601336366673524
483,"lag2",2.85691959235656,0.73838463720703
483,"lag3",3.89132474112456,0.692502545492064
483,"lag4",0.0722865191514346,0.635230622241054
483,"lag5",0.672278113361105,0.586773815875804
483,"lag6",1.56034535857199,0.56748597011831
483,"lag7",-0.220352314174344,0.613512217279702
483,"lag8",3.64773061981945,0.755906667995505
483,"lag9",0.163675936624042,0.710438590123337
483,"lag10",0.0526069317225985,0.646456139573023
483,"lag11",-0.344783649186363,0.594057703442674
483,"lag12",0.281199290993461,0.570559197392016
484,"lag1",7.45965500822464,0.520088779692453
484,"lag2",0.0269773789838424,0.599522775182096
484,"lag3",0.81295366148461,0.679923506046994
484,"lag4",-0.141957880223709,0.609983913420198
484,"lag5",0.158056093591397,0.53754983795846
484,"lag6",1.24889163453829,0.527131307057784
484,"lag7",2.35417576721228,0.528004883744148
484,"lag8",0.0218259161547323,0.61682956721673
484,"lag9",-1.27878603517653,0.699897624673979
484,"lag10",-0.47728652970218,0.623451631035612
484,"lag11",-0.072444729902817,0.536263582043145
484,"lag12",1.83727791785794,0.524266207774576
485,"lag1",8.09137602571738,0.545714010960892
485,"lag2",0.531068834490509,0.67145729982942
485,"lag3",3.45766873201969,0.670574091196207
485,"lag4",0.841613796584339,0.579816532694839
485,"lag5",-0.463246255852046,0.541888444279406
485,"lag6",0.339308690193525,0.535817954276228
485,"lag7",-0.520486323186493,0.554431775254957
485,"lag8",0.0900720452647471,0.682755323112439
485,"lag9",-0.0327606751323626,0.691996513293872
485,"lag10",0.0763169589587927,0.589105673458608
485,"lag11",0.112694288660756,0.543658209083194
485,"lag12",1.27035409475954,0.541030092903493
486,"lag1",4.78538888166602,0.505779648759063
486,"lag2",1.21769127024168,0.627133457599811
486,"lag3",3.20296578065479,0.656271804313349
486,"lag4",-0.927066990413632,0.554160793629677
486,"lag5",2.94201005162185,0.49790418973264
486,"lag6",8.7092682017957,0.494368693235858
486,"lag7",9.16301593133275,0.521387664264294
486,"lag8",2.38222004316183,0.648570264282762
486,"lag9",1.04054911641218,0.665173792689117
486,"lag10",1.84048926242569,0.556515805167718
486,"lag11",1.51890816352549,0.494996515851556
486,"lag12",1.93560664833213,0.491788027241582
487,"lag1",4.16786824326446,0.501313783954011
487,"lag2",-0.425071655576615,0.589368217572921
487,"lag3",4.18014615139643,0.633978537421748
487,"lag4",0.561080742401191,0.585431841000079
487,"lag5",1.85137343407631,0.499708125971309
487,"lag6",4.92533980432205,0.480654549996727
487,"lag7",4.53276000813787,0.513845306767299
487,"lag8",-0.384216981361368,0.600587306605261
487,"lag9",1.44423173505878,0.6502725396691
487,"lag10",1.29726748737758,0.589681621119729
487,"lag11",1.78919186900374,0.494422126142572
487,"lag12",1.23644501162418,0.482248874533369
488,"lag1",7.74522947985384,0.568486643323695
488,"lag2",3.17895727857,0.70991352655333
488,"lag3",5.0989326890633,0.701064164431631
488,"lag4",1.32841382805621,0.600900967054318
488,"lag5",1.49813551578909,0.539125096820853
488,"lag6",4.06786842680848,0.529428242888663
488,"lag7",3.74884649342443,0.580043147468493
488,"lag8",1.91047445901789,0.731174997062781
488,"lag9",1.21502987642201,0.724262801588351
488,"lag10",1.12641467425931,0.611024980464649
488,"lag11",0.394291247857544,0.543338642483442
488,"lag12",1.70619380674085,0.534441753250334
489,"lag1",4.71445498459558,0.518884418206719
489,"lag2",-0.115069051589525,0.660664888685878
489,"lag3",3.00226570366808,0.668796772013273
489,"lag4",-0.0237375320423598,0.558817090484425
489,"lag5",1.78992411226102,0.518128690806547
489,"lag6",6.25197372081176,0.516742080963616
489,"lag7",6.61445766717967,0.536021386640343
489,"lag8",0.773968264823451,0.684657459846462
489,"lag9",0.940933546125525,0.688542945374301
489,"lag10",2.4974116008877,0.567165175549056
489,"lag11",1.6109442329659,0.517096936978182
489,"lag12",4.58107790438056,0.517977899289452
490,"lag1",6.08626045671438,0.575002235036463
490,"lag2",2.10790526594701,0.705899558405991
490,"lag3",3.72066198178626,0.691505166447341
490,"lag4",0.655452096363413,0.610178964841406
490,"lag5",1.70670169131641,0.578545509964093
490,"lag6",4.88046287765423,0.554514615112002
490,"lag7",5.17717755277567,0.586713407254853
490,"lag8",-1.32085491176621,0.716236601392301
490,"lag9",1.38885192502067,0.706935916195432
490,"lag10",2.31749091995125,0.620563065621977
490,"lag11",1.05049301382388,0.57972230136684
490,"lag12",0.841892561933614,0.564250249239026
491,"lag1",8.10862495158839,0.560725911475638
491,"lag2",3.58998711105815,0.691888096706231
491,"lag3",4.64188482018588,0.674840601461076
491,"lag4",2.59728676071632,0.576426691863943
491,"lag5",1.41907194927689,0.538941365073782
491,"lag6",3.04257314882859,0.526776395174704
491,"lag7",4.71297701879394,0.571483515450084
491,"lag8",-0.173927439563092,0.701465053375062
491,"lag9",1.4477573870873,0.69286732979874
491,"lag10",1.40128937279962,0.584860220330557
491,"lag11",0.357722848191074,0.540580618810681
491,"lag12",0.44082965851127,0.535671191033402
492,"lag1",5.94573666683766,0.531476355121271
492,"lag2",1.05675653857664,0.628660268769306
492,"lag3",1.84605036891454,0.659353115867279
492,"lag4",1.31161274572648,0.583883206849385
492,"lag5",1.32438564054118,0.529385996205067
492,"lag6",1.34472076017591,0.522946679677583
492,"lag7",0.692786728543733,0.548384213107987
492,"lag8",1.68280794883997,0.642402923875647
492,"lag9",0.456695955647535,0.680359903974318
492,"lag10",-0.115843636288027,0.594928565034044
492,"lag11",-0.12363874729628,0.534670511193243
492,"lag12",0.939691942609741,0.524109847605827
493,"lag1",5.04297416805482,0.468027026730929
493,"lag2",-0.405244839945498,0.579786995734457
493,"lag3",3.20431985778594,0.584586416697442
493,"lag4",0.887972912246225,0.51562576322416
493,"lag5",1.39391174501854,0.466200422495015
493,"lag6",3.00547583630069,0.463328514345767
493,"lag7",2.67363989720948,0.480625485817448
493,"lag8",1.00203369587581,0.590693514042428
493,"lag9",0.849262778385944,0.599282192552108
493,"lag10",0.624879366180311,0.518049900781204
493,"lag11",1.09724922680522,0.46600707833725
493,"lag12",1.91151042658791,0.460769538405082
494,"lag1",6.73363879927118,0.482174227440552
494,"lag2",-0.418395603684893,0.573020229935011
494,"lag3",1.9923991985704,0.631450303563913
494,"lag4",0.0843713867849915,0.58913711896872
494,"lag5",1.1591438110613,0.509165478452297
494,"lag6",0.949051159241712,0.477005442470904
494,"lag7",0.931818590209704,0.49439767495555
494,"lag8",0.287507071098532,0.587713125133678
494,"lag9",-1.81265864571169,0.642545111572893
494,"lag10",-0.599556498770329,0.59447240992865
494,"lag11",0.868066823266291,0.504898371240818
494,"lag12",0.943234700144646,0.478996020655707
495,"lag1",6.68877748366698,0.538030061699697
495,"lag2",2.27219099027427,0.620937703871633
495,"lag3",5.28942443313615,0.639390285004327
495,"lag4",1.22240039838001,0.622051442112819
495,"lag5",-0.0700457469198088,0.557353088599973
495,"lag6",2.09536381345576,0.518264577687565
495,"lag7",1.28103171613961,0.546670879350943
495,"lag8",1.49069448110198,0.638031904792179
495,"lag9",0.896535151028472,0.656772246999039
495,"lag10",-0.541699347403597,0.636430366595808
495,"lag11",0.910751389847396,0.56212583987928
495,"lag12",2.01384031401284,0.5259312023188
496,"lag1",6.37914621338352,0.589535354744974
496,"lag2",-0.171465716972984,0.727753859014049
496,"lag3",4.51792574740383,0.753407407103585
496,"lag4",0.684244781299573,0.658752866584813
496,"lag5",2.27337332771892,0.575111456794171
496,"lag6",7.87943527103722,0.56033466269461
496,"lag7",8.51641552016451,0.599194535986636
496,"lag8",-1.22520032217075,0.741730825338682
496,"lag9",0.29488213064644,0.76841633950445
496,"lag10",2.70353258194209,0.665538960522035
496,"lag11",1.48856376904126,0.57396178981086
496,"lag12",1.78199379713058,0.565038935965147
497,"lag1",6.10427263481581,0.491811797635733
497,"lag2",-0.175703034029791,0.592816277796449
497,"lag3",2.72217079780623,0.610175507323908
497,"lag4",-0.0710121093308301,0.530790651473959
497,"lag5",2.03268016856107,0.473689320447325
497,"lag6",6.0865549806535,0.470673947606155
497,"lag7",6.65970578328416,0.505139971981181
497,"lag8",1.8800632626088,0.60904231034959
497,"lag9",2.22812372815438,0.623255507046926
497,"lag10",1.20795923554868,0.535564170909408
497,"lag11",1.8262942120998,0.473162674484762
497,"lag12",1.6857338686035,0.474927020049776
498,"lag1",5.86717663938373,0.517371669351266
498,"lag2",0.236615535432631,0.640311124595167
498,"lag3",0.545693549312885,0.623696568878527
498,"lag4",0.386146440296462,0.550181101668917
498,"lag5",0.439082481343098,0.50163311938751
498,"lag6",0.373102470985969,0.503965890242231
498,"lag7",1.58030254643231,0.534360562893003
498,"lag8",-1.18440286744881,0.661963173648993
498,"lag9",-1.50217702579942,0.648692011805653
498,"lag10",-1.11913614227505,0.555953484965207
498,"lag11",0.322864756089079,0.500530216289303
498,"lag12",2.90269933241191,0.500746023905362
499,"lag1",8.16526294617567,0.5316606165335
499,"lag2",2.46270732001365,0.669709699227835
499,"lag3",2.9379106255046,0.713899941759646
499,"lag4",-0.351255106575653,0.605840394204361
499,"lag5",1.6372328284867,0.508552765736275
499,"lag6",6.92018104467988,0.504052706896718
499,"lag7",6.27035089730118,0.534756947237768
499,"lag8",3.02704814801228,0.681474448476689
499,"lag9",1.52839676568055,0.72989630031685
499,"lag10",0.995297927971176,0.609279594852186
499,"lag11",1.26484076903505,0.51087556156651
499,"lag12",1.34244292502252,0.505066227572088
500,"lag1",6.37575260547545,0.534092775521093
500,"lag2",0.774433548465873,0.674204675059278
500,"lag3",5.20620506374976,0.665989879042507
500,"lag4",1.00536725414689,0.58457165211292
500,"lag5",1.18825442760392,0.518981565531165
500,"lag6",4.94155641035627,0.512762136830812
500,"lag7",3.70401275791478,0.553759900199039
500,"lag8",0.114547998574999,0.69257153203391
500,"lag9",0.802485517517925,0.687804912511706
500,"lag10",1.90874628710241,0.592076159956994
500,"lag11",1.15704366116259,0.51641988543354
500,"lag12",-0.553916019512473,0.512393909280456
