"iteration","term","estimate","std_error"
1,"lag1",6.69518619094475,0.38401015623367
1,"lag2",5.56343652319976,0.437297236633039
1,"lag3",6.42927108959532,0.473474697174822
1,"lag4",7.24592280741158,0.491172886618482
1,"lag5",2.64444854037407,0.472764851020898
1,"lag6",1.66019879114963,0.400724411598203
1,"lag7",3.08991514925528,0.387251372830096
1,"lag8",1.54903155220187,0.438085088932508
1,"lag9",0.739363514769727,0.476457580003046
1,"lag10",1.75475444389699,0.48250636180499
1,"lag11",2.00224377335846,0.469572987229732
1,"lag12",1.25039277313735,0.400903159043182
2,"lag1",3.54112103948566,0.390141885728171
2,"lag2",2.0570291429772,0.442934155077276
2,"lag3",3.93972210494776,0.480266310918407
2,"lag4",5.03235959744639,0.524226039682586
2,"lag5",1.04262369657592,0.465466222576237
2,"lag6",1.09991377951444,0.410233962780191
2,"lag7",1.79369912582945,0.392964276108823
2,"lag8",1.86777084755828,0.448211366365069
2,"lag9",3.68362572819368,0.481092158693102
2,"lag10",2.1696629805605,0.519428941022133
2,"lag11",1.46085297985922,0.463845317261126
2,"lag12",0.72397861639163,0.410735646823431
3,"lag1",3.92833882023215,0.394615270155792
3,"lag2",2.44877797401446,0.452587278678687
3,"lag3",-0.255663951382773,0.468160052512834
3,"lag4",3.30205497639767,0.479543616803183
3,"lag5",1.34633651147921,0.451385871249553
3,"lag6",1.40456213033034,0.41014662879892
3,"lag7",2.23100516690582,0.400268505484184
3,"lag8",-0.17909964822039,0.454283200688947
3,"lag9",1.48566282020839,0.466305371526543
3,"lag10",0.444562750948872,0.47118773337717
3,"lag11",1.00953139399228,0.450429918307609
3,"lag12",0.954723376426463,0.40817931839912
4,"lag1",5.2432090265704,0.384193253933172
4,"lag2",1.19405244977583,0.439855690568055
4,"lag3",0.84576739639434,0.431451690926078
4,"lag4",1.73885152923661,0.463913389514702
4,"lag5",0.327250517626508,0.477705375586905
4,"lag6",-0.198520999636944,0.395923536829428
4,"lag7",0.941560673268284,0.386361527640384
4,"lag8",0.482678602511937,0.438614756013229
4,"lag9",3.0295709439081,0.431231724360516
4,"lag10",2.85521547666809,0.460167841923229
4,"lag11",1.10528535626505,0.478250145010309
4,"lag12",1.17073505022357,0.395086501555552
5,"lag1",3.29340103114723,0.389975937100836
5,"lag2",2.18284433000564,0.447688026974838
5,"lag3",3.41096104317586,0.501586445635859
5,"lag4",3.4092479023386,0.530557831078531
5,"lag5",1.42067657646511,0.483819609216733
5,"lag6",-0.110692391607577,0.404294509664648
5,"lag7",1.74069682602888,0.39373639152591
5,"lag8",0.93718017418957,0.446390244853268
5,"lag9",3.07015288574747,0.501141045928323
5,"lag10",3.70567554745271,0.528672040822507
5,"lag11",1.73913416144641,0.481026041304041
5,"lag12",1.02619352736328,0.404498297095372
6,"lag1",5.0003174413043,0.411419326493524
6,"lag2",3.48751653816272,0.475456010534574
6,"lag3",1.52986942169074,0.53194164317037
6,"lag4",2.8794079364627,0.502506091531823
6,"lag5",0.778718446749375,0.456928894247614
6,"lag6",0.901046249490027,0.426237591242271
6,"lag7",1.50424289714287,0.41940762962554
6,"lag8",0.810789186794569,0.477612848321997
6,"lag9",5.21928400180117,0.532255636315923
6,"lag10",4.8194942529533,0.489223903601482
6,"lag11",2.84541793862054,0.454342820895797
6,"lag12",1.51409974252691,0.425326771569907
7,"lag1",3.36392061659397,0.419521247762215
7,"lag2",1.47682865552664,0.492629457691063
7,"lag3",4.46603849123937,0.530051065545199
7,"lag4",3.1843215517708,0.52123885321099
7,"lag5",2.48441485682361,0.48655597097729
7,"lag6",1.98294840368205,0.418952279396505
7,"lag7",1.75347810745265,0.423628759403521
7,"lag8",0.368416722984156,0.497715064079588
7,"lag9",4.67291014915936,0.538655054663747
7,"lag10",4.50883002200948,0.512524743355606
7,"lag11",3.0561959178894,0.484714580529261
7,"lag12",2.34828151837333,0.42135877201718
8,"lag1",5.56911229409055,0.415390554473651
8,"lag2",2.81648624537048,0.465173408425682
8,"lag3",5.75572314747945,0.497155355737467
8,"lag4",4.54902332711574,0.538542391273193
8,"lag5",1.13320811527117,0.505252271004163
8,"lag6",1.28896054091971,0.42116429079224
8,"lag7",2.05325672392412,0.423132260117957
8,"lag8",0.648200981769434,0.470666167982145
8,"lag9",0.938414809271019,0.499219925974633
8,"lag10",0.319121058176557,0.524315675519622
8,"lag11",0.176533500307908,0.498475123677115
8,"lag12",0.823822433370786,0.418326247845688
9,"lag1",5.37375752231732,0.353391132463198
9,"lag2",3.68157567799315,0.409327199266165
9,"lag3",3.14037540328806,0.458014568934538
9,"lag4",3.41235221119372,0.450738757839881
9,"lag5",0.402179793862188,0.421084599656597
9,"lag6",0.0456605619783671,0.362038439485631
9,"lag7",1.86801508436592,0.358324075586826
9,"lag8",0.503680921504666,0.41040790903033
9,"lag9",1.46204123537981,0.456640778641264
9,"lag10",1.63542362623212,0.447274212503767
9,"lag11",0.488308001408339,0.416072786697691
9,"lag12",0.162072074938293,0.361131879970019
10,"lag1",3.56800985691888,0.381294392342876
10,"lag2",1.69859202125973,0.430161487660588
10,"lag3",4.0131802137952,0.479052002836413
10,"lag4",3.31161265735624,0.511316398821387
10,"lag5",0.912641394792734,0.47992404164303
10,"lag6",0.334102946178789,0.398053624507575
10,"lag7",1.16347756176991,0.382152258808652
10,"lag8",1.06210015648903,0.427121026099234
10,"lag9",4.21199170635348,0.4819274389132
10,"lag10",1.98495743528626,0.499662391831572
10,"lag11",2.01024328617115,0.479236344723688
10,"lag12",1.3202410414179,0.399492453552676
11,"lag1",4.99183184649932,0.40208821234287
11,"lag2",2.92697806645844,0.447629096919687
11,"lag3",1.8754255383444,0.480080987160178
11,"lag4",1.14024062696885,0.527338294877991
11,"lag5",2.35505300482294,0.473921380285106
11,"lag6",1.5966792547456,0.395463054804962
11,"lag7",4.10801733025751,0.40741549001938
11,"lag8",3.63083209318029,0.445110117573292
11,"lag9",4.21650404718182,0.478603738747586
11,"lag10",1.06664074195744,0.518659139805328
11,"lag11",2.04695358998674,0.472409706366003
11,"lag12",3.1898379622071,0.395362702720473
12,"lag1",2.70450034204006,0.387063754657544
12,"lag2",0.677500145388197,0.45023615800073
12,"lag3",3.89806808871547,0.482039968906711
12,"lag4",3.00655093180325,0.505785384656071
12,"lag5",1.02230695395163,0.454387288221291
12,"lag6",0.555337592130887,0.391856380213733
12,"lag7",0.120816621706143,0.387958537716736
12,"lag8",-0.298249220886641,0.449506584157791
12,"lag9",0.74500546855353,0.482354844028568
12,"lag10",-1.02066190991597,0.501609056981245
12,"lag11",0.866599095823902,0.453134889551762
12,"lag12",1.33827375824929,0.390895064761977
13,"lag1",5.86067455189256,0.355186687797194
13,"lag2",3.90021689762966,0.426897261935168
13,"lag3",2.36282973677404,0.455318088693983
13,"lag4",1.72881052547177,0.46080573640592
13,"lag5",0.650827353999358,0.42175143120153
13,"lag6",-0.0228789963304654,0.364302833548244
13,"lag7",0.598408538644038,0.359381539749962
13,"lag8",1.56695342284597,0.429038655870004
13,"lag9",2.50218656997636,0.468159985468585
13,"lag10",2.12837794607025,0.456594124090472
13,"lag11",0.573482591573241,0.424216126008595
13,"lag12",0.34457536993263,0.36353505142862
14,"lag1",3.37611363188074,0.42248797108119
14,"lag2",0.962831451091608,0.489871297031994
14,"lag3",2.74545441722256,0.523297751304298
14,"lag4",0.578563177189691,0.523430856937701
14,"lag5",0.174897908182537,0.480473587759401
14,"lag6",-0.482934924347383,0.426007668863146
14,"lag7",0.228751505749848,0.427274643378132
14,"lag8",-1.18495628544828,0.494755373039979
14,"lag9",3.48782786032947,0.528326286268232
14,"lag10",2.38918358657434,0.515497595024263
14,"lag11",0.532755058873632,0.479573359634776
14,"lag12",-0.448066363678342,0.422744897456089
15,"lag1",5.93595145465817,0.391284536920048
15,"lag2",4.89307698645216,0.446994604747647
15,"lag3",4.17012409762248,0.481243275025104
15,"lag4",1.97537711770237,0.488661454080816
15,"lag5",1.37539373471674,0.450454201849673
15,"lag6",0.732941463229126,0.398828122977596
15,"lag7",1.68705198426347,0.395265712600685
15,"lag8",0.717869029471512,0.451043410400035
15,"lag9",1.58364274764288,0.481636438137697
15,"lag10",0.459488169473891,0.484352715320216
15,"lag11",0.776286084882482,0.449149796224138
15,"lag12",0.640633357534123,0.397080289341704
16,"lag1",4.42405189933147,0.364061430323912
16,"lag2",3.12195419252046,0.398775699721298
16,"lag3",0.857164178847551,0.428633909153341
16,"lag4",0.918634737370966,0.484421814401021
16,"lag5",1.89502404959479,0.456944777115065
16,"lag6",1.99067284695163,0.373548046434444
16,"lag7",2.36366789322621,0.368023455934417
16,"lag8",1.87355274640357,0.397710310353772
16,"lag9",1.73401158114974,0.428392631698995
16,"lag10",0.736732037326982,0.477200881804381
16,"lag11",1.30303604129574,0.454479268094308
16,"lag12",3.23907785752841,0.372239207809574
17,"lag1",3.45605865435747,0.361529067063315
17,"lag2",1.83191274998302,0.401386725788738
17,"lag3",2.23691509080103,0.417077750261475
17,"lag4",2.83707170693421,0.458012480357787
17,"lag5",1.51014184376615,0.469554884920999
17,"lag6",0.867196155337633,0.38558728362081
17,"lag7",1.06830531517127,0.362622543487249
17,"lag8",1.23812844627573,0.39840207430956
17,"lag9",2.73709477129603,0.419700675164005
17,"lag10",0.137189869837513,0.454690018362204
17,"lag11",1.48948644945594,0.466312869528341
17,"lag12",0.856954676293932,0.385043600896721
18,"lag1",6.35986878175613,0.423168656658634
18,"lag2",3.72848177715029,0.486979338931907
18,"lag3",2.68705455702215,0.521142953622292
18,"lag4",3.27289411440969,0.541346240688675
18,"lag5",3.67487870144549,0.516026959990689
18,"lag6",3.93509765060144,0.439973263188724
18,"lag7",3.20185949050256,0.432208058846454
18,"lag8",1.56687081432774,0.486812572406602
18,"lag9",2.22072981670247,0.519931122438936
18,"lag10",2.82626695504514,0.532757986778775
18,"lag11",1.79763867648359,0.517476068254983
18,"lag12",2.42349552131259,0.44106814510832
19,"lag1",5.73712101836274,0.41040546038997
19,"lag2",2.9050863478186,0.469284108818464
19,"lag3",1.27081420586541,0.501721459374125
19,"lag4",0.264341867174095,0.53855768999522
19,"lag5",1.2280440850917,0.500214545753373
19,"lag6",0.996806976463276,0.41849056845905
19,"lag7",1.26978559803192,0.414327457097277
19,"lag8",0.00136855423981262,0.471805889378837
19,"lag9",0.183248844437486,0.50561470394801
19,"lag10",0.517357559282439,0.529595596096737
19,"lag11",1.59185798952258,0.496043186456428
19,"lag12",1.59105477543347,0.418557898964173
20,"lag1",5.66342898219642,0.373103681115788
20,"lag2",3.68396175592739,0.420182665529171
20,"lag3",4.61714704816914,0.485602077825263
20,"lag4",1.93226966077776,0.516127894167829
20,"lag5",1.56949884201979,0.471034225555293
20,"lag6",1.94816776482456,0.386530578523366
20,"lag7",3.37361927403571,0.379287926406407
20,"lag8",3.01566580796142,0.418349024327791
20,"lag9",3.92859767975187,0.489595780782239
20,"lag10",1.76841642663024,0.510831061367102
20,"lag11",1.29570528264092,0.471728971617582
20,"lag12",2.06156761181943,0.385996968641887
21,"lag1",5.03444562540914,0.392548683359468
21,"lag2",1.7647158680345,0.443294707791523
21,"lag3",0.467468167735308,0.496976590137547
21,"lag4",1.07537654544872,0.537993287328726
21,"lag5",1.99946033722856,0.475766856615527
21,"lag6",2.2956758979889,0.400721498447936
21,"lag7",3.33370420284893,0.397714014307382
21,"lag8",1.38929812802599,0.447868651537402
21,"lag9",2.5499889240524,0.506440352988221
21,"lag10",0.910893171935473,0.529891610667942
21,"lag11",1.37929947792996,0.47654089910618
21,"lag12",2.57540289096934,0.403593222656344
22,"lag1",3.9060629723209,0.388880184022254
22,"lag2",1.64519770387114,0.439404077847207
22,"lag3",5.24486647771385,0.461993672495542
22,"lag4",5.0384547217412,0.489963392968666
22,"lag5",1.47036221174524,0.45431637358899
22,"lag6",1.10603012579431,0.396805497826265
22,"lag7",2.372825693477,0.396594490324087
22,"lag8",1.87520503698462,0.443528064966163
22,"lag9",3.22244230520859,0.463142581884814
22,"lag10",1.5679704462456,0.4843422824839
22,"lag11",1.64522458686445,0.452761378021985
22,"lag12",1.38122945077421,0.395770660239204
23,"lag1",7.01279792220275,0.377683591204597
23,"lag2",2.87309544009389,0.42239690983593
23,"lag3",3.46664735145757,0.452155574543788
23,"lag4",5.64194559015048,0.486410767002761
23,"lag5",2.58368800700552,0.466728200146329
23,"lag6",1.46811926148046,0.387396734296987
23,"lag7",2.68834424030353,0.384609091774092
23,"lag8",1.51207771456716,0.422343510398395
23,"lag9",2.65731276851977,0.455727399828241
23,"lag10",2.39428548677502,0.478160116562673
23,"lag11",1.56883163430407,0.4644304552379
23,"lag12",1.7247705515658,0.38435256307912
24,"lag1",4.14404902526071,0.364984282846165
24,"lag2",0.827002822735217,0.401528970114173
24,"lag3",2.92735230450858,0.440149459051449
24,"lag4",6.22031708331753,0.493336082399256
24,"lag5",1.58896460591375,0.443305585920617
24,"lag6",1.06939377609816,0.382389634033653
24,"lag7",0.55862403506456,0.367626922311881
24,"lag8",-0.547697352300651,0.404534213075943
24,"lag9",1.03971217415159,0.4421655079788
24,"lag10",0.953944085384846,0.48532799618564
24,"lag11",1.31491628794404,0.43937282940497
24,"lag12",1.01458833156916,0.38207544640592
25,"lag1",5.86727024701885,0.372582733937171
25,"lag2",2.3731268351853,0.409270227828641
25,"lag3",1.77381382222091,0.437854202830931
25,"lag4",1.15676225337166,0.50614270108151
25,"lag5",0.207260169511666,0.48071911121284
25,"lag6",0.566966051516883,0.386574390591279
25,"lag7",1.0731855925103,0.375912006423682
25,"lag8",0.631026845368302,0.409740240536077
25,"lag9",2.49673505695417,0.437505791477903
25,"lag10",-0.241732481834003,0.49878608929411
25,"lag11",0.490477466001756,0.474303644837101
25,"lag12",1.190995807283,0.383330525490771
26,"lag1",6.72918603376397,0.377893319859149
26,"lag2",3.84151392504407,0.427480250045996
26,"lag3",4.36373399758608,0.450668450402821
26,"lag4",4.52219239909878,0.501919090185685
26,"lag5",0.998575718055514,0.460459185242779
26,"lag6",0.857952402955648,0.390842135447205
26,"lag7",2.47027095947706,0.380542411258116
26,"lag8",1.04997902998815,0.427866100995817
26,"lag9",2.2189927436148,0.449232038479528
26,"lag10",2.7605359106438,0.494055247322245
26,"lag11",1.64720687565827,0.457743563002475
26,"lag12",1.69230683150412,0.383613439987728
27,"lag1",4.93914188785044,0.396755272390194
27,"lag2",4.52597853597923,0.461732389926081
27,"lag3",2.86924775319918,0.49927638349915
27,"lag4",1.33051436750789,0.498748947535759
27,"lag5",1.77901089405184,0.464247454412775
27,"lag6",1.22154076679127,0.411923246114788
27,"lag7",2.3391681587475,0.406156586165024
27,"lag8",1.81476640393831,0.463504968180289
27,"lag9",4.69898696577397,0.497892043934358
27,"lag10",2.4397893918665,0.491532509920719
27,"lag11",1.75747945047287,0.46220967629959
27,"lag12",0.554320223269151,0.411540964969853
28,"lag1",5.16633564603601,0.363978988741745
28,"lag2",3.03836929847603,0.408748778352896
28,"lag3",2.17601848739975,0.436595437405832
28,"lag4",2.12907949229476,0.456077434237969
28,"lag5",0.621220028537134,0.438772488902307
28,"lag6",1.0101387802791,0.36718948417335
28,"lag7",1.63415656438379,0.365352273022124
28,"lag8",1.126978275531,0.407633520300113
28,"lag9",0.541327915957373,0.435286586518651
28,"lag10",-0.488766728751989,0.445247119538752
28,"lag11",0.804960971682647,0.438761327334348
28,"lag12",1.37186039167538,0.364971632738345
29,"lag1",3.2574130112772,0.400905964790443
29,"lag2",2.14087228482419,0.447284315173913
29,"lag3",5.58065089282361,0.483143475321385
29,"lag4",4.40898480447461,0.559901387087283
29,"lag5",1.22388295086502,0.489704132141435
29,"lag6",0.917328678966912,0.40277884314466
29,"lag7",3.32201311693937,0.399891712047304
29,"lag8",1.56122403761394,0.441614186387456
29,"lag9",1.8273465317357,0.475494542819811
29,"lag10",0.677779721930092,0.536460508232566
29,"lag11",1.7158647201729,0.483509570096905
29,"lag12",1.54813648635953,0.399239879766453
30,"lag1",5.3968965764959,0.376641628005932
30,"lag2",2.90075080327421,0.423654360417482
30,"lag3",3.62896148192872,0.445852267648923
30,"lag4",5.05261347341585,0.483620034415841
30,"lag5",0.605718979697775,0.455176892869832
30,"lag6",0.782517384392341,0.3882209203879
30,"lag7",1.6267652451433,0.378391030361019
30,"lag8",1.44563597279693,0.421453355025261
30,"lag9",1.68796643704972,0.448798595105873
30,"lag10",0.0751306259452215,0.472179342229462
30,"lag11",0.367727967143731,0.454654367205507
30,"lag12",-0.165001913878834,0.387746836463288
31,"lag1",4.02157176609034,0.405624195662936
31,"lag2",1.42153200829667,0.466899142095876
31,"lag3",0.585528261906848,0.480593274130534
31,"lag4",1.43407160198525,0.516394463811444
31,"lag5",0.356454499361255,0.487102138989723
31,"lag6",0.279659348660097,0.416713438134554
31,"lag7",1.76934225398634,0.409028404903868
31,"lag8",0.190821751493578,0.462515457658449
31,"lag9",2.25058667535643,0.481600125368172
31,"lag10",1.31512254104612,0.509138969765413
31,"lag11",0.408932912856694,0.481571149782408
31,"lag12",0.738291639702261,0.415404977771361
32,"lag1",5.86057595648526,0.4160950648419
32,"lag2",3.86841466435207,0.452271270523441
32,"lag3",3.5605712314772,0.498948890995044
32,"lag4",5.63587385064723,0.561002222839836
32,"lag5",0.698764282017408,0.505465354848948
32,"lag6",0.613292485261646,0.436501988831519
32,"lag7",2.49094919949355,0.42741894851661
32,"lag8",1.30733498120187,0.458153654926638
32,"lag9",2.30266730863751,0.500990764861889
32,"lag10",2.12393711908295,0.542139903379834
32,"lag11",2.15113353976456,0.501130476577696
32,"lag12",1.52057295757674,0.43744073427339
33,"lag1",4.98738203668059,0.420078799769799
33,"lag2",2.4861629081397,0.482807269225458
33,"lag3",0.583284910375297,0.501910915700636
33,"lag4",1.04568984213029,0.52522918858578
33,"lag5",-0.703018770868473,0.513011998442713
33,"lag6",0.239850475233594,0.437740910233626
33,"lag7",1.21451595681352,0.422930775137328
33,"lag8",-0.108094993099303,0.481525822779867
33,"lag9",2.20672920090222,0.50543271461022
33,"lag10",-0.351726735720853,0.520747019892553
33,"lag11",-0.980076836657008,0.510086537652424
33,"lag12",-0.357486427939405,0.43355062887879
34,"lag1",5.12869070395477,0.407452853854718
34,"lag2",2.06117950356501,0.457319909527023
34,"lag3",3.92952060543425,0.463388396549053
34,"lag4",4.93104848794129,0.514258140090442
34,"lag5",1.6742584183604,0.525696530848863
34,"lag6",1.84358008406989,0.425593585202343
34,"lag7",1.33841034402648,0.408798202366615
34,"lag8",1.74044443965348,0.458143027234085
34,"lag9",4.12739127894225,0.470334937525401
34,"lag10",1.87787132062201,0.507837102618701
34,"lag11",0.541666431968516,0.520741120035773
34,"lag12",1.10380342029607,0.427407122792058
35,"lag1",5.97158375836388,0.404817380669742
35,"lag2",2.44850616844831,0.46894280046714
35,"lag3",1.37130317868834,0.490357609856618
35,"lag4",2.65842061058004,0.497547750295305
35,"lag5",2.54543210774158,0.489283428509586
35,"lag6",1.5163092393717,0.413777674574505
35,"lag7",1.78023158311132,0.40733478485323
35,"lag8",2.84877452786149,0.471608542042521
35,"lag9",5.40094332212284,0.48968370307362
35,"lag10",3.7709253133565,0.491955593418811
35,"lag11",1.77864110017247,0.488333640584152
35,"lag12",2.24457080590391,0.413615686733574
36,"lag1",5.16351825194481,0.399444549179368
36,"lag2",2.0435424604969,0.442342005007723
36,"lag3",1.60275305375434,0.4948079533984
36,"lag4",1.85714240282849,0.547831094560559
36,"lag5",1.51310043695584,0.494752692146026
36,"lag6",0.57062473710926,0.412516123453726
36,"lag7",1.13784811371606,0.407784244169176
36,"lag8",-0.174970624005124,0.450883566438195
36,"lag9",2.87673745538225,0.503283065471067
36,"lag10",1.30228648729649,0.538009029022154
36,"lag11",1.14300104599335,0.493727143886125
36,"lag12",1.60375391172645,0.409596960025665
37,"lag1",3.97758815819414,0.361632545066333
37,"lag2",1.70917327568822,0.398033297977921
37,"lag3",2.75218022979743,0.447787481248999
37,"lag4",2.22531120600651,0.479713193635573
37,"lag5",1.44412412706241,0.435958591633202
37,"lag6",1.11246591519978,0.367797811363663
37,"lag7",0.673268564797325,0.363623198226946
37,"lag8",1.26497174362709,0.398701161842962
37,"lag9",3.97218615762282,0.455044243883388
37,"lag10",0.524829807523539,0.475747255548776
37,"lag11",1.43392314774087,0.436665349589775
37,"lag12",0.859073561200456,0.367709301511856
38,"lag1",4.4505891676471,0.412325200883354
38,"lag2",1.92775462519555,0.442338620607275
38,"lag3",4.10591085485397,0.486077229955142
38,"lag4",3.76570559468453,0.555616122187126
38,"lag5",0.612839333794638,0.507557516884568
38,"lag6",1.06993462024159,0.427689774877524
38,"lag7",1.33267222557037,0.413427441663768
38,"lag8",2.35965379874884,0.44184207879101
38,"lag9",5.20761419068076,0.491177059794284
38,"lag10",2.92637126827109,0.543269903094148
38,"lag11",2.98659218214834,0.50316052757296
38,"lag12",2.48977846949295,0.429573517629997
39,"lag1",5.43174970639691,0.354997336039794
39,"lag2",2.92164588837639,0.397772457728864
39,"lag3",2.57706832041919,0.426789764668602
39,"lag4",3.09317157905971,0.455837944818432
39,"lag5",2.74880776749076,0.432468619261721
39,"lag6",2.67362624594193,0.367379718588893
39,"lag7",2.25290578829019,0.359291921964903
39,"lag8",-0.029010186032674,0.399047787693166
39,"lag9",-0.154349637627465,0.427493632338409
39,"lag10",-0.579727590210468,0.450104144311284
39,"lag11",1.06442512284828,0.430644321037415
39,"lag12",2.3067474862978,0.369275346089007
40,"lag1",5.57049571099745,0.399676443192468
40,"lag2",3.47235197246295,0.458406966495262
40,"lag3",4.52836479166411,0.501923299303752
40,"lag4",3.68972198518969,0.527098711547285
40,"lag5",2.17220397705435,0.470625950889261
40,"lag6",1.69895473546951,0.413851670925662
40,"lag7",2.10879666504619,0.405819105494531
40,"lag8",1.23363951875405,0.463851048432975
40,"lag9",2.28278126511989,0.503493390295443
40,"lag10",1.01097722829705,0.518684766806528
40,"lag11",1.93830085437184,0.468838668201236
40,"lag12",1.90555214084613,0.412358997049362
41,"lag1",4.21876731578867,0.442856746592722
41,"lag2",1.85137972321281,0.505287354960852
41,"lag3",2.30453659142039,0.535942131311403
41,"lag4",0.731781493348611,0.552549698486993
41,"lag5",1.11614681163688,0.53397982875073
41,"lag6",1.03837692021111,0.46044908751568
41,"lag7",1.1174447694836,0.449584121315424
41,"lag8",1.45029530033971,0.514850879427392
41,"lag9",6.5354470868786,0.541097529880113
41,"lag10",3.70637643100788,0.546189495005796
41,"lag11",0.713353333154562,0.52901370474374
41,"lag12",0.14192200727401,0.458138663458901
42,"lag1",4.57736278666654,0.368821628651242
42,"lag2",3.52648574104205,0.417783810737872
42,"lag3",4.68762428111186,0.441401475382429
42,"lag4",3.6886865159591,0.470993832103265
42,"lag5",1.90132918138186,0.46473653465041
42,"lag6",2.34926832339683,0.392938821572274
42,"lag7",2.26156283387033,0.374203353147752
42,"lag8",0.447902139390876,0.420057766675463
42,"lag9",1.65473451135963,0.439133706552004
42,"lag10",-1.00731297786607,0.462253675049879
42,"lag11",-0.198009705673768,0.4591540680258
42,"lag12",0.841655356600893,0.391771870627725
43,"lag1",5.02925178206622,0.345443463482584
43,"lag2",2.93035208780111,0.398612542013204
43,"lag3",7.94953196808484,0.448118361090491
43,"lag4",6.69399347075564,0.456454602232102
43,"lag5",1.28513995816753,0.416697478028101
43,"lag6",1.22140830850686,0.359896827322763
43,"lag7",2.88834350734766,0.350031920853584
43,"lag8",1.61003983082264,0.400075437766488
43,"lag9",4.38414923618639,0.443047688646126
43,"lag10",3.00801294806357,0.451583611834376
43,"lag11",1.56404447100591,0.413923400543791
43,"lag12",1.16063950435255,0.359197672839577
44,"lag1",4.36310668824473,0.391548431432692
44,"lag2",3.47527522744296,0.450078948062801
44,"lag3",1.8586092876123,0.491572901324529
44,"lag4",1.52550889435899,0.503738351015565
44,"lag5",-0.595551631022914,0.465234740530897
44,"lag6",0.28155127007234,0.414891568600733
44,"lag7",0.25602837530824,0.397988934473787
44,"lag8",0.240475806722997,0.451853558029879
44,"lag9",3.05077371280528,0.485345537147717
44,"lag10",1.41792370466311,0.487473726078649
44,"lag11",0.598919845329439,0.461491151547539
44,"lag12",-0.0550319762726585,0.413790462496184
45,"lag1",5.66271353496292,0.408551217082059
45,"lag2",2.30882244245122,0.457436559946027
45,"lag3",6.04643803149106,0.465636614312435
45,"lag4",6.72092911378659,0.508366661550289
45,"lag5",1.4110339808731,0.50141581214446
45,"lag6",1.8945516391199,0.412125425207819
45,"lag7",2.14597027549854,0.408948809355662
45,"lag8",1.58008323807303,0.454297225448509
45,"lag9",3.97486336226429,0.468986489226582
45,"lag10",2.26246862364028,0.503560216033647
45,"lag11",1.76748707785206,0.50178288771029
45,"lag12",2.02273765584351,0.413850591116476
46,"lag1",5.58917173051605,0.388290361372425
46,"lag2",2.69907004439048,0.442046809896974
46,"lag3",2.29346448729242,0.473712708148428
46,"lag4",1.84285255991061,0.490143533644459
46,"lag5",-0.00201103533604646,0.468462069054529
46,"lag6",0.203545871812075,0.388231991448182
46,"lag7",1.50530425265223,0.390152261032687
46,"lag8",1.32661997994022,0.442019748928946
46,"lag9",2.59857064763262,0.47260470648065
46,"lag10",0.460773952039374,0.484906486736566
46,"lag11",-0.124848040421252,0.46580278924194
46,"lag12",0.0452943867397021,0.389635590068825
47,"lag1",3.37479286387989,0.374399673071514
47,"lag2",2.27516169559017,0.422305382676223
47,"lag3",4.23469686201593,0.449037879198331
47,"lag4",3.17086257505161,0.464814850584326
47,"lag5",1.53077001413217,0.422190533504815
47,"lag6",0.229811727749213,0.3696405931117
47,"lag7",0.830241635706566,0.376125851145919
47,"lag8",1.45873860004869,0.420399985846431
47,"lag9",3.10388046159249,0.446929708739551
47,"lag10",0.815893853023231,0.459079670543828
47,"lag11",0.998802176855299,0.422395740434834
47,"lag12",0.25573828308342,0.366931056788202
48,"lag1",3.40800895715939,0.378681201222903
48,"lag2",0.715676739596993,0.432713364859863
48,"lag3",7.19954240286013,0.447488894857737
48,"lag4",6.31651083002246,0.481734493277224
48,"lag5",1.67888229645045,0.480324476848201
48,"lag6",0.834131352618907,0.389340816528336
48,"lag7",0.966558546334701,0.382916878424032
48,"lag8",1.84475665565583,0.436271932547804
48,"lag9",4.23933921053516,0.453690237415846
48,"lag10",2.96471694963514,0.476507777994324
48,"lag11",1.07114094373102,0.474049912411883
48,"lag12",0.621583275645607,0.388402932933568
49,"lag1",3.52517506563233,0.352756098759086
49,"lag2",2.00217286020561,0.396842275142869
49,"lag3",3.15634635702582,0.442415334898227
49,"lag4",3.72594463664205,0.484036542198098
49,"lag5",2.03237180750069,0.430714594792523
49,"lag6",1.30490274237381,0.357956803713451
49,"lag7",2.87591634935772,0.356412941213049
49,"lag8",2.60689629185088,0.395477939792742
49,"lag9",3.65035466094333,0.441487019098715
49,"lag10",2.49649491272882,0.474119760572449
49,"lag11",1.65284921878819,0.428855583780016
49,"lag12",2.54418269187546,0.35752566088325
50,"lag1",5.16189279591726,0.394486082162368
50,"lag2",3.53451691721713,0.43904911656052
50,"lag3",5.96899156252945,0.473086171572081
50,"lag4",4.78990846637964,0.51612525061746
50,"lag5",1.30354780662565,0.495745267930824
50,"lag6",1.20183881329797,0.399757828997705
50,"lag7",1.8096436345159,0.396517040782044
50,"lag8",1.35587011397989,0.44305411280846
50,"lag9",2.92645517191861,0.478348742491267
50,"lag10",1.20348970789512,0.511150712791183
50,"lag11",0.529346207887917,0.489828619344769
50,"lag12",0.205149063145329,0.400448819072999
51,"lag1",4.34926655502471,0.383256884692614
51,"lag2",2.35804959830209,0.42655040821096
51,"lag3",9.99054791559756,0.464308066496637
51,"lag4",9.29258394741863,0.498800368201397
51,"lag5",2.13278647756167,0.479247119477391
51,"lag6",2.14160993752989,0.398694722525412
51,"lag7",3.0937581134589,0.386501592513858
51,"lag8",2.46001735870226,0.424423571630839
51,"lag9",4.17861843806833,0.463084322236304
51,"lag10",2.99672358379023,0.488749809326608
51,"lag11",2.67943102641187,0.477947728489561
51,"lag12",2.32318585834001,0.40112444896024
52,"lag1",4.3673057024272,0.390952910638214
52,"lag2",1.44184958794667,0.445937991160404
52,"lag3",1.18239999979821,0.491842573940434
52,"lag4",-0.303133842921234,0.528202077013495
52,"lag5",0.869153650430557,0.443223920633043
52,"lag6",0.311446530670126,0.387219804152405
52,"lag7",1.74568203767415,0.392870119035298
52,"lag8",0.972413491581847,0.441260599408566
52,"lag9",2.04884613541286,0.494141836825613
52,"lag10",-0.00174000357109388,0.512596376061306
52,"lag11",1.0220252456818,0.440182462225215
52,"lag12",1.12480853914586,0.386432578574923
53,"lag1",4.56030959677436,0.434748682715661
53,"lag2",1.53817414113403,0.520493654857236
53,"lag3",0.79875024736497,0.521524939524012
53,"lag4",0.0462845065889755,0.52633326646237
53,"lag5",0.935387042076332,0.515653572811202
53,"lag6",1.45079333613992,0.436865172498787
53,"lag7",0.768964375604319,0.437064267935773
53,"lag8",1.12057169296129,0.521955350810382
53,"lag9",4.26078703907963,0.51871721967352
53,"lag10",3.31093591919129,0.520997867957525
53,"lag11",1.29226177755425,0.51670754380495
53,"lag12",2.13462628132788,0.436820480043219
54,"lag1",4.39182146895441,0.402767354798061
54,"lag2",1.49818992242565,0.461783080519967
54,"lag3",6.04387212646547,0.461557643416835
54,"lag4",5.65383870603883,0.505509233109745
54,"lag5",0.967446694092361,0.477670081873163
54,"lag6",0.155134139934992,0.403424294585766
54,"lag7",0.518517297434104,0.407309721895134
54,"lag8",-1.05919055507839,0.461096447009477
54,"lag9",0.639220635071621,0.461239931237399
54,"lag10",0.129358225570109,0.492521319050793
54,"lag11",0.408507952880056,0.474603469353382
54,"lag12",0.458532086778793,0.401892579778966
55,"lag1",4.96275944786836,0.402131610751334
55,"lag2",1.54448582433442,0.457240869752652
55,"lag3",9.31087182137995,0.481817988228022
55,"lag4",8.68049154314802,0.514464905478038
55,"lag5",1.40252164094992,0.498474414846479
55,"lag6",0.941667600987812,0.419078767658777
55,"lag7",1.12897082995316,0.404367207050808
55,"lag8",1.47638122249729,0.455753187070519
55,"lag9",2.9848677703656,0.484104355520514
55,"lag10",1.73299835322009,0.504450674223452
55,"lag11",1.00462923059117,0.496491148993104
55,"lag12",0.557884321239079,0.419112934686681
56,"lag1",5.93593609607382,0.389440196372701
56,"lag2",3.73113389635219,0.455671443137311
56,"lag3",6.54549003993774,0.476834283602069
56,"lag4",4.8789821924479,0.479593664253018
56,"lag5",2.46870192438322,0.451448714085769
56,"lag6",1.77043124479468,0.396014632105098
56,"lag7",1.99874271301601,0.395691493115601
56,"lag8",0.22091322880584,0.459893948381716
56,"lag9",1.97024628905629,0.476793253738729
56,"lag10",1.51355009544359,0.47210094496454
56,"lag11",0.776429656189754,0.447956114767161
56,"lag12",0.631723780222951,0.394402673823301
57,"lag1",4.48875499791282,0.419182057625374
57,"lag2",2.54704285504911,0.468344615110296
57,"lag3",7.31031708516878,0.50936942574408
57,"lag4",5.05993591752161,0.538328020902219
57,"lag5",2.06636978665879,0.532929038887721
57,"lag6",1.68523625083865,0.441615543166203
57,"lag7",1.53122166816715,0.424251087831414
57,"lag8",0.704754137101942,0.475769043862261
57,"lag9",3.47299365343642,0.510639448935595
57,"lag10",1.78793722106091,0.532590906531269
57,"lag11",1.46670063189153,0.529780685826769
57,"lag12",1.95510214176392,0.437932009836592
58,"lag1",4.09470888967629,0.405238658661089
58,"lag2",2.46439105810321,0.457165052753076
58,"lag3",3.00592930065336,0.475742690040783
58,"lag4",3.56863104547563,0.510986331340464
58,"lag5",1.97740106498259,0.495609030430924
58,"lag6",0.934594259194431,0.420496642324501
58,"lag7",2.53625627820899,0.408006466474212
58,"lag8",2.0236907723957,0.454082662806111
58,"lag9",3.61888726634472,0.476364444467903
58,"lag10",1.72931856513994,0.501828791124476
58,"lag11",0.992391466478114,0.493008296525579
58,"lag12",0.894848322301493,0.417261654749315
59,"lag1",5.38212758412122,0.413833171400868
59,"lag2",2.83202700331885,0.45697376641564
59,"lag3",1.18210180650465,0.49390470682361
59,"lag4",0.895803193459526,0.52668143990414
59,"lag5",1.25657031441422,0.516704947221095
59,"lag6",1.3305054026642,0.437810548376774
59,"lag7",3.01417258407208,0.417268710422264
59,"lag8",2.32431651953113,0.45595891506558
59,"lag9",2.48189711185337,0.494967403673324
59,"lag10",1.56275752667151,0.527723154863791
59,"lag11",1.31598322416191,0.523554979879706
59,"lag12",1.55879355112099,0.439679735177434
60,"lag1",4.52564598668006,0.350181413229968
60,"lag2",2.00606998229564,0.401993319549167
60,"lag3",4.03624210304429,0.456754214055583
60,"lag4",1.65492171172996,0.466362591988734
60,"lag5",0.170401283744402,0.428983953586876
60,"lag6",0.994121371871015,0.367191531404887
60,"lag7",1.21205651577121,0.355120314335529
60,"lag8",0.743985335464296,0.403790031798992
60,"lag9",2.35371992342688,0.463261367295797
60,"lag10",2.30503781329937,0.462335240233844
60,"lag11",1.78101583873894,0.428980178286206
60,"lag12",1.18745000168954,0.366991499194965
61,"lag1",3.76566471774818,0.386877969811169
61,"lag2",1.96214804979361,0.436851862183364
61,"lag3",5.82503373835564,0.459883181823867
61,"lag4",5.76176335755289,0.476494546020816
61,"lag5",1.93503153879558,0.455149408050805
61,"lag6",0.642716270642728,0.3936815633675
61,"lag7",1.85598647058559,0.391493722256682
61,"lag8",1.55222575217983,0.436304634251024
61,"lag9",3.3496417306797,0.460397262795909
61,"lag10",0.67315526537311,0.471793995639177
61,"lag11",1.65832984869168,0.452748806131271
61,"lag12",1.60713317241968,0.393645835366633
62,"lag1",3.76453624823309,0.350462313928194
62,"lag2",2.14689911216658,0.388807122782418
62,"lag3",0.734029935896753,0.435850897317441
62,"lag4",0.501352951645145,0.459437305471707
62,"lag5",-0.14201863765363,0.41935348401064
62,"lag6",-0.300098865138225,0.368821318464223
62,"lag7",1.59044415438703,0.352838800994059
62,"lag8",0.903316798812786,0.388193586618182
62,"lag9",0.61464039980138,0.442110541981903
62,"lag10",0.315710971883866,0.454738764485674
62,"lag11",-0.0119760375724413,0.423361725734069
62,"lag12",-0.276681949345895,0.369806067448725
63,"lag1",5.56561056133851,0.361615293034584
63,"lag2",3.60938763223274,0.409444218871137
63,"lag3",3.8378690107164,0.418943302183996
63,"lag4",3.798668123543,0.458883015745557
63,"lag5",1.29405046520599,0.430679635174077
63,"lag6",1.36720346246029,0.361907107666384
63,"lag7",2.31426520455212,0.363271687545852
63,"lag8",1.54483211458999,0.409186870037711
63,"lag9",2.93996104177499,0.418800075656708
63,"lag10",3.01521947490176,0.452890089015369
63,"lag11",1.45677993834051,0.428101525395938
63,"lag12",1.39931490755072,0.360257756085997
64,"lag1",3.12335541112732,0.378898038014403
64,"lag2",0.687884716545363,0.428364852442446
64,"lag3",3.15159346106778,0.454375536174006
64,"lag4",2.88321850656596,0.489487711065411
64,"lag5",1.05736374743409,0.465221296610147
64,"lag6",0.719543883616558,0.393459070152173
64,"lag7",1.92841604021564,0.37951555602589
64,"lag8",1.27604535703988,0.427289820211076
64,"lag9",4.6298917674838,0.456746347867124
64,"lag10",2.70280025552294,0.479255217065647
64,"lag11",1.87662490014503,0.466405653115054
64,"lag12",0.930041970347677,0.392777349033737
65,"lag1",4.95101568754958,0.359433530216108
65,"lag2",2.54515433002125,0.411965379348218
65,"lag3",0.992949688879959,0.438074531179663
65,"lag4",0.545396942161123,0.439370370351392
65,"lag5",0.374195119176434,0.430270878741682
65,"lag6",0.717379784834735,0.377165412224325
65,"lag7",1.85481188643679,0.363361819257099
65,"lag8",1.56712873317776,0.412414685421994
65,"lag9",1.14500185174923,0.443583252379504
65,"lag10",-0.613905428089137,0.434834897902755
65,"lag11",0.418200438581113,0.430503178073101
65,"lag12",0.701276415890108,0.37647610542848
66,"lag1",4.95860805544577,0.403620357483741
66,"lag2",2.62575955270402,0.466933353543814
66,"lag3",1.50653235213388,0.523114023798958
66,"lag4",0.934268298035642,0.524341280611437
66,"lag5",0.250821908819811,0.464990194708643
66,"lag6",0.314951893884896,0.405173980876202
66,"lag7",1.92328214217911,0.409697290871405
66,"lag8",0.398121234100602,0.463740316770654
66,"lag9",0.417159032636521,0.522102285315488
66,"lag10",-0.128913974874698,0.5175028166695
66,"lag11",0.605243573015713,0.461537556153284
66,"lag12",0.366816847057821,0.404369897109804
67,"lag1",2.90080947192061,0.359435703840749
67,"lag2",1.72280591180088,0.418496181692078
67,"lag3",4.09428742723194,0.453961720874116
67,"lag4",3.19701924663846,0.464948496095405
67,"lag5",0.482354182977546,0.433694798294913
67,"lag6",0.12154702094795,0.375675185250776
67,"lag7",2.90446891677706,0.360521071950827
67,"lag8",2.65333948087289,0.416123551210809
67,"lag9",2.97487631512242,0.450782717791264
67,"lag10",1.77156275766907,0.459504854123773
67,"lag11",1.20422679326297,0.433769863663768
67,"lag12",0.702589413867983,0.375169608092077
68,"lag1",4.08681734980468,0.358127287662075
68,"lag2",2.61381018500203,0.407892338952586
68,"lag3",4.3295835287082,0.431059111094118
68,"lag4",3.21109052068273,0.462689719478668
68,"lag5",1.11538397747511,0.458079997887505
68,"lag6",0.0679107451292542,0.375743112481051
68,"lag7",1.64191230832394,0.359842319035594
68,"lag8",1.38397536156503,0.406004865978021
68,"lag9",3.66740681457348,0.425941758920994
68,"lag10",1.50922116333352,0.452527399852901
68,"lag11",0.0409585836570465,0.454123346933637
68,"lag12",0.514171074469081,0.375539136241075
69,"lag1",2.82351612037768,0.40960029097096
69,"lag2",1.72023913339595,0.487141538834657
69,"lag3",-0.00873765055108805,0.503397823268599
69,"lag4",0.608926109984736,0.517354061995912
69,"lag5",1.82095486797397,0.485431556391855
69,"lag6",2.17020418073792,0.426514324211878
69,"lag7",1.70262403807114,0.412703569400184
69,"lag8",1.28581866809594,0.487608435102357
69,"lag9",3.33176269589771,0.502947220128374
69,"lag10",3.20970799915085,0.50989244213949
69,"lag11",1.25571529270877,0.485079848203155
69,"lag12",1.22507833414999,0.427671888251543
70,"lag1",5.63529790747586,0.379946380871714
70,"lag2",3.90425330068322,0.429771107624427
70,"lag3",2.33320340848839,0.47035417299121
70,"lag4",1.31002709766649,0.49058070873155
70,"lag5",1.6638830777636,0.441298950532061
70,"lag6",0.50934943648507,0.38458520990539
70,"lag7",0.738969032126729,0.384794778568325
70,"lag8",1.55945563948264,0.429380435818079
70,"lag9",3.289569046175,0.473260592339284
70,"lag10",1.57209542250777,0.483810516272107
70,"lag11",0.950147956458444,0.441710715147089
70,"lag12",0.649779818530641,0.38179878933869
71,"lag1",4.05233818413722,0.405758633066972
71,"lag2",1.37024508342784,0.456689728051901
71,"lag3",1.1469352489017,0.483191681602975
71,"lag4",2.04249622882037,0.542339183710999
71,"lag5",1.20003553696624,0.490285319470999
71,"lag6",0.265301016071566,0.416174830389375
71,"lag7",0.918932181801405,0.414601178304939
71,"lag8",0.193898714322927,0.463894542881959
71,"lag9",3.87954976070797,0.48401599687492
71,"lag10",3.62895014248915,0.526991300102632
71,"lag11",1.52405827910162,0.484544542432796
71,"lag12",0.295876615934278,0.413374738133584
72,"lag1",5.37890638264915,0.389183933797383
72,"lag2",3.14235906808538,0.44653264983561
72,"lag3",4.96137388929385,0.488378224255916
72,"lag4",1.70312339238509,0.492196707477017
72,"lag5",3.16231324021313,0.457735626133949
72,"lag6",3.40285304458294,0.404210405230397
72,"lag7",2.11201530741299,0.394213658227401
72,"lag8",1.54225671217641,0.448756774650811
72,"lag9",2.18936352760608,0.493191623445581
72,"lag10",1.73745401573241,0.484278988566299
72,"lag11",1.5423615901284,0.459458750515577
72,"lag12",2.43385716660963,0.404011906324696
73,"lag1",5.74381192675676,0.408192767517267
73,"lag2",3.28732393638786,0.466028969754765
73,"lag3",4.0301095935345,0.468581646160655
73,"lag4",4.29516392729367,0.512157483974423
73,"lag5",0.915272453693695,0.5056378024851
73,"lag6",1.40738201681153,0.427816365806528
73,"lag7",2.28386778662992,0.411154010918479
73,"lag8",1.34124084236457,0.464632118370581
73,"lag9",2.28305427468512,0.468321965840212
73,"lag10",2.12405553757079,0.507813481152331
73,"lag11",0.85580038707681,0.502774434087042
73,"lag12",1.50465380626459,0.425936835889383
74,"lag1",2.93773491242257,0.35069167658102
74,"lag2",2.00855483309347,0.404732817462985
74,"lag3",6.69023122013525,0.442402027250437
74,"lag4",5.11365317016272,0.46354481161208
74,"lag5",1.55284772688,0.443163513513439
74,"lag6",1.04016242448247,0.357415492188897
74,"lag7",1.05597986725599,0.353233375339333
74,"lag8",1.596887366995,0.401030047937914
74,"lag9",2.51614207296941,0.438379170690062
74,"lag10",1.43230665986061,0.457478687715487
74,"lag11",0.501783488403316,0.441202098019843
74,"lag12",1.4849196930933,0.355775038828545
75,"lag1",6.00164102980789,0.365337411098268
75,"lag2",2.90778970427495,0.413557193938359
75,"lag3",10.1311279552768,0.451675827061515
75,"lag4",7.49616305181686,0.477885895062398
75,"lag5",2.31828625802543,0.469070568082383
75,"lag6",1.41814562844666,0.395454861267384
75,"lag7",1.85703990455348,0.370192136514548
75,"lag8",0.354885231607471,0.414573543150105
75,"lag9",0.805424986899609,0.453462126766869
75,"lag10",1.67633007736317,0.476257675065255
75,"lag11",2.01919845356431,0.467960195031094
75,"lag12",0.892411134428398,0.394604540672712
76,"lag1",4.3385134626473,0.38019110922493
76,"lag2",1.86023331110784,0.433061555166953
76,"lag3",4.52705449722937,0.475574762521647
76,"lag4",5.23472825206048,0.503761811607007
76,"lag5",1.16190968035892,0.45653446882249
76,"lag6",1.5203238414498,0.393693670441412
76,"lag7",1.06783065885888,0.380517201366028
76,"lag8",0.31585310071343,0.429392304183939
76,"lag9",0.293009564830767,0.476791229816121
76,"lag10",-0.150824007147402,0.50179525789044
76,"lag11",1.07738843208009,0.460414340991741
76,"lag12",1.24255246860512,0.394702236426945
77,"lag1",4.72151602702654,0.401347199607081
77,"lag2",3.74999428764796,0.468262907474632
77,"lag3",2.22256411721196,0.525907866911024
77,"lag4",1.42268280328107,0.528760059666398
77,"lag5",0.852296191269715,0.452530236228635
77,"lag6",1.73806543169667,0.405256276333024
77,"lag7",2.05211571296846,0.401902214970744
77,"lag8",2.59033467946043,0.469494828660731
77,"lag9",2.08557847271367,0.527870034455841
77,"lag10",-0.143607943699244,0.528065704972198
77,"lag11",0.254394373306046,0.451998615889165
77,"lag12",0.989632994704516,0.406987935151811
78,"lag1",3.96855898764187,0.397865581524611
78,"lag2",2.10555889174764,0.439562645073735
78,"lag3",3.40223433331592,0.479861888662001
78,"lag4",2.36723666729368,0.511639882993246
78,"lag5",1.84679759111508,0.475887327186388
78,"lag6",1.80880048475647,0.409550228532701
78,"lag7",3.16157634958972,0.400050461878117
78,"lag8",1.62147725761133,0.435959227830193
78,"lag9",3.75986603932017,0.487251231360242
78,"lag10",1.49443705025667,0.503139078661867
78,"lag11",2.86947367711735,0.475642556282524
78,"lag12",2.78540882610223,0.408118315451967
79,"lag1",4.36136518328688,0.406851924396644
79,"lag2",1.47437174331585,0.457375032135637
79,"lag3",2.80656126747421,0.484674424269578
79,"lag4",0.815417364744497,0.543247705740311
79,"lag5",0.427816191717008,0.492143811725309
79,"lag6",0.728253885811431,0.413025732730394
79,"lag7",2.56306321979294,0.410283062881342
79,"lag8",1.52545981056774,0.45680976219458
79,"lag9",3.14303850734649,0.486092691236299
79,"lag10",1.21537776070624,0.532297372781148
79,"lag11",0.596656970905501,0.490314889239987
79,"lag12",0.603896673045248,0.412307441311484
80,"lag1",7.09157160931781,0.401044518771905
80,"lag2",3.35920636975981,0.453123212121121
80,"lag3",3.38814749833455,0.489733470441519
80,"lag4",3.54360327171547,0.517486388468489
80,"lag5",0.632278455488742,0.501172005776876
80,"lag6",0.316949867577504,0.420699270626943
80,"lag7",1.85010041265677,0.40435279513976
80,"lag8",1.06826810376921,0.453443159055438
80,"lag9",0.70766018968314,0.484545780281971
80,"lag10",0.731728301601153,0.512435110279867
80,"lag11",1.02191303733901,0.500075791674479
80,"lag12",1.13328658870459,0.422821856083953
81,"lag1",6.33526277204775,0.408158670484111
81,"lag2",2.75156678927294,0.446121486362703
81,"lag3",3.833199755024,0.503196821222425
81,"lag4",1.93352695687388,0.561239861016735
81,"lag5",1.39416634664913,0.512738543419435
81,"lag6",1.16742308478151,0.423030886997013
81,"lag7",3.49034082185895,0.416794294409567
81,"lag8",2.16225242968227,0.447831869476918
81,"lag9",4.44093260908506,0.502421387581541
81,"lag10",2.05478144657068,0.544301381486707
81,"lag11",1.19400426017666,0.501642155485181
81,"lag12",0.606100878656574,0.420175764583948
82,"lag1",4.81952806429378,0.378824563525787
82,"lag2",2.23684547002531,0.416854639597077
82,"lag3",3.36273813892173,0.464627055840578
82,"lag4",1.88378094666139,0.548209599421226
82,"lag5",1.16185432817992,0.468356379479218
82,"lag6",1.33401004225982,0.391483904486152
82,"lag7",2.23274950204404,0.384086106086058
82,"lag8",1.14839488254668,0.420119606634448
82,"lag9",2.31378608367064,0.468404276863973
82,"lag10",0.898843052506618,0.552745453689614
82,"lag11",0.985009019657093,0.469613289274702
82,"lag12",1.62792766032863,0.390101744773799
83,"lag1",5.23174448006345,0.417016446403535
83,"lag2",3.84023394623479,0.480617652143651
83,"lag3",5.63180274933903,0.515780657294975
83,"lag4",3.6983055534755,0.517174228698241
83,"lag5",0.75810856102115,0.481264835653556
83,"lag6",0.985386614143318,0.43422462640318
83,"lag7",2.0463818293798,0.421321434937007
83,"lag8",1.61828946767483,0.48347388591731
83,"lag9",2.6416162377644,0.521505812826463
83,"lag10",1.81337059544405,0.51384951881132
83,"lag11",1.95990236403385,0.485015695077724
83,"lag12",1.55433141799979,0.435778926201522
84,"lag1",4.05728137012905,0.400338587592199
84,"lag2",0.849840907126281,0.459295345565325
84,"lag3",4.46704017412659,0.500831482543387
84,"lag4",3.23504107375789,0.538106600787889
84,"lag5",1.9174358582204,0.488310503052745
84,"lag6",1.67912398410243,0.41541281438284
84,"lag7",1.25653063882142,0.407306979217579
84,"lag8",0.897381234948351,0.461107705350567
84,"lag9",5.25233888259479,0.503594463791542
84,"lag10",3.99577512558228,0.53120661435138
84,"lag11",2.27596245173538,0.48706404371601
84,"lag12",1.37948294837203,0.415880703914654
85,"lag1",3.78353648835589,0.365055263877605
85,"lag2",2.87805324264573,0.420508069002002
85,"lag3",2.09338915683746,0.442156256238298
85,"lag4",2.2288439112234,0.472380470623132
85,"lag5",0.566878925252647,0.433588408419904
85,"lag6",0.568297997240787,0.376886186804293
85,"lag7",1.4404219622589,0.371302624300871
85,"lag8",0.888198121795769,0.424005352859326
85,"lag9",3.52240124563611,0.440387317385552
85,"lag10",2.26111992611247,0.458698342326501
85,"lag11",0.355469889619257,0.425701262634004
85,"lag12",1.3158532230104,0.373772633148198
86,"lag1",3.77478123216756,0.40079643812504
86,"lag2",0.487095118835075,0.45930444705586
86,"lag3",-0.112258770919769,0.501296468653574
86,"lag4",-0.368867309319101,0.50351999786657
86,"lag5",0.10749202063874,0.465904969460633
86,"lag6",-0.166734969538835,0.42011207575312
86,"lag7",1.28266753882327,0.405482767408438
86,"lag8",1.21854248081763,0.461271655874152
86,"lag9",2.21982693296348,0.499768704168863
86,"lag10",0.419893463333736,0.499542126773879
86,"lag11",0.32466959597889,0.465321273579354
86,"lag12",-1.20653481397284,0.420858148275175
87,"lag1",4.64367764209709,0.367508017501189
87,"lag2",1.80518838472895,0.411006593032318
87,"lag3",5.05150640636401,0.436638519218244
87,"lag4",4.35236255936442,0.465602332540427
87,"lag5",-0.15444811674927,0.467489121738378
87,"lag6",0.911237368270907,0.393539320690058
87,"lag7",1.45018705457501,0.369957189369356
87,"lag8",0.785933999109522,0.413051807545098
87,"lag9",2.67584451988151,0.442981599766045
87,"lag10",0.455302078104141,0.464286539412509
87,"lag11",0.265408701824571,0.465144486225112
87,"lag12",0.63861153705301,0.392059814865098
88,"lag1",3.86994070624225,0.391015738251943
88,"lag2",3.27553380244804,0.45086253279233
88,"lag3",2.31776464757777,0.48506509336385
88,"lag4",0.0317693386791392,0.48423527979449
88,"lag5",0.333590915425059,0.448700671225682
88,"lag6",0.476963487184444,0.390830353665909
88,"lag7",0.803545380790156,0.392597879560453
88,"lag8",1.66823782748099,0.450478233396659
88,"lag9",3.71796116477899,0.486840121898177
88,"lag10",1.83884644504518,0.47854981331503
88,"lag11",1.60592139858945,0.452151948252817
88,"lag12",1.10869831565727,0.390169301270731
89,"lag1",6.22579647772252,0.381869283249524
89,"lag2",2.07131029706278,0.415926000886236
89,"lag3",3.3534181432203,0.456846362588498
89,"lag4",3.39410266213899,0.492477658394401
89,"lag5",0.710512969524963,0.475488754828962
89,"lag6",0.0237176143833656,0.399417029254426
89,"lag7",1.18018571551515,0.386146107324965
89,"lag8",0.455644425524436,0.4171964945968
89,"lag9",1.82666212052833,0.460012716059726
89,"lag10",-0.212051737859275,0.489350236258565
89,"lag11",1.09975203560799,0.475741055349906
89,"lag12",0.706197701470968,0.399051101370473
90,"lag1",6.10459752356189,0.373577079901453
90,"lag2",2.98672304825607,0.40853638252517
90,"lag3",4.32319913204778,0.439200548475198
90,"lag4",5.60717949787357,0.487546883628461
90,"lag5",1.37951601044267,0.464042146687361
90,"lag6",0.426023141933374,0.392429957041844
90,"lag7",2.0964100411209,0.372500191720383
90,"lag8",1.43598223602638,0.404410647795472
90,"lag9",2.89287320207086,0.440639807259548
90,"lag10",1.81961619546702,0.490625047308515
90,"lag11",1.04093041416123,0.467526483089762
90,"lag12",1.2056857484933,0.392586748580952
91,"lag1",4.42623619725179,0.375211644000995
91,"lag2",1.66020212962944,0.420699535469707
91,"lag3",2.80244848965831,0.458021077122507
91,"lag4",3.40994823533737,0.518096567530835
91,"lag5",1.68934827242896,0.470243986948015
91,"lag6",1.07286914833017,0.381858448576264
91,"lag7",2.13272852372374,0.378394514447187
91,"lag8",1.7832235914731,0.421813179531448
91,"lag9",2.66954779160468,0.459858760442555
91,"lag10",1.01873141491454,0.509434316373758
91,"lag11",0.764903816460267,0.469568574219466
91,"lag12",1.09923022665101,0.381099288236212
92,"lag1",6.62804455223155,0.36909969098583
92,"lag2",3.8247927541475,0.402266249207901
92,"lag3",3.25443127401395,0.460526191556418
92,"lag4",2.3691330368937,0.504099651001823
92,"lag5",0.978798760461817,0.442618621774037
92,"lag6",0.426164169833654,0.386351340315373
92,"lag7",1.60497304780612,0.374210282815077
92,"lag8",2.0504134025697,0.403717409761805
92,"lag9",2.63831323836916,0.464402703142653
92,"lag10",-0.0417434422399968,0.497933219179259
92,"lag11",0.635139202324943,0.442507205141697
92,"lag12",0.168166547465811,0.385885259850816
93,"lag1",4.08354940386885,0.392702180651538
93,"lag2",0.715320649983665,0.441972511614957
93,"lag3",2.38954279623303,0.46715299047406
93,"lag4",2.91335171511524,0.501590902073622
93,"lag5",0.583965843368269,0.469543763554071
93,"lag6",0.103103152369487,0.398451342324287
93,"lag7",-0.542723182307768,0.395199181386736
93,"lag8",0.987365446862056,0.442616194408055
93,"lag9",4.20674082492483,0.466508520680565
93,"lag10",2.3245339267408,0.498116196726568
93,"lag11",1.62150984893596,0.468911638176383
93,"lag12",2.00882928763303,0.396507008408995
94,"lag1",6.16639086821824,0.407436277774859
94,"lag2",2.32765809811075,0.465668269871088
94,"lag3",3.50674952335656,0.476882637886733
94,"lag4",2.87820202083579,0.493067010696159
94,"lag5",1.42327141276771,0.496262712852227
94,"lag6",0.555969083459975,0.42220501473664
94,"lag7",1.05327126160593,0.415581690751458
94,"lag8",-0.144710894302587,0.473508984349041
94,"lag9",0.234310056790247,0.483032340206206
94,"lag10",-0.629043986067578,0.486818302154772
94,"lag11",0.217650168404379,0.492534012063782
94,"lag12",1.01216311068423,0.420515992144261
95,"lag1",3.57337299911906,0.355914744916167
95,"lag2",2.33599444241387,0.410728298042645
95,"lag3",4.56533456159912,0.46789229388278
95,"lag4",3.38058274143787,0.481578030162057
95,"lag5",1.15007636464663,0.419433941521434
95,"lag6",0.578290095190226,0.363349814728954
95,"lag7",2.17016969628403,0.36064928165452
95,"lag8",0.246329656368827,0.41038460100901
95,"lag9",2.77673434761915,0.470305654611516
95,"lag10",1.8543756196053,0.469944623116949
95,"lag11",1.18535111385514,0.418325930604387
95,"lag12",1.15076467375937,0.36317425140041
96,"lag1",4.36266571114707,0.379696124871757
96,"lag2",2.85935482120229,0.424240975007904
96,"lag3",3.41821331548106,0.466586227075179
96,"lag4",2.86211332628662,0.522138080421991
96,"lag5",1.14245749953666,0.434096222035051
96,"lag6",0.900269272977486,0.372514974257874
96,"lag7",1.36708342638062,0.385309877927842
96,"lag8",1.00374792693624,0.428347760693492
96,"lag9",2.84765786775135,0.468693227756292
96,"lag10",0.294175136529173,0.511240390989287
96,"lag11",1.47380874215532,0.431514588001859
96,"lag12",0.774706794254462,0.370509902400519
97,"lag1",2.97128091824922,0.418889034538085
97,"lag2",2.27790264337096,0.482953612361567
97,"lag3",1.995857135861,0.524632049436234
97,"lag4",0.600170946473744,0.54729030053075
97,"lag5",0.891811926497801,0.480005583432802
97,"lag6",0.778851860443344,0.412332514931772
97,"lag7",2.14737259343842,0.416740450909538
97,"lag8",1.10962970939022,0.474645531351684
97,"lag9",3.01296360069211,0.52568124728415
97,"lag10",1.03974172183344,0.538441371527801
97,"lag11",0.709716404131014,0.478832439891188
97,"lag12",0.37912718739514,0.411441463931887
98,"lag1",6.03086030300906,0.372713813775982
98,"lag2",4.48883161024682,0.418264672895696
98,"lag3",3.90380615558049,0.445421426049721
98,"lag4",4.41127805959896,0.491716966180359
98,"lag5",1.00115388943191,0.460614593419793
98,"lag6",0.0287500831526601,0.398914893921626
98,"lag7",1.34336490974342,0.374957937344226
98,"lag8",1.69592583836933,0.420052556078678
98,"lag9",3.63541369899147,0.442350253401158
98,"lag10",2.5531794049779,0.481167493243567
98,"lag11",1.74719866904766,0.456176026425646
98,"lag12",0.98633294157121,0.398616926351444
99,"lag1",5.52323096391764,0.348469710901887
99,"lag2",2.8671111137951,0.398704370525438
99,"lag3",6.09823847684075,0.462977503616328
99,"lag4",3.63364636071816,0.460315912345908
99,"lag5",0.865257879519406,0.418335937046936
99,"lag6",0.115864917379781,0.357175596130043
99,"lag7",2.41813331663326,0.352590948692699
99,"lag8",2.26708495156778,0.40108186340819
99,"lag9",2.26376719099231,0.467308142044901
99,"lag10",0.224856711799446,0.453742134310368
99,"lag11",0.361842668266082,0.416206652818517
99,"lag12",0.293535224093264,0.355507646051708
100,"lag1",6.15804822488447,0.386158708980927
100,"lag2",3.63316032800272,0.422519807651164
100,"lag3",6.63652182598479,0.469858033857807
100,"lag4",7.8610330125298,0.515805632431633
100,"lag5",2.23789164768631,0.485733420946657
100,"lag6",1.49878442595269,0.397638584245026
100,"lag7",1.63922702800066,0.389886716546347
100,"lag8",0.0900002714490169,0.426885678750272
100,"lag9",0.3905620881751,0.472451261226185
100,"lag10",0.694339067707195,0.513977534363553
100,"lag11",1.9681571693123,0.484658138861259
100,"lag12",1.42090587302682,0.39703314861788
101,"lag1",3.92075486206495,0.410990934759214
101,"lag2",1.99410046210188,0.484501722486721
101,"lag3",0.716773035343413,0.48762579269156
101,"lag4",0.518924724640908,0.5057939279589
101,"lag5",-0.450177501145762,0.493209447444436
101,"lag6",0.439845223213121,0.427389408724556
101,"lag7",0.356616638109279,0.411328226621289
101,"lag8",1.68578533251472,0.481897401363771
101,"lag9",4.54704076681524,0.492640975802415
101,"lag10",1.73378575526294,0.503220563510892
101,"lag11",0.169697636674495,0.491315497909812
101,"lag12",0.508776684027641,0.424574535442078
102,"lag1",3.81762373046845,0.372401142658639
102,"lag2",3.06854038178067,0.4257322886505
102,"lag3",2.39198403661858,0.466774019576575
102,"lag4",3.66296792686049,0.480455083738763
102,"lag5",1.81679837113304,0.433264311828582
102,"lag6",1.91917700951097,0.388834881007835
102,"lag7",1.9245496000856,0.377522069720097
102,"lag8",2.02364365760702,0.429277795476322
102,"lag9",6.6572284089133,0.472995144083427
102,"lag10",4.21478060470867,0.474329148721491
102,"lag11",1.82750755927974,0.436104265832201
102,"lag12",1.82946684362382,0.387809247150148
103,"lag1",3.5384677720812,0.355161451603996
103,"lag2",1.75568644731406,0.408999379333824
103,"lag3",3.31385739651491,0.453195953775994
103,"lag4",1.64447398924709,0.44875509245195
103,"lag5",1.57632076878198,0.450362488919887
103,"lag6",0.257757281395516,0.378781017588797
103,"lag7",2.16167441815252,0.361458486380647
103,"lag8",1.87367582189427,0.411767130420791
103,"lag9",3.11101509483077,0.460020461331905
103,"lag10",1.01083949576678,0.447100326501547
103,"lag11",0.268182524981829,0.451840269024197
103,"lag12",-0.326405797420817,0.37961567725627
104,"lag1",4.0184896988713,0.342909509464197
104,"lag2",2.24440507118772,0.379941096806637
104,"lag3",2.73847873429303,0.438275381656157
104,"lag4",1.88156530140902,0.46382543205058
104,"lag5",-0.0799375170182697,0.412469336044987
104,"lag6",1.25352565164612,0.354149736224983
104,"lag7",2.04565122862124,0.350468820957708
104,"lag8",0.734538754246693,0.387133539211827
104,"lag9",1.37281021394676,0.440882422771574
104,"lag10",1.29241279264056,0.45897523122535
104,"lag11",2.09231208848206,0.410383216586753
104,"lag12",2.17626624027984,0.354580465978153
105,"lag1",4.59089413177587,0.367064869899606
105,"lag2",3.52207036546908,0.436465341749654
105,"lag3",3.80662933214946,0.436397545151014
105,"lag4",3.62147728993324,0.458207911601366
105,"lag5",0.797320783679697,0.43849066371571
105,"lag6",0.144770180881677,0.373863639610838
105,"lag7",1.95680635651017,0.368966139156788
105,"lag8",1.11081739085222,0.434564421487795
105,"lag9",4.41392148644694,0.434919070889194
105,"lag10",3.49239436962025,0.44403761664405
105,"lag11",1.54433446232111,0.438569890132277
105,"lag12",1.64952317480489,0.374427374256127
106,"lag1",4.96105511777858,0.451146266116131
106,"lag2",1.74801208754681,0.506932346926994
106,"lag3",1.21985624612237,0.521715336820299
106,"lag4",0.664201301065459,0.561533463035466
106,"lag5",1.65096882081976,0.526904803863838
106,"lag6",2.30446421491812,0.449122667568899
106,"lag7",2.40695367221842,0.455047574522046
106,"lag8",2.44698704247266,0.511050488825775
106,"lag9",5.9444805316287,0.531124514256599
106,"lag10",3.78430890389493,0.564335767892443
106,"lag11",1.10813667633733,0.530496716789286
106,"lag12",0.406663523756558,0.449050032906367
107,"lag1",2.73569612327387,0.405095089981194
107,"lag2",0.824602226815378,0.465320044094354
107,"lag3",3.03541397035243,0.467660010050209
107,"lag4",2.96470923559203,0.502551887632146
107,"lag5",-0.145178848739922,0.487921275572882
107,"lag6",-0.140707259104673,0.424021543646004
107,"lag7",0.323031869481052,0.406171916515949
107,"lag8",-1.77139946033695,0.464721819805645
107,"lag9",1.10785326515373,0.472049487851457
107,"lag10",0.325625871888728,0.490921797424349
107,"lag11",-0.734520191233122,0.485370602314794
107,"lag12",-0.634295938794553,0.422211917551556
108,"lag1",5.74807334463096,0.386062085054471
108,"lag2",4.23264462562666,0.45326261446048
108,"lag3",7.4646839391048,0.485522509872086
108,"lag4",5.94750496283754,0.500941530069554
108,"lag5",2.23171263135874,0.446499232764106
108,"lag6",2.04208026695175,0.390039035023046
108,"lag7",2.71121711886885,0.390464494160448
108,"lag8",-0.0784307539075775,0.458716892110841
108,"lag9",0.259041842126761,0.486358544836103
108,"lag10",0.763411326925731,0.492617227218119
108,"lag11",2.15349175729856,0.443733816680914
108,"lag12",1.48027451569446,0.389464605684838
109,"lag1",5.36805158977044,0.391386212852024
109,"lag2",2.51870494173406,0.437914552691776
109,"lag3",6.25632390552041,0.491394902830386
109,"lag4",4.375849827873,0.514240785252554
109,"lag5",1.80023766801985,0.479285952834037
109,"lag6",2.53204153876995,0.412877392206362
109,"lag7",2.56220848826975,0.39606272246668
109,"lag8",2.48326931279696,0.440904495711661
109,"lag9",1.60661038419436,0.494664293081789
109,"lag10",0.884264360423629,0.503876715166527
109,"lag11",0.868812922251768,0.477021786775891
109,"lag12",0.934813216309624,0.415132210492796
110,"lag1",6.1306444546101,0.400660693665674
110,"lag2",3.49781740268051,0.445774950198442
110,"lag3",2.33790066955147,0.462376640836205
110,"lag4",2.6486806381625,0.502069286961578
110,"lag5",2.60099110859843,0.504644440111692
110,"lag6",1.31703247210873,0.417625722341592
110,"lag7",4.44390603837908,0.405464532330633
110,"lag8",2.25072366082408,0.445679773201203
110,"lag9",2.98445691209947,0.469974472769667
110,"lag10",2.65961104402022,0.496479910641381
110,"lag11",1.96670543461096,0.498273602616923
110,"lag12",1.88387240465119,0.417534512531866
111,"lag1",4.58436373997459,0.391447181262069
111,"lag2",3.43956580538767,0.429858957019984
111,"lag3",5.08634957462279,0.493234147097421
111,"lag4",3.69353280940749,0.534422905276292
111,"lag5",0.592308204777846,0.474044031721492
111,"lag6",1.08020109693735,0.410078926468108
111,"lag7",1.90796721546362,0.396920486224595
111,"lag8",1.87337462550962,0.432504658857524
111,"lag9",3.04605039182934,0.498626883063874
111,"lag10",2.2497301062195,0.534462959539544
111,"lag11",2.29812918062729,0.479184503127995
111,"lag12",1.68275340671826,0.411242371316753
112,"lag1",6.56088156407219,0.416209097648725
112,"lag2",4.66010573995224,0.48821163909051
112,"lag3",2.94839096642825,0.527218847206066
112,"lag4",3.75039318263709,0.521900539136981
112,"lag5",0.113104225536034,0.493675021081933
112,"lag6",-0.859611662451166,0.423828058225059
112,"lag7",0.838838280842982,0.420788569596176
112,"lag8",0.078291578934341,0.4872597283051
112,"lag9",1.0344896254745,0.53268671058035
112,"lag10",1.41672626301341,0.520552674556881
112,"lag11",1.61604887421707,0.492947752157606
112,"lag12",1.53286008082818,0.422575572655566
113,"lag1",3.19948947438925,0.381486127362394
113,"lag2",2.75097250466535,0.44740376356105
113,"lag3",3.68714947018324,0.461543833260785
113,"lag4",2.49238174915312,0.46601431096764
113,"lag5",0.473597216981904,0.440764450673512
113,"lag6",0.664602814559385,0.389077101650543
113,"lag7",0.547911133923969,0.387680989223137
113,"lag8",0.0893736267271288,0.444841820586133
113,"lag9",1.11718389976118,0.465865185007324
113,"lag10",0.76801498797093,0.455994090158345
113,"lag11",0.95710718338738,0.441806149426396
113,"lag12",0.0613972357881145,0.385837889997694
114,"lag1",4.27298827205839,0.414834538253671
114,"lag2",2.8377485632996,0.470925000271034
114,"lag3",2.6948910246298,0.514456552726728
114,"lag4",1.37593100895976,0.514067645074882
114,"lag5",0.959615484253897,0.487928751023377
114,"lag6",2.06367514877521,0.429948503976187
114,"lag7",2.38811447104728,0.414635832774005
114,"lag8",4.05830297832359,0.468547828314096
114,"lag9",6.04378416140207,0.512698689650034
114,"lag10",2.18461836728833,0.512996646771082
114,"lag11",1.44380212689744,0.489508237617789
114,"lag12",0.539418547808822,0.433536205465225
115,"lag1",3.12641159798086,0.389334279886158
115,"lag2",1.05603426734371,0.443513979721825
115,"lag3",2.76991320868764,0.466158859708474
115,"lag4",2.89624214625094,0.511584402555789
115,"lag5",1.63512536764354,0.491358632993853
115,"lag6",0.656820058400092,0.410091210973618
115,"lag7",2.59220292131151,0.394068933787157
115,"lag8",2.72958763056303,0.44602168552834
115,"lag9",3.61016617376476,0.471659312985522
115,"lag10",1.46135214545723,0.503131797396797
115,"lag11",1.8693042399938,0.491196928484776
115,"lag12",2.38527447731092,0.411363784653212
116,"lag1",4.66416953737185,0.380583664286757
116,"lag2",2.78410643776668,0.419256020909853
116,"lag3",3.4227784419366,0.469862165317406
116,"lag4",4.62020635687836,0.521457706233406
116,"lag5",1.37331196899817,0.46588774428077
116,"lag6",0.834374844549775,0.39560085254734
116,"lag7",2.24166011847469,0.387084182096989
116,"lag8",1.25106690345454,0.420212455014927
116,"lag9",2.63466783180843,0.468682336619936
116,"lag10",1.91325874089035,0.509663860496114
116,"lag11",2.20170451628973,0.462275906779167
116,"lag12",2.09142446625704,0.394160655493379
117,"lag1",3.29807691239217,0.37139487492229
117,"lag2",1.42434137638624,0.426952378793073
117,"lag3",1.8261649929753,0.44332618431867
117,"lag4",2.1453209689718,0.461342854826275
117,"lag5",0.723124178657322,0.444938829643327
117,"lag6",0.794480883067147,0.382164325685754
117,"lag7",1.18250104218594,0.375931010223944
117,"lag8",0.270285879590849,0.428389389227587
117,"lag9",3.18868229941706,0.444081073985409
117,"lag10",3.28830554109761,0.449773016602298
117,"lag11",0.567280853580984,0.44449276660412
117,"lag12",1.13040369789562,0.381268030191811
118,"lag1",4.84352250862556,0.404044677278209
118,"lag2",2.34857919666157,0.466661810766114
118,"lag3",3.16190499912922,0.491629980247621
118,"lag4",2.52932340544248,0.536549135295422
118,"lag5",1.97404672921748,0.500182348986831
118,"lag6",2.13109544561893,0.426883645130271
118,"lag7",2.55514594296771,0.410019618142911
118,"lag8",1.27355813328842,0.464733402350019
118,"lag9",2.65994686091964,0.487134386767718
118,"lag10",1.39622554275026,0.521528588060661
118,"lag11",0.852143497009966,0.497337809419465
118,"lag12",1.25723381802706,0.425186325835082
119,"lag1",3.8708572458961,0.376939610257016
119,"lag2",2.81463848922958,0.426557821576637
119,"lag3",2.34526861804096,0.427423427230164
119,"lag4",1.23968519889912,0.472955343655322
119,"lag5",0.0127814826176331,0.477206298177282
119,"lag6",-0.699871466911256,0.396827555624836
119,"lag7",1.01868753610383,0.380345789795682
119,"lag8",1.88412851615383,0.430312854810118
119,"lag9",3.36619587883993,0.427981029945169
119,"lag10",1.50428639411246,0.463744214836832
119,"lag11",0.352388511788562,0.477057061815867
119,"lag12",0.361346492619008,0.398278531595346
120,"lag1",3.53036545712975,0.405046314514154
120,"lag2",2.12559931372091,0.452873380039146
120,"lag3",4.05617806884004,0.517684859313151
120,"lag4",1.77494308920233,0.576008052501551
120,"lag5",1.10506297235148,0.502298189578667
120,"lag6",0.75041843780401,0.421641046806959
120,"lag7",2.27177857050425,0.407000025181695
120,"lag8",2.74160645870754,0.452255421889002
120,"lag9",4.79878749013037,0.527006103467216
120,"lag10",0.928738056621908,0.572028502771368
120,"lag11",-0.0611434283206129,0.506857160309651
120,"lag12",0.0679513889267651,0.424308283425363
121,"lag1",3.98724792468332,0.40732086657644
121,"lag2",1.38897749638606,0.45860233355127
121,"lag3",3.51092410558404,0.504564284591556
121,"lag4",2.36770529682554,0.527330308149672
121,"lag5",0.727369211506632,0.488371696920512
121,"lag6",0.327829508558605,0.425900996751448
121,"lag7",1.38500957628191,0.414187358657583
121,"lag8",0.782814854376599,0.464298724537894
121,"lag9",3.34414451097904,0.506722248453949
121,"lag10",1.89275775526185,0.520052697327509
121,"lag11",0.377684432755402,0.483591696824188
121,"lag12",-0.337716469427677,0.426604775983353
122,"lag1",3.52463315323304,0.398169908577947
122,"lag2",1.23629533031478,0.451903594490484
122,"lag3",2.23571827772034,0.482286504917044
122,"lag4",1.25894260793668,0.512786937936947
122,"lag5",1.53578048883392,0.4714153916978
122,"lag6",1.21418714554429,0.400048871092528
122,"lag7",1.83062422912796,0.401229408995445
122,"lag8",1.70964832046035,0.454463496296794
122,"lag9",4.86137505250119,0.481415181880347
122,"lag10",1.90974762432733,0.508524069889781
122,"lag11",1.79380636221944,0.467330107118939
122,"lag12",1.16663945812363,0.397570803470266
123,"lag1",4.31847741145509,0.376133620682457
123,"lag2",2.0726829548225,0.419244334519411
123,"lag3",4.30385056906412,0.450741399877668
123,"lag4",4.74624270339531,0.491066083317843
123,"lag5",0.553528974872835,0.495386970358915
123,"lag6",0.58596461153821,0.399793350910369
123,"lag7",1.29775121867578,0.380678302357448
123,"lag8",0.284790005226613,0.423102425752822
123,"lag9",0.647459019407378,0.451529329983857
123,"lag10",1.1099094672826,0.4840614077158
123,"lag11",0.920769483774008,0.489846254290796
123,"lag12",1.59606322943729,0.40106829738759
124,"lag1",2.08770647066464,0.374143259377713
124,"lag2",1.03454259440726,0.428220199538492
124,"lag3",1.653611395588,0.457158508777236
124,"lag4",2.88619867230073,0.474338645616967
124,"lag5",0.664440787094827,0.437343844049129
124,"lag6",-0.18441201743145,0.385763266125463
124,"lag7",1.76654778614197,0.376497148243909
124,"lag8",1.77638117999013,0.42904309865766
124,"lag9",3.32968591622176,0.452770561855865
124,"lag10",1.89196188085249,0.469112630942814
124,"lag11",0.194486663960665,0.434212860023553
124,"lag12",0.0660997739275789,0.383748641880993
125,"lag1",4.1943832239907,0.415286536329216
125,"lag2",2.51218615447836,0.476598548211142
125,"lag3",4.77380684919847,0.503855321626824
125,"lag4",4.67796321326537,0.549094307712893
125,"lag5",0.825704632160026,0.51634819531831
125,"lag6",1.30980304829895,0.443186375485671
125,"lag7",1.84254908075652,0.421103984119206
125,"lag8",0.335102326092794,0.478604950448265
125,"lag9",0.202321176575427,0.503754560945897
125,"lag10",-0.328066487239197,0.541415693545428
125,"lag11",-0.245805323481278,0.517324918370755
125,"lag12",0.633451118680956,0.445622641426054
126,"lag1",5.33844033925214,0.368241469572072
126,"lag2",3.07522565361915,0.412307353313532
126,"lag3",6.4033745166576,0.454951291326863
126,"lag4",4.48604524080694,0.465411780563056
126,"lag5",1.22119683892195,0.426960151328878
126,"lag6",1.36539693427788,0.377325192123465
126,"lag7",1.5679467765838,0.372201705828835
126,"lag8",0.895993786136833,0.413695030992691
126,"lag9",2.32349698271549,0.455713735378015
126,"lag10",0.70349627984841,0.459660006441639
126,"lag11",1.20147568056554,0.428254142168181
126,"lag12",0.124765683238517,0.374230764321932
127,"lag1",4.33892833170131,0.434558383716329
127,"lag2",1.74800716566334,0.492479562817518
127,"lag3",3.59788184893845,0.542956125392306
127,"lag4",4.58671248884714,0.551130986621924
127,"lag5",1.11740189278949,0.491733931699725
127,"lag6",1.02982436576652,0.438206777563135
127,"lag7",2.01761076741182,0.436936769824887
127,"lag8",0.676907094954032,0.492061378700822
127,"lag9",3.66947482517299,0.547196886772491
127,"lag10",3.9046933250519,0.546938177373309
127,"lag11",3.96124650358172,0.492625543898667
127,"lag12",2.66054603001763,0.436752542290632
128,"lag1",2.97188372195719,0.372119206920313
128,"lag2",0.869596972982598,0.434276830094806
128,"lag3",2.83135486940288,0.467711486332511
128,"lag4",1.84597375052054,0.471717478268496
128,"lag5",-0.229114448822226,0.444370593925041
128,"lag6",0.0637242557392001,0.382131304112647
128,"lag7",1.96492987090314,0.373758147076246
128,"lag8",0.238424326677238,0.436871274450298
128,"lag9",1.39635974940526,0.475489003823224
128,"lag10",0.790296694790742,0.465295846788847
128,"lag11",0.663424935403804,0.446621627679886
128,"lag12",0.176302073143343,0.383950483781587
129,"lag1",3.89099114028437,0.420384750968027
129,"lag2",2.09584525740142,0.470758477858217
129,"lag3",0.613858186991925,0.497248136643999
129,"lag4",2.02040988334452,0.539674733599288
129,"lag5",0.163614512811102,0.48586015830997
129,"lag6",0.645525990047965,0.418500740899727
129,"lag7",2.60936279526838,0.422038731798454
129,"lag8",2.04309525995145,0.467906049507838
129,"lag9",4.36896939387664,0.500040207428503
129,"lag10",4.01784913721543,0.532893765269414
129,"lag11",1.21101620865339,0.487541679679424
129,"lag12",1.40236787761521,0.417402161485417
130,"lag1",4.16682262388632,0.360910627085469
130,"lag2",2.02331304953689,0.405776511628723
130,"lag3",2.95302287774508,0.43826307493152
130,"lag4",3.01739015186419,0.454798725957194
130,"lag5",1.23608667144728,0.447183974426997
130,"lag6",1.51098098736157,0.386217688409244
130,"lag7",2.03497134926946,0.363849605798352
130,"lag8",1.05988479423035,0.404326209285935
130,"lag9",0.847190545572801,0.433432288838806
130,"lag10",0.497950433860642,0.448596527492636
130,"lag11",0.967759592564025,0.446080258541229
130,"lag12",0.68761211947762,0.385346438372644
131,"lag1",4.37690961189678,0.367791510612291
131,"lag2",1.68962259788935,0.407254941375318
131,"lag3",-0.168784662842357,0.435977429951277
131,"lag4",0.605221809378106,0.471454493295945
131,"lag5",0.370255815162596,0.452920115951576
131,"lag6",0.464996630568314,0.378435047584819
131,"lag7",1.75377670918254,0.372406921270362
131,"lag8",0.706786456398012,0.410524396636274
131,"lag9",0.568777613976823,0.441959531755205
131,"lag10",0.272362517933692,0.473182430190786
131,"lag11",1.29128454166379,0.451956606050261
131,"lag12",1.63558209673753,0.378862169474661
132,"lag1",2.99439251433607,0.375647848191725
132,"lag2",1.55802112032922,0.425805828249487
132,"lag3",2.49178816815295,0.466994611557368
132,"lag4",0.382007627795508,0.519907323927636
132,"lag5",2.05039517662497,0.459678902483228
132,"lag6",1.88709138102564,0.38360854629932
132,"lag7",2.57306793639548,0.381859857711771
132,"lag8",1.433219089362,0.425215102418297
132,"lag9",2.62657907589628,0.463001231712652
132,"lag10",1.43785488371768,0.499273741212571
132,"lag11",1.7103905296086,0.451993269452964
132,"lag12",1.95388528523606,0.382988569561228
133,"lag1",3.89551161547811,0.3658324197418
133,"lag2",1.59531326828625,0.421910524587212
133,"lag3",-0.644357569054565,0.44873236401909
133,"lag4",-0.187271485649595,0.457018445499968
133,"lag5",0.448071270710968,0.424148357205367
133,"lag6",-0.169900211688101,0.370307867758227
133,"lag7",1.24606408533413,0.367413001856475
133,"lag8",0.8477743356185,0.420136347440794
133,"lag9",1.30901308523445,0.449179467779225
133,"lag10",-0.312443899478623,0.454012260263796
133,"lag11",-0.185895591762358,0.423549973113213
133,"lag12",0.509247628204174,0.369268298738305
134,"lag1",6.44102796313162,0.390453167035549
134,"lag2",3.1142325042209,0.444014677018786
134,"lag3",3.56030656392424,0.454413889338795
134,"lag4",4.39557985101543,0.48036002915785
134,"lag5",2.25473983908357,0.478217390338554
134,"lag6",1.97691759693643,0.404695695132152
134,"lag7",2.39713840945721,0.394799768864761
134,"lag8",1.66993057596585,0.44057934083055
134,"lag9",2.5363439861784,0.452462338792716
134,"lag10",0.59515447552671,0.474895909391912
134,"lag11",0.916226922344435,0.472879782104084
134,"lag12",2.15165321140782,0.4034800063302
135,"lag1",4.72219018554387,0.376572015281975
135,"lag2",2.65728760692076,0.428897550604591
135,"lag3",1.45768016077468,0.453524725308386
135,"lag4",1.40668117556996,0.490327622891686
135,"lag5",1.57261519507038,0.477204039109535
135,"lag6",0.638455102592648,0.399140214219534
135,"lag7",1.84790818564521,0.379604792037552
135,"lag8",1.75398762912347,0.427902164631109
135,"lag9",2.5329465618949,0.454947668649351
135,"lag10",0.902929223692565,0.480207930117788
135,"lag11",0.383744703100844,0.473025153143074
135,"lag12",0.190079226071328,0.401547999880339
136,"lag1",4.24943976197723,0.397520189245415
136,"lag2",3.18045475598272,0.458205637736979
136,"lag3",4.51798528317129,0.492475236699885
136,"lag4",3.69460473845812,0.494883752081749
136,"lag5",1.5555174323088,0.460847745956626
136,"lag6",2.23131319967995,0.406628200083278
136,"lag7",2.6130961647771,0.399434967701861
136,"lag8",2.0514738514864,0.457317107258691
136,"lag9",3.26563039991974,0.493363748169328
136,"lag10",2.19283574981333,0.488781496060905
136,"lag11",2.22364153823063,0.458978656149478
136,"lag12",2.4798699041952,0.406455382760489
137,"lag1",5.336229812373,0.381842058731377
137,"lag2",3.15222416059389,0.433475977175177
137,"lag3",3.49585303152461,0.471922021362068
137,"lag4",2.88230251373258,0.487208257504421
137,"lag5",0.989609701182948,0.451411086444204
137,"lag6",0.525501732651329,0.389530421960559
137,"lag7",1.89266887860418,0.387821705051404
137,"lag8",2.11076438317863,0.435599611361478
137,"lag9",4.17706505588047,0.473840901420938
137,"lag10",0.76925057160055,0.486878282168188
137,"lag11",0.514155861267074,0.453559176609992
137,"lag12",0.642544777832673,0.386593307923459
138,"lag1",4.85394110967642,0.388981880649719
138,"lag2",2.75179460242827,0.433641277278806
138,"lag3",5.08668899939092,0.471916248898064
138,"lag4",5.31165141841233,0.49871565343745
138,"lag5",1.25880019974357,0.479788699660867
138,"lag6",1.13448775902773,0.415151269476313
138,"lag7",2.3645145261228,0.39260496376933
138,"lag8",1.35234587412053,0.433463680667545
138,"lag9",4.22311571523533,0.475410415189098
138,"lag10",2.21201609258188,0.497819310400719
138,"lag11",2.24138948457877,0.482717897238399
138,"lag12",1.39932462822832,0.41608804189916
139,"lag1",4.64762803260046,0.373152149057495
139,"lag2",3.40678712249581,0.427781018202876
139,"lag3",6.91560850271919,0.465236237825198
139,"lag4",3.66253970555111,0.490447305993364
139,"lag5",1.45276828121544,0.453319311478869
139,"lag6",1.37622686357863,0.379385202081834
139,"lag7",3.16328947644467,0.376019619171147
139,"lag8",2.2946991873193,0.431345558791903
139,"lag9",3.64364415395449,0.465457069382963
139,"lag10",1.49558314736274,0.488823612928335
139,"lag11",1.75782851020193,0.451156724391561
139,"lag12",1.07117172458462,0.37999633474362
140,"lag1",4.11656014525768,0.394973709910269
140,"lag2",1.33328190652061,0.455504029982621
140,"lag3",1.45784808068666,0.467571609002259
140,"lag4",1.27521315777054,0.492885071065854
140,"lag5",-0.685510407130261,0.455729529341017
140,"lag6",-0.392587709480813,0.393539062891636
140,"lag7",1.62001208891715,0.398592335383401
140,"lag8",-0.482437610495258,0.458006468642434
140,"lag9",1.77260509719391,0.470672370642808
140,"lag10",1.52858087828709,0.488935479156469
140,"lag11",0.159608095044801,0.455950069074456
140,"lag12",0.579327409028917,0.391444600896676
141,"lag1",5.3082507525028,0.370598876331044
141,"lag2",2.06089284752897,0.413977662761357
141,"lag3",3.39553103496437,0.448389649244657
141,"lag4",3.50523984694676,0.474115092647131
141,"lag5",1.83685906270973,0.437081180742459
141,"lag6",1.48465728145407,0.37484580699692
141,"lag7",0.625444680255532,0.374349452504357
141,"lag8",-0.103797352659267,0.410389974036477
141,"lag9",0.773343204017935,0.446130289622635
141,"lag10",-0.629141962666716,0.47076720489263
141,"lag11",1.10042257750567,0.434550800427721
141,"lag12",1.08146585108546,0.373795167367765
142,"lag1",4.35851317045901,0.389454174870261
142,"lag2",1.35830314323247,0.442904304669763
142,"lag3",4.91326685503604,0.482002996326059
142,"lag4",4.38965200227873,0.523014787596174
142,"lag5",0.883522346999862,0.489420620893932
142,"lag6",-0.113060142386683,0.406595637670163
142,"lag7",1.66614230946708,0.392619612761337
142,"lag8",1.42204326377456,0.444242538657775
142,"lag9",3.51506719047435,0.486292874031457
142,"lag10",2.0671229954088,0.513913159184992
142,"lag11",1.17448449495902,0.489559153624299
142,"lag12",1.59102877387565,0.406157565861474
143,"lag1",4.44372520989443,0.392117000537111
143,"lag2",1.90644044084643,0.453418746465544
143,"lag3",1.53637975508675,0.488251704456361
143,"lag4",3.07366350229411,0.504856529704364
143,"lag5",0.900558804869882,0.463415762333112
143,"lag6",0.18296980466258,0.398565586803124
143,"lag7",1.10011820609598,0.395418181320523
143,"lag8",0.59061190715429,0.452550417533998
143,"lag9",3.50655269259887,0.489169689315949
143,"lag10",2.46712058369221,0.502086071426294
143,"lag11",1.32195889557436,0.458967325152669
143,"lag12",0.570545660006071,0.397767800464262
144,"lag1",5.047556911931,0.440717313568462
144,"lag2",2.28503352973084,0.515586457293626
144,"lag3",3.33679601090452,0.508381464561308
144,"lag4",3.58721688449639,0.537550889049582
144,"lag5",1.20078792103066,0.522616534618424
144,"lag6",1.59999226434913,0.453702790326741
144,"lag7",1.87399410289448,0.441403542470275
144,"lag8",0.500757499642602,0.509905065399048
144,"lag9",3.27411556014609,0.507461251138221
144,"lag10",2.2959825722883,0.52389490643262
144,"lag11",1.71816018888838,0.524315035271427
144,"lag12",1.54619447702968,0.453426885890093
145,"lag1",5.63981315907264,0.410884418496599
145,"lag2",3.56581016712876,0.460347115736792
145,"lag3",3.96893420042289,0.491545454949734
145,"lag4",3.75807567693073,0.511681947445522
145,"lag5",0.00738495131779648,0.500105151965822
145,"lag6",0.0747491448931494,0.426565785736136
145,"lag7",2.52434032229036,0.414488221004077
145,"lag8",2.07052827814888,0.46003833627627
145,"lag9",3.17873717776734,0.487642332971545
145,"lag10",1.80942572769858,0.508807576481455
145,"lag11",1.39295220744127,0.49574991565541
145,"lag12",0.0165266065862972,0.426179642535291
146,"lag1",5.10866872760271,0.382804585874275
146,"lag2",2.30020947987609,0.432456946794836
146,"lag3",6.03183190881484,0.470897275026589
146,"lag4",7.80588893764972,0.485982643002918
146,"lag5",2.17245307284468,0.467573536545671
146,"lag6",1.04507947878512,0.399210109050028
146,"lag7",0.927272452143404,0.384601829066113
146,"lag8",-0.111308633363614,0.43228747282412
146,"lag9",3.35310703722513,0.474504904132879
146,"lag10",2.68724257268044,0.484238684653578
146,"lag11",1.90479543436922,0.468877360827379
146,"lag12",1.2817690945351,0.398790776711714
147,"lag1",3.98443426793711,0.410134212208794
147,"lag2",1.08797377884363,0.453761473027616
147,"lag3",5.06576854103267,0.470761556205057
147,"lag4",3.85503975406254,0.497101510058341
147,"lag5",1.2985575948982,0.495924984250925
147,"lag6",1.18685048977518,0.422083142463266
147,"lag7",2.33919741101709,0.415171966229937
147,"lag8",0.550239624997989,0.458665827970742
147,"lag9",2.9185330360295,0.473898953373458
147,"lag10",1.53273694217267,0.490666533922765
147,"lag11",0.816993148210647,0.494003479074715
147,"lag12",0.566994822796423,0.420137547038262
148,"lag1",3.22607469776084,0.379331312725769
148,"lag2",1.22174875406255,0.423073650140567
148,"lag3",3.47497199790474,0.436052942682856
148,"lag4",4.64716687033407,0.477674255756785
148,"lag5",0.898184540535828,0.456023910900119
148,"lag6",0.313372749004382,0.389717619751574
148,"lag7",0.0195683439981017,0.381443014532636
148,"lag8",0.573137814773603,0.422298965633547
148,"lag9",1.26913305127158,0.435866703892062
148,"lag10",0.0866765385131831,0.472034170965489
148,"lag11",0.79720320454149,0.449647503595963
148,"lag12",-0.143035655086214,0.388830241477851
149,"lag1",3.53719875780584,0.387671909703066
149,"lag2",1.7536196381049,0.449008701974303
149,"lag3",5.71528282505024,0.465293352894845
149,"lag4",4.16916537858161,0.470418180278878
149,"lag5",0.79491801672263,0.458798726278071
149,"lag6",0.761915313547035,0.401958847522551
149,"lag7",1.09286019638503,0.38886026497321
149,"lag8",2.82818188487271,0.445200657301992
149,"lag9",5.30509620208015,0.462495972026651
149,"lag10",2.69399893907866,0.461117929673835
149,"lag11",1.18777231600695,0.458840687869008
149,"lag12",0.103827947111881,0.402336482312954
150,"lag1",3.04359637144042,0.397447811641819
150,"lag2",1.02533257355642,0.441303706768484
150,"lag3",2.92559756167091,0.471024499719065
150,"lag4",4.59474265820703,0.537490401461446
150,"lag5",2.35817441522574,0.487475065489069
150,"lag6",1.36345836790559,0.406143825489432
150,"lag7",1.67876341513403,0.399084978283648
150,"lag8",1.80183369082081,0.438651581676881
150,"lag9",3.42893029599939,0.473876407742946
150,"lag10",2.60807868976584,0.525437691772906
150,"lag11",2.41520950677381,0.485618798291072
150,"lag12",2.46733358067696,0.406263298152137
151,"lag1",2.38816007825451,0.360216552630984
151,"lag2",0.660228526552524,0.413933958788462
151,"lag3",1.2520886892444,0.448135974487112
151,"lag4",-0.126302460915256,0.464817022590048
151,"lag5",0.190225684318719,0.41831289945493
151,"lag6",-0.469155398417661,0.359620876011023
151,"lag7",0.444507155064743,0.367460308693914
151,"lag8",0.578892313331714,0.414769350625572
151,"lag9",2.8324499009451,0.449380676734634
151,"lag10",-0.168344978956816,0.458815375633814
151,"lag11",0.2115374570735,0.41767579081517
151,"lag12",-0.29405309914861,0.358335412416769
152,"lag1",5.34083957195093,0.429938249012105
152,"lag2",4.52754510604303,0.512414602480749
152,"lag3",2.65768098161855,0.539303958660977
152,"lag4",0.719348360941754,0.527740694927656
152,"lag5",0.639353323501542,0.503094677816876
152,"lag6",0.440613283014212,0.451804440219644
152,"lag7",0.5833966838438,0.437417860526311
152,"lag8",1.3462865069393,0.521300388336775
152,"lag9",4.00906921489303,0.545833466868339
152,"lag10",1.45669734795614,0.529215040425778
152,"lag11",0.700227930712943,0.505042257424411
152,"lag12",0.149395215641176,0.449480045211813
153,"lag1",8.56949387945521,0.396700539164593
153,"lag2",6.47904118017037,0.448667780208216
153,"lag3",5.68797214156046,0.470324105014915
153,"lag4",4.78399766081595,0.486961230227586
153,"lag5",2.83884024698868,0.471534587671135
153,"lag6",3.04158177851927,0.407379188946303
153,"lag7",3.69542028294696,0.401665426070682
153,"lag8",2.85927518115703,0.453506286144248
153,"lag9",4.40196236231568,0.471096037536514
153,"lag10",2.96594994903229,0.483774906108665
153,"lag11",2.46358277307888,0.467733773142117
153,"lag12",2.82143523190687,0.405446249507776
154,"lag1",3.22849799425654,0.362116576811253
154,"lag2",1.91761506489477,0.403182144394837
154,"lag3",2.90694505928719,0.451560347601536
154,"lag4",1.34461928962905,0.488331137530754
154,"lag5",0.915699285899946,0.435956924381786
154,"lag6",0.688224834441628,0.376262781261807
154,"lag7",1.26932637384146,0.365399671629688
154,"lag8",2.07692059045241,0.40128432779777
154,"lag9",4.87877169102308,0.450055023178695
154,"lag10",1.563191184671,0.479545852591648
154,"lag11",1.63690867359148,0.435491450597809
154,"lag12",1.35304445474216,0.377686418378564
155,"lag1",6.34364138698849,0.379239425390398
155,"lag2",3.35393580633592,0.420765989719214
155,"lag3",3.94936450301182,0.453746655354372
155,"lag4",3.70103999967976,0.499932236971306
155,"lag5",0.308292084439153,0.45765162913654
155,"lag6",-0.0565887894667147,0.385652477037676
155,"lag7",1.32058258639393,0.383510166698834
155,"lag8",0.457476072387547,0.421733256457173
155,"lag9",2.0990886223001,0.455493414644034
155,"lag10",1.42589758168412,0.499128998241704
155,"lag11",0.194191523097731,0.45569322336923
155,"lag12",-0.461750754143997,0.387229539543176
156,"lag1",6.00215153876,0.369013734002357
156,"lag2",4.80055908839965,0.419290942013513
156,"lag3",2.91121332138843,0.442201687670769
156,"lag4",2.18353329871335,0.474120461407328
156,"lag5",1.85613084986997,0.452113729698309
156,"lag6",1.8328762856289,0.377260137928676
156,"lag7",4.49414511938542,0.374594739807963
156,"lag8",2.91995894631304,0.420641465528257
156,"lag9",3.24423944080523,0.443786606639872
156,"lag10",2.59568388176543,0.471709607829189
156,"lag11",1.66748151405092,0.452169756375719
156,"lag12",1.62731930024697,0.375481983766652
157,"lag1",6.12408094542064,0.404130787250422
157,"lag2",4.50986407190515,0.464855602830993
157,"lag3",2.97070344198958,0.487208757585913
157,"lag4",2.50972023633039,0.527262581555423
157,"lag5",1.85672384700967,0.486099021424357
157,"lag6",1.85906175840105,0.415215000346209
157,"lag7",1.97386961759658,0.410784320217825
157,"lag8",2.22043464285567,0.462725980550131
157,"lag9",2.56452219110695,0.47975517643106
157,"lag10",1.18389764285991,0.518759144692524
157,"lag11",1.27156157501212,0.48377528570821
157,"lag12",1.3765371082442,0.414458833628837
158,"lag1",5.01962672543019,0.396756538066502
158,"lag2",2.76856543472568,0.441088836470434
158,"lag3",3.02984068125796,0.477974387897953
158,"lag4",1.77475312764688,0.532655859347082
158,"lag5",1.38761345416722,0.485503659389522
158,"lag6",0.436023195737847,0.402976143926215
158,"lag7",1.73347432628601,0.397402430373756
158,"lag8",1.29740725432646,0.439878635660783
158,"lag9",3.84406170329681,0.48296985340211
158,"lag10",2.64753857332903,0.519824025438552
158,"lag11",1.50194878283303,0.484013667272472
158,"lag12",1.01571767735791,0.400237540250033
159,"lag1",6.23837229120068,0.402239456902638
159,"lag2",3.38009012087249,0.457306713036093
159,"lag3",1.49091272398839,0.467250049545362
159,"lag4",1.60401954965906,0.495782741129627
159,"lag5",1.58927665706862,0.480153056771741
159,"lag6",0.813251507292723,0.409431554283811
159,"lag7",2.29682187622165,0.406819855351315
159,"lag8",1.07515527566778,0.459286063595149
159,"lag9",0.528233220765833,0.471473589371952
159,"lag10",-0.771066690419692,0.491788016903027
159,"lag11",-0.0306541758614549,0.483109260560152
159,"lag12",1.0250278500103,0.409102832812752
160,"lag1",3.95933360304949,0.37060557481204
160,"lag2",1.39558565247375,0.416925836803224
160,"lag3",1.33365162776558,0.467954673597188
160,"lag4",0.726879960599356,0.486177420909256
160,"lag5",0.697801867193019,0.437791626968724
160,"lag6",0.185036630796826,0.381647519399771
160,"lag7",0.617034926655011,0.373345183414757
160,"lag8",1.18825829738293,0.416826789093338
160,"lag9",4.50249148956047,0.472234498610678
160,"lag10",1.26946608883367,0.476304096901176
160,"lag11",1.36349182375489,0.437256998734149
160,"lag12",1.07746324187697,0.380483837787521
161,"lag1",4.11068617891346,0.406788775386574
161,"lag2",2.22836784895123,0.475942960746992
161,"lag3",3.89851896491469,0.506368212204691
161,"lag4",2.18217144863869,0.497454717061204
161,"lag5",0.733052384483087,0.470474515094925
161,"lag6",1.49958881277661,0.414775271209221
161,"lag7",1.85410934320147,0.410012269805718
161,"lag8",3.41482906399989,0.47500089076327
161,"lag9",3.78382027530285,0.501616762536808
161,"lag10",1.5142663668875,0.482665471926895
161,"lag11",1.7794459584049,0.46474181946507
161,"lag12",1.79431287201139,0.411972116961905
162,"lag1",4.40591274344817,0.408104387770831
162,"lag2",2.49806623919224,0.461780472418861
162,"lag3",2.78625255806178,0.500512511794961
162,"lag4",1.85938636982485,0.530041781464538
162,"lag5",2.09093577604027,0.487933369361232
162,"lag6",1.45494846727187,0.417973192119082
162,"lag7",0.762208393576114,0.41005477111439
162,"lag8",0.228413652188393,0.459369061239031
162,"lag9",2.15091531961158,0.492420275567633
162,"lag10",1.36666933228266,0.525957720757702
162,"lag11",0.797327187391612,0.484425145978966
162,"lag12",0.375117384652965,0.41679096727046
163,"lag1",7.38543874254338,0.402048525511279
163,"lag2",5.42781069586601,0.445643851068492
163,"lag3",5.96105953918239,0.478200975474676
163,"lag4",5.27296610951236,0.512636185981042
163,"lag5",1.84114945035436,0.478629707418605
163,"lag6",0.961227121220416,0.409720390441825
163,"lag7",2.89284939355702,0.405179908651293
163,"lag8",2.98583270492769,0.446095785485295
163,"lag9",6.22673631058608,0.481307157195359
163,"lag10",3.27410576476372,0.510503624474495
163,"lag11",1.25202094601683,0.478004484442151
163,"lag12",1.50003739678591,0.404564720290434
164,"lag1",5.70977978258932,0.391350517497199
164,"lag2",3.18916524419473,0.444186807318093
164,"lag3",4.74161224921337,0.485937129818823
164,"lag4",4.4993651255503,0.52454741445724
164,"lag5",1.87732276595485,0.491835764393307
164,"lag6",1.01986731765168,0.409396356466905
164,"lag7",1.34420784387946,0.398095085572798
164,"lag8",2.43738393727308,0.44773546699438
164,"lag9",4.72319640071477,0.490318417292733
164,"lag10",3.59254026839841,0.519009604551017
164,"lag11",1.99295336448457,0.492619988071535
164,"lag12",2.09898580894659,0.406800438184159
165,"lag1",4.86340314494544,0.437825356043647
165,"lag2",3.0577453153567,0.488912423588409
165,"lag3",4.49402955614469,0.487381141668017
165,"lag4",4.08660648511562,0.573579810475717
165,"lag5",0.45546644580899,0.568306632866016
165,"lag6",-0.101382045500908,0.46253434784562
165,"lag7",1.03421128753831,0.444582240762437
165,"lag8",-1.11772920655877,0.49466819347472
165,"lag9",0.157242410938464,0.492863915779953
165,"lag10",0.596279173097572,0.56458193549479
165,"lag11",0.677074797226282,0.571379852750679
165,"lag12",0.720964137754119,0.459686670855028
166,"lag1",3.60991480650924,0.389421287883106
166,"lag2",2.50819011951579,0.447848131477542
166,"lag3",0.261549696786539,0.474050791549382
166,"lag4",0.293647939309084,0.501600448480319
166,"lag5",0.386387863755099,0.462241852498143
166,"lag6",1.20708405741208,0.40845150010229
166,"lag7",1.97160307198006,0.396255130709446
166,"lag8",2.04376471189115,0.454834404275392
166,"lag9",3.11403377034329,0.479042355888379
166,"lag10",2.52444006004597,0.495066698087988
166,"lag11",2.11514582401394,0.463662505580789
166,"lag12",2.49543940989496,0.407465978239399
167,"lag1",6.37530301677513,0.379436881736846
167,"lag2",4.4092649980141,0.438152697075227
167,"lag3",4.32753367743072,0.442673132018701
167,"lag4",3.27643535286332,0.459736514823006
167,"lag5",2.20238227123577,0.440845282387114
167,"lag6",1.71661279839981,0.389575223698486
167,"lag7",3.48118458660052,0.383759051308255
167,"lag8",1.12558074452453,0.438624509652002
167,"lag9",1.51082897619369,0.443386314722146
167,"lag10",0.321867756682355,0.45569225682094
167,"lag11",1.11218649472866,0.441050208275166
167,"lag12",1.65699218765767,0.387799606384316
168,"lag1",5.20256973845337,0.368383586513423
168,"lag2",3.74719944836694,0.416476320777711
168,"lag3",5.90920041051696,0.455830522873117
168,"lag4",2.49488754440547,0.47720454002294
168,"lag5",1.07894347090442,0.433524455200996
168,"lag6",0.421196029971631,0.379554373337027
168,"lag7",2.20737587860057,0.376405096848464
168,"lag8",1.04625247612179,0.425308742716667
168,"lag9",3.03383226899344,0.456972394718894
168,"lag10",1.29607215684303,0.467309725705491
168,"lag11",0.507575558555227,0.431420744436078
168,"lag12",0.00178577379893866,0.378285101919725
169,"lag1",4.01953989128529,0.42325780561953
169,"lag2",0.542905767672306,0.485572681432761
169,"lag3",0.863452976051727,0.506933780488566
169,"lag4",1.47858382552351,0.530510354106436
169,"lag5",2.29033016852244,0.498314059943836
169,"lag6",2.46331783846653,0.426468719566963
169,"lag7",2.75923055222192,0.423572387494265
169,"lag8",1.45396087188844,0.481960285883802
169,"lag9",3.72807233934744,0.512867826153584
169,"lag10",2.82819562972556,0.522856748810173
169,"lag11",1.82928970683682,0.497651208342359
169,"lag12",2.12982621378314,0.428764857911098
170,"lag1",4.52978009374043,0.409297110956335
170,"lag2",3.15930401095159,0.478982613717992
170,"lag3",2.16134606614004,0.515628482847309
170,"lag4",0.832361497289498,0.530114993708812
170,"lag5",0.303902228985862,0.4708399409284
170,"lag6",-0.251766429201807,0.412709983313969
170,"lag7",0.727368007723895,0.414691370743218
170,"lag8",0.537518287898566,0.479698442683554
170,"lag9",0.424653486755779,0.51612556540573
170,"lag10",-0.841286748787948,0.522625836063039
170,"lag11",0.213840020914581,0.467216850612259
170,"lag12",0.203336588600433,0.410128989340504
171,"lag1",3.22004271848797,0.44060431166594
171,"lag2",0.832944244202267,0.495180604411112
171,"lag3",2.21242943381806,0.50290500381413
171,"lag4",2.21612065345487,0.540481400741433
171,"lag5",0.694759565969268,0.522204933711064
171,"lag6",-0.107638640912042,0.439849266313443
171,"lag7",1.06064121233785,0.445354948536954
171,"lag8",0.888984967422137,0.496834949948717
171,"lag9",2.41710534831322,0.508072113980695
171,"lag10",1.78154451417215,0.540124853372108
171,"lag11",1.15864027172476,0.52248059963924
171,"lag12",1.51279992429054,0.439053732975503
172,"lag1",3.93614344693479,0.388671886934728
172,"lag2",2.01111664995656,0.428695185889021
172,"lag3",3.5482707495825,0.458622400506639
172,"lag4",3.24786148266178,0.500010696455312
172,"lag5",1.32299719956067,0.477338065282809
172,"lag6",1.59172074466981,0.407179807812534
172,"lag7",1.75368707564514,0.392423475300921
172,"lag8",3.10985849125418,0.427144471471842
172,"lag9",5.80555333905123,0.456275961702802
172,"lag10",3.02545289920882,0.48979061623898
172,"lag11",2.00394351711236,0.474971557162011
172,"lag12",1.59585172143618,0.406778364811367
173,"lag1",4.65275228214621,0.380091566885298
173,"lag2",1.80248592357393,0.429647958186518
173,"lag3",2.17762582120504,0.465941080057299
173,"lag4",1.83162221163452,0.495726014525568
173,"lag5",0.96096107988672,0.456720566869489
173,"lag6",1.36900376257344,0.395779643341724
173,"lag7",0.890786122412992,0.385741501429905
173,"lag8",-0.572034732573623,0.433145689854606
173,"lag9",0.884698900760995,0.465147972295814
173,"lag10",0.979684447273732,0.487894912882775
173,"lag11",1.72254151356023,0.456360424550705
173,"lag12",2.28269798647213,0.395021760485853
174,"lag1",5.04468800165959,0.403840310634307
174,"lag2",3.12779357897846,0.451310309412907
174,"lag3",2.19757650981297,0.504644989967417
174,"lag4",1.28713738335784,0.536695211790016
174,"lag5",-0.337035602109819,0.476170586100947
174,"lag6",0.706112882307276,0.411642077764077
174,"lag7",1.09483307140968,0.410718986030638
174,"lag8",0.772051275525956,0.45165707424122
174,"lag9",1.47731166246182,0.501540364872148
174,"lag10",1.19112988766347,0.512746534441095
174,"lag11",0.819653713379799,0.472092084429914
174,"lag12",0.384365984257246,0.413879764662114
175,"lag1",3.96813213687041,0.378123514355891
175,"lag2",0.784278470952113,0.430107652295076
175,"lag3",3.13628473176122,0.449802438513248
175,"lag4",2.95065115928911,0.481704960452176
175,"lag5",1.90123833222119,0.453280727498679
175,"lag6",1.06170215390988,0.383305544878642
175,"lag7",1.70061703505358,0.37790060219631
175,"lag8",-0.761820674927255,0.426602562387953
175,"lag9",0.874026752091559,0.442142351082016
175,"lag10",0.919005111075721,0.470392429231127
175,"lag11",0.972083555016374,0.446328170742484
175,"lag12",1.16525918153334,0.381123415168856
176,"lag1",5.05726445663516,0.407563370728022
176,"lag2",2.45772703878333,0.460235786029862
176,"lag3",7.89093962522034,0.482782754380079
176,"lag4",6.35850646016279,0.549022751817094
176,"lag5",2.48127844695048,0.510178315283653
176,"lag6",2.76177055825652,0.418813530047138
176,"lag7",2.79159093519874,0.41227903256975
176,"lag8",0.388596914960231,0.458581036173247
176,"lag9",3.03921157006283,0.478972483997637
176,"lag10",3.23089261241643,0.52367583592186
176,"lag11",2.01246906725902,0.501135384261805
176,"lag12",1.49615403687783,0.415113801465975
177,"lag1",4.05795951526266,0.385064251618028
177,"lag2",1.19730626586238,0.435660428358115
177,"lag3",0.371380825121896,0.473524014569914
177,"lag4",-0.990759129726856,0.518544348427497
177,"lag5",0.84342539071356,0.462289285381415
177,"lag6",0.682094385276977,0.394041408151386
177,"lag7",1.88861169022688,0.388329804463943
177,"lag8",2.17327866674861,0.434936829282596
177,"lag9",3.94303362178244,0.478773341935511
177,"lag10",1.37709838508303,0.520356657757028
177,"lag11",0.577767916901369,0.466984850277176
177,"lag12",1.01093291470008,0.396804173242833
178,"lag1",4.06106769288868,0.424641609300349
178,"lag2",1.64642883342426,0.480551600989742
178,"lag3",2.81069530716405,0.520178595211183
178,"lag4",1.441162304693,0.559139483390477
178,"lag5",1.21874774657154,0.514358344212718
178,"lag6",1.19016735286274,0.438369444847829
178,"lag7",0.844674545589239,0.427707912968855
178,"lag8",1.19845207917099,0.480204652983924
178,"lag9",4.574783951517,0.519451988091465
178,"lag10",2.71514517377086,0.543599188948938
178,"lag11",1.69456882175518,0.511337640587228
178,"lag12",0.589771658317555,0.436238499323797
179,"lag1",3.90878382620552,0.359449352335728
179,"lag2",0.806809802006134,0.410313016399134
179,"lag3",4.74394531140233,0.437571714539826
179,"lag4",4.75480308086098,0.472563852998444
179,"lag5",1.99577904195558,0.442472849542645
179,"lag6",1.32057191165219,0.369772820181729
179,"lag7",1.12746966654066,0.361277666703904
179,"lag8",0.981824752861901,0.409062010989103
179,"lag9",0.865122703542318,0.444758440435952
179,"lag10",-0.219899733940297,0.469913013907472
179,"lag11",1.1396520586541,0.441289179368374
179,"lag12",0.642144179054749,0.369317574707158
180,"lag1",4.18030122074903,0.401329445581305
180,"lag2",2.23269563916038,0.455496435146286
180,"lag3",4.74118945807506,0.4795580489281
180,"lag4",3.02192386650103,0.503959907683175
180,"lag5",-0.258217994319091,0.467919284502443
180,"lag6",-0.864066350303229,0.404511508717885
180,"lag7",1.41789872445332,0.400970446279067
180,"lag8",-0.932617057300463,0.453340617072354
180,"lag9",1.78702442487143,0.476620591151877
180,"lag10",0.991079831211635,0.497828766053753
180,"lag11",0.632925355016722,0.466402424981077
180,"lag12",-0.399242305741095,0.406882163040895
181,"lag1",3.62973240890965,0.417429789239273
181,"lag2",2.45715799208804,0.473173701728432
181,"lag3",1.06365048909282,0.507011830932144
181,"lag4",2.03597636856741,0.524113476834979
181,"lag5",1.57495927186778,0.479345003687225
181,"lag6",0.690560003929029,0.425747524791411
181,"lag7",0.712492828545187,0.424977205372283
181,"lag8",-0.0967635048721324,0.475580226170175
181,"lag9",2.11661168469501,0.509888989922036
181,"lag10",2.13311821544797,0.511093911674366
181,"lag11",1.19551635554865,0.478651475348934
181,"lag12",0.891206728570419,0.423363011113437
182,"lag1",3.3064764219493,0.383151699356889
182,"lag2",1.70294834643715,0.44030192071701
182,"lag3",4.63430530760227,0.454444987351557
182,"lag4",2.875438365752,0.468071420908915
182,"lag5",0.641869608445647,0.447547371414404
182,"lag6",0.247260257866464,0.390686593019059
182,"lag7",1.50466943367641,0.385323226454414
182,"lag8",0.329111377590799,0.439798138408946
182,"lag9",1.04524637735389,0.452499543861571
182,"lag10",0.181656979969603,0.462105054472436
182,"lag11",1.35215356978917,0.446772540560418
182,"lag12",0.32748657565453,0.389146063239603
183,"lag1",5.16085634149426,0.365212559488392
183,"lag2",3.99418855534363,0.422132959749468
183,"lag3",5.94709853469182,0.453874770320111
183,"lag4",6.10142902865031,0.480375452718765
183,"lag5",-0.192699065021617,0.455920994768474
183,"lag6",0.0761634792396426,0.383085754795754
183,"lag7",1.63638585072237,0.370387258347178
183,"lag8",0.572866636835519,0.423731454423117
183,"lag9",1.23755793515789,0.4538965100394
183,"lag10",1.81861415214322,0.470423897185772
183,"lag11",2.22103012054172,0.455288141136975
183,"lag12",1.8064804917071,0.383256866271086
184,"lag1",3.37482961974197,0.394009003638805
184,"lag2",1.71595267909181,0.438101789383173
184,"lag3",2.89957713402484,0.455824430239697
184,"lag4",3.43985930401942,0.489609413419697
184,"lag5",1.01607239170026,0.473205527332015
184,"lag6",1.33941524994753,0.394075870782444
184,"lag7",1.8355296303199,0.396731564386936
184,"lag8",2.41650294331674,0.436179937195863
184,"lag9",3.14339984742099,0.447525061291009
184,"lag10",2.69430719736476,0.483331346037219
184,"lag11",2.72128076391106,0.469136520274215
184,"lag12",3.00841584263821,0.392925123194648
185,"lag1",2.52416196743476,0.364707854787016
185,"lag2",1.87863057662218,0.425283772798995
185,"lag3",6.98241779471405,0.455389573471047
185,"lag4",4.40376053106313,0.464186060804195
185,"lag5",1.96824754173268,0.444009106774595
185,"lag6",0.984416757525093,0.380303912652614
185,"lag7",2.52765878083459,0.368529338748218
185,"lag8",1.72851095795282,0.426190456677114
185,"lag9",4.67124500153791,0.458324436158152
185,"lag10",3.42875565222469,0.453270682043851
185,"lag11",2.3539141847055,0.442522550387698
185,"lag12",0.854724076831157,0.381054941782275
186,"lag1",6.63664365695108,0.355971408832989
186,"lag2",4.59681355898426,0.391819934352967
186,"lag3",8.72209832954857,0.432002036166725
186,"lag4",8.28696777002728,0.476914132690103
186,"lag5",1.04025071367809,0.435411174967727
186,"lag6",-0.599581265275588,0.376103779009817
186,"lag7",1.59865704477861,0.364098731073035
186,"lag8",1.60522621177809,0.397365052626262
186,"lag9",2.91559269803322,0.431294862418501
186,"lag10",0.761964214732622,0.471135676718802
186,"lag11",1.35588227275645,0.432871483447435
186,"lag12",0.72151752755748,0.374110773138801
187,"lag1",3.46977027182142,0.389824159019678
187,"lag2",2.69943327740995,0.450956725845681
187,"lag3",2.98356790502709,0.479576573908735
187,"lag4",1.05300283910716,0.504800691648848
187,"lag5",-0.0377275486081594,0.4780898382735
187,"lag6",0.0378602556480191,0.407011453014453
187,"lag7",1.06479364555736,0.392876327687682
187,"lag8",1.21767738941615,0.454653099173461
187,"lag9",1.41297276796391,0.482809170758017
187,"lag10",0.565867622335957,0.500591875240355
187,"lag11",0.0487801334293244,0.474002898094648
187,"lag12",-0.538244788480522,0.406015566732059
188,"lag1",4.61072709789349,0.350277297928365
188,"lag2",2.56533613765808,0.402903784667513
188,"lag3",3.7590730882412,0.43270473122574
188,"lag4",2.61347730787839,0.45533986262268
188,"lag5",0.63704328205691,0.428017463454057
188,"lag6",-0.398078099806403,0.351708344088881
188,"lag7",1.07464967413431,0.352592627929446
188,"lag8",1.63905595291342,0.402566521337223
188,"lag9",2.64056875675769,0.434069515301953
188,"lag10",2.02742065576597,0.452202250245788
188,"lag11",1.50383226593777,0.422746136228975
188,"lag12",1.01260075961496,0.350495460345237
189,"lag1",5.7779814761238,0.394554543215123
189,"lag2",2.60087766779927,0.4398364281892
189,"lag3",0.254112779570212,0.472997642384001
189,"lag4",2.31024677688666,0.519497035199074
189,"lag5",1.62243309184346,0.46059135926448
189,"lag6",2.11965692325688,0.397304030736508
189,"lag7",3.37995842425561,0.397517375923511
189,"lag8",1.90593223606468,0.439372208880304
189,"lag9",1.1151156261744,0.472829285514055
189,"lag10",1.33422646820067,0.515226761230935
189,"lag11",1.82280212112552,0.463646821299754
189,"lag12",2.01987661421501,0.394646475987152
190,"lag1",5.63744967554701,0.431632826977157
190,"lag2",2.98602644989901,0.504236779137524
190,"lag3",2.04678081147476,0.544942917582792
190,"lag4",2.23054507928409,0.563212247167319
190,"lag5",0.938290930109852,0.488754659424612
190,"lag6",1.5330986551685,0.427644283027827
190,"lag7",2.34978708176011,0.436267062007181
190,"lag8",-0.119159632478993,0.504041261626778
190,"lag9",0.495755356479395,0.54025746305254
190,"lag10",0.893841224118683,0.556385669251228
190,"lag11",1.52792407037892,0.484256605432411
190,"lag12",2.13978669862512,0.426499017969039
191,"lag1",6.12948123005513,0.429401022894702
191,"lag2",2.3702517418087,0.487516607360926
191,"lag3",4.59555613771351,0.534332396713763
191,"lag4",4.80789428036766,0.586468163044534
191,"lag5",3.00513963775696,0.529233269965657
191,"lag6",2.89149377414798,0.439995081233778
191,"lag7",2.35184789755885,0.43595548739887
191,"lag8",0.958231881948776,0.490603812964638
191,"lag9",3.32497955034196,0.531336098074125
191,"lag10",1.55016058986488,0.57548315159205
191,"lag11",1.48117626084369,0.524614925352048
191,"lag12",2.26825096571497,0.440342030194635
192,"lag1",5.5120380275821,0.386892149219448
192,"lag2",3.49114693387828,0.426563153359124
192,"lag3",4.083060735367,0.458771008788969
192,"lag4",3.03756786528585,0.511211649514159
192,"lag5",1.44814276841461,0.480046974948404
192,"lag6",0.846493684954053,0.404220616627298
192,"lag7",1.73647786472231,0.392496672345756
192,"lag8",0.769847567949059,0.429571619946011
192,"lag9",2.74008298307385,0.46244896651288
192,"lag10",2.73218783412159,0.504665180286195
192,"lag11",1.85615127169274,0.476399496306298
192,"lag12",1.76700832267239,0.403374719111294
193,"lag1",4.16155219629908,0.376267509499925
193,"lag2",1.67814276259549,0.421087817131584
193,"lag3",3.59086819587318,0.451600583497623
193,"lag4",3.28736828500145,0.470558969825932
193,"lag5",1.40063501297561,0.458145077760283
193,"lag6",1.61897785846919,0.389411649774488
193,"lag7",1.0046202229261,0.377857703174529
193,"lag8",1.74372527943161,0.419717673998602
193,"lag9",4.22457991403361,0.451291758171225
193,"lag10",1.73810340319819,0.465026421984132
193,"lag11",3.13420100746764,0.455949121133806
193,"lag12",2.52108880688725,0.389328349837649
194,"lag1",5.07364564327735,0.388698939063339
194,"lag2",3.6213531495684,0.438479148653602
194,"lag3",4.26061115286545,0.455691583004585
194,"lag4",5.17504311035834,0.499899308607599
194,"lag5",1.82607285884077,0.483927734099434
194,"lag6",0.939688171277471,0.40000441239395
194,"lag7",2.39507527476855,0.388306169418886
194,"lag8",1.93655381685678,0.434966408747498
194,"lag9",4.01899674929805,0.454034812625994
194,"lag10",3.22604352399442,0.497842760881972
194,"lag11",1.46120758668209,0.485751057072908
194,"lag12",1.49366280921372,0.401187273883821
195,"lag1",5.36763308354234,0.387421011345383
195,"lag2",3.43785955993764,0.441320378286592
195,"lag3",4.98170237677236,0.475591041637913
195,"lag4",3.94916746942216,0.48214997927029
195,"lag5",1.42199603929849,0.441920870906074
195,"lag6",1.56133077301605,0.390835477425344
195,"lag7",3.30407439270015,0.392991767202048
195,"lag8",2.70958706933642,0.441009936464489
195,"lag9",2.76748970322462,0.475182890014615
195,"lag10",1.47462532890621,0.471056280652608
195,"lag11",1.27364739319377,0.438823904455434
195,"lag12",1.60860932428871,0.387737881964358
196,"lag1",5.14516009328128,0.380258516098593
196,"lag2",3.30496049813015,0.429909586990045
196,"lag3",1.37176927793113,0.47315686996271
196,"lag4",3.02464035670503,0.471062803492367
196,"lag5",1.92981690776758,0.450502398669719
196,"lag6",1.28616211973724,0.394039588667581
196,"lag7",0.919740355761187,0.383769576404936
196,"lag8",-0.548734170254358,0.428053296327312
196,"lag9",-0.342666473378337,0.477986317733637
196,"lag10",1.07897128787813,0.463832730639399
196,"lag11",2.09302043760963,0.446931064746482
196,"lag12",2.09719904457183,0.392128051653484
197,"lag1",5.0578690535459,0.383404646865273
197,"lag2",2.87875153290116,0.428826582537883
197,"lag3",4.85243577597376,0.472706544611308
197,"lag4",2.73790785005687,0.522093253704674
197,"lag5",0.848243803923709,0.466406409162904
197,"lag6",1.07010304689238,0.396843679214093
197,"lag7",2.08851880627045,0.385397110168477
197,"lag8",1.65931747497869,0.429999747179737
197,"lag9",3.46456899745613,0.475992106398177
197,"lag10",3.04955505285736,0.514560650829114
197,"lag11",2.94815325173864,0.464984437047517
197,"lag12",2.81320998182606,0.39684495371101
198,"lag1",6.78604422106893,0.404930806800909
198,"lag2",4.21290232577405,0.465561488236751
198,"lag3",6.96015406062087,0.48559573268363
198,"lag4",6.41491919742097,0.506025780182012
198,"lag5",1.44909141651318,0.502720946266541
198,"lag6",2.35756694468796,0.42306638374526
198,"lag7",2.24187771193778,0.407999803519103
198,"lag8",2.03249835543739,0.468179893009988
198,"lag9",3.4851067244218,0.495179835060416
198,"lag10",1.27055814655919,0.500833697573999
198,"lag11",1.49411787168315,0.502011959640025
198,"lag12",2.12157777564944,0.421160471784364
199,"lag1",6.1833975214094,0.385737842347264
199,"lag2",3.80027537463905,0.43297973217612
199,"lag3",4.28028269492459,0.460511911318804
199,"lag4",4.47190466097739,0.509203642749918
199,"lag5",1.4448465235358,0.464935777734884
199,"lag6",1.20447431351559,0.399306385935923
199,"lag7",1.99482761985951,0.392927164118335
199,"lag8",0.560620285570755,0.439375069849385
199,"lag9",2.68063361716419,0.462622606617293
199,"lag10",1.07172493571157,0.496381153993224
199,"lag11",1.7102896474421,0.460683156374232
199,"lag12",1.69297195577101,0.398462951218804
200,"lag1",6.52477668158792,0.408491236582687
200,"lag2",4.12663143800265,0.454739294395427
200,"lag3",4.64552717651589,0.476705587810344
200,"lag4",4.64471372535226,0.502893334501907
200,"lag5",-0.826020948014481,0.500752130099086
200,"lag6",0.0214496834026181,0.429689824511746
200,"lag7",1.72909480961697,0.413104032507097
200,"lag8",0.197167713147461,0.449526973213277
200,"lag9",1.15200457925556,0.475591853053742
200,"lag10",2.20791237617458,0.496662623166979
200,"lag11",1.51567889630762,0.497669586052758
200,"lag12",0.939057546359216,0.428957193574184
201,"lag1",5.80563071242752,0.393970272430598
201,"lag2",4.11608344074854,0.457001306409246
201,"lag3",1.6677381301093,0.475663477142039
201,"lag4",0.173792852731919,0.492728623087145
201,"lag5",0.468062304627792,0.468165939449991
201,"lag6",0.142353005792663,0.417392024935899
201,"lag7",1.95813306058998,0.400354937393691
201,"lag8",0.888700502518731,0.457815434231602
201,"lag9",-0.668396288375188,0.478353491891547
201,"lag10",-0.871739465294073,0.486027505550049
201,"lag11",0.155433410832668,0.464692761581514
201,"lag12",-0.68755773157499,0.415827922198951
202,"lag1",6.61338697663305,0.378838958789457
202,"lag2",5.48326603152798,0.420394501474945
202,"lag3",5.65929603806332,0.472121880655622
202,"lag4",2.69290402444136,0.50394272278402
202,"lag5",0.273272761493545,0.462734273571875
202,"lag6",-0.578670757417072,0.400384425113326
202,"lag7",2.84557107937445,0.382907595148326
202,"lag8",2.1333823770151,0.422120659240465
202,"lag9",1.98860023506031,0.475674719323431
202,"lag10",0.247800564700125,0.503965849648514
202,"lag11",1.46429965088421,0.461024318235731
202,"lag12",1.04030604156878,0.400395857989473
203,"lag1",4.75277094602256,0.422412519242038
203,"lag2",1.49688570283145,0.460506241239298
203,"lag3",-0.175890135457092,0.480426204997739
203,"lag4",2.6024819890948,0.54926318337256
203,"lag5",2.25405955050307,0.483611089625637
203,"lag6",1.45849423366638,0.411004033376385
203,"lag7",1.4785081161614,0.42166420696139
203,"lag8",-0.565352863718313,0.459112560393417
203,"lag9",1.96785136689399,0.486381394333759
203,"lag10",2.42363059702252,0.533715081844892
203,"lag11",1.16288319589809,0.483790994489108
203,"lag12",1.55599571716284,0.408281888952356
204,"lag1",7.21113148250032,0.388628619578813
204,"lag2",5.21471217685032,0.450704249204127
204,"lag3",4.99016075642813,0.453245233025049
204,"lag4",4.35012117395668,0.484134775013144
204,"lag5",2.80977694907919,0.484384612255907
204,"lag6",2.42903108292002,0.410602697687844
204,"lag7",3.3318952253995,0.39491348419842
204,"lag8",1.88407557743056,0.451584582834039
204,"lag9",0.421553830776383,0.457313393579091
204,"lag10",0.749241008957166,0.477702333654241
204,"lag11",1.87218602984952,0.481066896499573
204,"lag12",2.51046095447547,0.407470092901329
205,"lag1",5.06365813262288,0.407583994029076
205,"lag2",2.53241728750539,0.46887450366524
205,"lag3",3.39996241718627,0.496884017236184
205,"lag4",2.73887125819687,0.511205859768826
205,"lag5",1.76585977434131,0.484255647464991
205,"lag6",1.76310418788956,0.415490936073967
205,"lag7",1.82973379958789,0.411712363970406
205,"lag8",2.39658750455035,0.473529724249971
205,"lag9",3.21377114552907,0.501225716617867
205,"lag10",1.51775407390898,0.509580077676387
205,"lag11",0.967837260750301,0.483572822560778
205,"lag12",0.920367100402549,0.418236179016368
206,"lag1",5.11572409083895,0.382388480179753
206,"lag2",3.28713293765704,0.44316709411463
206,"lag3",0.929050549285843,0.471768096448524
206,"lag4",1.6622954196872,0.483709035361046
206,"lag5",0.30707308212756,0.45392409789646
206,"lag6",0.626185813447485,0.39013891202251
206,"lag7",1.44024470303796,0.384541513495414
206,"lag8",1.03891781595993,0.443315664633332
206,"lag9",1.50329399528136,0.464962025645416
206,"lag10",0.38661023709192,0.471332303484432
206,"lag11",-0.186171991563225,0.45116069725897
206,"lag12",0.793087205725158,0.388487541606574
207,"lag1",5.37880189887192,0.422816788398428
207,"lag2",2.80347599641077,0.469138560046171
207,"lag3",1.46683957256178,0.526141433046255
207,"lag4",1.3708577010272,0.557230183990688
207,"lag5",0.71985524478549,0.524933457869954
207,"lag6",0.321952028773394,0.442940053191396
207,"lag7",2.97319072336137,0.429610648362233
207,"lag8",2.76902702794558,0.471324303816659
207,"lag9",2.91191826226033,0.530552162195293
207,"lag10",0.930069777539356,0.551868443119445
207,"lag11",1.65027067294424,0.522319866650849
207,"lag12",2.07915527217756,0.443623111469358
208,"lag1",3.44287880029541,0.404362874609563
208,"lag2",0.989614247840196,0.465443239141093
208,"lag3",2.90948474368574,0.486417309088864
208,"lag4",1.98817554127642,0.502204037767377
208,"lag5",0.449448843041363,0.488065918356427
208,"lag6",1.64776292997021,0.418259566275716
208,"lag7",2.12359715391997,0.403259675981609
208,"lag8",1.50874288317803,0.463414386416959
208,"lag9",3.98001008083996,0.483444940126533
208,"lag10",1.59129870557394,0.49743497642204
208,"lag11",1.76633648281145,0.489750579570367
208,"lag12",2.00421107521348,0.413495373513743
209,"lag1",5.59391064918856,0.373111906054404
209,"lag2",3.49195896400858,0.425827358332233
209,"lag3",3.33427384672858,0.447241593402605
209,"lag4",1.12991327448121,0.468709631122851
209,"lag5",1.0960628354705,0.454100867393509
209,"lag6",1.51705395876756,0.387819011437486
209,"lag7",1.30905479622242,0.376375536278848
209,"lag8",0.683915457149156,0.425295012967018
209,"lag9",0.285350757780401,0.444912298576062
209,"lag10",0.614832522622539,0.456808987813921
209,"lag11",0.39305717315114,0.451900095547108
209,"lag12",0.601659241761362,0.387662316956527
210,"lag1",4.6675239935434,0.426681997754094
210,"lag2",2.17456183004612,0.49070862555399
210,"lag3",0.916603149683442,0.514150184617205
210,"lag4",0.848167131879018,0.521728761140152
210,"lag5",-0.598492046264479,0.497251852820065
210,"lag6",-0.0136965056691734,0.425915162202654
210,"lag7",1.190728812337,0.430836340874993
210,"lag8",0.477007311459853,0.486291527249568
210,"lag9",0.382044813874067,0.509690869812286
210,"lag10",0.375386776423704,0.521549611349091
210,"lag11",1.30941771502699,0.494565175771799
210,"lag12",1.08971166662649,0.425389165790069
211,"lag1",5.76771468162989,0.367704934273323
211,"lag2",2.23671858390087,0.408314813740397
211,"lag3",3.00455074184095,0.435224676555547
211,"lag4",4.31706399945983,0.468977659429985
211,"lag5",0.319783348067514,0.431918258599454
211,"lag6",0.573045244899997,0.371408431135853
211,"lag7",1.4242830097634,0.36928916498272
211,"lag8",0.507048993516812,0.410435280833856
211,"lag9",1.35411934509758,0.43159606683196
211,"lag10",0.519287047397994,0.464404992294082
211,"lag11",1.4759852976601,0.433304879640617
211,"lag12",1.67133660968801,0.371316619765546
212,"lag1",3.47155896644282,0.364029635803719
212,"lag2",0.604907193994908,0.417857223622836
212,"lag3",2.67993177805133,0.465522439890325
212,"lag4",2.29202865697256,0.473597380449702
212,"lag5",0.592684968595172,0.421369965823567
212,"lag6",-0.477942615878793,0.3661464479448
212,"lag7",0.158112031526793,0.367982156982534
212,"lag8",-0.908290928294656,0.420860920676326
212,"lag9",1.29411464615672,0.471328081668041
212,"lag10",1.08617560136306,0.471491604494587
212,"lag11",0.605216564988429,0.419789419448746
212,"lag12",1.18016151101067,0.364729421427223
213,"lag1",5.35263866485303,0.404217391280665
213,"lag2",2.90798605918145,0.43774791092646
213,"lag3",4.41730418243582,0.466464956812724
213,"lag4",5.916505689154,0.56024967653223
213,"lag5",2.24322424898236,0.497644055178334
213,"lag6",2.15858004514283,0.412052109210108
213,"lag7",3.70915390002014,0.407025813659434
213,"lag8",0.996013841348459,0.435834366198632
213,"lag9",2.86500579378993,0.467601507059711
213,"lag10",2.44005351214277,0.554447055645354
213,"lag11",1.66924752830562,0.49333751052586
213,"lag12",1.683915089155,0.410761053728972
214,"lag1",6.04507263179107,0.39319975026422
214,"lag2",3.55955579065222,0.450790312637733
214,"lag3",6.94384579787669,0.480228838131789
214,"lag4",5.59820569910476,0.510230208509296
214,"lag5",2.55178536330863,0.493881111554135
214,"lag6",1.0328079110037,0.416040423330532
214,"lag7",2.92087722390636,0.396793882340902
214,"lag8",2.89866884967076,0.453672346433139
214,"lag9",3.78863693242339,0.478886289874915
214,"lag10",1.54654768641017,0.508494984988487
214,"lag11",1.47900058869304,0.490652565899558
214,"lag12",1.46963085858714,0.41631918115375
215,"lag1",3.81191470357783,0.361769933132808
215,"lag2",2.62877568570511,0.41120776344861
215,"lag3",-0.256517613266882,0.443960250197205
215,"lag4",2.18978582848665,0.456231301075235
215,"lag5",0.565548360237432,0.403935979022236
215,"lag6",1.70366451545628,0.362393590010965
215,"lag7",2.31466837539177,0.366570414309718
215,"lag8",3.06130355383617,0.411836577711583
215,"lag9",3.13840253549331,0.443988237125829
215,"lag10",1.17901395332043,0.446837281363884
215,"lag11",1.71697444912566,0.403759637288098
215,"lag12",0.650465345820054,0.360976897067896
216,"lag1",3.61647056946735,0.378012197771996
216,"lag2",1.78267629593743,0.433789552109084
216,"lag3",4.71468379242641,0.465641458586098
216,"lag4",3.31625442840439,0.476208459151872
216,"lag5",0.763668623204567,0.453394766648204
216,"lag6",0.508639697776306,0.395481145002919
216,"lag7",2.07106804685904,0.38336141550887
216,"lag8",1.14432483574913,0.434475237174677
216,"lag9",1.68359375509779,0.464646293804002
216,"lag10",0.696550903060642,0.464769623846786
216,"lag11",0.792177043389423,0.44876548990614
216,"lag12",0.560892669632904,0.394264972159916
217,"lag1",4.3963805846388,0.388248963825333
217,"lag2",2.67639456465829,0.456380929943324
217,"lag3",5.66074432940941,0.469956412658464
217,"lag4",5.21350240763716,0.479354928448083
217,"lag5",0.396923025218268,0.452868519077845
217,"lag6",-0.166148417388109,0.397481717459157
217,"lag7",1.44495421301593,0.388516060025294
217,"lag8",0.328731257738308,0.455616756181352
217,"lag9",0.403142613504332,0.472774327246758
217,"lag10",1.36761085546618,0.473539737621839
217,"lag11",1.50619628342916,0.448192736255354
217,"lag12",0.413139163276495,0.397083334734302
218,"lag1",3.6142242606149,0.360662305327703
218,"lag2",1.68924196566618,0.411513451322294
218,"lag3",4.41535066951413,0.446857180905363
218,"lag4",3.24487654531066,0.464777691527455
218,"lag5",-0.534617438981063,0.434667703041034
218,"lag6",-0.437277993577335,0.373738193856885
218,"lag7",1.30939586523179,0.360607400120145
218,"lag8",0.638198108688548,0.411848190382993
218,"lag9",3.46687746961083,0.451392474850261
218,"lag10",0.897316009676268,0.460762886826115
218,"lag11",0.13286429754222,0.435052271559191
218,"lag12",0.178724999072314,0.372649534238568
219,"lag1",6.2913859292848,0.387796427386443
219,"lag2",2.96927120444348,0.44398648414598
219,"lag3",2.42544863853444,0.473770136536038
219,"lag4",-0.457502292502744,0.4870172763441
219,"lag5",1.44043408054767,0.456335513252663
219,"lag6",1.58197611121777,0.400556569003264
219,"lag7",1.87900032111759,0.393584544526675
219,"lag8",1.53901830862263,0.447095538225254
219,"lag9",3.11643913106257,0.483629723575841
219,"lag10",0.551204008305525,0.483718958192735
219,"lag11",1.34145303792952,0.456225737522238
219,"lag12",1.72639964852692,0.402171400960096
220,"lag1",3.58088569279736,0.364887191038349
220,"lag2",1.5648294973836,0.405372979303525
220,"lag3",2.9960997791267,0.457172160824925
220,"lag4",2.84725763669136,0.505803768675089
220,"lag5",0.714160615027045,0.442542622429526
220,"lag6",0.449163305825891,0.386204210003429
220,"lag7",1.14602806547484,0.369621150411439
220,"lag8",0.995540693874587,0.408697777054128
220,"lag9",1.8992884973858,0.457573123178898
220,"lag10",0.985114163633464,0.494713830200731
220,"lag11",2.30684763402747,0.438821234439738
220,"lag12",2.26486607580795,0.38520440494715
221,"lag1",5.69337010654339,0.358268837707226
221,"lag2",4.15208602692217,0.400079625568345
221,"lag3",3.21058455153167,0.43860034328304
221,"lag4",1.79146328324574,0.46836564700912
221,"lag5",0.529693489125971,0.444043638089147
221,"lag6",1.10669717472815,0.379197808406732
221,"lag7",2.91713790074414,0.362483584889388
221,"lag8",2.19764597656436,0.399881232561509
221,"lag9",2.52717183055446,0.431833870430525
221,"lag10",0.180467138410354,0.463198916415989
221,"lag11",0.740407679328785,0.443142394312155
221,"lag12",1.15781570486306,0.378900143280522
222,"lag1",2.46634917745743,0.381910534293774
222,"lag2",1.6883478122297,0.444481929820577
222,"lag3",1.58361230911624,0.483200806847931
222,"lag4",2.62122551379306,0.489154536798242
222,"lag5",-0.611791330435498,0.452726469892852
222,"lag6",-0.147352107785283,0.404317431538141
222,"lag7",0.313124299314716,0.386498884819118
222,"lag8",0.644433068353075,0.443034725194519
222,"lag9",2.44149366826803,0.478022672608409
222,"lag10",1.31416053577339,0.48016265130628
222,"lag11",0.486374491127358,0.451132745334351
222,"lag12",0.02884485274604,0.404336491505076
223,"lag1",5.6225125298551,0.391582917053375
223,"lag2",4.37778710769057,0.436746455587363
223,"lag3",6.29230424578589,0.495785846761138
223,"lag4",3.37256134267479,0.540410954187958
223,"lag5",1.9654579854068,0.461937804732155
223,"lag6",2.17541193392743,0.395119008638854
223,"lag7",2.22505059408625,0.395986276273785
223,"lag8",1.3757511633956,0.441549687427031
223,"lag9",2.53857248001442,0.502107669075288
223,"lag10",1.70343624920921,0.529109081664076
223,"lag11",1.98447053853238,0.463567143696982
223,"lag12",1.93695151628262,0.396906275837443
224,"lag1",2.90441062587945,0.413586349128762
224,"lag2",1.45522588765686,0.474795881686887
224,"lag3",5.83067727720563,0.497319469679731
224,"lag4",5.46810648189542,0.516538894374554
224,"lag5",2.38008279276275,0.486995706485126
224,"lag6",1.42885193175202,0.428212501255456
224,"lag7",0.898083574053118,0.417537534998233
224,"lag8",1.12372965302449,0.479321621448833
224,"lag9",5.73576971070424,0.496457845640165
224,"lag10",3.61792213027916,0.507935651789498
224,"lag11",1.76550734921163,0.482565047380186
224,"lag12",1.29355599215522,0.425892044605649
225,"lag1",3.78399772536526,0.385392598055432
225,"lag2",1.96387889017511,0.432973776680205
225,"lag3",3.12497337661961,0.487381244264352
225,"lag4",2.65022987952882,0.501941529897436
225,"lag5",1.3981530232692,0.441087919236668
225,"lag6",1.06420922715343,0.376629972695357
225,"lag7",1.21036119244778,0.386809542350424
225,"lag8",0.678116116359447,0.432383133658067
225,"lag9",1.29005993805261,0.491166886533317
225,"lag10",-0.180081075192642,0.494497508660454
225,"lag11",-0.178460322286834,0.440970368932091
225,"lag12",0.0184913773449071,0.378630849725632
226,"lag1",4.11496216851173,0.357824217414836
226,"lag2",2.17005980377915,0.408192298743642
226,"lag3",3.14940409175261,0.452507593066288
226,"lag4",2.41524857113808,0.465318286182043
226,"lag5",1.13387018570652,0.423610570510769
226,"lag6",0.994870989152915,0.368218058192546
226,"lag7",2.48751948691365,0.359738349225404
226,"lag8",1.53414872305516,0.407497352380499
226,"lag9",1.20967361719503,0.452485707886484
226,"lag10",-0.480578017131404,0.457702530040794
226,"lag11",0.350373585458429,0.42375941548034
226,"lag12",0.724449037638629,0.367870012009628
227,"lag1",3.25927835442943,0.346186286417686
227,"lag2",2.69085503346631,0.391086369473246
227,"lag3",1.24617493210652,0.428982804574439
227,"lag4",0.845274562847009,0.455618321329736
227,"lag5",-0.528934286196674,0.424972296595637
227,"lag6",-0.962204704949052,0.359575166816663
227,"lag7",0.664050283529667,0.349671245370416
227,"lag8",0.880169526057634,0.389744628968801
227,"lag9",0.943096202194027,0.424855667730534
227,"lag10",0.256911705904304,0.440221274678465
227,"lag11",0.156356100088092,0.418718407807629
227,"lag12",0.804338448395568,0.359679317518805
228,"lag1",5.97982687702976,0.383152154691777
228,"lag2",3.40562936326439,0.438601879434833
228,"lag3",2.35245110365931,0.470228885922757
228,"lag4",2.59565021587466,0.487884513294316
228,"lag5",2.00128963511951,0.467117438195802
228,"lag6",1.66221557143396,0.389370813863638
228,"lag7",2.36317582563618,0.388124629664812
228,"lag8",1.28404629016908,0.439450817611349
228,"lag9",2.42424400259775,0.475686318094113
228,"lag10",1.5869634593448,0.487588918636342
228,"lag11",0.195112768067068,0.46950680366029
228,"lag12",0.966756538430558,0.392308840524351
229,"lag1",4.16405565435311,0.383576474595607
229,"lag2",2.42046307752694,0.430443922185891
229,"lag3",4.91059462999107,0.452400342732732
229,"lag4",3.2841777187684,0.482983027245969
229,"lag5",1.38614497243965,0.465518791995537
229,"lag6",1.44569661537233,0.398368259796729
229,"lag7",1.75295390072829,0.386064063691591
229,"lag8",1.94388713057228,0.431715429033232
229,"lag9",3.49040382196322,0.454986295758348
229,"lag10",0.831197342693955,0.475552431222493
229,"lag11",1.64570066186694,0.462384843812908
229,"lag12",1.53715334807758,0.398896933437072
230,"lag1",4.90486498614566,0.394008869911717
230,"lag2",2.35254698027348,0.45490941958837
230,"lag3",3.05444420078286,0.485766405368413
230,"lag4",3.00455041474552,0.490376529437478
230,"lag5",0.631751067423475,0.476941258564756
230,"lag6",1.2007840667424,0.419747837639408
230,"lag7",0.903754725582785,0.397657828404069
230,"lag8",0.526334773242651,0.456870111750981
230,"lag9",4.03019223307193,0.488091992761545
230,"lag10",1.4266065732547,0.488464831826351
230,"lag11",0.724480544085896,0.47391855832475
230,"lag12",1.02421850905656,0.419405229097704
231,"lag1",5.09382293674789,0.42902334465415
231,"lag2",1.90302747257986,0.466342346331117
231,"lag3",2.70451211048188,0.511343295276004
231,"lag4",1.78439639601455,0.585700860684466
231,"lag5",0.291194208567631,0.52442837562133
231,"lag6",0.734032453607212,0.439290201013065
231,"lag7",1.27525326004316,0.433785185797868
231,"lag8",0.240152645556665,0.468264614357614
231,"lag9",2.07039366441234,0.518590634571858
231,"lag10",0.848361601319139,0.577784180720843
231,"lag11",0.8763308022752,0.525252181508729
231,"lag12",1.64349434504612,0.440088807325407
232,"lag1",6.48462258860457,0.460563004492516
232,"lag2",2.70281028540073,0.521842818466288
232,"lag3",1.75431855874583,0.555283110822817
232,"lag4",2.63134066055445,0.593105611990968
232,"lag5",3.80860438405455,0.529985628350581
232,"lag6",3.61637454343201,0.449824064933041
232,"lag7",2.63843424080459,0.464315047623743
232,"lag8",3.15200697275842,0.523098068419618
232,"lag9",4.58230978894108,0.559606476046557
232,"lag10",3.53535893530202,0.581356391415447
232,"lag11",1.61833033588686,0.527669482978448
232,"lag12",2.56163789421739,0.451634532661227
233,"lag1",4.8631286970719,0.379490162749215
233,"lag2",3.01121066909498,0.420947845005748
233,"lag3",1.45064397068138,0.457111346612246
233,"lag4",2.88954481201073,0.509060511264048
233,"lag5",0.292041812699433,0.457666391605158
233,"lag6",0.968298038339036,0.39661217227149
233,"lag7",0.73797832540136,0.384430104707912
233,"lag8",0.347558003128012,0.417285155979719
233,"lag9",0.825760941346196,0.456512584569857
233,"lag10",0.566523450489524,0.495156713086043
233,"lag11",0.606876814625548,0.456802724516766
233,"lag12",0.515219395638004,0.393183040376765
234,"lag1",5.75201211450827,0.420022670337753
234,"lag2",2.69226746974457,0.475950520459078
234,"lag3",0.791869474766523,0.507479773104059
234,"lag4",-0.0894946665521351,0.546479450093147
234,"lag5",1.90354395453829,0.521345195817938
234,"lag6",2.32566816478346,0.440391644993924
234,"lag7",2.7550154015151,0.423943008112154
234,"lag8",1.50056599783994,0.476896187616861
234,"lag9",3.60096033611286,0.512680115284206
234,"lag10",2.28051524437989,0.539817084069904
234,"lag11",1.73000023598961,0.520974245385865
234,"lag12",1.82993783088916,0.441865789590971
235,"lag1",6.60166049711025,0.453855160564789
235,"lag2",3.56229377222722,0.500945651520123
235,"lag3",2.75049512193551,0.523478177032053
235,"lag4",2.71324625689787,0.610132892101915
235,"lag5",-0.433883831790565,0.557951344734526
235,"lag6",0.428137216609957,0.456538079417624
235,"lag7",1.02843386150975,0.458807064134792
235,"lag8",1.62287374826755,0.501688740666303
235,"lag9",3.60791227177923,0.528071860770988
235,"lag10",2.39501118621603,0.599822211886234
235,"lag11",1.75269031204855,0.555940535162204
235,"lag12",1.66963052502434,0.452913782938426
236,"lag1",4.49927130028145,0.376100564677029
236,"lag2",2.47456443615105,0.427966905294289
236,"lag3",3.09469280637722,0.455300820309951
236,"lag4",4.02014888965737,0.474416448892692
236,"lag5",1.88899474893752,0.453828686221936
236,"lag6",0.968141137453949,0.383446930403075
236,"lag7",1.01145942187145,0.378577587132614
236,"lag8",0.595476373992902,0.429123658810892
236,"lag9",2.72106122152305,0.455887148390609
236,"lag10",0.988396572303139,0.466762050986642
236,"lag11",-0.864634410962402,0.453595211274305
236,"lag12",-0.471044421524026,0.381042181433622
237,"lag1",4.84735096650921,0.43001794568557
237,"lag2",2.44151094502558,0.481747315965475
237,"lag3",6.53258025328154,0.50285934051774
237,"lag4",4.77351087831888,0.547440397646063
237,"lag5",0.40877179899595,0.529878283809616
237,"lag6",1.09066846971584,0.440280019295288
237,"lag7",0.968508461523695,0.435736912412922
237,"lag8",1.97772243829828,0.487874332003986
237,"lag9",5.49659767959903,0.502418385033208
237,"lag10",3.79076547679602,0.549785418247059
237,"lag11",2.22832487827162,0.531464494196033
237,"lag12",1.1555619471984,0.438549619963399
238,"lag1",5.03506493679773,0.407296014818592
238,"lag2",2.65799782540578,0.459349978261726
238,"lag3",3.7500513698305,0.512334941086155
238,"lag4",2.78541462228887,0.516907482464933
238,"lag5",2.00651713423985,0.468185772856383
238,"lag6",1.79782571628626,0.41077902264068
238,"lag7",1.45831547275701,0.410176869781544
238,"lag8",1.80920956502622,0.462554772417131
238,"lag9",5.65867499009999,0.52144314902298
238,"lag10",2.90607156619835,0.513557860861772
238,"lag11",1.94697835491981,0.471016752345497
238,"lag12",0.896457642447011,0.412015104581341
239,"lag1",4.01120841256995,0.402385375987017
239,"lag2",0.713124100248416,0.459267809311515
239,"lag3",1.90980923781997,0.483316697331214
239,"lag4",0.712250672507517,0.516812147013819
239,"lag5",1.60631655627052,0.482947259990443
239,"lag6",2.12325916758414,0.403522003068091
239,"lag7",1.67232572214365,0.40244102194189
239,"lag8",1.15514785098649,0.459465902720344
239,"lag9",4.84509344441975,0.486689647623542
239,"lag10",2.68554773380077,0.508723943605959
239,"lag11",1.33706720120191,0.47937140690691
239,"lag12",0.919732980688479,0.404295445313697
240,"lag1",4.7893100257502,0.402820026479937
240,"lag2",2.54940662102602,0.464605815937255
240,"lag3",1.37054256689809,0.485507811228319
240,"lag4",1.07044639530997,0.495890794459763
240,"lag5",2.07532515596354,0.484082246644142
240,"lag6",1.5562110627143,0.410958167049068
240,"lag7",2.89776857339657,0.406602002798189
240,"lag8",2.71227520064145,0.466042294438972
240,"lag9",3.23049116066843,0.482595839306248
240,"lag10",1.91003453336803,0.493553765157376
240,"lag11",1.76750509445398,0.479748971455719
240,"lag12",2.04875259828165,0.40853384084379
241,"lag1",4.10852740019493,0.388341065603585
241,"lag2",2.561388380752,0.449788925770476
241,"lag3",1.5842517226133,0.480531305011183
241,"lag4",-0.194025263161999,0.492315489848788
241,"lag5",1.6325610512271,0.443574211955839
241,"lag6",1.36625375885812,0.392019212327437
241,"lag7",2.59979074397666,0.38983751505487
241,"lag8",3.02890480663235,0.45277851623646
241,"lag9",1.77916765149374,0.482309625181011
241,"lag10",0.0549503532285432,0.483092973842339
241,"lag11",0.399510819366416,0.440247993130685
241,"lag12",1.1327316490635,0.391250373246127
242,"lag1",4.6168876537521,0.400811466619463
242,"lag2",3.12207081255624,0.451430250710034
242,"lag3",2.46560740312668,0.46517236256067
242,"lag4",1.69999556697386,0.499817403102321
242,"lag5",0.460834832251509,0.47927899450844
242,"lag6",1.02637195796485,0.414441181215232
242,"lag7",0.469441029366686,0.404454902994052
242,"lag8",-0.800114432937355,0.450588339092673
242,"lag9",1.7203351567438,0.468650495922812
242,"lag10",1.26359392403793,0.497988472137855
242,"lag11",0.987161191098866,0.48141878251235
242,"lag12",1.27911109828898,0.415120812657165
243,"lag1",4.88493457416029,0.355069546502876
243,"lag2",2.42381694837488,0.403247101172372
243,"lag3",3.90778005573086,0.430904669724636
243,"lag4",3.11601232619678,0.479708823996628
243,"lag5",1.55658011657051,0.437546457588918
243,"lag6",1.81794348365204,0.362743087430338
243,"lag7",2.72135953178015,0.35753486070038
243,"lag8",1.32140624360553,0.402530588219268
243,"lag9",3.25239913065031,0.436957914722032
243,"lag10",2.10652144624366,0.47683733563242
243,"lag11",1.3171712028841,0.43956666915073
243,"lag12",1.5087006019588,0.362518238571258
244,"lag1",6.24343619034595,0.373256443603986
244,"lag2",3.77834622785034,0.408522280029003
244,"lag3",4.34591112736066,0.452773572373421
244,"lag4",3.38708577725668,0.510664607394537
244,"lag5",0.260319895634898,0.467394110724481
244,"lag6",2.51956007126161,0.396193424966425
244,"lag7",2.59116038204412,0.378492034931365
244,"lag8",2.14067078872224,0.412761862624272
244,"lag9",2.55929085838725,0.455688261051527
244,"lag10",-0.0636182580277323,0.511374398125993
244,"lag11",1.52613295341441,0.470263121139297
244,"lag12",1.70161517880499,0.398048064266863
245,"lag1",2.69223483875041,0.388329782875297
245,"lag2",1.1228813759419,0.452582479400519
245,"lag3",1.50260084996989,0.481689499442524
245,"lag4",2.91493307172155,0.489535848965865
245,"lag5",1.00638088864852,0.46883605855296
245,"lag6",0.469542665435258,0.405894771435715
245,"lag7",0.155457509603353,0.393984919347622
245,"lag8",-0.249803323905486,0.456353566518014
245,"lag9",-0.15180645347732,0.488965608303659
245,"lag10",1.03017568527418,0.486242116408996
245,"lag11",0.921443405176073,0.46587163633715
245,"lag12",0.334073473546628,0.406586938647501
246,"lag1",4.76668091757622,0.401423841710129
246,"lag2",2.66869269686195,0.451053411004195
246,"lag3",3.6200278819737,0.489709927155954
246,"lag4",3.34332475514415,0.544265027633792
246,"lag5",1.15258993242527,0.492823080322415
246,"lag6",0.767186990902534,0.404429649009149
246,"lag7",0.804347503249433,0.406896681953894
246,"lag8",0.188075515055141,0.449421918444706
246,"lag9",3.50137004845974,0.486778631856849
246,"lag10",2.78129559222375,0.533203478965377
246,"lag11",1.38354383614409,0.490792312866538
246,"lag12",1.70548646104269,0.402625701066323
247,"lag1",3.67885038782792,0.399798359631382
247,"lag2",2.09015348584996,0.456425805830139
247,"lag3",4.2023421847509,0.476901383067233
247,"lag4",2.04387137271022,0.506330392697231
247,"lag5",1.93238368980113,0.487428928298374
247,"lag6",2.34243674820979,0.416158557295487
247,"lag7",2.42499037648918,0.399668893942928
247,"lag8",1.12476786486106,0.451741290058037
247,"lag9",1.62028103202374,0.479731222020682
247,"lag10",1.4529603976591,0.500706932927136
247,"lag11",1.70496032154285,0.487300526799529
247,"lag12",1.51081744787279,0.416845345353341
248,"lag1",6.58979796094472,0.366144244442887
248,"lag2",4.02777371641762,0.421268167223801
248,"lag3",4.81057110571331,0.440041146931028
248,"lag4",4.64606219904155,0.461997717181476
248,"lag5",2.4847608907165,0.459505389891246
248,"lag6",1.18465247580074,0.385542996608626
248,"lag7",2.50320533907898,0.369908994620575
248,"lag8",0.829020793024171,0.427947755508726
248,"lag9",0.0942785537868747,0.441159638229089
248,"lag10",1.63095793701327,0.455165397094334
248,"lag11",2.87076011728022,0.452206910489421
248,"lag12",2.10373368766607,0.385992635233675
249,"lag1",6.17874431214232,0.386452860864988
249,"lag2",3.73832366713373,0.426255719181035
249,"lag3",4.16242453924525,0.470241258359915
249,"lag4",3.86434954590489,0.508430890576823
249,"lag5",0.754122929647942,0.470986262465765
249,"lag6",0.391989889448005,0.396179742473345
249,"lag7",3.59693231380758,0.38768680508303
249,"lag8",2.90719516934356,0.423052048921982
249,"lag9",4.44008254938504,0.474572217708734
249,"lag10",2.91946327889748,0.506329034102085
249,"lag11",2.93026537680141,0.473950583198851
249,"lag12",2.23375322316945,0.393872348510832
250,"lag1",3.48031401984527,0.388202991022316
250,"lag2",0.876964754843841,0.46660531499896
250,"lag3",5.81897788421439,0.497003859602224
250,"lag4",3.50714091174853,0.483541250105553
250,"lag5",0.712527927417076,0.460003472512012
250,"lag6",-0.269466113471975,0.40430637856146
250,"lag7",0.448915270956594,0.389656842627944
250,"lag8",1.83031951829872,0.463517278969326
250,"lag9",4.15838837026431,0.498038913858807
250,"lag10",2.24054016207041,0.480660185678917
250,"lag11",1.09683606807386,0.461229698395264
250,"lag12",0.822321997280339,0.404506435670171
251,"lag1",4.75774725642295,0.376640678354658
251,"lag2",3.15035696822997,0.42676668703379
251,"lag3",3.4791612856186,0.458715471439183
251,"lag4",1.9387016558018,0.45752456452021
251,"lag5",0.355549163291122,0.442103314995421
251,"lag6",0.0375507833028028,0.388674796704392
251,"lag7",0.173702663954844,0.380300610111692
251,"lag8",1.18710700542921,0.428273798809706
251,"lag9",0.463523456683957,0.460157004528651
251,"lag10",-0.929394771332198,0.449605774343868
251,"lag11",0.227496954994094,0.437997272292042
251,"lag12",-0.167662410889041,0.386333451723368
252,"lag1",5.4226284349036,0.405344643188212
252,"lag2",3.9781529109955,0.460106447915131
252,"lag3",3.39857039213834,0.469235850651332
252,"lag4",4.94854073238516,0.524701559641293
252,"lag5",2.82081555237165,0.504081154002955
252,"lag6",1.89568738977415,0.419312840870215
252,"lag7",2.62047094666568,0.408480229449832
252,"lag8",2.10309934331123,0.461179694041074
252,"lag9",3.30076725826863,0.473114396237886
252,"lag10",2.36380524713147,0.517290442938823
252,"lag11",1.42754767106997,0.500162050337152
252,"lag12",1.37552532111307,0.419218073144194
253,"lag1",4.53473506021373,0.367614750594181
253,"lag2",3.07841559339595,0.42085421209535
253,"lag3",1.9634988088988,0.461248701773339
253,"lag4",-0.00851086159290232,0.479789315241985
253,"lag5",0.746689097413751,0.430749342502525
253,"lag6",1.13119593109731,0.375470849198736
253,"lag7",2.23965689242103,0.368011722308631
253,"lag8",1.48656306306541,0.415886124440808
253,"lag9",2.07967223540707,0.455698271455835
253,"lag10",1.41194089268009,0.46679420225961
253,"lag11",1.28408187497764,0.428902633999062
253,"lag12",1.52587490718857,0.374491157894275
254,"lag1",4.86437973383006,0.366231646318413
254,"lag2",3.34535268575714,0.408654440240676
254,"lag3",4.66818142681456,0.467452607166871
254,"lag4",3.58535234083153,0.485512294642721
254,"lag5",0.767008491950269,0.423242088229134
254,"lag6",0.766429367996516,0.377808681347305
254,"lag7",0.476252665050421,0.374946137068049
254,"lag8",0.340473845444889,0.420868583240866
254,"lag9",2.85361377274597,0.475971518352775
254,"lag10",1.69854357659932,0.487172208989429
254,"lag11",1.49881776990645,0.423188090508392
254,"lag12",0.566414280079518,0.377699804435987
255,"lag1",4.51905753062231,0.359600332447162
255,"lag2",2.02072811322311,0.406979732178972
255,"lag3",5.64265521584082,0.436293677811237
255,"lag4",3.47385551609171,0.480163500844075
255,"lag5",1.66731486692752,0.438192147631761
255,"lag6",0.0558154070688817,0.36810088447692
255,"lag7",3.81455778057985,0.359384870106415
255,"lag8",1.97852211529778,0.40641302363502
255,"lag9",3.88431419221367,0.438394472800622
255,"lag10",2.61426408109407,0.473750312749321
255,"lag11",1.57284349884859,0.436386408574457
255,"lag12",1.47417604923066,0.365497143135165
256,"lag1",3.4943826543084,0.414995128455448
256,"lag2",1.01179495331473,0.464452833139677
256,"lag3",1.28583262741512,0.485471492215711
256,"lag4",1.00606697829214,0.537611961493887
256,"lag5",1.96819674596863,0.493797412449325
256,"lag6",1.3017878494056,0.418828121922471
256,"lag7",1.30411522832325,0.417516746092238
256,"lag8",0.101476420664333,0.46199563017797
256,"lag9",1.09578020571509,0.490757571511637
256,"lag10",0.955229906178742,0.529441579234005
256,"lag11",1.84971331375812,0.491282603143291
256,"lag12",1.62868928636534,0.420438436793094
257,"lag1",5.48709303210271,0.364070346553933
257,"lag2",3.11547361306793,0.405815099085846
257,"lag3",6.1972354128052,0.426862645432852
257,"lag4",5.05917507057246,0.454234014030311
257,"lag5",1.34411175246655,0.457324612284351
257,"lag6",1.28167238884813,0.376781956997994
257,"lag7",1.26774802984022,0.363329258913089
257,"lag8",0.769152066988478,0.401564931164447
257,"lag9",1.33516203603831,0.425936263275497
257,"lag10",1.38425321985774,0.452542594079802
257,"lag11",1.61816323781938,0.459140022723037
257,"lag12",1.81671833386562,0.37553435971872
258,"lag1",5.23810521589956,0.371366649733753
258,"lag2",3.90665580015388,0.419178036023674
258,"lag3",2.27055494971131,0.453086838843041
258,"lag4",2.83751554657148,0.486347434777079
258,"lag5",0.466902345700746,0.449878315156748
258,"lag6",0.249573604112762,0.389635176630606
258,"lag7",2.38557374945058,0.375781732708488
258,"lag8",3.33970389297127,0.423461987090653
258,"lag9",4.86522879831853,0.454260660651034
258,"lag10",2.21837198966276,0.481917793341278
258,"lag11",0.500461829002695,0.445795212116249
258,"lag12",0.477531715727165,0.389722533360734
259,"lag1",3.55756468961228,0.403918935882951
259,"lag2",1.42686544365002,0.448011284026246
259,"lag3",2.81729537557725,0.469279417259582
259,"lag4",2.65186384252992,0.521344089864973
259,"lag5",1.37183246676479,0.504579704972439
259,"lag6",0.341054661603697,0.416894753048371
259,"lag7",1.52074747779693,0.404630465629718
259,"lag8",1.19709439459042,0.443269363323999
259,"lag9",5.54535754058462,0.467091744374957
259,"lag10",2.21900233419403,0.50937272083674
259,"lag11",0.737122886385708,0.498241189497895
259,"lag12",0.464327691357389,0.412951534021808
260,"lag1",4.6187328593691,0.375503226050841
260,"lag2",3.29341828858374,0.427516416061644
260,"lag3",0.71754539523249,0.440116339544909
260,"lag4",-0.0768709268354764,0.480242150401273
260,"lag5",0.638395035980062,0.425723597348168
260,"lag6",0.93411617892026,0.369901725485054
260,"lag7",3.61719269531305,0.378762902849601
260,"lag8",2.08923091445028,0.427819118540756
260,"lag9",1.37062738817343,0.441330049697815
260,"lag10",0.604923009501033,0.476662260869574
260,"lag11",0.931192873049092,0.424665070311222
260,"lag12",0.62770075974892,0.369438235258247
261,"lag1",3.98022046079301,0.36436079859017
261,"lag2",2.21411010875031,0.404774886517185
261,"lag3",2.56879762489677,0.436319576287822
261,"lag4",5.58593053987719,0.482016966448786
261,"lag5",2.9496789668912,0.429117485469049
261,"lag6",3.05229007835317,0.371031951049021
261,"lag7",3.96591150506246,0.370662458979862
261,"lag8",2.40031166857784,0.405769776182508
261,"lag9",2.54885577644702,0.435785947067553
261,"lag10",1.80711732654974,0.469796581608684
261,"lag11",1.98577303022045,0.427844019842738
261,"lag12",2.36869416494772,0.371230756822415
262,"lag1",5.94442900879603,0.407279680616015
262,"lag2",3.70955962748408,0.46367223201879
262,"lag3",4.25753781292891,0.499327703700811
262,"lag4",4.49243412624527,0.50818999807034
262,"lag5",1.20461677435425,0.472254358497679
262,"lag6",1.22004591004884,0.416174420413402
262,"lag7",2.29079547468397,0.409965781241575
262,"lag8",0.259355863653044,0.461708522741779
262,"lag9",-0.239663917695933,0.496322110518764
262,"lag10",1.2793180441942,0.502629472413615
262,"lag11",1.23698632930948,0.472785531992918
262,"lag12",2.08077311487541,0.414755423743454
263,"lag1",5.38810099726406,0.365803861373587
263,"lag2",3.4757666159353,0.421539175182307
263,"lag3",0.974977457611687,0.466665661474873
263,"lag4",0.353777306970816,0.458391029403837
263,"lag5",2.34007182246275,0.431389073391281
263,"lag6",2.25378178514913,0.375290622611771
263,"lag7",2.65931569014921,0.367406716190381
263,"lag8",1.8862670227901,0.41908056781659
263,"lag9",0.921099967711305,0.461424155554725
263,"lag10",0.520584633626935,0.448894489084609
263,"lag11",1.48304583070584,0.42831527954548
263,"lag12",2.28587186021752,0.373692219993828
264,"lag1",4.58988208911611,0.437996803040629
264,"lag2",2.85797450178122,0.484187502110114
264,"lag3",2.88527527588764,0.524984852999934
264,"lag4",2.12169127190269,0.566607631100072
264,"lag5",2.07805146953968,0.51988863059056
264,"lag6",2.02012969004223,0.445396966498858
264,"lag7",2.62295254830016,0.444473300344863
264,"lag8",2.80690414188967,0.489035425237761
264,"lag9",5.79478428280677,0.529404270065102
264,"lag10",3.13434869303685,0.567495896190331
264,"lag11",2.6792548538943,0.522122347792629
264,"lag12",2.1858525556465,0.447308240485351
265,"lag1",4.22120744743103,0.369665517966261
265,"lag2",3.07188098640564,0.442823046547933
265,"lag3",3.64997471114882,0.46546169156991
265,"lag4",2.62206149672047,0.468754357999352
265,"lag5",1.76367451499239,0.435552937123981
265,"lag6",1.53286025395774,0.380585311480506
265,"lag7",2.65366102628956,0.372389527363092
265,"lag8",2.76430700790995,0.439447890717416
265,"lag9",3.95239385686077,0.46158824376525
265,"lag10",3.26438427865363,0.457273490204044
265,"lag11",1.11142980212194,0.435397236099903
265,"lag12",0.639463347508366,0.382569072786548
266,"lag1",3.16481063406715,0.379565030262225
266,"lag2",1.91881849388501,0.430745608660493
266,"lag3",4.42901774652118,0.477681048428982
266,"lag4",2.49485803956767,0.473968470867565
266,"lag5",1.28081590394532,0.440020598007406
266,"lag6",0.816963686632889,0.399076689403102
266,"lag7",1.93666978004492,0.386759410310676
266,"lag8",1.0340264348562,0.436006966495115
266,"lag9",5.19433718229254,0.478789805102159
266,"lag10",1.33334686238393,0.464210297618576
266,"lag11",0.558842475593537,0.438447633689395
266,"lag12",0.155238190396527,0.399446388436681
267,"lag1",4.03515379608178,0.348512705646327
267,"lag2",1.76688494362785,0.403741267438892
267,"lag3",1.46513509610165,0.428615816948303
267,"lag4",2.475272406735,0.455587457694569
267,"lag5",-0.899858843723269,0.442908544841751
267,"lag6",-0.747419557074782,0.373641550854249
267,"lag7",0.522152684670255,0.34900858614444
267,"lag8",-0.342580650154579,0.398921340135443
267,"lag9",-0.0395998827556512,0.417939550476934
267,"lag10",0.0772033913070278,0.443877189779133
267,"lag11",1.06584504441024,0.439118345569425
267,"lag12",0.941706235605634,0.37232091698682
268,"lag1",2.49752303530678,0.372514342561223
268,"lag2",1.05499503861938,0.425710639474669
268,"lag3",1.73697288345678,0.494866469939764
268,"lag4",1.75167222552211,0.497412190885085
268,"lag5",1.33064862480586,0.434995123078156
268,"lag6",0.980506115455316,0.379528396861061
268,"lag7",2.01178335613122,0.372454382397288
268,"lag8",1.75023576150605,0.423804652729517
268,"lag9",3.26112066432213,0.492177433620507
268,"lag10",2.61275033141873,0.487315860085
268,"lag11",1.37992745471787,0.432521528687136
268,"lag12",0.70648674636261,0.379673854310522
269,"lag1",5.60731782343323,0.374126558818309
269,"lag2",3.06268262228993,0.421955433692422
269,"lag3",4.01282590641256,0.458681573326251
269,"lag4",3.92866140154593,0.464604871721751
269,"lag5",1.27774853021258,0.442095193905228
269,"lag6",1.37566783467882,0.382867032935075
269,"lag7",1.81262277167483,0.37426233769316
269,"lag8",2.20249557989163,0.42114823687136
269,"lag9",3.18014478089077,0.455855507985997
269,"lag10",1.52774123544126,0.459892602110176
269,"lag11",1.54537979072715,0.439896833641634
269,"lag12",0.782638737382428,0.381774562261156
270,"lag1",5.17474435832109,0.400314080305421
270,"lag2",1.95961543015713,0.466034293710668
270,"lag3",5.11322722155881,0.500748269132973
270,"lag4",4.12955743782074,0.519652353189854
270,"lag5",1.69796717483349,0.489134640589599
270,"lag6",1.04658664857,0.408159377866844
270,"lag7",1.51438257864373,0.403140460117911
270,"lag8",0.70461316544878,0.466375460442872
270,"lag9",3.84997694785691,0.505262445993783
270,"lag10",3.68882966083624,0.516226642915257
270,"lag11",1.75140826028198,0.491418614760072
270,"lag12",0.835537067161493,0.407858324246887
271,"lag1",5.90342628546586,0.378790168949539
271,"lag2",3.64904764053433,0.429697360942261
271,"lag3",4.48281450619965,0.465575864322311
271,"lag4",4.15091031849152,0.482842365828499
271,"lag5",1.60681938348937,0.431778269028679
271,"lag6",0.843222944549982,0.385909452565797
271,"lag7",2.50370991629947,0.384034103055039
271,"lag8",1.67396415136429,0.429793747395571
271,"lag9",2.03354685788384,0.462809591137142
271,"lag10",1.99362246797601,0.473436981214761
271,"lag11",1.99260638724155,0.431516043967959
271,"lag12",1.09987354563648,0.385649053628195
272,"lag1",4.44262362755306,0.432178262124956
272,"lag2",1.69154009922774,0.47544516433134
272,"lag3",5.12632608802706,0.517182507971778
272,"lag4",4.22503545572075,0.575692236039655
272,"lag5",2.02080144426163,0.515141828369622
272,"lag6",1.73804028036414,0.439257657698111
272,"lag7",2.77113167332221,0.435637356003513
272,"lag8",1.28093326886886,0.476352070671984
272,"lag9",5.891938457721,0.515089837790924
272,"lag10",2.83733760796826,0.568002849966491
272,"lag11",1.9516459814076,0.510666766224918
272,"lag12",1.14434336168407,0.436704703033307
273,"lag1",4.73939320334743,0.415219913731953
273,"lag2",2.08462144368391,0.482711033503928
273,"lag3",8.96952455803353,0.540335221363601
273,"lag4",6.82355239097377,0.551691600584372
273,"lag5",3.11945892005377,0.51173238361215
273,"lag6",1.84344682381396,0.43630269679859
273,"lag7",2.5750453740951,0.417908466777799
273,"lag8",-0.0597722561443914,0.483285341838107
273,"lag9",2.57631912579806,0.54031039876418
273,"lag10",2.07616231021536,0.53751494712138
273,"lag11",1.22287663956592,0.510398392349642
273,"lag12",1.38431237938128,0.438396584663535
274,"lag1",4.33351003923922,0.359388534251347
274,"lag2",3.11121069082324,0.408931369213783
274,"lag3",7.7277269351671,0.440835433148217
274,"lag4",5.34578053646236,0.442432363188779
274,"lag5",0.970860027797445,0.431503628287536
274,"lag6",1.45845816241277,0.375034843666915
274,"lag7",1.61382489298194,0.363122937181749
274,"lag8",2.18197959598004,0.412902666797425
274,"lag9",3.14424086443625,0.445675800719669
274,"lag10",1.74884534142079,0.442156122802996
274,"lag11",2.33815468737786,0.432636844711657
274,"lag12",1.66811825187796,0.377348740059142
275,"lag1",6.78732988761956,0.392158041614311
275,"lag2",3.37628942157213,0.433162958789555
275,"lag3",2.46979204663487,0.481365998955672
275,"lag4",3.88271506725594,0.513616430026568
275,"lag5",2.18108678960842,0.476230057589226
275,"lag6",2.21633390562728,0.402348230077137
275,"lag7",3.583013059514,0.395470455791851
275,"lag8",3.19596371196856,0.431727982653822
275,"lag9",5.35298689891451,0.479909353564087
275,"lag10",3.73793861738365,0.511737424986149
275,"lag11",2.55726847794525,0.475751861489767
275,"lag12",2.83918884760452,0.405887595924364
276,"lag1",5.22288600169186,0.388358248950666
276,"lag2",2.51479616297787,0.436731212217579
276,"lag3",3.15124768873851,0.453396358181641
276,"lag4",4.18898707270239,0.485278056859618
276,"lag5",0.817168383379635,0.478855483492486
276,"lag6",1.38728219525107,0.400949102490043
276,"lag7",0.599175590862582,0.391118161164241
276,"lag8",0.92635415988479,0.431775520143482
276,"lag9",1.63216657335994,0.449553305948291
276,"lag10",0.717724671585578,0.473447537463513
276,"lag11",1.0816744301383,0.476601052232073
276,"lag12",1.6191325107041,0.400105775024943
277,"lag1",4.16302895230778,0.378090314174453
277,"lag2",2.10582146561741,0.423357415676044
277,"lag3",1.24517260008591,0.458875814993439
277,"lag4",2.15087088899252,0.488479823987095
277,"lag5",0.792462511582469,0.456826666403477
277,"lag6",0.285199518223788,0.392993359356718
277,"lag7",0.770642963181137,0.382956010479732
277,"lag8",1.70871090406559,0.424493753279341
277,"lag9",5.27373152737795,0.460635336586986
277,"lag10",2.7737268279927,0.483400494222948
277,"lag11",1.18301140670849,0.455457008665598
277,"lag12",1.46065519904251,0.39049259328245
278,"lag1",4.58247998113187,0.344029802276598
278,"lag2",3.99933905548323,0.393641559039857
278,"lag3",1.78324591560884,0.425441461744795
278,"lag4",1.14597577321543,0.436455076322809
278,"lag5",0.934252043526183,0.403841264634741
278,"lag6",-0.240298947309495,0.350352626398487
278,"lag7",0.771594359668547,0.346789975088535
278,"lag8",0.737440014599473,0.395881073783095
278,"lag9",1.47682540817257,0.428132909487847
278,"lag10",1.37286077984082,0.435759105743049
278,"lag11",1.46176778728059,0.40281282514906
278,"lag12",1.0629651606684,0.351489144173645
279,"lag1",4.42098421895556,0.359203396840228
279,"lag2",1.94324239670282,0.403444092975486
279,"lag3",-0.445493673368299,0.447363559783798
279,"lag4",-0.476110447843839,0.490112577126315
279,"lag5",2.20323578409259,0.457344757026357
279,"lag6",3.20688865047777,0.385828875475904
279,"lag7",2.09008028385076,0.363374164795892
279,"lag8",2.16172843247999,0.405732774455677
279,"lag9",1.34020789161812,0.453793042146793
279,"lag10",-0.566051729439061,0.489345348871749
279,"lag11",1.143996463579,0.458143211807712
279,"lag12",1.895344813195,0.38873619394497
280,"lag1",4.1810418863041,0.400737667831774
280,"lag2",2.14534037830005,0.453211128769072
280,"lag3",3.38479196518416,0.470124778672544
280,"lag4",2.80776865893645,0.522046867672512
280,"lag5",1.03335944573072,0.492220899512333
280,"lag6",0.409098027440863,0.409146296451311
280,"lag7",1.86660082033167,0.4029396973247
280,"lag8",2.57272149134199,0.451031789645663
280,"lag9",3.7602133751448,0.46447288299015
280,"lag10",1.39817364669286,0.509832853038699
280,"lag11",0.248486489703823,0.487539313901793
280,"lag12",-0.0479020887480552,0.407569303931696
281,"lag1",2.88727351829675,0.425765837681978
281,"lag2",1.12627611914271,0.506379129648766
281,"lag3",2.4878015908312,0.508326609215067
281,"lag4",2.16568047417083,0.505556187268397
281,"lag5",1.80955516524594,0.484057667293383
281,"lag6",2.43181281593435,0.425928846337165
281,"lag7",1.32108445081274,0.425249642771191
281,"lag8",0.855270825876228,0.503911106759236
281,"lag9",2.58167403603972,0.506010570868477
281,"lag10",2.5402307250265,0.50853171948903
281,"lag11",2.10836918094533,0.486527279430317
281,"lag12",2.87371552249758,0.428013937080672
282,"lag1",5.72929939062596,0.367070815632463
282,"lag2",3.37471165709279,0.411168230912916
282,"lag3",2.67864049217546,0.442810167449536
282,"lag4",4.62536552324799,0.492714024743965
282,"lag5",2.79277641052869,0.446724970406528
282,"lag6",1.49941940699508,0.376079552943056
282,"lag7",1.83972649627948,0.375889819990959
282,"lag8",1.1658021707357,0.413221025462715
282,"lag9",2.85018586273472,0.440308380792926
282,"lag10",1.93689683022637,0.493800968105499
282,"lag11",1.84738192360776,0.448341950136715
282,"lag12",2.39203135932808,0.374776555280157
283,"lag1",5.34221294246055,0.387994221339965
283,"lag2",2.83726980377091,0.446923882033945
283,"lag3",4.90202210906214,0.465170852082732
283,"lag4",2.50126683342208,0.488010406668768
283,"lag5",0.758067395809582,0.473078202989334
283,"lag6",0.711201280494474,0.401084666425319
283,"lag7",1.09350951424964,0.392016394890883
283,"lag8",1.03220174135632,0.447241288694187
283,"lag9",2.14843975118025,0.472123849673128
283,"lag10",0.783895141375512,0.480483621361991
283,"lag11",1.07247264162149,0.469130739635387
283,"lag12",0.96540435915622,0.398017332720822
284,"lag1",5.06853558078007,0.383551190393437
284,"lag2",2.67295450020873,0.424305676876938
284,"lag3",2.22372020537599,0.459920498462404
284,"lag4",2.25214678659717,0.519155617472699
284,"lag5",1.5102355032843,0.471384249660114
284,"lag6",2.37619177390189,0.388796695918284
284,"lag7",2.73034535166009,0.387467495765372
284,"lag8",3.28974039114763,0.42204728327288
284,"lag9",4.95352603976303,0.464712345361797
284,"lag10",3.44178561945869,0.495910566920175
284,"lag11",1.57322400307892,0.469900794928376
284,"lag12",2.35601774766335,0.38615398348291
285,"lag1",5.16197504676492,0.382792851122106
285,"lag2",2.42796950695912,0.440186397531709
285,"lag3",-0.206968556401422,0.454623060875857
285,"lag4",1.112499952718,0.494463677748047
285,"lag5",0.450638121159131,0.473544844657295
285,"lag6",1.2533551428025,0.398211969198362
285,"lag7",2.5506033151264,0.386302312124645
285,"lag8",3.03695275530816,0.441171448815124
285,"lag9",2.90086793670145,0.455686718067217
285,"lag10",1.50034060504482,0.485803792327497
285,"lag11",0.465639463628582,0.469873686563973
285,"lag12",1.18776526464263,0.397686515755166
286,"lag1",2.61774777115974,0.38583676121396
286,"lag2",1.94736399400888,0.443306658590819
286,"lag3",0.681788839579571,0.455594438321479
286,"lag4",0.687739795617837,0.486448707195885
286,"lag5",1.06918914642412,0.463056536719924
286,"lag6",1.06535513909244,0.379783335054227
286,"lag7",2.56547484450311,0.38988789854776
286,"lag8",0.746152918244149,0.443574941471936
286,"lag9",0.894111125597587,0.456189662576229
286,"lag10",1.61575774055688,0.480211923296872
286,"lag11",1.65449634721273,0.458439398116657
286,"lag12",1.54316491310581,0.380803235491578
287,"lag1",5.10478493250586,0.366535645762354
287,"lag2",2.83562727627086,0.422684598278357
287,"lag3",0.464457805432531,0.459186639402091
287,"lag4",0.518860878229031,0.459944305038947
287,"lag5",1.98742081115934,0.431755653883284
287,"lag6",1.17755265626157,0.379956708588195
287,"lag7",1.81499861826667,0.374334273062326
287,"lag8",1.40855327242865,0.422342954259988
287,"lag9",1.52306169246283,0.456460103744819
287,"lag10",0.93194233969486,0.451377738030819
287,"lag11",1.47931362330541,0.43103147801717
287,"lag12",1.89856047629996,0.377766752329042
288,"lag1",5.08834850137492,0.411890555237279
288,"lag2",3.01928440665894,0.478458070044039
288,"lag3",1.79266359148036,0.50574879295993
288,"lag4",1.71473805876993,0.54735852148677
288,"lag5",0.901249547651541,0.480031257470682
288,"lag6",0.716014002034498,0.417359513046373
288,"lag7",3.53542125732163,0.416023651656811
288,"lag8",2.33755012833564,0.478138308453472
288,"lag9",4.47597886766969,0.508215759110388
288,"lag10",2.6537685150235,0.546254494376765
288,"lag11",-0.294084603318173,0.481249416897225
288,"lag12",0.254188973515447,0.41393976591123
289,"lag1",3.96589670590014,0.340436046977984
289,"lag2",2.74428193799116,0.377331040594727
289,"lag3",3.55706195720483,0.423580905636973
289,"lag4",3.75409829277197,0.445183940676911
289,"lag5",1.59198806114832,0.418945378216719
289,"lag6",1.40761706717471,0.361601674858974
289,"lag7",1.85876031290746,0.344319685923246
289,"lag8",1.08077361472723,0.3777060964538
289,"lag9",2.76283928968408,0.422103869572209
289,"lag10",2.50002747615433,0.436201203828259
289,"lag11",2.71132370338835,0.414428881128708
289,"lag12",1.80886453547025,0.362575351819666
290,"lag1",5.9752265235079,0.356514578679526
290,"lag2",3.72926565350424,0.400051796502964
290,"lag3",7.24864874729319,0.430958871399748
290,"lag4",8.02377971790439,0.470526091349946
290,"lag5",2.29081143407789,0.45065379913892
290,"lag6",2.18395466138364,0.385210943031876
290,"lag7",1.56410991442571,0.358987805729031
290,"lag8",0.911836792510205,0.395943539845208
290,"lag9",2.62118017644994,0.42931726611528
290,"lag10",2.06473445147766,0.458117086414758
290,"lag11",1.92044098984934,0.448977495015221
290,"lag12",2.61903090316693,0.381526326293204
291,"lag1",5.00986098821223,0.44608053763422
291,"lag2",1.99987122864395,0.499326776686134
291,"lag3",3.86876742607579,0.558834174746772
291,"lag4",1.84146821430126,0.588532742800039
291,"lag5",0.701059298966013,0.530270562139671
291,"lag6",1.48394681759116,0.455699454897542
291,"lag7",2.31453579770373,0.451473056259404
291,"lag8",1.36798822096113,0.501453784244067
291,"lag9",4.71861580996378,0.562798078675333
291,"lag10",2.49498239007107,0.58403950691812
291,"lag11",1.41625514551272,0.530346961411415
291,"lag12",0.534744246453162,0.455749480318272
292,"lag1",3.13376992497317,0.387285833733843
292,"lag2",0.788668783930393,0.43550236981375
292,"lag3",1.21417028429494,0.456697236935958
292,"lag4",1.04796504849911,0.481084519484354
292,"lag5",1.67967524080166,0.458493171532678
292,"lag6",0.674804139304491,0.393960504900674
292,"lag7",0.95446371861913,0.391416636060213
292,"lag8",-0.671004930409475,0.436256186482116
292,"lag9",3.04602762692673,0.459546341746597
292,"lag10",2.65777664411329,0.473480339894155
292,"lag11",1.85258045541944,0.459568481751771
292,"lag12",-0.0523953205658886,0.391426402453051
293,"lag1",3.66612319628281,0.381160245729881
293,"lag2",1.92105740121434,0.430830765620923
293,"lag3",1.88443901250012,0.455700334358744
293,"lag4",1.03198538837968,0.477785560829114
293,"lag5",0.474549628381428,0.443161340592512
293,"lag6",0.580358102573333,0.385793553879143
293,"lag7",1.02466509961076,0.383720095800429
293,"lag8",0.437390583959321,0.430556002031329
293,"lag9",0.710186142598838,0.456347168320478
293,"lag10",0.749652633464869,0.468648795720288
293,"lag11",1.47237721769543,0.4406200523663
293,"lag12",1.37890056013051,0.385146728954228
294,"lag1",3.83103684449715,0.393272729101938
294,"lag2",1.51157128017398,0.447819806322941
294,"lag3",7.77996606456283,0.480412408876315
294,"lag4",6.75030278709316,0.495839692877756
294,"lag5",2.12419363913478,0.483506342932995
294,"lag6",1.55950878486259,0.404537097858327
294,"lag7",3.07132719009376,0.3917011312514
294,"lag8",1.95886570737671,0.440722682826857
294,"lag9",3.9095260343699,0.481384585118501
294,"lag10",1.42091625509603,0.49488346041246
294,"lag11",1.89124114601354,0.482061226215224
294,"lag12",2.40842528528751,0.402178596511789
295,"lag1",4.15995733115485,0.379538065837381
295,"lag2",3.25699773898864,0.440126433718104
295,"lag3",3.93764265335509,0.46692867937525
295,"lag4",3.44337134205078,0.465013265889501
295,"lag5",1.48197627358577,0.445764979418046
295,"lag6",2.10135837363939,0.395875143144929
295,"lag7",2.54049276451521,0.380109883470065
295,"lag8",1.97599923022258,0.439269731538442
295,"lag9",3.25711337718613,0.468765603973696
295,"lag10",1.74058640449111,0.454194739597241
295,"lag11",1.25721484726527,0.445739175409569
295,"lag12",1.28366458435614,0.393807214937699
296,"lag1",4.77149166853093,0.405252589689257
296,"lag2",1.53140682713622,0.457330259215043
296,"lag3",1.76757126362166,0.487813597286908
296,"lag4",2.00778144828078,0.503195340974819
296,"lag5",-0.420537448125616,0.479181152151231
296,"lag6",-0.210983419796849,0.416329192140844
296,"lag7",0.49042160066892,0.407766232446611
296,"lag8",-0.44243503400797,0.452351119424448
296,"lag9",2.42650489622491,0.486176482501036
296,"lag10",0.881952528075141,0.497363259574401
296,"lag11",-0.058530562299757,0.479297507684023
296,"lag12",-0.18050929616795,0.416695239391004
297,"lag1",5.56389762357006,0.39256211261618
297,"lag2",2.98571329287099,0.442572484623118
297,"lag3",1.75942389890787,0.473590957406316
297,"lag4",2.24636444867394,0.513903943942936
297,"lag5",0.827242264465982,0.47438408214454
297,"lag6",1.96163034500919,0.403462525638884
297,"lag7",2.22221928130257,0.3961767605761
297,"lag8",0.546702245667621,0.442615857192425
297,"lag9",0.963272149152858,0.475912847349117
297,"lag10",1.27170608444621,0.511573859140489
297,"lag11",1.6998368837345,0.472375826171462
297,"lag12",1.49341639979507,0.403136968094069
298,"lag1",3.97690563721471,0.375073173289235
298,"lag2",1.89793103277797,0.418270383410422
298,"lag3",2.4316276999673,0.47833841945052
298,"lag4",2.21572779885619,0.502630594480489
298,"lag5",1.67353693759896,0.438557827818562
298,"lag6",0.797946690013659,0.385254956082564
298,"lag7",2.05632252246638,0.378018016375749
298,"lag8",3.2571789613161,0.418940667520714
298,"lag9",7.40310927590008,0.480217988193511
298,"lag10",4.37168815231571,0.492943196581488
298,"lag11",2.61906543717891,0.440650895917168
298,"lag12",1.05670743244017,0.388108034994382
299,"lag1",5.73267258961276,0.381926454436834
299,"lag2",3.13103479931905,0.437517029691586
299,"lag3",5.76584704152628,0.456461168030893
299,"lag4",5.76601699048879,0.49522864011733
299,"lag5",1.16904232610371,0.450803836478581
299,"lag6",2.0699693343445,0.392075832097507
299,"lag7",1.32523095029018,0.383220212608374
299,"lag8",0.863455996855336,0.437828885138313
299,"lag9",0.391133871062893,0.463778634702448
299,"lag10",-0.46399706957641,0.490415694259753
299,"lag11",1.37280914280608,0.452051374867206
299,"lag12",0.999668339757848,0.389517875797027
300,"lag1",5.26432926221394,0.374927067577515
300,"lag2",2.27677930979181,0.412598679365992
300,"lag3",3.90884812517319,0.454971746654854
300,"lag4",4.5431224075466,0.512394200805994
300,"lag5",1.74051972708436,0.47530044044475
300,"lag6",2.09609524154615,0.402114090730828
300,"lag7",2.04108218409955,0.379999728076627
300,"lag8",1.07414694671722,0.412847596897298
300,"lag9",2.7599593866418,0.456829483089627
300,"lag10",1.94800095795933,0.499875599612863
300,"lag11",3.06681445904579,0.476023524724867
300,"lag12",3.19272091072149,0.402262131875269
301,"lag1",3.34656209835188,0.36939215734523
301,"lag2",1.04737803707637,0.40663741245811
301,"lag3",4.22194239374072,0.460154218298636
301,"lag4",5.76373572772768,0.508044505305091
301,"lag5",1.81384018583805,0.440704949820156
301,"lag6",1.49964950379125,0.378543409744214
301,"lag7",1.8536821927024,0.37204715940579
301,"lag8",2.32931763270448,0.403820529247632
301,"lag9",6.32550363828487,0.459815531298322
301,"lag10",4.1509989498789,0.497901085194285
301,"lag11",2.59027158657656,0.440881605932133
301,"lag12",1.90717002486044,0.378588765664611
302,"lag1",4.58532865045046,0.412639408907962
302,"lag2",2.5578321024102,0.464252482914026
302,"lag3",1.74203824752197,0.504442229681804
302,"lag4",-0.22679971123719,0.520102703254375
302,"lag5",-0.325211715169451,0.480099521191113
302,"lag6",-1.19213665393508,0.413407697787585
302,"lag7",2.99300367304234,0.415945124406536
302,"lag8",3.15117489718274,0.465364763309249
302,"lag9",3.9588824620659,0.503934078004798
302,"lag10",1.57783631164419,0.51754590485335
302,"lag11",0.66059005528589,0.482142982537842
302,"lag12",0.264224708319029,0.413458194572845
303,"lag1",6.35214992900259,0.38586077741597
303,"lag2",5.0139325333106,0.439984720928769
303,"lag3",2.27894396199221,0.476560612488824
303,"lag4",2.14562469183209,0.506217585696532
303,"lag5",0.355167978395248,0.483037019295628
303,"lag6",0.876991714608538,0.414394045584082
303,"lag7",1.35874477799308,0.391838797243562
303,"lag8",1.07632203561995,0.440610922546185
303,"lag9",0.0325854767196038,0.476119518975597
303,"lag10",1.16650403530268,0.500983580256267
303,"lag11",1.30579836203607,0.482867136645787
303,"lag12",1.55831616440227,0.411930700512227
304,"lag1",3.22255642321231,0.355829435459044
304,"lag2",1.20432641062016,0.4071689326059
304,"lag3",5.08073857573806,0.426168412192714
304,"lag4",4.27370020098513,0.459556400650669
304,"lag5",1.69713545867454,0.444262322411775
304,"lag6",0.784601184745451,0.365993903390266
304,"lag7",2.50711397650308,0.361072755667371
304,"lag8",1.92336940949073,0.408818111191865
304,"lag9",3.65639981213892,0.427929603488641
304,"lag10",2.5261943997812,0.452028861081257
304,"lag11",0.713018562474036,0.441783696322389
304,"lag12",0.236189658224177,0.364069507438614
305,"lag1",4.05879957303455,0.369962401524914
305,"lag2",2.784175331353,0.423923401648152
305,"lag3",3.48168813678566,0.457684374130793
305,"lag4",3.54616473233948,0.472828359624115
305,"lag5",2.24033508915274,0.431812289828614
305,"lag6",1.07945748680545,0.376010006425329
305,"lag7",2.09585759267654,0.373242472930552
305,"lag8",3.1147277564825,0.422939835207171
305,"lag9",5.57884673933633,0.459814152809128
305,"lag10",2.73241034242153,0.461418540068094
305,"lag11",2.02258479395936,0.431415606167516
305,"lag12",1.60826639727703,0.379410676393896
306,"lag1",4.53371464688356,0.403269779772905
306,"lag2",3.35387688549295,0.448126405858223
306,"lag3",3.26526934307327,0.507430078048781
306,"lag4",1.99716640458012,0.553267959479755
306,"lag5",-0.0696803322017682,0.473872081016196
306,"lag6",0.276314148506849,0.411781432041603
306,"lag7",1.79077588361423,0.410511240408243
306,"lag8",1.31037923763874,0.448533990327177
306,"lag9",4.42430257589485,0.510267850363452
306,"lag10",2.80120678651618,0.549769193817879
306,"lag11",1.35783184130359,0.477097374199023
306,"lag12",0.769393850029897,0.412088585842219
307,"lag1",4.92058026460889,0.377684100855725
307,"lag2",2.43751647289967,0.424942797794217
307,"lag3",3.80503043741583,0.45922344449678
307,"lag4",3.17955199514134,0.498262966111444
307,"lag5",-0.491258576663924,0.473137442750179
307,"lag6",-0.708504898445868,0.402303888779234
307,"lag7",-0.341863209684696,0.380929515601589
307,"lag8",-0.155646634233131,0.425957263258398
307,"lag9",0.200505233221071,0.455808655323998
307,"lag10",-0.73096726574593,0.487213352453912
307,"lag11",-0.583901158436134,0.474437084035225
307,"lag12",-0.086647832062264,0.400892669114388
308,"lag1",5.31982025930181,0.39429502245511
308,"lag2",3.2626016378486,0.457469798290069
308,"lag3",3.14999039944271,0.490638276317061
308,"lag4",1.57666067958853,0.503202412595706
308,"lag5",0.0390983053028507,0.485048954123312
308,"lag6",0.0944841775589927,0.418274084780919
308,"lag7",0.948906127911813,0.397960367597662
308,"lag8",1.14496386112763,0.456930381716775
308,"lag9",3.00114407281758,0.492409046881098
308,"lag10",1.2058359069207,0.496274832510007
308,"lag11",-0.560815864908767,0.484610883691355
308,"lag12",-0.0966224681227268,0.417277529730536
309,"lag1",4.06079429615301,0.403284317626861
309,"lag2",1.09332245275769,0.463605791983851
309,"lag3",3.54084995600292,0.484874009705155
309,"lag4",3.6054383192817,0.511124157065564
309,"lag5",1.6211259860102,0.489114290899156
309,"lag6",0.99356191305327,0.411660760961574
309,"lag7",0.382144957943857,0.405741687816965
309,"lag8",0.313032829510322,0.466465340351503
309,"lag9",3.3119607368799,0.481772224194546
309,"lag10",1.01028947143559,0.505248601195772
309,"lag11",0.515694488899519,0.486102633942287
309,"lag12",0.638937080579322,0.412207877022473
310,"lag1",6.13983832401773,0.347367496784101
310,"lag2",3.7538224372095,0.392517030057142
310,"lag3",4.71276318917464,0.440904465509659
310,"lag4",4.46162440407028,0.455283140077063
310,"lag5",0.778813745471017,0.407239505290486
310,"lag6",0.527149597696673,0.353370095374364
310,"lag7",2.69435549071291,0.352168688123775
310,"lag8",1.17788639110626,0.396594118415
310,"lag9",2.46280823447966,0.44411433899198
310,"lag10",2.82415193862746,0.449619488199251
310,"lag11",1.78364933325883,0.406758017654665
310,"lag12",1.62777085387178,0.354833477587219
311,"lag1",5.6426025806516,0.384236929045691
311,"lag2",3.30044301184757,0.437699741663303
311,"lag3",3.86143310194112,0.470345089671014
311,"lag4",4.69947109045644,0.495970281338594
311,"lag5",1.15746333626021,0.45526001867747
311,"lag6",0.175003723109268,0.394245966491191
311,"lag7",1.40516209083431,0.387640427134075
311,"lag8",1.8043244792286,0.437207402843723
311,"lag9",2.42741108816088,0.473701003557272
311,"lag10",0.510239029112536,0.484692736906573
311,"lag11",0.612002922941774,0.455726534300548
311,"lag12",0.593390280171689,0.392918868516631
312,"lag1",4.26788646860673,0.390056959326079
312,"lag2",1.27870599787855,0.445653948646181
312,"lag3",2.81191502985935,0.478737516640782
312,"lag4",2.90360753859796,0.506119668592908
312,"lag5",1.24473115688144,0.471726299536866
312,"lag6",0.394818537731961,0.404932754014331
312,"lag7",2.02956483462679,0.390840626479064
312,"lag8",0.747482570373632,0.443898192209351
312,"lag9",2.87170399303489,0.480274668557874
312,"lag10",1.77736286560668,0.503294636603091
312,"lag11",1.61312571973786,0.467323507357237
312,"lag12",1.00813289870587,0.403909349193304
313,"lag1",3.41136280922249,0.336791972979861
313,"lag2",1.73485572262433,0.381685819356014
313,"lag3",-0.338206173245298,0.405393512086982
313,"lag4",-0.167833619059894,0.439401758452719
313,"lag5",1.42685030798585,0.417882696179129
313,"lag6",1.38050422385522,0.347484326114702
313,"lag7",1.33185663932857,0.340706748805068
313,"lag8",1.71053277649167,0.384417372255035
313,"lag9",1.01025293582963,0.409309996599007
313,"lag10",0.118403108413118,0.432758440186543
313,"lag11",0.518054112439125,0.415844496558492
313,"lag12",1.17812397914029,0.348417071776881
314,"lag1",3.92657823991174,0.41552424209275
314,"lag2",1.44611642908731,0.471623162681179
314,"lag3",0.0197752957305726,0.516433657943876
314,"lag4",1.29894632716797,0.524734838152592
314,"lag5",2.01670662482171,0.478631904978042
314,"lag6",-0.292265525953744,0.415849302293688
314,"lag7",-0.203063915543996,0.421573902449477
314,"lag8",-0.238786045862413,0.478328223582988
314,"lag9",4.75698980290146,0.522428893061688
314,"lag10",2.53349178829739,0.520083151192443
314,"lag11",1.25122705956815,0.479208040385125
314,"lag12",0.789910551311153,0.416415765811544
315,"lag1",6.54481672365583,0.394536382415088
315,"lag2",3.43824239837181,0.440689902613777
315,"lag3",3.3328654299984,0.46774850250808
315,"lag4",3.85528419789661,0.497747529448298
315,"lag5",0.142504515930351,0.460831135491989
315,"lag6",1.18434273616478,0.397120442782667
315,"lag7",2.48292421570294,0.39987012048192
315,"lag8",1.04720901917005,0.443798442226189
315,"lag9",0.905562711527241,0.477317431659364
315,"lag10",0.352404584672992,0.494138547961356
315,"lag11",1.2452283858933,0.464908155657991
315,"lag12",1.64569741236084,0.397439716470304
316,"lag1",4.20940905938614,0.390236378527267
316,"lag2",1.54103155956753,0.446458184017506
316,"lag3",0.588431820452441,0.483638504632129
316,"lag4",1.25787186611071,0.507101713017114
316,"lag5",0.936554533025507,0.474018193309798
316,"lag6",1.91459499134999,0.410334717439055
316,"lag7",1.70272842192645,0.39913083618481
316,"lag8",-0.452036643080191,0.455185222606699
316,"lag9",1.1780463912524,0.4825150849349
316,"lag10",2.86038895525953,0.497189335757552
316,"lag11",2.18701384019955,0.47215814219567
316,"lag12",2.45853441676904,0.410623265043056
317,"lag1",4.1621586036037,0.378558771672362
317,"lag2",1.32255113657578,0.423656721525239
317,"lag3",4.17058740497592,0.459428792944002
317,"lag4",3.83039165867458,0.492908767906211
317,"lag5",1.86576915719784,0.46375758543306
317,"lag6",1.18511278246748,0.39181601464437
317,"lag7",1.27813099566551,0.381471745769303
317,"lag8",0.442338950595836,0.423978722564874
317,"lag9",3.03743632783166,0.459969427415082
317,"lag10",0.724319525778713,0.48252575587243
317,"lag11",1.14733004879339,0.460043960079297
317,"lag12",0.901303877344765,0.387708607226656
318,"lag1",4.50106024453491,0.36728088305612
318,"lag2",2.78489394353503,0.418486925690558
318,"lag3",4.0402775965267,0.454607253156683
318,"lag4",3.24330422991991,0.474043586548352
318,"lag5",2.75872671872996,0.447039904583671
318,"lag6",2.85647995310233,0.375889231486619
318,"lag7",2.03598329241987,0.371248195256251
318,"lag8",2.73294174378558,0.422522795346099
318,"lag9",4.86780085496146,0.458986896278147
318,"lag10",2.4441745698592,0.470938641872211
318,"lag11",2.45132657880027,0.444554236226311
318,"lag12",2.50139980060443,0.376745643963286
319,"lag1",5.40049770297181,0.39059051022786
319,"lag2",3.44131456599986,0.457418690088741
319,"lag3",2.34786274909137,0.47257881498924
319,"lag4",1.09492903380996,0.502185864509398
319,"lag5",0.50957677156712,0.472404464306882
319,"lag6",0.878821995392394,0.40246300286865
319,"lag7",1.34663811322377,0.396561949322548
319,"lag8",0.0710489002402634,0.463252710966403
319,"lag9",0.0377067858268645,0.478132468067518
319,"lag10",-0.0412064177776235,0.494062407974223
319,"lag11",0.84839124796613,0.469599593474823
319,"lag12",1.61438699180456,0.401376596448961
320,"lag1",4.00483432531348,0.375620705143726
320,"lag2",2.21423565889247,0.432586215772721
320,"lag3",3.86949292233159,0.467754879077416
320,"lag4",1.40910864560074,0.493903998520933
320,"lag5",0.196383480042214,0.451856617347801
320,"lag6",-1.03322215922506,0.393805169382966
320,"lag7",2.59389799741048,0.384634118674617
320,"lag8",2.14927310824159,0.435043503721912
320,"lag9",3.31282085747549,0.463024879811301
320,"lag10",1.65848558874322,0.478399989912416
320,"lag11",0.544786316726806,0.447549631188394
320,"lag12",0.843854945900615,0.393111485581248
321,"lag1",6.87665343960804,0.369346374594286
321,"lag2",5.34712220078788,0.433069765121426
321,"lag3",6.92287278744605,0.467165247200477
321,"lag4",5.09443092594755,0.470604234266295
321,"lag5",3.00673272485999,0.445711593648188
321,"lag6",1.85742421771941,0.386191670610101
321,"lag7",1.00562396251828,0.375210238442051
321,"lag8",3.0676167395533,0.440489267577008
321,"lag9",6.28663560638594,0.472074070360773
321,"lag10",4.02983968104022,0.469814011092328
321,"lag11",1.73493160635255,0.449220869780928
321,"lag12",0.992734917731713,0.386643176433024
322,"lag1",4.9855122527961,0.369816443755316
322,"lag2",2.84780363057931,0.400035187553398
322,"lag3",8.01509293989499,0.459202341691474
322,"lag4",6.08522062258857,0.498764442182117
322,"lag5",1.10277816765281,0.481649670048542
322,"lag6",1.21477238225018,0.404293065865971
322,"lag7",2.88824119663214,0.377400941370114
322,"lag8",0.588457672794649,0.403568890357377
322,"lag9",2.92114796438391,0.464982011867653
322,"lag10",2.47111164490182,0.496558586360599
322,"lag11",3.62994610670708,0.483930763742066
322,"lag12",2.93092952276426,0.402544830594093
323,"lag1",5.12888553827477,0.344738418245979
323,"lag2",2.53906229593186,0.397043508908538
323,"lag3",6.73336031409263,0.452009122077055
323,"lag4",4.56002238863861,0.446026187843834
323,"lag5",0.317313511996488,0.434311223189627
323,"lag6",0.532840540422887,0.369111525442932
323,"lag7",1.07041837574064,0.349782019101783
323,"lag8",0.925069647177629,0.398556054239497
323,"lag9",0.550542668352788,0.452249280927141
323,"lag10",0.241057307156889,0.445024124645859
323,"lag11",0.105668520441201,0.434497305267716
323,"lag12",0.639183537500652,0.367792236195253
324,"lag1",4.75252259875966,0.394495763147643
324,"lag2",2.11754229353521,0.448285570911228
324,"lag3",4.89280465753845,0.465519288618692
324,"lag4",4.02834954954589,0.500046436928964
324,"lag5",1.8434055372044,0.486510785208878
324,"lag6",1.20653838812726,0.407528440684231
324,"lag7",1.80446276059359,0.398238373668655
324,"lag8",0.423066816093983,0.446959999507532
324,"lag9",0.721601326534503,0.466199009428435
324,"lag10",0.448627560398538,0.493625912190388
324,"lag11",0.933349803361606,0.481370250954194
324,"lag12",1.62298323347437,0.404481886421337
325,"lag1",3.57242269152486,0.384090575700336
325,"lag2",2.46165427891152,0.432144507203812
325,"lag3",2.9538560365444,0.47087928488094
325,"lag4",1.2983093122107,0.480402658173894
325,"lag5",1.34300651246422,0.448076166179541
325,"lag6",0.405492476328913,0.388598875482205
325,"lag7",1.06684230476018,0.387587959637695
325,"lag8",0.774459084102608,0.433417977344805
325,"lag9",1.0857753523308,0.47726251449854
325,"lag10",2.01163067361165,0.476680140186225
325,"lag11",1.53393966512642,0.447023314755881
325,"lag12",0.5169732783734,0.388933801618596
326,"lag1",3.86310315273023,0.389989157205705
326,"lag2",2.44975466666821,0.451618969829909
326,"lag3",1.94457181934714,0.463028734140405
326,"lag4",1.94340225975821,0.472499699380582
326,"lag5",-0.139000297487859,0.460840639533999
326,"lag6",0.221049265262538,0.393429605706131
326,"lag7",1.14824420307028,0.392702906029739
326,"lag8",0.527530923642001,0.451659507937066
326,"lag9",2.82615734668798,0.461733578774431
326,"lag10",1.36545662996774,0.463346082649368
326,"lag11",0.560460300843284,0.45754036563472
326,"lag12",1.25630459651785,0.390595623682635
327,"lag1",4.17565427275513,0.407397274689272
327,"lag2",1.90369891112509,0.468676604591392
327,"lag3",2.26875418849914,0.481587171883022
327,"lag4",1.56328897074529,0.522263790676051
327,"lag5",1.40718659148392,0.500157273273809
327,"lag6",2.01184431329522,0.419080935235191
327,"lag7",2.41973628298763,0.410077182272321
327,"lag8",1.45388234082505,0.471440076065853
327,"lag9",4.80149188985566,0.48536629221925
327,"lag10",3.38436466356387,0.513710256554795
327,"lag11",1.80390396894421,0.499971703478088
327,"lag12",1.59698407838561,0.41930445515616
328,"lag1",5.27707283979937,0.392929189563911
328,"lag2",3.42803541148531,0.442879037499921
328,"lag3",4.29870463230994,0.470747197869434
328,"lag4",3.19589036657351,0.52425485263531
328,"lag5",0.556947803536698,0.495556004449564
328,"lag6",0.673394268061614,0.421417819114536
328,"lag7",1.08344241498112,0.397811190462744
328,"lag8",0.997607366009065,0.446452292213173
328,"lag9",2.5370231345851,0.469226075843622
328,"lag10",2.42699491269657,0.514355345634483
328,"lag11",2.13116531160682,0.495047899715799
328,"lag12",2.44174929300766,0.420731747777825
329,"lag1",3.78109358283293,0.361490330554121
329,"lag2",0.737881281697088,0.414601406853118
329,"lag3",5.96890898230357,0.465172042064129
329,"lag4",5.94158692542685,0.475114487316788
329,"lag5",1.43145068486623,0.450287699719137
329,"lag6",0.996133312567294,0.381681436921865
329,"lag7",1.3275380050486,0.363148697058188
329,"lag8",0.55950631137295,0.407672882951586
329,"lag9",1.10487648025545,0.455005192870718
329,"lag10",2.31835200785968,0.465967350458945
329,"lag11",1.89116025613153,0.448029338609915
329,"lag12",1.52992463537453,0.383322430885265
330,"lag1",3.38489183493253,0.376158062067652
330,"lag2",2.21574349345147,0.427840649897212
330,"lag3",6.52080675865283,0.463130751582691
330,"lag4",5.60585636309225,0.495962401650243
330,"lag5",0.939456194561476,0.471486247391749
330,"lag6",0.39200671349665,0.400041230322737
330,"lag7",0.981828203576302,0.37854140367737
330,"lag8",1.84092556359085,0.426855422385857
330,"lag9",6.71420105228407,0.459803604351243
330,"lag10",3.26524433791123,0.485114471502694
330,"lag11",1.26957801494363,0.465233438798158
330,"lag12",0.77247171386494,0.395936838569151
331,"lag1",4.50840091690969,0.406034824419858
331,"lag2",2.05866000565059,0.48687294201549
331,"lag3",2.94794221541282,0.498829889684364
331,"lag4",1.9936219585795,0.507351911260799
331,"lag5",2.03639083539168,0.484662721892041
331,"lag6",2.1460720157345,0.424721050553749
331,"lag7",2.7044979677652,0.411872909241221
331,"lag8",1.57638130961291,0.487170474310981
331,"lag9",0.948861650841856,0.494978320802251
331,"lag10",0.676971211352316,0.500491774204029
331,"lag11",0.95248647897252,0.480494502071314
331,"lag12",2.02421902359968,0.423774374355763
332,"lag1",3.8459073485842,0.387441085285719
332,"lag2",2.15734119022831,0.440591844301523
332,"lag3",0.681177538342727,0.459486248422964
332,"lag4",1.71108955802019,0.5094634865835
332,"lag5",0.360231625946168,0.472410424158057
332,"lag6",0.0839293427846911,0.401205360844398
332,"lag7",1.69503341023192,0.39280494143846
332,"lag8",1.2194544456675,0.441149835158057
332,"lag9",2.36097098461369,0.462507598250492
332,"lag10",0.692825034759945,0.496181953404023
332,"lag11",1.73534531692887,0.473577701594556
332,"lag12",1.40737530145327,0.400073505392114
333,"lag1",5.35136910174455,0.374506989967908
333,"lag2",3.28226791982285,0.412278333126659
333,"lag3",5.01771633487713,0.466092766519785
333,"lag4",4.48596160703053,0.506691664175568
333,"lag5",2.16443917187406,0.470904043212432
333,"lag6",0.603697601191412,0.39188728139325
333,"lag7",1.91256116149898,0.377569161318343
333,"lag8",2.93655503250201,0.410205407752629
333,"lag9",4.97419536640298,0.46225337356097
333,"lag10",3.53814167876057,0.500768405488768
333,"lag11",2.52851036535349,0.470201090444195
333,"lag12",1.15197988686528,0.392016817913578
334,"lag1",5.33262222165945,0.439032671717678
334,"lag2",3.23254042640005,0.491768329926552
334,"lag3",3.73422170606554,0.538015548229946
334,"lag4",3.41107647090512,0.586580437170207
334,"lag5",0.376844629695861,0.518028249697272
334,"lag6",3.006098509459,0.446319418540601
334,"lag7",3.81175937789539,0.437433409704593
334,"lag8",2.45814575424517,0.485118640879822
334,"lag9",4.41357632902237,0.543262280063625
334,"lag10",4.689014013599,0.575130427873561
334,"lag11",2.37820340100358,0.516185195184565
334,"lag12",2.35183975169848,0.445587864076646
335,"lag1",6.24139401873051,0.372539496704406
335,"lag2",3.97631767783371,0.42291726707251
335,"lag3",5.81560447357535,0.45603620493693
335,"lag4",4.80315975671361,0.486091713113563
335,"lag5",0.647878109657143,0.452078070795425
335,"lag6",0.874222454061343,0.386955846332378
335,"lag7",1.99703046193026,0.375972136686509
335,"lag8",1.08873163110478,0.424903761169787
335,"lag9",1.54733269141311,0.456925653116594
335,"lag10",0.250049922433049,0.477741831564527
335,"lag11",0.877424763375256,0.446679635458388
335,"lag12",0.584656336641259,0.386547800603115
336,"lag1",3.5749988815288,0.390509659828639
336,"lag2",2.45581570347829,0.450916362415872
336,"lag3",1.50884037815481,0.483882759560187
336,"lag4",1.9493085487552,0.518040442771151
336,"lag5",1.02497426291632,0.462814770882435
336,"lag6",0.614977656730617,0.39845212002533
336,"lag7",3.05708578149108,0.394071064616395
336,"lag8",2.93966711249792,0.447940351850821
336,"lag9",2.85139089423301,0.477299851019937
336,"lag10",2.41612296500139,0.50637395585461
336,"lag11",1.01571852348778,0.459953549835955
336,"lag12",0.520832740871357,0.398419528063487
337,"lag1",3.6927557317382,0.39306884837023
337,"lag2",2.80047632439123,0.454447828583796
337,"lag3",1.06106082425962,0.493618876368345
337,"lag4",0.711387396964533,0.497470212372995
337,"lag5",0.572034548889358,0.442463712482046
337,"lag6",0.955779265525731,0.398069970298654
337,"lag7",2.80474255438102,0.393459810074476
337,"lag8",2.13075035024121,0.454477530579077
337,"lag9",2.65968851747271,0.493926425866926
337,"lag10",-0.105594566214648,0.489907274012772
337,"lag11",0.259132878297615,0.444585561434042
337,"lag12",1.04431879525575,0.397538235311971
338,"lag1",5.04007081215624,0.43269946820569
338,"lag2",2.96479334488625,0.504467775509733
338,"lag3",3.21328045031228,0.506187540218121
338,"lag4",2.18935797525966,0.534086953482423
338,"lag5",0.102300063605869,0.528462372736671
338,"lag6",-0.510162024989442,0.444143088639151
338,"lag7",1.50724642412198,0.436023205061817
338,"lag8",1.01708887538066,0.503468262171065
338,"lag9",1.69958744036794,0.505165871554279
338,"lag10",-0.243918763467583,0.528326309790399
338,"lag11",0.444167838436738,0.524803675367723
338,"lag12",0.327996515023399,0.442024914506142
339,"lag1",5.36909484759181,0.390529821185363
339,"lag2",3.48462043314557,0.455625707160336
339,"lag3",2.80994962548393,0.478857496080731
339,"lag4",2.1182768829764,0.490284435466782
339,"lag5",0.429743037433655,0.469232161217273
339,"lag6",0.589914141746998,0.405405274490168
339,"lag7",1.02258110751308,0.397038014203223
339,"lag8",0.783780018225838,0.455358558024122
339,"lag9",3.72362575839242,0.479957223521422
339,"lag10",2.44779356558034,0.472569633695752
339,"lag11",1.00397730883869,0.460301640075837
339,"lag12",0.530519563683766,0.404473260004541
340,"lag1",3.34084178567266,0.384519107343497
340,"lag2",1.16240903059474,0.439585194054632
340,"lag3",4.43767487076015,0.450996667870172
340,"lag4",2.91060457863296,0.48082698343532
340,"lag5",1.4033276335363,0.474635961784486
340,"lag6",1.46214687040501,0.398421046495808
340,"lag7",1.37797345832178,0.385687516352546
340,"lag8",-0.0722905031710857,0.439635589006873
340,"lag9",2.22205999971004,0.452080426097017
340,"lag10",0.886947089687023,0.47617122201846
340,"lag11",0.789170004628376,0.47599348225802
340,"lag12",1.05467022968904,0.395464100741541
341,"lag1",3.81085936919372,0.41556539237878
341,"lag2",2.718268887808,0.479757357054155
341,"lag3",3.41119213086005,0.518701084607707
341,"lag4",2.49599490995088,0.512786835001316
341,"lag5",1.65955962356203,0.483580047903327
341,"lag6",0.564583069365498,0.426181983729435
341,"lag7",3.16749122053874,0.421903468820477
341,"lag8",1.84621389807645,0.482169894510694
341,"lag9",4.96381306643319,0.521091500970586
341,"lag10",3.57766426752607,0.504308251187469
341,"lag11",2.4167117009341,0.481007791095541
341,"lag12",1.39278824097261,0.426244845506391
342,"lag1",4.45569363180804,0.387840670102277
342,"lag2",1.77792495096977,0.427846583961232
342,"lag3",4.63426904500231,0.447946727144147
342,"lag4",5.23439650636701,0.515139823624541
342,"lag5",2.38358250150875,0.48711886413176
342,"lag6",3.0018045869029,0.4046452081893
342,"lag7",2.61236804231901,0.390266629998484
342,"lag8",1.90403718581234,0.424065928147905
342,"lag9",3.06038540045499,0.450879412070924
342,"lag10",1.85713726820714,0.505066214875381
342,"lag11",1.26959395748793,0.48612319993544
342,"lag12",1.74535303682225,0.403853643501948
343,"lag1",5.76784706026581,0.421158899888056
343,"lag2",4.36446211586969,0.481632464604524
343,"lag3",4.98323675851657,0.51265173321445
343,"lag4",4.32879542744463,0.541285416336287
343,"lag5",1.18451282642119,0.491721052354378
343,"lag6",1.28377397589269,0.421601032205876
343,"lag7",2.62694473393521,0.424049600467979
343,"lag8",0.682074693002708,0.481775789306825
343,"lag9",1.70954550691059,0.519384945913326
343,"lag10",-0.490375798814657,0.538154303133957
343,"lag11",-0.117919186178745,0.488904313973328
343,"lag12",-0.14477190807989,0.420606674497051
344,"lag1",5.83377427945349,0.382245070665679
344,"lag2",3.17614132797983,0.423572056105718
344,"lag3",3.8573433776173,0.471770334212306
344,"lag4",2.38717718069456,0.538916327026291
344,"lag5",2.11624206854458,0.479915971240116
344,"lag6",0.854814887522223,0.396865796053399
344,"lag7",1.89483090271831,0.38639386084404
344,"lag8",0.541289489899899,0.42174015470743
344,"lag9",1.81028700929883,0.465609049162504
344,"lag10",1.76867644613841,0.527173135294849
344,"lag11",1.02177502569543,0.478616336731501
344,"lag12",1.33927759504584,0.393508588450017
345,"lag1",6.49022528683592,0.436365749446241
345,"lag2",2.59081271515521,0.490995089674409
345,"lag3",6.53479986627825,0.518056493542577
345,"lag4",7.91946691113717,0.548297164153883
345,"lag5",3.80968871375078,0.537478229806502
345,"lag6",4.36594599469935,0.458829566910982
345,"lag7",3.7496553855738,0.440114120869637
345,"lag8",1.13376970749053,0.491936931697057
345,"lag9",1.27619222833241,0.519716630243799
345,"lag10",0.397776579389864,0.543404490433582
345,"lag11",1.32026219484248,0.533211056818833
345,"lag12",2.54124596452762,0.458247144011303
346,"lag1",4.18773469067428,0.368800867623581
346,"lag2",1.89157897974539,0.412633222773226
346,"lag3",2.41800598825864,0.455519065244897
346,"lag4",0.652021112221446,0.498485272867286
346,"lag5",0.0346571964824858,0.462886359794106
346,"lag6",0.724346850551025,0.392352920748579
346,"lag7",1.41537704389086,0.375161544886459
346,"lag8",1.18138972295297,0.416277763868894
346,"lag9",2.8947836991362,0.456508251706464
346,"lag10",0.953652371945318,0.484696751513151
346,"lag11",1.53155793110646,0.459861920575352
346,"lag12",2.30217156902297,0.390570322177521
347,"lag1",4.78172716154767,0.397846549906439
347,"lag2",1.62024268255837,0.455725271927782
347,"lag3",3.9027583207402,0.458713560954242
347,"lag4",5.13468402223311,0.497855795572756
347,"lag5",0.107593295980509,0.505293297845657
347,"lag6",0.815799309766858,0.41907337130871
347,"lag7",2.7448817200674,0.402141403692013
347,"lag8",1.94552965020439,0.461310880829418
347,"lag9",2.61387359828574,0.460469616167435
347,"lag10",0.989332569820645,0.497018978549188
347,"lag11",-0.168487909025889,0.502772500872707
347,"lag12",0.181983056211274,0.415856457692787
348,"lag1",3.8319080443777,0.397258080194856
348,"lag2",2.66702457172778,0.448561554335535
348,"lag3",7.21463980826037,0.477606451710424
348,"lag4",6.07958263787949,0.517855370666026
348,"lag5",0.914037815589439,0.492849337841613
348,"lag6",0.620692069649261,0.411606503306327
348,"lag7",3.09279111292866,0.400044694131686
348,"lag8",2.2229255669733,0.448259474650428
348,"lag9",3.16021510119693,0.477823417681184
348,"lag10",2.93689811593502,0.517511997137852
348,"lag11",1.18807117194311,0.493277793830848
348,"lag12",0.7750173149878,0.411980178142717
349,"lag1",3.76724966311831,0.3648364408327
349,"lag2",1.23887343656058,0.414292760740177
349,"lag3",4.80775468909728,0.434148042111109
349,"lag4",4.07670261403861,0.457214706471803
349,"lag5",0.725986272132031,0.443533715773879
349,"lag6",-0.40294510609994,0.381188502671366
349,"lag7",0.835005727638102,0.368905763846979
349,"lag8",0.449630935134933,0.414960482905399
349,"lag9",2.14776012789968,0.430555517296594
349,"lag10",0.820405982034576,0.443303684340348
349,"lag11",0.674594698262842,0.440743850610418
349,"lag12",0.101398344038695,0.380826715726312
350,"lag1",7.39946700887099,0.398263720471002
350,"lag2",4.49329417093202,0.452692899999563
350,"lag3",5.14766152974105,0.477230831607316
350,"lag4",4.01780766994786,0.511590152422488
350,"lag5",1.63295223162544,0.491038104710751
350,"lag6",1.65616794256294,0.41660550099585
350,"lag7",2.92592354787403,0.398376786074153
350,"lag8",4.13212081123237,0.45259152176808
350,"lag9",4.09169821984044,0.481042651498771
350,"lag10",1.81270058753594,0.508236155840058
350,"lag11",1.33908680563614,0.494460963449751
350,"lag12",2.10951661888184,0.417030604929108
351,"lag1",6.10938406782435,0.373185206455768
351,"lag2",2.77211775366572,0.417713642241752
351,"lag3",6.59746279641567,0.443007110190137
351,"lag4",6.00391818429436,0.475201038880865
351,"lag5",1.64263905421427,0.461957008894495
351,"lag6",1.20633698857051,0.388187971393961
351,"lag7",3.47627632977038,0.377067816247582
351,"lag8",2.12536348025118,0.418200582419054
351,"lag9",1.65888521361465,0.451053285522814
351,"lag10",1.23856373519477,0.470436831287598
351,"lag11",1.34883604871252,0.459160775985157
351,"lag12",1.86567289868752,0.38748855388164
352,"lag1",3.80449568683767,0.410564527659724
352,"lag2",0.550332292965569,0.473606940735752
352,"lag3",1.49561606369874,0.515425927579155
352,"lag4",0.786256762118672,0.55565225135816
352,"lag5",2.10418528379495,0.479767134445375
352,"lag6",1.48926763776775,0.417324414164657
352,"lag7",1.20602176960673,0.415071887049103
352,"lag8",-0.519236287982795,0.47665793987611
352,"lag9",1.55259778012345,0.51955105504634
352,"lag10",1.33396544847869,0.54503764246434
352,"lag11",1.23190060669283,0.478640638737225
352,"lag12",0.247299811746787,0.414629723035164
353,"lag1",4.67057256714325,0.373864075100267
353,"lag2",2.53833691271484,0.408520580064244
353,"lag3",4.12880902646595,0.453651043899442
353,"lag4",3.52770947295128,0.504617426572389
353,"lag5",0.183747102737557,0.46884935386819
353,"lag6",1.26416545307825,0.389452176825051
353,"lag7",2.44485342698611,0.377623076498082
353,"lag8",3.01512892156554,0.410109707159108
353,"lag9",4.58329312266994,0.45838212663645
353,"lag10",1.51918940291245,0.502495838203729
353,"lag11",1.03675413906233,0.468311763265242
353,"lag12",2.19428470829734,0.385772860655209
354,"lag1",4.89179995765373,0.339852869545733
354,"lag2",3.50046156935544,0.374357698444571
354,"lag3",4.03004968061112,0.413467608658082
354,"lag4",5.05958876624312,0.430011407449748
354,"lag5",0.309077399661406,0.405045948787741
354,"lag6",0.592719929198554,0.362024537183864
354,"lag7",1.61445516162277,0.347084296919134
354,"lag8",0.394765620395449,0.377885046883509
354,"lag9",1.20784526236387,0.416514090246802
354,"lag10",1.27745618533249,0.42143589868433
354,"lag11",1.4927150627158,0.405911399982968
354,"lag12",0.541640270636859,0.359130254911418
355,"lag1",4.21683612790748,0.358350722890815
355,"lag2",1.19001210191896,0.413179447862636
355,"lag3",3.59571351934769,0.436505417038011
355,"lag4",3.61223008276158,0.480469003416639
355,"lag5",2.93215819324971,0.434463638460947
355,"lag6",1.86144689994761,0.363967515431904
355,"lag7",2.24837149272928,0.360985687257248
355,"lag8",1.1386229027986,0.414866978561155
355,"lag9",4.76898036188151,0.435566413398944
355,"lag10",3.67713162716492,0.469787119247364
355,"lag11",1.11600863052457,0.430125995545137
355,"lag12",2.25745222408543,0.365140247954863
356,"lag1",6.09722321996943,0.366071690888154
356,"lag2",3.92645851212413,0.4022211091886
356,"lag3",6.92863318298522,0.446079601258725
356,"lag4",7.24941508230928,0.469098359505473
356,"lag5",1.73946379166909,0.435670173980769
356,"lag6",2.28654557518381,0.378984989595355
356,"lag7",3.94536499164597,0.372010968086833
356,"lag8",2.36914026091118,0.405114881592199
356,"lag9",3.00582618369427,0.449318789483327
356,"lag10",2.66452265535353,0.467844519766027
356,"lag11",2.76315417410875,0.438636770985463
356,"lag12",2.00875991832376,0.379588900453379
357,"lag1",4.15841679381663,0.362967825116011
357,"lag2",2.39358472252487,0.410270331951535
357,"lag3",1.88241401275296,0.449856995662973
357,"lag4",0.992952309226421,0.488872960242123
357,"lag5",0.794994190795767,0.442707509358781
357,"lag6",0.866745870752722,0.376171751583139
357,"lag7",1.48696744437437,0.369176324443029
357,"lag8",0.561745022669172,0.412043566769598
357,"lag9",1.87318877887781,0.452996510915718
357,"lag10",1.81423856296376,0.477584360424727
357,"lag11",1.23935612959518,0.440482369370325
357,"lag12",1.22003660727061,0.373014967938127
358,"lag1",4.58936434314233,0.42366986054025
358,"lag2",3.22605255803632,0.488396646225462
358,"lag3",2.40567364302806,0.542704507352083
358,"lag4",1.07584640594119,0.558865739600515
358,"lag5",0.196910886727777,0.494760566430109
358,"lag6",0.865720629988137,0.434807422071558
358,"lag7",1.87845611563589,0.432381657133295
358,"lag8",2.06915912017126,0.490577047388022
358,"lag9",5.24061042793921,0.542261513599605
358,"lag10",1.83127419918343,0.547537610603478
358,"lag11",0.157812185206423,0.492353880067014
358,"lag12",0.234126103923605,0.431631685458891
359,"lag1",4.85422623082344,0.399190387832011
359,"lag2",2.0784402993648,0.453906723236148
359,"lag3",6.44720951346453,0.48682238080163
359,"lag4",4.15767311610466,0.497092990050714
359,"lag5",0.848925128286322,0.482531757013492
359,"lag6",0.572423452381298,0.41544166294925
359,"lag7",2.17273417321864,0.403643280763935
359,"lag8",1.06035882925748,0.449659172604921
359,"lag9",3.9347578169331,0.477961818793095
359,"lag10",2.3245388713132,0.490949667539335
359,"lag11",1.58696015988678,0.478284908541974
359,"lag12",2.1603925318629,0.413122300135918
360,"lag1",5.38162137763563,0.415669619773862
360,"lag2",2.47987287438893,0.462838715732609
360,"lag3",4.28461074981275,0.489819273317768
360,"lag4",3.31160207258944,0.530695390368307
360,"lag5",1.46952400509498,0.504177388341286
360,"lag6",1.60676666444752,0.42610982848339
360,"lag7",2.89981497348908,0.419832631998743
360,"lag8",1.01600319982903,0.461535277800661
360,"lag9",3.12345049872764,0.491143942953886
360,"lag10",3.01474982169729,0.515662397713855
360,"lag11",1.12782459448423,0.498352786748966
360,"lag12",1.29909719757556,0.422916026606118
361,"lag1",6.42243132906756,0.398962477163969
361,"lag2",6.60029180620926,0.46047071858576
361,"lag3",5.94386937960326,0.498310706100567
361,"lag4",2.81197024546053,0.488305860682861
361,"lag5",1.11433499514334,0.469032105199486
361,"lag6",1.4605164984519,0.407972777587425
361,"lag7",3.86703655683406,0.402870252618632
361,"lag8",3.97269980181586,0.460586662364871
361,"lag9",4.69447112882572,0.498621915756591
361,"lag10",3.13104899507553,0.482210415505852
361,"lag11",2.11859620987953,0.469730889101108
361,"lag12",2.20593891423674,0.409373816669478
362,"lag1",6.85968910420049,0.3727116644376
362,"lag2",5.00855556033041,0.409792512416873
362,"lag3",6.67142983688996,0.445254799425081
362,"lag4",4.56706402905159,0.497315052597098
362,"lag5",1.84325195926043,0.464174238266429
362,"lag6",0.68634951328805,0.393114192861179
362,"lag7",2.22881607701292,0.378874061499293
362,"lag8",2.30414854842262,0.413330529267925
362,"lag9",3.7459465917557,0.447051947255977
362,"lag10",1.04378538797318,0.488092772830528
362,"lag11",0.860619897553483,0.458810135360613
362,"lag12",0.0756970143494751,0.394755018628351
363,"lag1",7.82913219089387,0.40552518067154
363,"lag2",4.03458216835929,0.461520750539221
363,"lag3",2.45468832002092,0.503638624241544
363,"lag4",1.99422849549474,0.532071553183718
363,"lag5",1.6871904094198,0.502446853153963
363,"lag6",1.24683598539464,0.43320492787093
363,"lag7",1.82477736074717,0.41419595770818
363,"lag8",0.671301769073361,0.467663697740563
363,"lag9",2.9769429239863,0.507940706378486
363,"lag10",3.37317578544225,0.523204814759288
363,"lag11",2.31479513320849,0.498237187064154
363,"lag12",1.37105016964103,0.43352083508673
364,"lag1",5.20136063426817,0.383776882806276
364,"lag2",3.4656850346201,0.431495444316909
364,"lag3",5.01086352615026,0.491381684606112
364,"lag4",2.45581187348198,0.506379490350948
364,"lag5",1.32577784920832,0.460190288302746
364,"lag6",2.16803729200446,0.398359313896061
364,"lag7",4.08559709257913,0.387614812255411
364,"lag8",2.43473938620991,0.43587061410623
364,"lag9",5.61659879925086,0.494315103962797
364,"lag10",5.04603281198343,0.506394559093146
364,"lag11",2.1936625279547,0.46262003311869
364,"lag12",1.53551865147596,0.403769969502758
365,"lag1",3.60712746923027,0.3986315450136
365,"lag2",2.50713547205647,0.449051162718881
365,"lag3",4.47620692142989,0.465237515172103
365,"lag4",5.20818429651229,0.502093848209603
365,"lag5",0.993453213859671,0.515357993780425
365,"lag6",0.65429653965276,0.423248761946895
365,"lag7",1.64984595711653,0.403852148335248
365,"lag8",1.9545988738773,0.448585443845782
365,"lag9",3.72738476014869,0.473776276140862
365,"lag10",3.54478092908017,0.499869605201407
365,"lag11",1.30663367866235,0.515505344911542
365,"lag12",1.24434564333141,0.425635984386048
366,"lag1",2.25873888023276,0.382443351380763
366,"lag2",1.03402336175858,0.434662043374068
366,"lag3",4.27364204781803,0.465870056246108
366,"lag4",4.29912716499648,0.49878225721007
366,"lag5",1.56412935706835,0.484825308656568
366,"lag6",1.14087788482053,0.398342132965815
366,"lag7",1.97736424281933,0.382818138089333
366,"lag8",1.49704236896536,0.435459721624426
366,"lag9",3.35981465948246,0.466115022614042
366,"lag10",1.8954132283516,0.495563678155923
366,"lag11",1.27707129435309,0.484680043779461
366,"lag12",1.10645350875308,0.399490010572648
367,"lag1",4.76966655234557,0.390332463173248
367,"lag2",2.48749958411932,0.452905983442896
367,"lag3",1.0727859667943,0.479719301656382
367,"lag4",1.11524744056514,0.538965995086865
367,"lag5",1.02453272665746,0.502102966490046
367,"lag6",0.926998985983151,0.40693271826678
367,"lag7",0.926542983037869,0.392417971985403
367,"lag8",0.111862272243857,0.454410190987028
367,"lag9",2.77119022941608,0.478263388511872
367,"lag10",3.0883556632183,0.527048178489157
367,"lag11",0.536993294813763,0.497594838319082
367,"lag12",0.375937079916066,0.40436446060544
368,"lag1",5.72628974036624,0.431897303927585
368,"lag2",3.92498372870769,0.49440054873586
368,"lag3",2.548622006518,0.54044226727845
368,"lag4",0.32449531659264,0.585551807960554
368,"lag5",1.88350500084591,0.514872849940204
368,"lag6",2.34575301611552,0.441967622092331
368,"lag7",1.86525524858047,0.436401579976751
368,"lag8",0.736446204857069,0.492397926245147
368,"lag9",3.09546056086483,0.542241957401613
368,"lag10",0.649704119892478,0.570268737859423
368,"lag11",1.19150364605523,0.510308374551725
368,"lag12",2.26777430871925,0.439333327676492
369,"lag1",3.45021939806308,0.368373388526962
369,"lag2",1.52433485373885,0.418433584923284
369,"lag3",3.737248140385,0.435446332800146
369,"lag4",2.94486116868622,0.456664621057113
369,"lag5",0.488278819426096,0.458864502567325
369,"lag6",0.74099994712971,0.394811354213449
369,"lag7",1.68827653937354,0.372618203731695
369,"lag8",0.567869230212732,0.421817973180597
369,"lag9",0.769962956307966,0.432606095341429
369,"lag10",-0.175952961737442,0.448662093828505
369,"lag11",0.455086652250514,0.455037129699048
369,"lag12",0.261962556642438,0.393454293136062
370,"lag1",4.71866632818872,0.371221567099384
370,"lag2",1.55109720720848,0.415553399710559
370,"lag3",2.59460296918019,0.456882341505348
370,"lag4",3.07122905939966,0.488931305209657
370,"lag5",0.985920960715934,0.46260620640942
370,"lag6",0.964410342236622,0.38650003305421
370,"lag7",1.78738576038988,0.377949561408117
370,"lag8",0.220431251093175,0.416293281603308
370,"lag9",0.343046891016613,0.4550812503334
370,"lag10",-1.30855779138266,0.476997116394346
370,"lag11",0.396565575324965,0.456044969406023
370,"lag12",0.9420864482401,0.383621875341026
371,"lag1",3.33457543297461,0.389433521203287
371,"lag2",2.1211758409426,0.438425362609483
371,"lag3",4.3601458464196,0.464857768134031
371,"lag4",4.53079621420146,0.499480101149404
371,"lag5",1.19804086137415,0.466184138566406
371,"lag6",1.09856662965843,0.395632402149225
371,"lag7",1.82141758293603,0.395740301404099
371,"lag8",0.845345901725588,0.444216378797736
371,"lag9",3.29379947900553,0.469859278557971
371,"lag10",4.09801669135657,0.487467537259559
371,"lag11",3.44503658549843,0.463739111018938
371,"lag12",2.26375567766675,0.394532841297038
372,"lag1",4.33293292583695,0.380471002020744
372,"lag2",1.43051261692791,0.422394903683663
372,"lag3",4.41526822757711,0.438666235722238
372,"lag4",3.6452015845038,0.481369490511162
372,"lag5",1.72681774078237,0.473035117926459
372,"lag6",0.360106403700207,0.396987710764894
372,"lag7",1.48258577828241,0.384633597981817
372,"lag8",0.4512884098578,0.424904602028208
372,"lag9",4.49190783439823,0.438864428230237
372,"lag10",3.28082072654911,0.474424693934653
372,"lag11",1.75761738709279,0.470773145247548
372,"lag12",0.452234348827967,0.397325584803033
373,"lag1",4.63931974485853,0.374354064075921
373,"lag2",1.48523507502518,0.415028400945529
373,"lag3",4.12435964390428,0.460374078122
373,"lag4",4.52065845539478,0.4899341552244
373,"lag5",1.22705099206821,0.445834187991728
373,"lag6",0.857731986847901,0.379423151539798
373,"lag7",3.365977474358,0.37770844351785
373,"lag8",2.85144645087664,0.413192016791517
373,"lag9",4.24870206943393,0.460318177996541
373,"lag10",1.64084263151635,0.483652566552558
373,"lag11",1.70322810412298,0.446071835714038
373,"lag12",1.47097846510465,0.377839047223478
374,"lag1",3.67804518750578,0.393507946593409
374,"lag2",0.698663401525695,0.442516493741774
374,"lag3",4.51136325358205,0.490129410917528
374,"lag4",4.23256164325378,0.502179516870465
374,"lag5",1.3030580826668,0.480674737462994
374,"lag6",0.417252575648224,0.412727755331446
374,"lag7",0.886677616591741,0.398853642827249
374,"lag8",-0.360827528444486,0.44711903000825
374,"lag9",1.73380680736119,0.4953344383679
374,"lag10",1.33566941267919,0.502716214182696
374,"lag11",1.53368801979104,0.480593634712218
374,"lag12",0.914214600395221,0.410796318928931
375,"lag1",5.14040911971657,0.367090492550525
375,"lag2",3.1210075119052,0.41905476960975
375,"lag3",3.1912507673657,0.450568609445243
375,"lag4",2.20224154547782,0.47883376843043
375,"lag5",0.867793326393645,0.465168777995917
375,"lag6",0.700843982606501,0.38665417666393
375,"lag7",0.375277718286395,0.373483831144333
375,"lag8",2.64803764468488,0.424553842037685
375,"lag9",5.14541143486211,0.460429489026112
375,"lag10",1.20903788888365,0.470081870068436
375,"lag11",0.801015802703453,0.463563446311095
375,"lag12",1.45807145242713,0.385604581801996
376,"lag1",3.89438131332086,0.393547664249954
376,"lag2",2.24616473665133,0.45409419384213
376,"lag3",1.83428989086989,0.488141151919433
376,"lag4",1.96175286246669,0.501021452388832
376,"lag5",1.35660864103436,0.484367129901941
376,"lag6",1.20089444149525,0.414816098119138
376,"lag7",1.80112736649794,0.398989713709197
376,"lag8",1.75719042782026,0.457800606752026
376,"lag9",5.59296431470637,0.488936782629734
376,"lag10",3.83702586236061,0.493082057616342
376,"lag11",2.28746375140397,0.481965992799556
376,"lag12",1.58612609649146,0.415571078741953
377,"lag1",4.96557416467451,0.378932121161007
377,"lag2",2.68113843694906,0.420921852762132
377,"lag3",5.61896050177316,0.446214608953577
377,"lag4",5.38899767547038,0.470150060939252
377,"lag5",1.76215655795334,0.46210854909168
377,"lag6",0.83234498870291,0.408103807009908
377,"lag7",1.16393063360527,0.387201515003217
377,"lag8",-0.688065870788727,0.429150520417778
377,"lag9",1.10894044931717,0.442167495005505
377,"lag10",0.412276865209871,0.462865981699514
377,"lag11",0.722751287147592,0.461803080529762
377,"lag12",0.55588156898247,0.408480194443478
378,"lag1",5.48453080713234,0.384873290798656
378,"lag2",3.86388580170079,0.430272785523103
378,"lag3",1.80519162062085,0.461680397563281
378,"lag4",2.87959064859151,0.487461605870353
378,"lag5",1.42797639011056,0.445613569598304
378,"lag6",1.37932607495868,0.385908332461955
378,"lag7",4.46562482265389,0.38801651929685
378,"lag8",3.79328167586356,0.431768682359839
378,"lag9",6.01296834210299,0.459258880806276
378,"lag10",3.80440611395795,0.485445493647142
378,"lag11",2.28598658091422,0.445025860120279
378,"lag12",1.99376507019925,0.387808812091068
379,"lag1",4.51997657046184,0.421673971274191
379,"lag2",1.61434085560454,0.4747964078677
379,"lag3",0.860224635105351,0.489816559892416
379,"lag4",0.894592448056371,0.540736360271964
379,"lag5",0.701702703645231,0.496940309933446
379,"lag6",0.808288533984773,0.421635998883193
379,"lag7",2.39153402883948,0.428342501144002
379,"lag8",0.328586788861407,0.475106693486671
379,"lag9",2.40164087797967,0.487125576458655
379,"lag10",0.296727570913186,0.530555722674793
379,"lag11",0.450186115773484,0.491816056013218
379,"lag12",0.913368632453904,0.415707642755878
380,"lag1",4.83808398990193,0.417179386099841
380,"lag2",3.54502201509932,0.468020986380634
380,"lag3",2.27677039450455,0.50571965382533
380,"lag4",2.05485018072365,0.548507156769823
380,"lag5",1.60098907557974,0.490593552498407
380,"lag6",0.901342411095499,0.427624950897087
380,"lag7",1.78304280009521,0.425047325825162
380,"lag8",2.40226202108542,0.46832109163046
380,"lag9",4.44766252503202,0.508745514090325
380,"lag10",2.48423724774178,0.540773789978808
380,"lag11",1.34964717146583,0.489989662961198
380,"lag12",1.01819581980917,0.427929573523513
381,"lag1",4.04244989625142,0.378332135870303
381,"lag2",3.42764746749658,0.446019172700985
381,"lag3",3.4041705325062,0.439944261211444
381,"lag4",3.4116014903256,0.46075174982583
381,"lag5",0.183383855133786,0.437627003539222
381,"lag6",-0.715148706389894,0.378898349635137
381,"lag7",0.988141476012259,0.379613456000819
381,"lag8",3.33269699079438,0.441524290308925
381,"lag9",2.20517224326684,0.438341601434352
381,"lag10",0.233053037742199,0.453049183954609
381,"lag11",-0.627443391129765,0.435847680803199
381,"lag12",-1.07542447310818,0.376432148147372
382,"lag1",6.01086203125312,0.425389766125017
382,"lag2",3.85992610407594,0.491915533501458
382,"lag3",4.12510024369462,0.504052655257161
382,"lag4",4.31624712084781,0.524988670999829
382,"lag5",1.13167884548773,0.504550918994616
382,"lag6",0.117366248897376,0.440093813913881
382,"lag7",1.05804492112843,0.429871667693147
382,"lag8",0.799213482510747,0.494830773459852
382,"lag9",2.20861434602905,0.50752447624671
382,"lag10",0.412146087187912,0.514237715465432
382,"lag11",1.61418160276312,0.503680351073308
382,"lag12",0.581365181761793,0.439520162047754
383,"lag1",3.95298343705436,0.398704877662327
383,"lag2",1.84613986874253,0.443361867796313
383,"lag3",4.20499184324961,0.473877353244902
383,"lag4",3.45987770118717,0.513284661656905
383,"lag5",0.877847447010972,0.495443863417753
383,"lag6",0.477434023060607,0.420926029218095
383,"lag7",2.14394386560301,0.401157722468436
383,"lag8",1.24418544457878,0.442818852654168
383,"lag9",4.32127886593902,0.474298142692712
383,"lag10",4.00911338710125,0.510038932198843
383,"lag11",1.43319678256428,0.497382743312096
383,"lag12",0.862377544482038,0.423416722433158
384,"lag1",4.20456044683096,0.402880654148918
384,"lag2",1.97643647969157,0.465248190649918
384,"lag3",-0.257467908652256,0.488952581484721
384,"lag4",-0.380550743326473,0.520706965262188
384,"lag5",0.478160629182219,0.483256660445477
384,"lag6",0.130078297621215,0.402937362232249
384,"lag7",1.39999156792472,0.408507537920805
384,"lag8",1.56814363286159,0.469777221966498
384,"lag9",3.45462520993575,0.493596129258276
384,"lag10",2.05717436132633,0.511280105257562
384,"lag11",0.201911194374133,0.482794621569455
384,"lag12",1.05456188449581,0.403089293373447
385,"lag1",7.30648560837895,0.409435038409282
385,"lag2",4.34476933136534,0.453659608054211
385,"lag3",1.71088638954092,0.475606383450274
385,"lag4",2.43275787334425,0.525273654032992
385,"lag5",2.40205142352923,0.501347033218883
385,"lag6",1.55018658865674,0.423171954125103
385,"lag7",2.62249511403938,0.411637646211152
385,"lag8",2.10696897790371,0.454128285367612
385,"lag9",2.53165254245928,0.474954714834549
385,"lag10",1.20759753798314,0.520288386354316
385,"lag11",1.23814645417637,0.49651860585693
385,"lag12",1.54460325141728,0.421171288802258
386,"lag1",5.30854232908413,0.373887954271532
386,"lag2",3.29519752432418,0.413968058247978
386,"lag3",3.24724929288438,0.455564537758562
386,"lag4",4.28214604634125,0.500617477578662
386,"lag5",0.866547708527635,0.456445375529525
386,"lag6",1.15071212174693,0.381967178980482
386,"lag7",2.54242787772185,0.379038863344852
386,"lag8",1.99907041408045,0.415720671273673
386,"lag9",1.68476633753705,0.453421485258154
386,"lag10",0.456540668859394,0.491402906991218
386,"lag11",0.646536458254238,0.452024583481081
386,"lag12",0.712995776134359,0.377899344688962
387,"lag1",5.50909706254624,0.394285376022268
387,"lag2",2.83029489564162,0.449350833395758
387,"lag3",4.92359386182951,0.489670005331354
387,"lag4",3.45937290283041,0.529129187638683
387,"lag5",1.40785347918477,0.499563587921099
387,"lag6",1.50003566270167,0.405856792546439
387,"lag7",1.28663227161186,0.395767772362665
387,"lag8",1.12383515430074,0.446488077876879
387,"lag9",1.82675000189219,0.488931329827449
387,"lag10",1.38938784196634,0.521970854626893
387,"lag11",0.312837152879829,0.495996020346458
387,"lag12",0.956062963811815,0.404177268488282
388,"lag1",5.52412282738979,0.394358494021477
388,"lag2",3.21948563443158,0.434945163611757
388,"lag3",7.02292086036014,0.474468625028648
388,"lag4",6.07670762925524,0.497412957653831
388,"lag5",1.32437110602935,0.4617991242983
388,"lag6",0.914649517624206,0.401676855751168
388,"lag7",1.94636762219699,0.398207992546889
388,"lag8",1.24883826439293,0.435317438726426
388,"lag9",1.83431439812345,0.477351756759529
388,"lag10",0.898433545620332,0.49625957358522
388,"lag11",1.06560012992461,0.460214523579394
388,"lag12",1.24043465084603,0.400006786560532
389,"lag1",3.98764188027798,0.415302676615592
389,"lag2",2.21007925167058,0.475311417837195
389,"lag3",2.50549580256253,0.515651944836507
389,"lag4",1.65830748460205,0.559218454661765
389,"lag5",2.23039780606316,0.500556139904445
389,"lag6",1.52157400354744,0.424376720596092
389,"lag7",2.85730585263269,0.422449064947462
389,"lag8",3.58136361501041,0.474334970173289
389,"lag9",4.27750439385643,0.519447213182472
389,"lag10",2.66423298138548,0.559579153099142
389,"lag11",1.22882400624384,0.499559134467416
389,"lag12",2.57911471188194,0.424370980753295
390,"lag1",4.05654654571465,0.329072571960603
390,"lag2",2.53622645776231,0.370163390714916
390,"lag3",8.32259550108156,0.41484510789635
390,"lag4",6.76986865944767,0.455802390944429
390,"lag5",1.95349064472726,0.415996425797311
390,"lag6",0.971307396903076,0.341651034956285
390,"lag7",1.46113577227015,0.330502244956598
390,"lag8",1.82351408789416,0.367142291142538
390,"lag9",2.77059206401362,0.416677413870872
390,"lag10",1.33728878079136,0.451573746757697
390,"lag11",1.78783214620898,0.417036401846785
390,"lag12",1.08239373112497,0.342484174152195
391,"lag1",4.28931983098092,0.377639764074635
391,"lag2",2.69578587590113,0.419272136439627
391,"lag3",4.68918555433558,0.460407323685078
391,"lag4",4.27137022866237,0.506578424084645
391,"lag5",0.99825332712615,0.473855837444451
391,"lag6",0.0801606520913802,0.398283791371692
391,"lag7",0.774489211212803,0.381767980518569
391,"lag8",0.0936705843082639,0.42465311776952
391,"lag9",1.68878667360289,0.463359722050366
391,"lag10",1.26695150962631,0.500598056188377
391,"lag11",-0.277704829302496,0.47391502668025
391,"lag12",0.188161707275685,0.396742337955518
392,"lag1",4.49967263414234,0.399566405716661
392,"lag2",1.94900171213925,0.451331810533286
392,"lag3",1.53080399135667,0.486682342734683
392,"lag4",0.813230552921425,0.526983031346337
392,"lag5",0.911649611705675,0.471071435614398
392,"lag6",0.712597102137317,0.406839200472235
392,"lag7",2.23777954191057,0.403794959321476
392,"lag8",1.99596911632788,0.451647824223203
392,"lag9",3.02864448305113,0.485073833255939
392,"lag10",0.935840394361026,0.518871766850699
392,"lag11",0.300219056431836,0.469841621788764
392,"lag12",0.592942287179528,0.40630260358059
393,"lag1",3.4410661777764,0.391645694893876
393,"lag2",2.10986777346658,0.450770258161492
393,"lag3",1.91129007084404,0.47140917791899
393,"lag4",0.383982258646219,0.495511653887664
393,"lag5",0.630144549272083,0.47426344026222
393,"lag6",1.31226019005942,0.405196063497572
393,"lag7",2.19588385581179,0.39205611160881
393,"lag8",2.05978676331239,0.447821761168853
393,"lag9",3.84119416283876,0.469396009009778
393,"lag10",2.71343680465452,0.483653889724727
393,"lag11",0.419616595948242,0.473017520016707
393,"lag12",0.619286070373841,0.40321204540964
394,"lag1",6.19969131315699,0.386871265380874
394,"lag2",4.05098222171266,0.444839126395394
394,"lag3",2.291398389422,0.463371865263342
394,"lag4",2.95172385772227,0.492759521736469
394,"lag5",1.34586923160953,0.457208612085691
394,"lag6",1.02059843808835,0.384124597183433
394,"lag7",1.22378020848999,0.387347212909108
394,"lag8",0.923289369398623,0.444542889251318
394,"lag9",2.6203077020639,0.464603163584115
394,"lag10",1.52440991089824,0.486319957549975
394,"lag11",1.01195823249605,0.450718157185707
394,"lag12",0.684434266515742,0.381410431456854
395,"lag1",4.16144786908648,0.352262439012103
395,"lag2",2.33034523779769,0.398331652839565
395,"lag3",5.06890334475706,0.443638730626619
395,"lag4",5.58634527636446,0.452625524172532
395,"lag5",0.747926605215135,0.414594346920743
395,"lag6",-0.149174571071179,0.366931222803025
395,"lag7",0.421491887287938,0.358663050288148
395,"lag8",-0.118482882184252,0.400869771527676
395,"lag9",1.20001881041251,0.436972551858525
395,"lag10",2.32631399683739,0.439175670538463
395,"lag11",1.49732841667221,0.410796609985484
395,"lag12",-0.170959385220925,0.367026729504046
396,"lag1",3.09613138088078,0.357132108538841
396,"lag2",1.07945314367943,0.406680716815317
396,"lag3",3.21996830192611,0.461100218815333
396,"lag4",2.55144562445736,0.465389643906181
396,"lag5",0.774364643301915,0.433057771601461
396,"lag6",1.96365960686835,0.379093913872473
396,"lag7",3.38821589128159,0.362055971483926
396,"lag8",1.52971361162384,0.409682593784577
396,"lag9",1.37252784763342,0.459545364250975
396,"lag10",0.053388011049406,0.45697459844571
396,"lag11",0.630067165553837,0.430532615781073
396,"lag12",0.0777023655632797,0.38191610316241
397,"lag1",4.82029386545605,0.409625924810036
397,"lag2",3.18990931665394,0.470203387351367
397,"lag3",3.54789085392764,0.510921769722496
397,"lag4",1.52079175463737,0.530312757081382
397,"lag5",0.669714364500126,0.464058916899216
397,"lag6",0.549457685939077,0.40742705966085
397,"lag7",1.6333558168342,0.412984510040313
397,"lag8",0.730876072711658,0.470330629695381
397,"lag9",3.48727383185089,0.507847691950112
397,"lag10",2.45203869814038,0.517429876887693
397,"lag11",1.0016909918836,0.458940177193274
397,"lag12",-0.0535212074171393,0.407560760001787
398,"lag1",5.71731358678175,0.383877008372889
398,"lag2",3.21888936782826,0.432538040153027
398,"lag3",4.05187487100519,0.455870473299834
398,"lag4",2.35352566783534,0.489714880618855
398,"lag5",0.583567032307418,0.477391662351044
398,"lag6",-0.224525869395367,0.401958369723868
398,"lag7",0.996647735476108,0.388198852212009
398,"lag8",0.436899053594228,0.436249975207732
398,"lag9",1.83571923386767,0.457972187360452
398,"lag10",1.7667330379348,0.484594161586338
398,"lag11",1.23544882157566,0.476743472172443
398,"lag12",1.28066923248502,0.401280518440557
399,"lag1",4.33758506131618,0.376089778387218
399,"lag2",2.74204853713004,0.421123671126555
399,"lag3",5.52283167738741,0.454101189893571
399,"lag4",5.00053594977293,0.501381457939019
399,"lag5",1.26109870031433,0.460356805903761
399,"lag6",0.52037007829617,0.391288414069052
399,"lag7",1.90246839819421,0.381791043493897
399,"lag8",0.168626341004697,0.424511152153203
399,"lag9",0.544752161131155,0.456324676283571
399,"lag10",-0.37486977755459,0.496293621971292
399,"lag11",0.861048580953988,0.460624634552111
399,"lag12",0.620749347489154,0.389051988217299
400,"lag1",4.06651717721081,0.367045592232144
400,"lag2",1.59022481417622,0.415197718534432
400,"lag3",1.62791115163892,0.441522415317992
400,"lag4",0.661734515090861,0.482790939523945
400,"lag5",0.555585129740525,0.445386748513881
400,"lag6",-1.05759225421426,0.378032453869732
400,"lag7",0.131675280218439,0.370512850293876
400,"lag8",0.699967491298462,0.414114139399663
400,"lag9",2.89464893754891,0.430368618874335
400,"lag10",2.49430787749894,0.467126158053973
400,"lag11",0.679708671597417,0.440679260633252
400,"lag12",0.527239876642612,0.376226418552177
401,"lag1",6.32393769890055,0.419277862278075
401,"lag2",4.71243396955899,0.479186781077387
401,"lag3",3.20252511471722,0.519359611277627
401,"lag4",1.71171931931428,0.534069293678064
401,"lag5",-0.161380677140963,0.480106439661361
401,"lag6",0.109979089829455,0.415291043241986
401,"lag7",0.929469641406093,0.423801402413146
401,"lag8",1.62014796690896,0.479579864774158
401,"lag9",0.922242092068739,0.515815528674979
401,"lag10",-0.622430808748751,0.523718996548434
401,"lag11",-0.257870889341905,0.478809848433969
401,"lag12",-0.473298574338595,0.413219197053549
402,"lag1",2.65403760893804,0.425253475156939
402,"lag2",1.22185522646908,0.485494998283485
402,"lag3",1.80820962402408,0.515075848733907
402,"lag4",1.0081501378953,0.552154953992546
402,"lag5",1.11832224932517,0.523986058631028
402,"lag6",0.580356487552366,0.433610476433808
402,"lag7",2.52436186201685,0.428367259728651
402,"lag8",2.10294982822705,0.488826616700058
402,"lag9",5.85348775951663,0.518998190198184
402,"lag10",4.74952099253953,0.544518454421177
402,"lag11",2.90724036791645,0.520661487334069
402,"lag12",2.59124592493822,0.435423599283117
403,"lag1",4.70692833579431,0.429366172879733
403,"lag2",1.64093743054015,0.484672013246579
403,"lag3",4.96052660351181,0.527738578380161
403,"lag4",3.64172527006517,0.57243246648045
403,"lag5",0.878867228597478,0.530306517862689
403,"lag6",1.25952051008128,0.451838371783766
403,"lag7",2.2072999991481,0.437040380117137
403,"lag8",1.37173888480591,0.489830344435375
403,"lag9",5.14013391527395,0.526734151799996
403,"lag10",4.20935123067527,0.562941283555824
403,"lag11",2.34389760373296,0.527654108068563
403,"lag12",1.94588435586609,0.450857362904515
404,"lag1",4.50129329955305,0.419524661151687
404,"lag2",3.66397230390296,0.471833580937476
404,"lag3",6.71919981903566,0.478222784159063
404,"lag4",6.83036498388357,0.505848227273034
404,"lag5",4.23000879586394,0.522489896980572
404,"lag6",4.00877855722996,0.434911748665341
404,"lag7",4.0067630247882,0.425989197531626
404,"lag8",3.4323739283353,0.474166761200999
404,"lag9",5.57122650280229,0.485433901479729
404,"lag10",4.4797549355992,0.497203806423275
404,"lag11",3.84573826500456,0.517120760340357
404,"lag12",3.03232826538299,0.432748271564209
405,"lag1",4.31179672481957,0.401485169878404
405,"lag2",3.64249096544771,0.453906314421221
405,"lag3",2.39044065522188,0.493452045707557
405,"lag4",2.26234916312647,0.510074449978303
405,"lag5",0.191995669212505,0.472291274259433
405,"lag6",0.83273529107408,0.419337396076946
405,"lag7",2.71918290696983,0.403759930166306
405,"lag8",2.02039178116078,0.450597217118861
405,"lag9",3.59940976663855,0.487751177730006
405,"lag10",2.13717229928803,0.50333085738532
405,"lag11",1.05511370295763,0.472856513664134
405,"lag12",1.02914265405589,0.420683154630789
406,"lag1",5.39690843988275,0.412287655635605
406,"lag2",3.04762536102185,0.458495039133339
406,"lag3",7.18926041121644,0.524685460704615
406,"lag4",8.49278507644742,0.53843674808866
406,"lag5",1.80846377153826,0.492467191739153
406,"lag6",1.80360802793895,0.428646030492086
406,"lag7",1.80365271222737,0.414344689319992
406,"lag8",0.832217536904597,0.457317002395466
406,"lag9",1.90444715771718,0.521327512901791
406,"lag10",1.77365609166637,0.528158420901738
406,"lag11",2.5138012749853,0.488568385145418
406,"lag12",1.58225046976452,0.429642663236218
407,"lag1",5.23798736549447,0.379009526613278
407,"lag2",2.79686403045487,0.439255391260997
407,"lag3",4.52494987693819,0.463288051233641
407,"lag4",3.03809431892459,0.475836045068037
407,"lag5",1.06969710356325,0.449804556494941
407,"lag6",0.476063708165816,0.388181412079742
407,"lag7",0.758455823937451,0.382458530800655
407,"lag8",0.787951279995124,0.442906522786475
407,"lag9",2.28487080273854,0.473573911351215
407,"lag10",0.748074640351748,0.468754549967554
407,"lag11",-0.0993449890554685,0.450582612749302
407,"lag12",0.218759081558843,0.388108920387707
408,"lag1",4.18575617480046,0.38793954496061
408,"lag2",2.38599177211081,0.440693603343746
408,"lag3",2.10955392024317,0.483823046936115
408,"lag4",0.836194323133625,0.489307911674815
408,"lag5",0.849164715374095,0.457135315266654
408,"lag6",-0.208475278344814,0.396325888971317
408,"lag7",0.577972985740951,0.39166385127657
408,"lag8",-0.462150663080563,0.435564970085111
408,"lag9",0.480246835425852,0.478392808819672
408,"lag10",0.91294863820352,0.479126236333953
408,"lag11",0.854063115148224,0.456428141009407
408,"lag12",0.640329513214304,0.392118108769354
409,"lag1",6.09627151453162,0.418381641469007
409,"lag2",2.54948386484771,0.482895303468288
409,"lag3",3.63805357775913,0.506999341125469
409,"lag4",4.04727990781072,0.526238410730106
409,"lag5",1.23738385241575,0.482034524405545
409,"lag6",0.746887951109625,0.420752142309486
409,"lag7",2.22744042509015,0.42124088143248
409,"lag8",0.563946615043567,0.483109614306705
409,"lag9",2.76341693531113,0.509885505848528
409,"lag10",2.12637324028164,0.521527675429706
409,"lag11",0.512652124575705,0.481877596260622
409,"lag12",-0.316896526596009,0.423388001465043
410,"lag1",5.35754481751094,0.367098870786378
410,"lag2",3.71199522010973,0.417617557163606
410,"lag3",6.35100577388005,0.44196629833214
410,"lag4",4.85039432502051,0.464867277401363
410,"lag5",1.08428708849932,0.430208660496932
410,"lag6",0.704360872294472,0.371651294476758
410,"lag7",2.268971909071,0.372486187318445
410,"lag8",0.621810245841253,0.422087925004893
410,"lag9",0.276990384603626,0.443597317650021
410,"lag10",-0.627517216714675,0.458841091858101
410,"lag11",0.750145220768937,0.430381639668085
410,"lag12",0.925923971339249,0.371354124869448
411,"lag1",3.28662665782196,0.365027250836649
411,"lag2",0.341645291214502,0.416796775578041
411,"lag3",5.49321431315872,0.445858537817982
411,"lag4",4.75857638292054,0.465672249703899
411,"lag5",1.5284639730123,0.430269253226059
411,"lag6",0.525011094525291,0.37569220932825
411,"lag7",1.14921452490658,0.36789357121709
411,"lag8",0.474331260417246,0.414243593965595
411,"lag9",3.3555192258647,0.438176399308483
411,"lag10",1.31365734157992,0.461626032714397
411,"lag11",1.62413627327665,0.427615823383218
411,"lag12",0.901582086518255,0.372739541829965
412,"lag1",5.60090590170718,0.399364963155318
412,"lag2",2.13162982170235,0.450885935853262
412,"lag3",6.82728312986358,0.491388080205436
412,"lag4",5.61999668349619,0.528396228084986
412,"lag5",0.869131816230254,0.483653224060433
412,"lag6",0.315729338240106,0.414939778641528
412,"lag7",1.41365503940559,0.405909091512737
412,"lag8",0.0821133264566095,0.454146757265826
412,"lag9",2.35826037011857,0.497021901969601
412,"lag10",0.534442112636371,0.530199042275812
412,"lag11",0.698293261195189,0.486897154839272
412,"lag12",0.965332934494264,0.415336246953874
413,"lag1",5.59988646603806,0.396040726785081
413,"lag2",4.4671276877026,0.440699160124613
413,"lag3",3.92909455620418,0.461570683347858
413,"lag4",3.22580978767237,0.48728003266551
413,"lag5",0.264647697180831,0.483310216313991
413,"lag6",-0.448975167520851,0.419304148396366
413,"lag7",1.81706570299792,0.40096383494271
413,"lag8",0.223288432468806,0.444408686716879
413,"lag9",1.978353847495,0.464911977686799
413,"lag10",2.2363120846961,0.479599037104812
413,"lag11",1.40001729845539,0.480170408261761
413,"lag12",-0.401861097736286,0.418112994070626
414,"lag1",3.15849034212806,0.356141451146574
414,"lag2",1.74142091952194,0.403793501838271
414,"lag3",0.24358859028699,0.471230636542012
414,"lag4",2.54875993978004,0.47515051446982
414,"lag5",0.612942861567656,0.417551208267427
414,"lag6",0.302765577235216,0.369039700664864
414,"lag7",1.69702287725099,0.36086075021924
414,"lag8",2.78729067072888,0.399685132904386
414,"lag9",4.04579897211985,0.46452942958626
414,"lag10",0.764722393787184,0.471304147222507
414,"lag11",1.1198319713428,0.416928328858355
414,"lag12",-0.272245417679709,0.367434193785706
415,"lag1",5.45175119742693,0.380494096349909
415,"lag2",2.83841054691248,0.436648489881649
415,"lag3",4.16915646155263,0.475808951377181
415,"lag4",3.18834891974173,0.49132785948279
415,"lag5",0.417950463130692,0.466046963908533
415,"lag6",-0.0839759250916492,0.40149754157353
415,"lag7",0.678067041679004,0.383479472287056
415,"lag8",1.06599118194857,0.43254325789055
415,"lag9",3.4156046694571,0.472855339609482
415,"lag10",2.92236502994317,0.479295442367357
415,"lag11",1.64750412010693,0.463417214430863
415,"lag12",0.635549704811844,0.399027927059026
416,"lag1",5.75129450512622,0.405621341018053
416,"lag2",3.59472815367749,0.47068698526609
416,"lag3",2.59900465334365,0.482257228946356
416,"lag4",2.17375447330465,0.49393439093704
416,"lag5",1.77353418561703,0.467881837690696
416,"lag6",0.905475468032065,0.406984115547725
416,"lag7",2.30380197170934,0.410679778282585
416,"lag8",0.65241297971331,0.474572106164548
416,"lag9",2.7521696955695,0.485859466503385
416,"lag10",2.13314291514291,0.489270792246624
416,"lag11",1.29387845496663,0.467350877695183
416,"lag12",0.721724736259448,0.40754240740502
417,"lag1",4.28373499257519,0.395491400529017
417,"lag2",1.94428160436131,0.443425253094664
417,"lag3",3.22617497127683,0.466976890680482
417,"lag4",0.990474541354877,0.515501892651383
417,"lag5",1.41794733256652,0.495718672502394
417,"lag6",2.16119482978901,0.411818224820703
417,"lag7",0.498205491535412,0.400607598870187
417,"lag8",1.47266124363269,0.448712659848857
417,"lag9",3.59361218092113,0.470737440913787
417,"lag10",2.42261919513315,0.504674863738517
417,"lag11",1.71454625927204,0.491462038750766
417,"lag12",0.366413887336859,0.41491149803866
418,"lag1",5.43349468083833,0.41054621981874
418,"lag2",3.33628448222598,0.464193780317299
418,"lag3",6.55986283025008,0.493347500401848
418,"lag4",5.99353821468478,0.533350757133481
418,"lag5",1.21712187359185,0.509698684391785
418,"lag6",0.563584750345706,0.43158777233268
418,"lag7",1.31404642757109,0.415255698715621
418,"lag8",0.790477097523068,0.466694821770407
418,"lag9",2.91863938460141,0.497966648232085
418,"lag10",1.76502682929044,0.529897164611474
418,"lag11",2.43182743284218,0.507191767814531
418,"lag12",0.943265367161,0.429505523050544
419,"lag1",4.1056367900185,0.390163800902195
419,"lag2",2.86379724940688,0.445685603161116
419,"lag3",3.63218976449993,0.488326697143572
419,"lag4",0.662141204063735,0.521934962201229
419,"lag5",1.72368579868171,0.467272231786548
419,"lag6",1.45382678481328,0.3943278067428
419,"lag7",4.14199315419946,0.389513867238765
419,"lag8",4.59591701368513,0.444434997872626
419,"lag9",5.10425966943724,0.488038466849455
419,"lag10",2.24840165292125,0.510598759548344
419,"lag11",0.567188946070976,0.465303215952324
419,"lag12",1.78584836207065,0.394086601426637
420,"lag1",3.44395105524102,0.364387823716441
420,"lag2",2.05111523056432,0.414610217473181
420,"lag3",0.745876851566662,0.463058766943551
420,"lag4",-0.600796411780649,0.504038300183965
420,"lag5",-0.415528721869219,0.459750656233362
420,"lag6",-0.480860758753843,0.372309960733034
420,"lag7",0.74104414293098,0.368118823901697
420,"lag8",-0.394944104448333,0.413213692964438
420,"lag9",-0.337136129140231,0.461461779818353
420,"lag10",-1.33520207883723,0.499125299227779
420,"lag11",0.223424652000274,0.455880685670721
420,"lag12",0.36800913600875,0.370289272537775
421,"lag1",3.37173101226245,0.367385036109259
421,"lag2",1.60921911480202,0.427456735348784
421,"lag3",0.663766314201227,0.454928858852602
421,"lag4",0.271788401371278,0.466140703178796
421,"lag5",0.471661235040424,0.441138508032182
421,"lag6",0.0234660118152487,0.379515482909233
421,"lag7",2.55648247775143,0.370970667102232
421,"lag8",3.01250638344678,0.427672866742976
421,"lag9",5.34313829705693,0.45350283260349
421,"lag10",3.38409050839581,0.457377303030108
421,"lag11",1.43159701560817,0.440222087181078
421,"lag12",1.24457610467801,0.378059747306932
422,"lag1",3.26646830317241,0.406415612221232
422,"lag2",2.06383565709356,0.472453848382182
422,"lag3",8.0006958690464,0.501296337393717
422,"lag4",6.03410704700048,0.522299343064382
422,"lag5",1.11672110804915,0.500088648006641
422,"lag6",1.05586041964759,0.423426566294044
422,"lag7",2.99635586302419,0.408912334809794
422,"lag8",3.4468056249828,0.473806140067385
422,"lag9",3.20082196812067,0.504053771014435
422,"lag10",1.78689453782141,0.51899049043846
422,"lag11",0.975089787308604,0.497720839700316
422,"lag12",0.985137689719724,0.423382972295775
423,"lag1",4.52676744692998,0.413396674868046
423,"lag2",3.34458796860017,0.474910075576399
423,"lag3",2.01609895295114,0.526820618521843
423,"lag4",3.40729271397593,0.555529776383474
423,"lag5",1.82649690499459,0.487449816347422
423,"lag6",0.756158912246482,0.425465640387115
423,"lag7",0.867198429392188,0.419645535941959
423,"lag8",1.4146242572201,0.484681565809876
423,"lag9",4.90922530918005,0.534286506600079
423,"lag10",2.60168873741575,0.552405987062742
423,"lag11",1.42345444992486,0.488340099828224
423,"lag12",1.2556784939651,0.425928805593816
424,"lag1",4.80602096538583,0.387700958209437
424,"lag2",2.42820431373701,0.442414382381373
424,"lag3",5.78563559176906,0.498732770379722
424,"lag4",4.12283296135688,0.510225113108406
424,"lag5",1.3709464638019,0.461583604352574
424,"lag6",-0.266821923543517,0.40299524264539
424,"lag7",0.598550649395727,0.393799452085129
424,"lag8",1.03043133975516,0.445634577928972
424,"lag9",2.03401143409875,0.500249727510605
424,"lag10",0.703904825235544,0.510155897699628
424,"lag11",1.13347272934443,0.464316613314153
424,"lag12",0.827958051719036,0.400286292002445
425,"lag1",5.21275517122663,0.401687005012502
425,"lag2",2.90029287824402,0.464690834136387
425,"lag3",3.73885210719293,0.484298530606594
425,"lag4",3.36722485598411,0.508637015897418
425,"lag5",0.910900246979675,0.472725389889651
425,"lag6",1.13538132233807,0.410614197633824
425,"lag7",1.13603960123621,0.405700847381637
425,"lag8",0.221250621351825,0.465734434292388
425,"lag9",0.863794962071171,0.494007386718394
425,"lag10",-0.561848046450197,0.509698907162698
425,"lag11",0.496326908393163,0.474330142804289
425,"lag12",0.162378686221174,0.410648804704771
426,"lag1",4.691818116236,0.37777077909575
426,"lag2",2.20452268562244,0.418956857425256
426,"lag3",2.70815528489446,0.463732328385365
426,"lag4",4.75567312573715,0.498705590953628
426,"lag5",2.09503521235345,0.46092673436335
426,"lag6",1.0800194132841,0.397602016083412
426,"lag7",1.57270805846961,0.381676149975875
426,"lag8",0.967059492909406,0.419937187327217
426,"lag9",2.63789508708683,0.460076425678945
426,"lag10",1.34722551987328,0.491414124698197
426,"lag11",1.23067238532968,0.456184855292637
426,"lag12",1.81384253365731,0.394753825600891
427,"lag1",4.26204766191161,0.36922389776027
427,"lag2",2.49132911559904,0.409122081320347
427,"lag3",1.46526805867869,0.439371372697462
427,"lag4",2.75230210451704,0.481810807804096
427,"lag5",-0.227614148851921,0.451608140869084
427,"lag6",-0.0458124269465153,0.388012974650506
427,"lag7",2.26928729702985,0.374168794542458
427,"lag8",0.636302912014232,0.411596202456489
427,"lag9",0.39990019127186,0.436473418090132
427,"lag10",1.49507338131989,0.473910302184386
427,"lag11",2.54617512404469,0.450670986022681
427,"lag12",1.47339085876795,0.386437638230142
428,"lag1",4.51266270334038,0.394747672167694
428,"lag2",2.83975957931365,0.461750613689289
428,"lag3",4.49662267353366,0.507621932640937
428,"lag4",3.38513151540746,0.501872411850954
428,"lag5",0.404749632940093,0.461803071310232
428,"lag6",-0.15319851007778,0.411871965114362
428,"lag7",2.3595679884337,0.404526759187375
428,"lag8",1.30680152893181,0.461945209587417
428,"lag9",1.07297183097832,0.509702850140937
428,"lag10",1.13796007623862,0.496813510634209
428,"lag11",0.720972618382352,0.459369658459055
428,"lag12",0.0816699243264444,0.411677117142721
429,"lag1",4.70282812923797,0.378114589481892
429,"lag2",3.49195884050632,0.432012838801186
429,"lag3",1.59962630060231,0.458222464771203
429,"lag4",1.03760675300475,0.474426334143381
429,"lag5",1.4630286595165,0.451463519584031
429,"lag6",0.771210004058059,0.391317219715874
429,"lag7",2.03495465478355,0.381614953415102
429,"lag8",1.03973358815551,0.433551290206759
429,"lag9",2.36538556239756,0.461598829668949
429,"lag10",1.0274403395606,0.471990085397127
429,"lag11",0.230496306147173,0.452916628954592
429,"lag12",1.01143313998106,0.389008482542312
430,"lag1",4.49869417557866,0.388172883652023
430,"lag2",2.6365546837714,0.427433744564149
430,"lag3",3.41770766599933,0.469754294991843
430,"lag4",1.45314049245875,0.528329534125474
430,"lag5",0.846408680722798,0.476274885638966
430,"lag6",1.1443631212253,0.403629635189331
430,"lag7",2.84445559746223,0.390127721840131
430,"lag8",2.18200154893451,0.424066234062794
430,"lag9",3.40379498311691,0.462985590874349
430,"lag10",1.87916405026386,0.520560333794798
430,"lag11",0.945354950767579,0.473165651635327
430,"lag12",1.26789921912953,0.398238084663756
431,"lag1",4.92519907191596,0.441422902215351
431,"lag2",2.57716157588845,0.51104083781447
431,"lag3",3.88248468093449,0.505304282273427
431,"lag4",3.09157098810201,0.544912399121646
431,"lag5",1.0328403615025,0.532934188568498
431,"lag6",0.38412875913789,0.450563329622011
431,"lag7",1.42432340412426,0.450116717126595
431,"lag8",0.489220680916559,0.51609498194021
431,"lag9",1.88954960632816,0.506222796313183
431,"lag10",1.02395000883267,0.53497142342382
431,"lag11",0.946174777804168,0.523463261902726
431,"lag12",1.10647134068312,0.449018551012527
432,"lag1",5.46612355339209,0.372166978065553
432,"lag2",3.15518723351426,0.42276359164917
432,"lag3",8.37009382807414,0.451069040962323
432,"lag4",8.45232531636323,0.465683098799703
432,"lag5",2.23300465424962,0.451261180160436
432,"lag6",1.69009263526704,0.393420764627127
432,"lag7",1.67800361377524,0.378122927426929
432,"lag8",0.428122829233367,0.424993443192095
432,"lag9",2.81257654277777,0.451663613132998
432,"lag10",1.035546363616,0.455193539222859
432,"lag11",1.56462673171218,0.44934473873977
432,"lag12",1.84898314833066,0.393094589542232
433,"lag1",5.35033513597715,0.384193797791755
433,"lag2",1.77341873872116,0.431485610052804
433,"lag3",2.59563938063436,0.469830773856638
433,"lag4",4.57008402248757,0.498139947834424
433,"lag5",2.29515887988938,0.438879449156857
433,"lag6",1.37814521387434,0.391999638419207
433,"lag7",1.51365575540254,0.387169248200316
433,"lag8",-0.700290885368803,0.429438372089411
433,"lag9",0.456519522321361,0.471077494916338
433,"lag10",0.716353227038762,0.484428591457711
433,"lag11",1.40603465669893,0.442479384117711
433,"lag12",0.961622955330625,0.389795767371932
434,"lag1",6.35088488572951,0.389602621530973
434,"lag2",3.94561383844505,0.431646562403367
434,"lag3",9.0860837783932,0.453699327018486
434,"lag4",6.52162661328722,0.495928678437039
434,"lag5",2.29850635699178,0.475028711338996
434,"lag6",1.00503865852699,0.397556210158631
434,"lag7",2.27461589795985,0.398414179090976
434,"lag8",1.86510863620893,0.436438066036957
434,"lag9",4.31168711227706,0.453564909116553
434,"lag10",1.90120131422716,0.485360592641538
434,"lag11",2.44901145487497,0.468067270347898
434,"lag12",0.798891613638107,0.396241385978226
435,"lag1",4.58018842153906,0.37619838242521
435,"lag2",2.0532244927663,0.436639447776054
435,"lag3",5.89337651780269,0.450603142273034
435,"lag4",6.6122275076568,0.489673191493353
435,"lag5",2.39963397225941,0.480394509528888
435,"lag6",1.86617038179568,0.391235680129311
435,"lag7",3.34133725597684,0.37846633055129
435,"lag8",1.50191004052939,0.437059059606247
435,"lag9",-0.705345404196067,0.453661105456309
435,"lag10",-0.0488540024840537,0.484029892424899
435,"lag11",0.840488263342368,0.477357461337189
435,"lag12",1.35905771460011,0.393314016012173
436,"lag1",4.15563683733731,0.399320691330883
436,"lag2",2.28286303052943,0.455558026719941
436,"lag3",4.61205953556937,0.494823651463306
436,"lag4",4.82134613239979,0.521621999533254
436,"lag5",1.15594960390816,0.478271121965516
436,"lag6",0.753708765063794,0.414639220536358
436,"lag7",0.146374558832159,0.401540016546014
436,"lag8",0.92406835490943,0.453797393660193
436,"lag9",5.11566925467227,0.496511343224202
436,"lag10",3.06061239863647,0.51612259929777
436,"lag11",0.574975130938599,0.476813871310417
436,"lag12",0.820765853646062,0.414909750944526
437,"lag1",6.52751764521643,0.376744427444509
437,"lag2",4.1020465361867,0.423470183541267
437,"lag3",5.98711061883733,0.484307889301545
437,"lag4",3.55612283126371,0.506631557675311
437,"lag5",0.919786039899929,0.468102338431657
437,"lag6",1.66026688444174,0.391340667452312
437,"lag7",2.66756840093892,0.379131364007854
437,"lag8",0.773095418061891,0.425701841128013
437,"lag9",0.113109480584985,0.492819088237917
437,"lag10",0.464082218762765,0.505751095425239
437,"lag11",2.09547613221084,0.470484596464412
437,"lag12",1.76579173813678,0.391220442912122
438,"lag1",3.54309426495573,0.350085859047138
438,"lag2",0.656968844894618,0.393450822145206
438,"lag3",7.06157960332322,0.431693935420163
438,"lag4",5.07485141947902,0.459421587828767
438,"lag5",1.76898326730654,0.424702918758391
438,"lag6",1.36654754407625,0.362608209988931
438,"lag7",0.290281193064397,0.354901826940301
438,"lag8",-0.638327878230084,0.394636305492733
438,"lag9",2.15179926869906,0.437292469669544
438,"lag10",0.269748278499917,0.45241221927301
438,"lag11",1.96660273052944,0.423355743796531
438,"lag12",0.979111140158971,0.360013515822045
439,"lag1",3.71570223725743,0.395776401056321
439,"lag2",1.46398231232334,0.453078356145214
439,"lag3",2.04380317931422,0.485665011465844
439,"lag4",1.46210904721179,0.529649240433257
439,"lag5",0.971921285338138,0.478193119605149
439,"lag6",0.351072390632396,0.403038794146422
439,"lag7",1.19958214995323,0.400619105286294
439,"lag8",-0.598981444167785,0.453950421972776
439,"lag9",-0.947307090734538,0.487985687883836
439,"lag10",-0.00385326612356662,0.519924970143435
439,"lag11",0.589934931649934,0.47720770631601
439,"lag12",0.456337640608435,0.402966314714637
440,"lag1",3.71881974859342,0.382593312224393
440,"lag2",1.06713193621826,0.424995196517617
440,"lag3",3.80655290133207,0.473239154123475
440,"lag4",4.6535202084098,0.521440875634998
440,"lag5",1.14082892314062,0.461473778545053
440,"lag6",2.38616346551578,0.390790706207298
440,"lag7",2.81274553345548,0.385471823013547
440,"lag8",1.44978048743525,0.425690920941223
440,"lag9",2.80378477256234,0.475756976207901
440,"lag10",2.61233620682435,0.512282941639032
440,"lag11",2.34079161149428,0.458747069459991
440,"lag12",2.93359223561349,0.393580290031263
441,"lag1",4.88581058267072,0.398758487124703
441,"lag2",1.62377617745368,0.456466721180078
441,"lag3",1.34358757728095,0.492423202069312
441,"lag4",0.717085915289799,0.520339901309839
441,"lag5",1.9744347884709,0.480167606814123
441,"lag6",1.86856903870411,0.409720614375668
441,"lag7",3.76034122866958,0.401898254858812
441,"lag8",2.93955482432894,0.456988629847393
441,"lag9",4.44789197864533,0.493705968408519
441,"lag10",3.64891649022754,0.508500106953072
441,"lag11",2.04664785562488,0.480457852528166
441,"lag12",2.33297993654518,0.41067641928803
442,"lag1",5.1812932516171,0.388192386265568
442,"lag2",2.75987270998118,0.444730445863522
442,"lag3",1.2614804512665,0.479031340534116
442,"lag4",-0.0118775486430986,0.520894981600563
442,"lag5",1.67682540755926,0.45699246696206
442,"lag6",1.30842312945406,0.38865915823578
442,"lag7",2.16343777324652,0.395195002987342
442,"lag8",0.697217327327239,0.449230942862282
442,"lag9",0.520296540793295,0.479709318966828
442,"lag10",2.18117603664925,0.515014946180144
442,"lag11",1.11899286045909,0.456497866572256
442,"lag12",1.78771994988867,0.388003560250952
443,"lag1",7.56164446255108,0.421194737437191
443,"lag2",4.29293360770843,0.46243922398133
443,"lag3",7.27664661924731,0.486168893897247
443,"lag4",5.69933747301195,0.541575478561801
443,"lag5",1.56445805901464,0.528184960350896
443,"lag6",1.92247059542955,0.442821025503116
443,"lag7",1.68107204860771,0.426261610625427
443,"lag8",0.684005238427649,0.466037830111212
443,"lag9",0.73481582677459,0.490609291644703
443,"lag10",1.16921467825865,0.53337913323846
443,"lag11",2.65929030071064,0.52912965992196
443,"lag12",3.76396530669063,0.445026045370611
444,"lag1",4.84829806646251,0.378835238537267
444,"lag2",3.1283407516042,0.432457708500787
444,"lag3",6.53513417001753,0.455571328454462
444,"lag4",6.88470685390209,0.488217339539017
444,"lag5",1.733444783182,0.469063601119275
444,"lag6",1.20272164777546,0.398170614245178
444,"lag7",2.25178444549589,0.38377823037134
444,"lag8",1.34264862915458,0.433801269442928
444,"lag9",0.533713717754982,0.458320140541416
444,"lag10",-1.27500851774808,0.482938731319403
444,"lag11",0.826160823834192,0.467634490347001
444,"lag12",1.89077856006399,0.396698108375641
445,"lag1",3.28947210485154,0.385035078032759
445,"lag2",1.656970956718,0.435916605491599
445,"lag3",2.19679532560006,0.46454283567677
445,"lag4",0.755922404143344,0.517628870016154
445,"lag5",1.27339491517639,0.457863517323004
445,"lag6",1.48061017567229,0.388426764102766
445,"lag7",1.7156380785647,0.38423544051952
445,"lag8",1.23688500013692,0.433699147990739
445,"lag9",3.10275290328815,0.464982137403526
445,"lag10",2.1002051937026,0.511941418032474
445,"lag11",1.38164739779575,0.456832653976111
445,"lag12",0.601780358251325,0.389329642855495
446,"lag1",3.99714824312625,0.395335711921573
446,"lag2",1.97106859309901,0.433078405728249
446,"lag3",0.36358977673139,0.459396903316839
446,"lag4",1.73807975662508,0.500732390550415
446,"lag5",2.42714071592435,0.454003589431449
446,"lag6",2.22227000493266,0.391057613339038
446,"lag7",1.69128601542634,0.399890963686615
446,"lag8",0.683123231551493,0.430082224169656
446,"lag9",2.10070170829049,0.457260142825877
446,"lag10",1.02402663997255,0.497010458355439
446,"lag11",0.89829285170582,0.45249069495762
446,"lag12",1.30967992190495,0.389017733072994
447,"lag1",3.91378048832499,0.383989341830991
447,"lag2",1.88927178542738,0.441936495503881
447,"lag3",2.9302843861634,0.486209410701612
447,"lag4",2.23945464453962,0.50543146336775
447,"lag5",1.772614645833,0.464326371521012
447,"lag6",1.815229094209,0.402582999095695
447,"lag7",1.04732807063785,0.386597608544452
447,"lag8",1.09359849449699,0.442565825796935
447,"lag9",4.18345808968743,0.492104255420411
447,"lag10",1.32453062784821,0.497329296698559
447,"lag11",1.44296754356828,0.463525052877442
447,"lag12",0.300591129732181,0.402837652341695
448,"lag1",4.35050383591019,0.368529664693992
448,"lag2",1.97398668619263,0.407161335471339
448,"lag3",6.22352038867208,0.450475727894424
448,"lag4",8.04139670383285,0.492189889193642
448,"lag5",2.2779410529375,0.435369397736998
448,"lag6",1.91738659772434,0.372109524239033
448,"lag7",2.05026796247679,0.372247907680254
448,"lag8",0.860964048636467,0.408836637539401
448,"lag9",3.94741926526447,0.457196290120694
448,"lag10",3.39940422183999,0.486117810215467
448,"lag11",2.30871327228297,0.433344043371804
448,"lag12",1.08990593206628,0.371501067140451
449,"lag1",6.64386828054882,0.426792561586762
449,"lag2",3.41492657067669,0.476231162414377
449,"lag3",4.06316797280142,0.489342123454677
449,"lag4",4.30346073394466,0.538675280533216
449,"lag5",1.94607180362038,0.518798032604315
449,"lag6",2.52813885355655,0.434516131778591
449,"lag7",1.20188842103152,0.428324090099884
449,"lag8",1.89447768263508,0.478165717753163
449,"lag9",2.38614049675558,0.490046640104774
449,"lag10",2.0888530128808,0.536012146415589
449,"lag11",1.31057132720413,0.518861905131591
449,"lag12",1.93973454170861,0.43304425877451
450,"lag1",5.48819000133138,0.428867528583985
450,"lag2",2.63746241291278,0.474477548735841
450,"lag3",6.85081973803215,0.506095430262915
450,"lag4",4.13062723616257,0.551502339520739
450,"lag5",1.49157532167228,0.524761411372684
450,"lag6",2.01684179982799,0.436954827700918
450,"lag7",1.69420252185381,0.432573148614878
450,"lag8",2.7890854776044,0.473636846293303
450,"lag9",5.80517342743243,0.50772698888224
450,"lag10",3.02568575684482,0.539048056080029
450,"lag11",2.34997758092592,0.525820617568195
450,"lag12",2.02912028205534,0.43584095061178
451,"lag1",5.3110619082905,0.380112290917231
451,"lag2",3.09459278870867,0.427813672929017
451,"lag3",3.59802769118741,0.460918474475607
451,"lag4",3.54919599152214,0.493065784887261
451,"lag5",1.74253929395404,0.466421961769684
451,"lag6",0.551300679951007,0.398854107352392
451,"lag7",2.41495351634534,0.383136422988461
451,"lag8",0.872890676305381,0.428676827171033
451,"lag9",2.66265036824365,0.463186217562451
451,"lag10",1.49536363075654,0.489682116478476
451,"lag11",1.21667569439973,0.466120331008842
451,"lag12",0.835441867475968,0.400143509348758
452,"lag1",5.74256439409672,0.387552197202777
452,"lag2",2.87094787842929,0.443400148938209
452,"lag3",2.74250864557992,0.482517953224872
452,"lag4",1.33658337368588,0.501526677264106
452,"lag5",1.16551573993483,0.44688311244016
452,"lag6",0.209568543519844,0.385025823841642
452,"lag7",0.902856937936656,0.390710484920649
452,"lag8",0.762229582739648,0.445038202169229
452,"lag9",2.40593678761593,0.487163542196019
452,"lag10",1.87490245327525,0.489253275548153
452,"lag11",0.611733481058201,0.445944836180176
452,"lag12",0.249939772247324,0.384892428424015
453,"lag1",6.95824805666299,0.387197007493304
453,"lag2",3.84587028044771,0.417070963937462
453,"lag3",5.13650575871126,0.456792131987312
453,"lag4",6.08116956151054,0.521596644911752
453,"lag5",2.26599408349489,0.485361724208521
453,"lag6",2.67516920258786,0.405096833794974
453,"lag7",2.906178679406,0.391600601872883
453,"lag8",1.74594906484014,0.420258095824231
453,"lag9",2.76517328117447,0.466552435576973
453,"lag10",1.30861955200607,0.520265627489816
453,"lag11",1.06306304979441,0.487623932005192
453,"lag12",2.46573807206249,0.406638043454507
454,"lag1",4.75864304923597,0.369837449282878
454,"lag2",2.51191541967864,0.424479815070269
454,"lag3",5.58103143534129,0.440880839488246
454,"lag4",4.20917704567023,0.462177720759992
454,"lag5",1.39707218503955,0.460536239334098
454,"lag6",1.21581419886095,0.397554268728681
454,"lag7",1.59890944634017,0.375993591147989
454,"lag8",-0.405870963627899,0.429390136965091
454,"lag9",0.591466903414406,0.438990313992176
454,"lag10",0.745303138947363,0.458785375572681
454,"lag11",1.82919837369964,0.458586278601051
454,"lag12",1.54996363403404,0.398632850194153
455,"lag1",3.79639755344362,0.382795917715708
455,"lag2",1.86154334049621,0.434345188129958
455,"lag3",0.477781825126799,0.456455397266604
455,"lag4",0.736221710446833,0.499836737816741
455,"lag5",-0.561215386422426,0.466321731811385
455,"lag6",0.846501555044934,0.395746370357427
455,"lag7",0.949404467838164,0.386874320182605
455,"lag8",1.06800260525834,0.432408229766919
455,"lag9",1.28864177999573,0.452363169939983
455,"lag10",0.892809681883465,0.494097827684267
455,"lag11",0.520471345989254,0.4687832729019
455,"lag12",1.09537468071985,0.39539461399675
456,"lag1",4.15603243508153,0.351849539102063
456,"lag2",1.19645750347774,0.387016453866266
456,"lag3",3.19573057155046,0.432429432719778
456,"lag4",3.71570162912855,0.470773891797037
456,"lag5",0.966999287867144,0.431195478417031
456,"lag6",1.81074716742015,0.361819264517329
456,"lag7",2.23297046912322,0.35663699195917
456,"lag8",0.889268781102808,0.389321677523921
456,"lag9",1.85229453879751,0.433644505419358
456,"lag10",0.992047243313084,0.463615644275074
456,"lag11",1.46134050497802,0.431451407750055
456,"lag12",2.16011349206386,0.360401794735691
457,"lag1",3.52321385468518,0.383101355567842
457,"lag2",2.54216098001717,0.439309574319288
457,"lag3",3.63786905529733,0.451679916512283
457,"lag4",4.41560783680123,0.483206862543343
457,"lag5",1.36427721976108,0.469563883542423
457,"lag6",1.0189436690892,0.398549017210763
457,"lag7",1.39369607808472,0.387241752763602
457,"lag8",1.98366546800604,0.44252984334466
457,"lag9",4.31551561287084,0.451710762176023
457,"lag10",1.31869289983851,0.473512688186189
457,"lag11",0.090400912135391,0.466091470416726
457,"lag12",1.02229036347614,0.396622310668183
458,"lag1",4.14080772487101,0.428306171020601
458,"lag2",2.74912340194881,0.478801875999324
458,"lag3",7.79285106393351,0.525985351881414
458,"lag4",7.09045642659712,0.532773889864308
458,"lag5",2.56974003105483,0.492886459946222
458,"lag6",1.11554393834358,0.4365157054932
458,"lag7",1.98854521494969,0.430011782818161
458,"lag8",1.6277147015888,0.476803026525629
458,"lag9",4.20381780809983,0.526769495238819
458,"lag10",2.07114994562837,0.526075626870339
458,"lag11",1.55175582340752,0.49153726387747
458,"lag12",1.57151688438252,0.434976667124003
459,"lag1",6.68057438046189,0.376716041296423
459,"lag2",3.94329709439844,0.413558950532236
459,"lag3",3.2416426773794,0.440687651657294
459,"lag4",2.28445865566122,0.508115905872422
459,"lag5",1.02384920748013,0.467624322515745
459,"lag6",0.583422758900521,0.392551680379937
459,"lag7",2.79229446587066,0.382219577907772
459,"lag8",3.05907306614184,0.416782197709026
459,"lag9",3.32968706764061,0.4424716973119
459,"lag10",0.760576495836431,0.492303558420331
459,"lag11",1.27658485132279,0.462891870622626
459,"lag12",0.321829554219292,0.390942848073472
460,"lag1",6.06410535736031,0.379607835587313
460,"lag2",4.22834645105645,0.426177675492527
460,"lag3",9.98456119371076,0.460980362942682
460,"lag4",6.98247665446109,0.50317992926259
460,"lag5",1.63636340546619,0.485312877989858
460,"lag6",2.22975650753689,0.401721069710368
460,"lag7",3.25028757498875,0.381913452986836
460,"lag8",1.67706506587908,0.427609434187403
460,"lag9",1.17150410120497,0.464401795783704
460,"lag10",1.17416714607672,0.499732307456758
460,"lag11",1.9105241082589,0.484363173733006
460,"lag12",1.53593409224379,0.400400592519164
461,"lag1",3.4797424128951,0.341165099675075
461,"lag2",1.89587309198487,0.389719857744882
461,"lag3",2.9454792894879,0.4446990078068
461,"lag4",2.34947144426928,0.466545906730566
461,"lag5",1.42858661484905,0.406355245573346
461,"lag6",1.02909828084084,0.342453983489397
461,"lag7",1.59918187721168,0.341328003198626
461,"lag8",2.07165455643217,0.384761474835769
461,"lag9",4.3000790443621,0.439698089810035
461,"lag10",2.80049074212447,0.459972787551119
461,"lag11",1.88255229226826,0.40494897995739
461,"lag12",1.82042233872484,0.341712253596544
462,"lag1",4.29538306761371,0.448057668412771
462,"lag2",2.35570124716973,0.507514026265364
462,"lag3",2.18721530838727,0.570476315955216
462,"lag4",3.34651269931869,0.563280170452628
462,"lag5",1.94367027478609,0.521989205852571
462,"lag6",1.79892733508242,0.46056841816575
462,"lag7",1.72976853252296,0.450041554656915
462,"lag8",0.882307223137507,0.50882633102076
462,"lag9",4.94191313568166,0.572880061129774
462,"lag10",5.05905037183462,0.557807689619103
462,"lag11",2.23598311346497,0.526534873072728
462,"lag12",2.37238374594508,0.46015511131905
463,"lag1",3.93209346152707,0.373555958425616
463,"lag2",0.944130472720728,0.425679049491414
463,"lag3",0.0771364409687804,0.46168031738624
463,"lag4",1.92727218247171,0.503040798619668
463,"lag5",0.548984800521961,0.455647974614652
463,"lag6",0.748641939124565,0.387882875607599
463,"lag7",0.905909950682971,0.377935145584557
463,"lag8",1.11217713205559,0.425808106002246
463,"lag9",2.555707863741,0.460556138293108
463,"lag10",0.797475102551923,0.485380585054865
463,"lag11",0.233103256895606,0.452139824130933
463,"lag12",0.396249421165561,0.388694011866848
464,"lag1",5.61190864863261,0.397207482559323
464,"lag2",4.16111504903013,0.447911377743596
464,"lag3",4.67890615738354,0.471318568815638
464,"lag4",4.25835379082718,0.488801427953296
464,"lag5",0.819653079411847,0.484257487066752
464,"lag6",0.810436064453611,0.408544375820745
464,"lag7",0.83317192172555,0.39994446308745
464,"lag8",0.727540644528671,0.449976003261536
464,"lag9",2.25687112828246,0.474160257546756
464,"lag10",1.26796816960979,0.482092880165178
464,"lag11",1.15124539211002,0.479108655518174
464,"lag12",0.0848583806418098,0.408281813377447
465,"lag1",4.51671175762847,0.370860729245316
465,"lag2",3.51346862011463,0.42453714996128
465,"lag3",1.96663407913915,0.474413652503624
465,"lag4",2.59572862647518,0.501280680619465
465,"lag5",0.272498970239315,0.454844805145623
465,"lag6",0.379950967696254,0.385944476274296
465,"lag7",2.15568605183389,0.373008009989207
465,"lag8",4.09007501693352,0.423301639607553
465,"lag9",3.38338994829362,0.465979204614116
465,"lag10",0.616919238458431,0.485709548855366
465,"lag11",-0.0491795972673116,0.451060052305113
465,"lag12",1.16060401834595,0.384406778200382
466,"lag1",5.25901089719541,0.395020657232155
466,"lag2",1.83099108683625,0.444805495651693
466,"lag3",1.22810011371018,0.463602933990273
466,"lag4",1.85326118699765,0.509793897434924
466,"lag5",0.63091729227349,0.460237221185744
466,"lag6",0.434513359108275,0.394340382431953
466,"lag7",-0.216735716719526,0.397827916654058
466,"lag8",0.722413350864009,0.440413201934562
466,"lag9",2.63374831815981,0.459044519282526
466,"lag10",1.29418728788838,0.500574748807248
466,"lag11",0.45652367617715,0.460335998840747
466,"lag12",1.78041782005371,0.389748535432009
467,"lag1",4.75079242579957,0.385201042291561
467,"lag2",3.46444166559286,0.435131786406571
467,"lag3",4.42553852788981,0.459102961580001
467,"lag4",4.37653387634321,0.479644853674026
467,"lag5",1.32149644711724,0.459417845113246
467,"lag6",1.52445351942411,0.399531720866382
467,"lag7",1.92253445280465,0.388805323949099
467,"lag8",0.806664345269586,0.437706104187444
467,"lag9",1.87114087223443,0.463776381183865
467,"lag10",0.234455305874753,0.474526524141338
467,"lag11",0.999169848752605,0.457404157483757
467,"lag12",1.63019749390245,0.399011655151161
468,"lag1",5.07798445409985,0.388712390966723
468,"lag2",3.55789953597303,0.43251176075651
468,"lag3",2.34120897174463,0.463080147897847
468,"lag4",3.28703475296608,0.50233974672557
468,"lag5",1.46766663635928,0.46355328134534
468,"lag6",1.32357524239134,0.394876615061948
468,"lag7",2.23628726568733,0.393549335481351
468,"lag8",2.36142772535441,0.429574384559544
468,"lag9",4.59069372122206,0.456758518882819
468,"lag10",2.05500690944418,0.490788042895738
468,"lag11",1.83002453847061,0.459173939360263
468,"lag12",1.82413555508894,0.393660396680929
469,"lag1",6.55992114785703,0.397893395849204
469,"lag2",3.72326873133002,0.458256326130141
469,"lag3",6.96911339176711,0.489809143932502
469,"lag4",5.18590248853778,0.517883251374149
469,"lag5",2.98731967393082,0.477826427879311
469,"lag6",1.68067991243975,0.409765145414573
469,"lag7",1.69079343758558,0.399330176397841
469,"lag8",0.195665900429271,0.460835146879447
469,"lag9",5.00680138600809,0.496109074996774
469,"lag10",3.5757995844462,0.511452299387156
469,"lag11",2.7646325013741,0.477229324732325
469,"lag12",1.80412829991583,0.408343984032513
470,"lag1",3.02952896242582,0.402963815084831
470,"lag2",1.51885711368845,0.461252281566934
470,"lag3",2.24602595610775,0.491311734830443
470,"lag4",1.70573379262776,0.509606615829826
470,"lag5",1.81262090188347,0.506663716454794
470,"lag6",1.03385117585087,0.434987407651533
470,"lag7",0.835558910024894,0.411593876782722
470,"lag8",0.555527636941684,0.466913723380066
470,"lag9",3.08322128283989,0.493877555471936
470,"lag10",0.868648872519976,0.505969508492101
470,"lag11",1.43567016475452,0.508835944210454
470,"lag12",1.42524436493152,0.43414850443403
471,"lag1",5.30957411026694,0.395904456750658
471,"lag2",2.5736113318185,0.466138533257886
471,"lag3",3.82911910653,0.518356481088064
471,"lag4",3.19219558822922,0.516612318421202
471,"lag5",0.945609695450185,0.477455529930289
471,"lag6",0.728220317702647,0.407927311261212
471,"lag7",0.317678174587594,0.398308614325733
471,"lag8",-1.25494916520789,0.466059570888413
471,"lag9",0.893205164004523,0.522030829141046
471,"lag10",0.583416953319828,0.506234028839109
471,"lag11",1.23398231086673,0.474378563413208
471,"lag12",1.49388877132196,0.406440092805094
472,"lag1",2.40237962488902,0.368987390108087
472,"lag2",1.15030801721139,0.415137111893446
472,"lag3",3.52324307300053,0.460400145678293
472,"lag4",1.58246502997087,0.479798997754155
472,"lag5",1.09272435097967,0.452142562192376
472,"lag6",0.13575909596398,0.38010163455697
472,"lag7",1.31951190356999,0.372852198528528
472,"lag8",2.28191686746964,0.415998020294076
472,"lag9",4.99260279452942,0.45654098588493
472,"lag10",1.67895195473826,0.47278607135872
472,"lag11",0.48409197118211,0.448666089571926
472,"lag12",0.523100003863087,0.380226144223937
473,"lag1",5.30450392443464,0.375306131864607
473,"lag2",1.79417702053015,0.437065654512552
473,"lag3",1.41268242562785,0.463376421695137
473,"lag4",0.913785404068589,0.481338361439456
473,"lag5",1.33822436236632,0.466070980859196
473,"lag6",1.54459298113227,0.393984350880212
473,"lag7",1.80468757610501,0.3776261367225
473,"lag8",1.09064006834648,0.435622422457344
473,"lag9",1.49331976915845,0.46062576103369
473,"lag10",1.18927526018152,0.477358858124529
473,"lag11",0.660360075671269,0.46096044393555
473,"lag12",1.13552975193666,0.391831259850238
474,"lag1",6.41380095842163,0.410639821041471
474,"lag2",3.16082861719473,0.451178462940779
474,"lag3",4.09794693558981,0.478547780508974
474,"lag4",4.06175012385082,0.522269997579391
474,"lag5",2.64928655390368,0.489624400771603
474,"lag6",1.58119493633747,0.412245309492362
474,"lag7",2.34510568297254,0.415622348881164
474,"lag8",1.83184889252372,0.448673266006978
474,"lag9",4.18659071453786,0.472146288142903
474,"lag10",2.75804818725172,0.508812927003496
474,"lag11",1.44757319446099,0.485058479317346
474,"lag12",1.27870260902723,0.412798836264961
475,"lag1",4.39870086925013,0.39241720608421
475,"lag2",0.69857637297844,0.458163271146631
475,"lag3",1.04254850029311,0.489984078162596
475,"lag4",-0.161148144892102,0.498044202220291
475,"lag5",0.511947080910578,0.464076557987673
475,"lag6",-0.175987443655405,0.398906717481801
475,"lag7",1.09675625766847,0.397416421625304
475,"lag8",1.30928333792356,0.458544154304586
475,"lag9",4.61107675960588,0.494490063804156
475,"lag10",1.8752382393556,0.497159462090818
475,"lag11",0.611343906010245,0.465446544740151
475,"lag12",1.56468328140315,0.401702387735886
476,"lag1",5.87777246064422,0.37618778935287
476,"lag2",3.98139342913554,0.423918581818889
476,"lag3",5.88894214442695,0.462658577090263
476,"lag4",5.16382341538031,0.487486218894833
476,"lag5",0.753242295248871,0.470814736946892
476,"lag6",0.171196907912501,0.402362889890799
476,"lag7",1.67334865941525,0.38071142033564
476,"lag8",0.85464338148178,0.424494708687021
476,"lag9",2.29251744194517,0.460892104360546
476,"lag10",1.39375826651282,0.484006392035546
476,"lag11",1.0611469039738,0.471356496760641
476,"lag12",1.05790650537291,0.40034112458206
477,"lag1",3.79382154157098,0.376403952453663
477,"lag2",1.50538048592626,0.431062703143429
477,"lag3",1.59489224866663,0.444636223985374
477,"lag4",3.59567627319984,0.472377423178638
477,"lag5",1.25222509953605,0.431261613137778
477,"lag6",1.43059272055112,0.372493963106017
477,"lag7",1.62695227445226,0.375594776768359
477,"lag8",2.3068601736545,0.42763990878225
477,"lag9",2.18438034823331,0.44107407230081
477,"lag10",1.58403013410234,0.467381686780717
477,"lag11",0.458208451325941,0.428686808906719
477,"lag12",1.01747227213705,0.371848437919941
478,"lag1",4.16475861141244,0.370885392773473
478,"lag2",2.2744271661475,0.407446585903024
478,"lag3",1.18226592033016,0.448930736829441
478,"lag4",-0.49006160168744,0.500312978765552
478,"lag5",0.800385652062031,0.446709052551128
478,"lag6",-0.365373102372869,0.378136087748536
478,"lag7",2.11043270658772,0.370377824031089
478,"lag8",2.09541645936245,0.403303235551239
478,"lag9",0.954943379522509,0.44910677670676
478,"lag10",0.866131376746382,0.490256735740926
478,"lag11",0.739316677314516,0.445964184076064
478,"lag12",1.29203981867591,0.376188937278387
479,"lag1",3.43156197461475,0.359109523148372
479,"lag2",2.32586082337096,0.411567256325718
479,"lag3",3.6453224252216,0.448731432141492
479,"lag4",2.15639404783713,0.467535387410472
479,"lag5",0.650529444235796,0.432144647870979
479,"lag6",1.24250012894531,0.371917498913933
479,"lag7",1.86435444729787,0.362258034615529
479,"lag8",1.21716713305373,0.413277029127399
479,"lag9",2.38729578684084,0.450171697423471
479,"lag10",0.754543001154592,0.456308336285586
479,"lag11",0.876984429423158,0.432315985513362
479,"lag12",1.21861636168946,0.372667920948121
480,"lag1",5.19045354580403,0.376736431848801
480,"lag2",3.68397235531354,0.421248075739052
480,"lag3",4.57725418127946,0.451045117458992
480,"lag4",2.55232983505531,0.493807420601186
480,"lag5",0.641760450260333,0.446217556750417
480,"lag6",0.173388682980071,0.384554179001574
480,"lag7",1.62803091541496,0.379223079382631
480,"lag8",1.00069916169928,0.421644111808615
480,"lag9",1.38291426053019,0.448390171235759
480,"lag10",0.114063055433331,0.482782636045456
480,"lag11",0.734110634861918,0.445238464295452
480,"lag12",0.171579445996863,0.383120470990542
481,"lag1",6.74772015685428,0.368051115481913
481,"lag2",2.90076487173765,0.421871831625666
481,"lag3",4.36541376417575,0.465703586637742
481,"lag4",5.56474629075578,0.454427408154458
481,"lag5",0.765277531230333,0.444821067077206
481,"lag6",0.253844257651611,0.400247334411301
481,"lag7",0.0984691400464747,0.373075648326226
481,"lag8",-0.505354838616218,0.426422414746154
481,"lag9",0.9261612918724,0.467608152359531
481,"lag10",-0.121390139806168,0.451456167711657
481,"lag11",0.991176956475468,0.44508498947993
481,"lag12",0.954410355601603,0.398502831123863
482,"lag1",5.04162802782182,0.412141245286556
482,"lag2",2.23142236107625,0.463754372231239
482,"lag3",4.31888844472947,0.512747112491459
482,"lag4",2.83126446999195,0.548527416233574
482,"lag5",1.56856446637261,0.486739085772646
482,"lag6",1.60597606164388,0.415846680616647
482,"lag7",1.62863424330124,0.412077944515518
482,"lag8",1.38393165243853,0.456774147203591
482,"lag9",4.53132406219846,0.511136929779242
482,"lag10",1.24893077581474,0.541941620354563
482,"lag11",0.858385957766694,0.485984065019962
482,"lag12",1.17050260504385,0.414368564368522
483,"lag1",4.02732827692743,0.417078184973341
483,"lag2",2.31694338365758,0.483444484639216
483,"lag3",1.44790937268204,0.491000099471956
483,"lag4",1.28913802462636,0.513863503461879
483,"lag5",1.31209507797926,0.506962094186179
483,"lag6",0.57472622754518,0.427886298490359
483,"lag7",1.92409467885443,0.422559737872675
483,"lag8",1.94876522832393,0.483237100508145
483,"lag9",3.98705966606104,0.487860035413041
483,"lag10",2.43903096541718,0.506696004181596
483,"lag11",2.09197008620131,0.50387809201679
483,"lag12",1.48643139881313,0.423479230800487
484,"lag1",3.89588923805987,0.398811837900987
484,"lag2",2.77340612975353,0.453847878600482
484,"lag3",4.64552495249223,0.493373300290298
484,"lag4",3.15419923482193,0.512447065982228
484,"lag5",1.31411384165859,0.469634940472551
484,"lag6",1.0289255524988,0.405875141083465
484,"lag7",1.3522597690415,0.400715905368489
484,"lag8",1.09451047942688,0.457163731580449
484,"lag9",2.99721697162116,0.499091895717791
484,"lag10",1.48141111505552,0.511867286108498
484,"lag11",1.35052925781728,0.468131405398975
484,"lag12",0.662708727021542,0.40512020251738
485,"lag1",3.33023469189644,0.37752950733224
485,"lag2",1.30649839755201,0.430320629337646
485,"lag3",3.77031403549178,0.456486785361055
485,"lag4",2.9223389280162,0.470296312448763
485,"lag5",0.516760516795798,0.458078731452158
485,"lag6",-0.0843212335424631,0.38523240357265
485,"lag7",0.181878464897601,0.378640617140464
485,"lag8",0.447047844156868,0.432563248092172
485,"lag9",1.40315984675704,0.456343828690087
485,"lag10",1.26616239788513,0.463253400681749
485,"lag11",1.26638354346903,0.45236313630193
485,"lag12",0.75503003600426,0.38659543324118
486,"lag1",2.67691470171679,0.395998734809872
486,"lag2",0.974888836717046,0.463709871955577
486,"lag3",4.68314661313559,0.478683279803963
486,"lag4",3.69110304971269,0.503262916640534
486,"lag5",1.90902583758791,0.486491385018681
486,"lag6",0.908990251418989,0.407516885460332
486,"lag7",0.451065431690942,0.397907078159954
486,"lag8",-0.89255013847091,0.460196387232257
486,"lag9",3.37308680247162,0.470775697398329
486,"lag10",3.32800159260494,0.496628849505914
486,"lag11",1.55796180755019,0.484613952486927
486,"lag12",1.07156524391199,0.408029716722223
487,"lag1",4.25279721764415,0.409845579051707
487,"lag2",1.93303335387779,0.454860952485871
487,"lag3",4.964620625825,0.492754843268086
487,"lag4",5.97698282842166,0.547362608546345
487,"lag5",1.35599483521153,0.509494915685988
487,"lag6",1.98601255660751,0.426149161656969
487,"lag7",2.57706253090009,0.411812495066133
487,"lag8",0.740048765071451,0.45692695794766
487,"lag9",1.57096612357957,0.500164462818608
487,"lag10",1.11909478237996,0.540045148171643
487,"lag11",1.33840970646783,0.505665206004692
487,"lag12",2.18489991375335,0.423477235121998
488,"lag1",4.53111024781933,0.389108919889749
488,"lag2",2.32943226970176,0.433158579170543
488,"lag3",5.4396923997552,0.483159482795951
488,"lag4",6.05119951374838,0.517503214201475
488,"lag5",2.13145299208125,0.489142528310422
488,"lag6",1.43990346120608,0.417574311010699
488,"lag7",0.85530381094587,0.393740110185962
488,"lag8",0.509779084547786,0.437288560340501
488,"lag9",4.72458434084043,0.489148703500023
488,"lag10",3.02043569264204,0.514291484732613
488,"lag11",2.24943036933756,0.491149849503237
488,"lag12",1.38738487881717,0.417948547259561
489,"lag1",4.74740524157591,0.387482553084168
489,"lag2",2.38179697273003,0.443671070663525
489,"lag3",5.50143224827631,0.471319043590098
489,"lag4",3.95930980117619,0.498324044972101
489,"lag5",1.35072737255635,0.485247882676409
489,"lag6",-0.129151430853802,0.400196808260365
489,"lag7",2.14550234071348,0.387028407837615
489,"lag8",1.47015596114706,0.436956783352502
489,"lag9",3.86671337165854,0.470343632533494
489,"lag10",2.89463662779277,0.496219817604959
489,"lag11",2.44819724404037,0.484602308387575
489,"lag12",1.93780279190423,0.398020549018165
490,"lag1",2.6594428791903,0.363417728515496
490,"lag2",2.46331049088316,0.433896870456499
490,"lag3",1.77286239446052,0.473371928736878
490,"lag4",1.79284288133934,0.4760345322785
490,"lag5",0.721089637321422,0.42198613432446
490,"lag6",-0.0518290093558055,0.366567384006447
490,"lag7",0.967077678567518,0.368540048426893
490,"lag8",-0.115811796269435,0.436536386797985
490,"lag9",3.02487972607189,0.474234216520177
490,"lag10",3.00712681791287,0.469249242376932
490,"lag11",1.67359888820173,0.420030987552321
490,"lag12",0.545710528600852,0.364777514125389
491,"lag1",4.44954255795058,0.396620109543689
491,"lag2",2.36703487087222,0.450221905591382
491,"lag3",3.56921194953581,0.477850516211621
491,"lag4",2.1915101572798,0.512705416078691
491,"lag5",-0.0963826794289428,0.493614223749438
491,"lag6",0.783133634654813,0.413586046614281
491,"lag7",2.37195569448727,0.396963750608911
491,"lag8",1.59721604753471,0.444346242583303
491,"lag9",1.33937760962633,0.478160551789626
491,"lag10",0.15728997952297,0.502943343049464
491,"lag11",0.244965046403538,0.492388656056342
491,"lag12",0.0407671756464799,0.411312033545932
492,"lag1",6.21006313452686,0.391785400958275
492,"lag2",3.84572829855469,0.458889816950523
492,"lag3",2.90718145970419,0.513950841184294
492,"lag4",2.95151895411179,0.520316221711213
492,"lag5",2.76236599236837,0.44961829544301
492,"lag6",2.38332206761145,0.394666057549044
492,"lag7",2.35671638991636,0.398859437293093
492,"lag8",-1.41248000765407,0.466318521649884
492,"lag9",-2.23287020150691,0.517249944353067
492,"lag10",0.212916719120341,0.514231466647806
492,"lag11",1.59730673034128,0.445535616167981
492,"lag12",1.39985806444402,0.396800047850603
493,"lag1",2.86971204073485,0.3511336658138
493,"lag2",1.13954390335693,0.390671905652502
493,"lag3",4.93341852033103,0.416005031596714
493,"lag4",4.28504080224836,0.469800187431589
493,"lag5",0.770994548249404,0.434552599035527
493,"lag6",0.157830525529556,0.35576089972418
493,"lag7",1.85407442270292,0.354589123253767
493,"lag8",0.378387247571644,0.392947530465349
493,"lag9",0.778567413602197,0.414628589745192
493,"lag10",0.0677676149592197,0.461431093845091
493,"lag11",0.678567076533459,0.42934896533994
493,"lag12",0.357124076922232,0.354402676121001
494,"lag1",4.16670236045446,0.344332291841607
494,"lag2",1.52390826414951,0.392398714699855
494,"lag3",3.47592838407536,0.422610151003322
494,"lag4",2.16924850143821,0.467604126815422
494,"lag5",1.72556163965385,0.420862537280253
494,"lag6",1.24836482753936,0.358980412761875
494,"lag7",1.53038180512192,0.348868496028675
494,"lag8",0.760538708734417,0.392326441700949
494,"lag9",0.860844853861342,0.429967260448665
494,"lag10",1.27286010489586,0.455287002460012
494,"lag11",0.922836936962344,0.417263166972838
494,"lag12",0.885766371216548,0.359123032672308
495,"lag1",6.29543119056904,0.423304770053203
495,"lag2",3.71456617122221,0.483651972478763
495,"lag3",7.50385313017687,0.512440412665914
495,"lag4",6.65183464081545,0.530426355801819
495,"lag5",1.81518168501533,0.499717858781947
495,"lag6",0.482191005493431,0.425080014332186
495,"lag7",1.58623414681586,0.427526626774214
495,"lag8",1.92994849251486,0.48624684113915
495,"lag9",3.49802536808461,0.515989925696519
495,"lag10",1.60089398347662,0.524288016072209
495,"lag11",1.55629776737919,0.492041188864738
495,"lag12",1.57566697291039,0.421931007901488
496,"lag1",4.83630217501754,0.367553545879994
496,"lag2",2.92000674654922,0.406512490128506
496,"lag3",1.57207700860238,0.458651935327228
496,"lag4",0.421476443600453,0.497572221119968
496,"lag5",0.363983539787572,0.421397943207638
496,"lag6",0.111497630351626,0.373819591355442
496,"lag7",0.849342780458445,0.374269790663953
496,"lag8",0.106287924209831,0.408422491178804
496,"lag9",0.158430510966511,0.457522295790599
496,"lag10",-0.365460008060148,0.489085398723356
496,"lag11",0.310296764555177,0.422752376316882
496,"lag12",0.553070642131024,0.373401524669637
497,"lag1",3.99936170344153,0.374126382334119
497,"lag2",2.23152281736587,0.427057799682335
497,"lag3",2.16083787675974,0.456282975550939
497,"lag4",0.515819739278241,0.480410066654011
497,"lag5",0.955403308101942,0.430802136346959
497,"lag6",-0.342957643973622,0.367124411762322
497,"lag7",0.70557634067577,0.378077329766754
497,"lag8",-0.289001891617407,0.430376600496394
497,"lag9",2.65314480340539,0.461111854562761
497,"lag10",0.45635772702474,0.468913294315816
497,"lag11",-0.0828366787435362,0.430619865939635
497,"lag12",-0.281020103360713,0.365851967419225
498,"lag1",3.89383613349883,0.371376925767034
498,"lag2",2.14970942891159,0.424601900440758
498,"lag3",0.888830715852729,0.449205345047496
498,"lag4",-0.724207161677708,0.489626562915518
498,"lag5",-0.19087690919094,0.465835619161564
498,"lag6",0.673559539251837,0.391006474565717
498,"lag7",0.415317176650231,0.372969373572071
498,"lag8",1.02241162968681,0.424936141282576
498,"lag9",3.31508548522673,0.453964697012962
498,"lag10",0.535217117971407,0.489827938090077
498,"lag11",0.038502708114154,0.467938353112269
498,"lag12",0.437737762009564,0.393441163244732
499,"lag1",4.27181524271683,0.399083470885516
499,"lag2",2.47491463061471,0.458798216987137
499,"lag3",1.28542632991547,0.484916430538151
499,"lag4",2.16191900983354,0.516324214163218
499,"lag5",0.358348355569982,0.500347594585721
499,"lag6",0.187835411234227,0.427596431813189
499,"lag7",1.21753806861526,0.40291195923338
499,"lag8",1.86858333318261,0.459208660680183
499,"lag9",5.39587954256092,0.482162516151837
499,"lag10",2.56598930370248,0.514888257628981
499,"lag11",0.865136721216229,0.49570080480485
499,"lag12",0.469758458418668,0.426309819792694
500,"lag1",4.90042426210358,0.40074348211377
500,"lag2",3.22768746105915,0.468081357991818
500,"lag3",2.5127628085248,0.509570926840094
500,"lag4",1.37474456043162,0.505323653931908
500,"lag5",1.33957176353053,0.489473053569457
500,"lag6",1.53440301600553,0.424347247387701
500,"lag7",1.17941913799626,0.402610161391636
500,"lag8",2.32384650110411,0.46698531442292
500,"lag9",6.89916084699342,0.51924771149644
500,"lag10",2.5178337307055,0.501450403111976
500,"lag11",0.940833316890291,0.49283566790538
500,"lag12",1.40779368684815,0.424142859600773
