"iteration","term","estimate","std_error"
1,"lag1",1.50808154101834,0.443424701513128
1,"lag2",7.3103492186305,0.529102848460766
1,"lag3",8.07825383989939,0.504004579183531
1,"lag4",8.05868241667558,0.494618059021599
1,"lag5",2.7440570728688,0.536186608288658
1,"lag6",1.93580796659296,0.445767030169179
1,"lag7",2.16947209023041,0.447531466815993
1,"lag8",0.394879379754159,0.532487419193842
1,"lag9",0.144507552135619,0.502972657959639
1,"lag10",1.68242580461412,0.494229708443783
1,"lag11",0.714420092700217,0.534347998929618
1,"lag12",1.58095131404974,0.442872119750387
2,"lag1",1.92679468177102,0.577862784847814
2,"lag2",11.1377513226228,0.671858390892637
2,"lag3",12.898613433322,0.665381375984985
2,"lag4",11.5649856567103,0.667038261609882
2,"lag5",2.49575870845225,0.670846540124998
2,"lag6",4.17361409060362,0.581896015219643
2,"lag7",4.78412096668946,0.579831642350362
2,"lag8",2.64577052712266,0.673268138100035
2,"lag9",2.34265178148432,0.667006524646689
2,"lag10",1.83789154727347,0.666727292568104
2,"lag11",0.969926026250845,0.668208039856372
2,"lag12",2.84405618900502,0.579699775078863
3,"lag1",2.33770961340272,0.441859888709455
3,"lag2",5.8180455105977,0.518806241721699
3,"lag3",7.33971253428343,0.509532323442055
3,"lag4",4.61918985556411,0.503538338648255
3,"lag5",-0.138622740237532,0.528231335620573
3,"lag6",0.46490032396811,0.455298239672602
3,"lag7",2.72640682551464,0.455774902394668
3,"lag8",1.02183958969659,0.521748359688701
3,"lag9",1.40265898879092,0.513054007253261
3,"lag10",1.60482514524463,0.501109391896193
3,"lag11",0.607964921733059,0.527082346496001
3,"lag12",-0.479072243085731,0.453336499927534
4,"lag1",2.65294939340111,0.488145623809333
4,"lag2",-0.487528402462774,0.586099355513432
4,"lag3",0.45247408523924,0.540165709849835
4,"lag4",2.11995535982505,0.531633069584804
4,"lag5",0.688038663676194,0.55836527185627
4,"lag6",-0.340446308959212,0.474017152447172
4,"lag7",0.313714726642279,0.492542468798059
4,"lag8",-2.1916867631231,0.589562224306902
4,"lag9",-1.23965056598586,0.538587911597721
4,"lag10",0.339262316686764,0.53362169805596
4,"lag11",-0.766242266347691,0.559103697699265
4,"lag12",-1.03650042797204,0.472548711818603
5,"lag1",0.992031404996321,0.474557040277956
5,"lag2",1.31106635931992,0.584553233939445
5,"lag3",1.26249019897418,0.53532253657251
5,"lag4",2.32475009151428,0.524863662955982
5,"lag5",0.524730272764722,0.533368827568368
5,"lag6",-0.306705281409752,0.461199335461872
5,"lag7",1.7659190903261,0.486957291421959
5,"lag8",-0.209866393454964,0.589231018639247
5,"lag9",-0.036181032895674,0.54064032581157
5,"lag10",3.5186949835719,0.526236893916331
5,"lag11",3.38172452973274,0.536135704188883
5,"lag12",1.49233601586889,0.462680218923147
6,"lag1",1.96755689506442,0.482398288207115
6,"lag2",5.05464487973953,0.552469801198504
6,"lag3",6.48290542911076,0.500682736527821
6,"lag4",5.81442395660861,0.535126881492382
6,"lag5",0.612558421642169,0.577189135096508
6,"lag6",2.00047526570329,0.472427366463437
6,"lag7",1.2639583020923,0.493987183198117
6,"lag8",1.33738274819124,0.558875348266117
6,"lag9",0.95764923008805,0.503616775243272
6,"lag10",0.403952550960766,0.531474005143203
6,"lag11",-0.472076028460865,0.575785503835165
6,"lag12",1.12608900493699,0.471369772744421
7,"lag1",4.61230856465746,0.53661660255683
7,"lag2",16.8378127037503,0.666317865520453
7,"lag3",15.0747375377375,0.626503008969531
7,"lag4",10.2610518519292,0.585944542261231
7,"lag5",1.81721214433005,0.609466999094633
7,"lag6",2.87200919317525,0.539803982399423
7,"lag7",3.43702405476771,0.553929179772851
7,"lag8",-0.0200993395078987,0.666094180196323
7,"lag9",0.542547771758312,0.618905443947912
7,"lag10",0.744621885010986,0.588756893308213
7,"lag11",1.33469861495304,0.609944488252043
7,"lag12",1.1475376438888,0.530503636843518
8,"lag1",3.67080821991397,0.517248857155273
8,"lag2",11.9930974070575,0.581591079375181
8,"lag3",11.9565284808413,0.563240480818772
8,"lag4",10.5870245829528,0.595264422946356
8,"lag5",1.15476293833673,0.63287879875303
8,"lag6",1.63469022692784,0.504442747900603
8,"lag7",2.91500650545315,0.522748287680953
8,"lag8",2.15440795979198,0.585760279667763
8,"lag9",2.86898557419997,0.565205585035896
8,"lag10",2.31130146824489,0.596474900187821
8,"lag11",2.22369433292634,0.639398589807308
8,"lag12",2.75390955557175,0.504167423524979
9,"lag1",3.79327453253484,0.513747569592029
9,"lag2",13.3652075073146,0.581773816607126
9,"lag3",13.4772770566811,0.563304955996811
9,"lag4",12.3302024477566,0.597179747579091
9,"lag5",3.05206873160931,0.610466048784674
9,"lag6",3.47591467823348,0.512432798312854
9,"lag7",3.14803287363211,0.516296793033935
9,"lag8",0.363663769629309,0.581101045965656
9,"lag9",-0.157994063177788,0.561842928718874
9,"lag10",1.57701190460008,0.595921668472316
9,"lag11",1.45261097190569,0.613667431286974
9,"lag12",2.59584557181811,0.513050089668576
10,"lag1",2.94527097397983,0.552707334146684
10,"lag2",3.12891306449043,0.634418686937383
10,"lag3",3.56439055875752,0.606222161918336
10,"lag4",4.81444959086935,0.630533746084272
10,"lag5",2.61470113926119,0.662110898110731
10,"lag6",2.92399179290113,0.553436865221722
10,"lag7",1.69257150636254,0.558656200850223
10,"lag8",-0.131140806979085,0.636688515447587
10,"lag9",-0.328686449056662,0.608065839680802
10,"lag10",1.03707100379106,0.629080429340049
10,"lag11",2.1808294044827,0.660800725762523
10,"lag12",1.1143955415732,0.554188537390487
11,"lag1",1.33016045560288,0.56255072736884
11,"lag2",7.84728581539205,0.649514764860946
11,"lag3",9.51453290064152,0.642364360988119
11,"lag4",8.04592185002584,0.636607763637384
11,"lag5",2.00845657312406,0.652007696382037
11,"lag6",1.51098692964169,0.571350432235131
11,"lag7",1.22711942637569,0.562945847200022
11,"lag8",1.19772081837337,0.650797953084783
11,"lag9",1.35482185184086,0.636903011819792
11,"lag10",0.795326167697626,0.632094543634388
11,"lag11",1.848826424546,0.651002716550656
11,"lag12",0.733295888581045,0.567815768953816
12,"lag1",0.784709185585521,0.498413394179043
12,"lag2",3.4788187649053,0.593991527270895
12,"lag3",4.97160081215647,0.550478131781637
12,"lag4",5.16504464967308,0.556928306401937
12,"lag5",0.195855402647037,0.578120687701136
12,"lag6",0.874011492565093,0.48248717899188
12,"lag7",1.63001010840187,0.502987088957682
12,"lag8",0.193571494484412,0.600154361516488
12,"lag9",0.387032887437861,0.550753412938863
12,"lag10",1.01443331676279,0.560188126793392
12,"lag11",0.809069725194559,0.582700150040242
12,"lag12",0.706097105889793,0.481740258960209
13,"lag1",1.4508930136567,0.594359048310214
13,"lag2",0.389465845800967,0.723216659546474
13,"lag3",5.35078292179354,0.691851168835856
13,"lag4",3.98613470761656,0.64072825299733
13,"lag5",1.35516175805994,0.643439795925198
13,"lag6",3.87215178434826,0.572197957820559
13,"lag7",3.88125034547393,0.598060341694331
13,"lag8",1.60252018632184,0.729563663175308
13,"lag9",0.523157183816454,0.69450339388184
13,"lag10",2.68139241814212,0.645767388168677
13,"lag11",1.12635054357061,0.648763390355769
13,"lag12",2.07422754513679,0.573003767858521
14,"lag1",1.61753040620946,0.434662149840278
14,"lag2",6.77971013393249,0.543344572189111
14,"lag3",6.04464533947156,0.518043319621214
14,"lag4",6.39883732353483,0.485259718823434
14,"lag5",2.1827422943302,0.504557251883436
14,"lag6",1.38211979774653,0.436839905358832
14,"lag7",1.95512875377479,0.44378952060998
14,"lag8",0.662048830865481,0.547296606275695
14,"lag9",0.234854108866006,0.518640531667613
14,"lag10",2.55840013818819,0.487911394528112
14,"lag11",1.69619062693827,0.50471903232992
14,"lag12",1.4521675394976,0.437150560552013
15,"lag1",2.52553715944796,0.461854633463494
15,"lag2",5.06754565687251,0.524312081277259
15,"lag3",5.9734370501419,0.505718754232185
15,"lag4",6.68810932590795,0.523348109581942
15,"lag5",3.49627365807698,0.523106326311706
15,"lag6",1.74531517585222,0.445843280605764
15,"lag7",1.70206370517163,0.467860319522749
15,"lag8",-0.231922307744407,0.528657718870314
15,"lag9",0.774321052058695,0.501684015894677
15,"lag10",3.26713461132741,0.516583584975446
15,"lag11",4.59851720440689,0.525271894123383
15,"lag12",2.68070995646816,0.441247169541484
16,"lag1",1.72080471151971,0.536704284780184
16,"lag2",2.4484670661313,0.672537095644146
16,"lag3",2.80382524388993,0.600598635639035
16,"lag4",2.60316937048443,0.554627213419315
16,"lag5",-0.168838765180203,0.577370444323279
16,"lag6",0.29794407473561,0.529126604146482
16,"lag7",2.5564354889901,0.543050600517014
16,"lag8",-0.127386344833363,0.678827116663637
16,"lag9",0.245584322324056,0.603511809200535
16,"lag10",2.50632613804289,0.560348650816859
16,"lag11",2.63037231108112,0.591181055448747
16,"lag12",2.12688633737557,0.539326605558666
17,"lag1",1.47032589740639,0.470293495917883
17,"lag2",3.32762265707836,0.540401632932085
17,"lag3",4.23812540347488,0.50642604669568
17,"lag4",5.30591661811769,0.535076218246985
17,"lag5",1.68292339694479,0.549690989991071
17,"lag6",0.500367593776909,0.450447220867436
17,"lag7",1.47656486455193,0.475940170247584
17,"lag8",-0.385410511559336,0.547077220210686
17,"lag9",-0.307899618867225,0.507138898355078
17,"lag10",0.0545531701993273,0.536551760550626
17,"lag11",1.4874318929983,0.551905582487489
17,"lag12",0.834907887952169,0.450206733426081
18,"lag1",1.90496137146925,0.493071053335676
18,"lag2",0.601854640299154,0.597863741425067
18,"lag3",1.1109488137841,0.546100691242598
18,"lag4",1.05470769657736,0.513696013629649
18,"lag5",-0.925723663906821,0.537278165727842
18,"lag6",-0.422213992588561,0.470823181462201
18,"lag7",0.0606442380061792,0.501810602909893
18,"lag8",-0.570684037854357,0.59494121486989
18,"lag9",-0.233925901503282,0.535285246382536
18,"lag10",0.618322326341504,0.510056314015235
18,"lag11",-1.30603276124759,0.533399847413555
18,"lag12",-0.529021020988246,0.464566685551219
19,"lag1",2.9230414615413,0.560716016583518
19,"lag2",9.27683610804526,0.642305471327474
19,"lag3",8.8288718277674,0.633695956631052
19,"lag4",7.36201789823671,0.626458932851718
19,"lag5",0.608082729137283,0.662477989794627
19,"lag6",1.39790586852353,0.561204821138042
19,"lag7",1.56791675728142,0.565252941903766
19,"lag8",0.817937431334624,0.648022829403174
19,"lag9",1.09485110713789,0.631554856848188
19,"lag10",-0.868554144110895,0.627612314768493
19,"lag11",-1.88492953203437,0.665040540508646
19,"lag12",-0.639705009831899,0.559515810767792
20,"lag1",2.62794937135663,0.489601431516578
20,"lag2",4.59782834910364,0.559417820161546
20,"lag3",3.56038300073215,0.539770855549691
20,"lag4",5.22406463665071,0.563506039952532
20,"lag5",2.18884825034767,0.590817544128852
20,"lag6",1.8833146919035,0.501268906190596
20,"lag7",1.26818981529841,0.496840491917211
20,"lag8",0.8854032752606,0.567343941905759
20,"lag9",0.324788741800888,0.545443271390068
20,"lag10",0.841722859791361,0.564422908987366
20,"lag11",1.37177852134846,0.597677907529757
20,"lag12",0.656673687282618,0.501353020285705
21,"lag1",3.0808162485656,0.531663081034948
21,"lag2",7.54588395627372,0.624892382508992
21,"lag3",8.69443197426783,0.595361761931572
21,"lag4",5.57623673322142,0.603041742316728
21,"lag5",1.19688829572808,0.591008263121517
21,"lag6",0.37609096394814,0.517415534986285
21,"lag7",-0.192219734928523,0.54585988076655
21,"lag8",0.143099054943222,0.62546173142666
21,"lag9",0.0402881458129061,0.600513639436617
21,"lag10",1.97926648942296,0.599226646546612
21,"lag11",3.08817734382133,0.591300781912953
21,"lag12",0.865965881850664,0.517692705589241
22,"lag1",1.35817469012792,0.542380154930914
22,"lag2",4.08533465681393,0.623888400775311
22,"lag3",5.35539152769198,0.58895331595561
22,"lag4",6.2421439299851,0.617758108766689
22,"lag5",0.367527670420555,0.643039032113424
22,"lag6",2.09126670179052,0.539748197834952
22,"lag7",1.68009884197999,0.546349157740376
22,"lag8",0.485422378450696,0.627021399142278
22,"lag9",0.702735720905375,0.592943450215509
22,"lag10",1.46998072634519,0.615033096650937
22,"lag11",0.40071468954316,0.643240465685375
22,"lag12",-0.466317081287861,0.542702850851089
23,"lag1",4.20387421778793,0.570256724790242
23,"lag2",16.6299521093248,0.662220364214971
23,"lag3",17.6586809799791,0.649200949700311
23,"lag4",13.7982740630182,0.617277281588768
23,"lag5",2.64268588672279,0.655779280678269
23,"lag6",3.08371587097767,0.562182285660812
23,"lag7",4.92188853961773,0.573470891953529
23,"lag8",3.26466335261759,0.665118748842309
23,"lag9",2.28050327443088,0.643750410384552
23,"lag10",5.02132569595348,0.619278139178017
23,"lag11",4.35000787873084,0.662095715356005
23,"lag12",3.56542734901331,0.560119151254054
24,"lag1",1.27748275751958,0.501641571559327
24,"lag2",5.09799023252464,0.634753496347549
24,"lag3",3.58624615629512,0.573947265457214
24,"lag4",4.12467049238116,0.536546110614587
24,"lag5",0.471537680168584,0.544077491538042
24,"lag6",1.05277379493441,0.487447651103048
24,"lag7",2.62861706608148,0.508511155949292
24,"lag8",0.736022700312994,0.638622534251127
24,"lag9",-0.00286385057893331,0.571352853032348
24,"lag10",1.75510599105625,0.53545178557241
24,"lag11",1.63443481413115,0.546054315942976
24,"lag12",2.40426785540477,0.48827693654613
25,"lag1",0.613244674484765,0.514870491271029
25,"lag2",4.94504977137396,0.587524568087672
25,"lag3",3.59544532682383,0.54387569708172
25,"lag4",4.08554835799011,0.533390543084389
25,"lag5",0.0977883321872924,0.553258605897416
25,"lag6",1.21963662448002,0.481647481321102
25,"lag7",2.1121454328434,0.516146138631878
25,"lag8",1.28740381305784,0.592181240905678
25,"lag9",0.709861803466448,0.541700284232237
25,"lag10",1.21317833300654,0.532345859725536
25,"lag11",0.56983790635796,0.558303175677337
25,"lag12",0.919658415434147,0.480819932356711
26,"lag1",4.62585833835196,0.517667403859803
26,"lag2",13.1305505098141,0.584491815078678
26,"lag3",13.336547556097,0.578976054312599
26,"lag4",11.3143925412072,0.571887508611779
26,"lag5",1.27861409024732,0.6272415470192
26,"lag6",3.14703428992658,0.523584598940231
26,"lag7",3.52355153376559,0.519843809099898
26,"lag8",3.06459784750594,0.585769567295897
26,"lag9",1.96605687545849,0.573123126006586
26,"lag10",2.18410136792807,0.569976402035752
26,"lag11",1.67157302784382,0.630868093918044
26,"lag12",1.88602526999163,0.522709303634437
27,"lag1",1.2543357255656,0.527837225364743
27,"lag2",0.784684902860006,0.600400150092808
27,"lag3",2.56589667515175,0.571350332052496
27,"lag4",1.62652769213353,0.563634967875184
27,"lag5",1.41814623220868,0.575502558348146
27,"lag6",0.875131082097779,0.505329865903709
27,"lag7",2.24866295893831,0.533498501023056
27,"lag8",1.42426347072302,0.603424943999583
27,"lag9",2.38764365888338,0.572753528845983
27,"lag10",2.37981957499273,0.566706567074011
27,"lag11",1.02086584954594,0.574897306666931
27,"lag12",0.437956986318407,0.504772891823768
28,"lag1",2.41944061168328,0.548633031738261
28,"lag2",5.56555606851593,0.655387169583783
28,"lag3",6.86612295389076,0.646113258108127
28,"lag4",5.4680154557213,0.613921728128344
28,"lag5",0.0840955189052078,0.661851172826054
28,"lag6",1.28108575802441,0.546771247497603
28,"lag7",2.54406751409309,0.556292568805095
28,"lag8",0.210475101665949,0.652676666201531
28,"lag9",0.133163046591251,0.636460424035457
28,"lag10",-0.317447592994853,0.610205803744292
28,"lag11",-0.650668674206636,0.665024088691366
28,"lag12",-0.587682888867682,0.542635788264738
29,"lag1",0.486083084153829,0.482160748191493
29,"lag2",4.44115939815213,0.583654904603595
29,"lag3",6.91193519855347,0.5384873577106
29,"lag4",5.76864340764953,0.517364504667072
29,"lag5",1.60591713833176,0.540744482130269
29,"lag6",2.99311656142409,0.471585671923997
29,"lag7",2.68930760351462,0.491550203403156
29,"lag8",0.851039182222241,0.587287725240829
29,"lag9",1.52938983069069,0.535562312396977
29,"lag10",2.32878455193424,0.511244516456912
29,"lag11",1.08068728764709,0.54244829208276
29,"lag12",1.53872117562199,0.469661323559478
30,"lag1",2.90907846760482,0.509364539310555
30,"lag2",11.6392433608317,0.591280927022564
30,"lag3",11.0420313211706,0.57220305734748
30,"lag4",10.4124496253913,0.580428205339745
30,"lag5",2.0192782666096,0.597926408583509
30,"lag6",1.98675411328198,0.513632261666489
30,"lag7",1.28014627763757,0.520785546650914
30,"lag8",-0.591992226111481,0.592445325967098
30,"lag9",0.0941060774029472,0.569381554992821
30,"lag10",0.0626186104299604,0.577682274937138
30,"lag11",1.9745980119565,0.599174400090248
30,"lag12",1.01384713798544,0.509256323126051
31,"lag1",2.67426278331487,0.510363592184319
31,"lag2",7.0143552073354,0.593152724870898
31,"lag3",6.73038293056214,0.548128321857677
31,"lag4",6.0815601562427,0.542548571338005
31,"lag5",1.10858224303273,0.569293132709803
31,"lag6",1.35210980297637,0.492144047187065
31,"lag7",1.51813043333173,0.517958666839377
31,"lag8",0.611847320748384,0.604879069145231
31,"lag9",1.07115636682985,0.548746713155586
31,"lag10",0.849665741604614,0.539859161112954
31,"lag11",0.862943499154595,0.566292108607434
31,"lag12",0.783964058780025,0.488195770900536
32,"lag1",2.74771075713923,0.51482632202055
32,"lag2",5.41663344235579,0.590668685500996
32,"lag3",3.48951634174911,0.566197473109931
32,"lag4",4.10467872454182,0.585186500173885
32,"lag5",1.63913321841813,0.613816583853039
32,"lag6",1.14640854603268,0.521569272304719
32,"lag7",1.85935551575462,0.521432388830525
32,"lag8",2.99276801015117,0.590625910646899
32,"lag9",1.19474428599861,0.565444553610525
32,"lag10",0.216935450246671,0.582406871490846
32,"lag11",-0.480489217093734,0.619106757587888
32,"lag12",-0.367273460272168,0.520429485879255
33,"lag1",1.77188804908739,0.488550189550361
33,"lag2",11.8759891401471,0.552217457045126
33,"lag3",12.803931812483,0.536027574400007
33,"lag4",9.9205171564059,0.541929011355832
33,"lag5",1.45853075399245,0.589883214147108
33,"lag6",2.22880461077312,0.497632257946134
33,"lag7",2.71635846427051,0.489443941150417
33,"lag8",2.57431893912588,0.554724183537864
33,"lag9",1.50598120385377,0.535701383415439
33,"lag10",1.69183019664747,0.542776094057591
33,"lag11",1.85200475135371,0.590819964464985
33,"lag12",1.15446499491974,0.500078880107066
34,"lag1",3.25021945573231,0.525814267426544
34,"lag2",11.5313693169342,0.619423485298144
34,"lag3",10.1899294584333,0.568508634991052
34,"lag4",9.12295097761002,0.599547269008067
34,"lag5",0.0425787286501949,0.630046051487835
34,"lag6",0.619896254428937,0.522363971852268
34,"lag7",1.6296495288616,0.531087190767374
34,"lag8",0.586241856731029,0.623410774083228
34,"lag9",-0.621326465199054,0.571803187806682
34,"lag10",-0.0684339434786728,0.598642354801381
34,"lag11",2.18578932720985,0.633085189304098
34,"lag12",1.29143026953431,0.525468763734811
35,"lag1",1.52619341440553,0.527924857526437
35,"lag2",1.15662290508054,0.639359019216195
35,"lag3",2.06680816871843,0.591019876595436
35,"lag4",2.08485872361734,0.56267858961326
35,"lag5",-0.0542799373865699,0.59794012877391
35,"lag6",2.52741470411357,0.520524117123798
35,"lag7",4.11900994131369,0.53122558214727
35,"lag8",0.948310489533979,0.640212142993697
35,"lag9",-0.556856570650631,0.59213488736359
35,"lag10",2.51573909129364,0.568825011457465
35,"lag11",1.96776443678931,0.604687053287996
35,"lag12",1.95514387933823,0.525111975244018
36,"lag1",1.91380085540748,0.47840638018718
36,"lag2",1.12130031518885,0.552154488448854
36,"lag3",4.36689470836688,0.534057372764439
36,"lag4",3.58989274295039,0.519164973375088
36,"lag5",1.81475826635117,0.520028617728837
36,"lag6",1.21479108914185,0.45535776111667
36,"lag7",0.57087847781385,0.491032249339821
36,"lag8",0.121204897555495,0.564028468331284
36,"lag9",1.11284984408043,0.534507000601397
36,"lag10",2.94473301131719,0.518184526315681
36,"lag11",2.53924253107048,0.523117225970658
36,"lag12",0.852258948160599,0.452033682797316
37,"lag1",1.48057942888754,0.463608364474365
37,"lag2",3.94833282555373,0.550952431066985
37,"lag3",5.49840430943123,0.514670500359438
37,"lag4",4.92525729596071,0.486300731137168
37,"lag5",-0.221161866509507,0.526552362788116
37,"lag6",0.0192199207924624,0.45571807962824
37,"lag7",1.17663051605668,0.474223216922283
37,"lag8",1.27337360251089,0.55308523135424
37,"lag9",0.94396374109682,0.512389127584386
37,"lag10",0.874854722681541,0.486295577545209
37,"lag11",0.707949002626477,0.522764814360016
37,"lag12",0.400165007124065,0.452537006912789
38,"lag1",1.65024473196867,0.429139317341957
38,"lag2",1.04830922074139,0.50924571652436
38,"lag3",1.31471798675768,0.523185616419091
38,"lag4",1.93094593291791,0.507411957364054
38,"lag5",0.0197512403712546,0.505185875067347
38,"lag6",1.42426611334959,0.432255171647583
38,"lag7",3.26447434812812,0.439810515813247
38,"lag8",0.585918146839392,0.513449063132679
38,"lag9",0.457028666961233,0.521087274322252
38,"lag10",-0.127216960853292,0.507757173955181
38,"lag11",1.09957187410765,0.50537239785834
38,"lag12",1.35872844548741,0.433806246610788
39,"lag1",2.30579534886142,0.5237438471926
39,"lag2",9.86678770858795,0.631753112158794
39,"lag3",8.84677497041123,0.578752226951651
39,"lag4",6.86647008667,0.552428758494761
39,"lag5",1.66623368071972,0.570879768380073
39,"lag6",1.43009098099217,0.49766472526327
39,"lag7",1.11415811858148,0.527023221472661
39,"lag8",0.939344176019545,0.624564457822961
39,"lag9",0.812148247943314,0.578154746546655
39,"lag10",2.57605325364875,0.548680881384509
39,"lag11",1.84646568125473,0.570185490835151
39,"lag12",1.41646937209346,0.496832087841775
40,"lag1",1.989370931375,0.477383783080567
40,"lag2",2.66781496605455,0.545104510441011
40,"lag3",3.46912166660719,0.514977766405956
40,"lag4",5.35082647531234,0.514225799149938
40,"lag5",1.87000216394734,0.546789596961213
40,"lag6",3.14033632278584,0.471731546055768
40,"lag7",1.58663935408366,0.481407296472273
40,"lag8",-0.896688050317733,0.5463089885568
40,"lag9",0.514779602404755,0.514894693583188
40,"lag10",0.44778330898059,0.513777349264655
40,"lag11",0.25888963949901,0.547897550142621
40,"lag12",2.15821860810858,0.471380077918515
41,"lag1",1.10823816028723,0.448737993338039
41,"lag2",1.37972602960346,0.536025427259941
41,"lag3",3.56788455214551,0.528915329617687
41,"lag4",2.51673843480812,0.506647114001926
41,"lag5",-0.131568149609983,0.508424232392571
41,"lag6",0.55475458460845,0.439331589191665
41,"lag7",0.813706151576776,0.455173215197771
41,"lag8",-1.68689888535483,0.539475593420327
41,"lag9",-0.0862776101193697,0.523926598182724
41,"lag10",0.912551216817011,0.505416288747684
41,"lag11",0.96323450096538,0.505607755218068
41,"lag12",0.0905579598562953,0.434698838607818
42,"lag1",3.07774213337935,0.489783473894761
42,"lag2",7.80136573726973,0.549625679211395
42,"lag3",10.12055805158,0.545898325679542
42,"lag4",10.1519582904116,0.593526159393285
42,"lag5",0.206837732996425,0.619003185554387
42,"lag6",1.2626387510015,0.499378034505781
42,"lag7",0.756229332398738,0.505225178688526
42,"lag8",-0.315620032673531,0.552759710049766
42,"lag9",1.02343409803712,0.54673797442154
42,"lag10",-0.744341309593123,0.58822650170188
42,"lag11",0.966607392190317,0.612700164837807
42,"lag12",1.81764404838051,0.493415840659371
43,"lag1",1.61924175735897,0.475509810451201
43,"lag2",8.6675366515592,0.55228309270595
43,"lag3",10.9564523188002,0.537350700625868
43,"lag4",8.80263596363115,0.521081670969056
43,"lag5",2.85245050678868,0.544927804748768
43,"lag6",2.88051452667404,0.472630579312064
43,"lag7",1.76079671351162,0.478222993133934
43,"lag8",-0.449203571324547,0.555941853859477
43,"lag9",0.381491169525618,0.543531541598176
43,"lag10",2.64575671925322,0.526362590318395
43,"lag11",2.97441259475339,0.549294098603476
43,"lag12",1.74601105028859,0.475537208737428
44,"lag1",2.60038963408145,0.462450880489723
44,"lag2",1.85599271531218,0.520658922676344
44,"lag3",1.0553237965029,0.523215055333248
44,"lag4",1.87841632476389,0.534398562369851
44,"lag5",1.15155916720444,0.510605019609359
44,"lag6",1.15734059949744,0.445108313282194
44,"lag7",1.28154072323502,0.468820469742991
44,"lag8",0.0834097039293704,0.522519959313456
44,"lag9",-0.58466278798887,0.521504556478948
44,"lag10",0.271007991898594,0.534813774130471
44,"lag11",1.40188517931531,0.513107151455268
44,"lag12",1.5519587609488,0.443584372704328
45,"lag1",2.43150991711009,0.514169600909271
45,"lag2",4.13739794708306,0.601488263816587
45,"lag3",5.445805913671,0.577914427183647
45,"lag4",7.33129078664829,0.591323946481856
45,"lag5",2.30644955111335,0.592511984277063
45,"lag6",2.71320628846148,0.504344258651975
45,"lag7",2.15605637098183,0.528555149763909
45,"lag8",-0.109874824202009,0.599271863089339
45,"lag9",0.0710422741861346,0.576271031824557
45,"lag10",1.57705521769811,0.588762918415907
45,"lag11",0.606205175752922,0.586812154277931
45,"lag12",1.99193054049864,0.500906355725673
46,"lag1",2.67889512810361,0.497852529165938
46,"lag2",2.70942715781359,0.560493660058542
46,"lag3",1.70028640203203,0.546854965554513
46,"lag4",2.21029576754817,0.575392226706057
46,"lag5",0.942972160354268,0.59755723235628
46,"lag6",0.644642184438611,0.504531519642104
46,"lag7",1.42168881462221,0.505755836410279
46,"lag8",2.05849872771412,0.570388380762976
46,"lag9",-0.13613364048851,0.54680946226519
46,"lag10",0.797148997951802,0.575779014369263
46,"lag11",1.1748981610128,0.600042197726976
46,"lag12",0.840119863254267,0.504142408072897
47,"lag1",0.567871368946064,0.461216471827122
47,"lag2",3.97086346491142,0.520765061037697
47,"lag3",5.62653812380588,0.493940787915289
47,"lag4",6.26549985518021,0.514658844850317
47,"lag5",2.40490292715834,0.532916329213707
47,"lag6",1.30570696220581,0.446611455730575
47,"lag7",1.31545820303284,0.46843246025633
47,"lag8",0.847457566843057,0.521886368908568
47,"lag9",0.866081544735878,0.487878849336911
47,"lag10",1.25491171633515,0.515153600395386
47,"lag11",1.19486231547873,0.532428293713732
47,"lag12",-0.749454741041677,0.443727684973818
48,"lag1",1.28054119826905,0.443229517637451
48,"lag2",0.950783233821204,0.536895479069518
48,"lag3",1.252769484686,0.500441190861079
48,"lag4",1.19322021171105,0.488746838532241
48,"lag5",-0.156734311750743,0.51726932791571
48,"lag6",1.63261359730808,0.438858916125187
48,"lag7",2.70341517276784,0.452283570885748
48,"lag8",0.0513659640024965,0.539960584953233
48,"lag9",0.650747594143303,0.496385488219967
48,"lag10",0.323307904372309,0.486927591343582
48,"lag11",0.68829729327053,0.516596426680321
48,"lag12",2.31240722078634,0.436440776076756
49,"lag1",2.63907682314881,0.555297249464304
49,"lag2",12.4217585137459,0.640599473885048
49,"lag3",12.7312894498262,0.580749040503489
49,"lag4",12.7574080188055,0.615496185165696
49,"lag5",2.00912042329554,0.642598754263725
49,"lag6",1.35339768382721,0.534476824690236
49,"lag7",1.72885291408223,0.558980286150732
49,"lag8",0.912760121949462,0.643614234432025
49,"lag9",1.73612628668491,0.584794136670719
49,"lag10",3.82792741037186,0.616502668127342
49,"lag11",4.34172696712572,0.646685145791938
49,"lag12",2.21724854176033,0.537457259245738
50,"lag1",0.856874466554034,0.556706949587452
50,"lag2",4.64304661408097,0.657568715007616
50,"lag3",6.44800854426367,0.61495368975542
50,"lag4",4.84023630574006,0.629918055909855
50,"lag5",0.937123709462326,0.634149081163493
50,"lag6",1.55287983606001,0.544706599528168
50,"lag7",2.04881097571237,0.563130278475674
50,"lag8",0.815562067809263,0.662294782859834
50,"lag9",0.382202467636878,0.618368172651617
50,"lag10",3.17270426907374,0.623406829585797
50,"lag11",4.29434626181317,0.636529590379455
50,"lag12",1.72398528543083,0.543718491304211
51,"lag1",2.21554017192369,0.555691983860296
51,"lag2",6.73647167648784,0.641820554571176
51,"lag3",6.38976647035902,0.593417154353815
51,"lag4",5.88300694378228,0.63200378036674
51,"lag5",0.714332819413455,0.652957530703761
51,"lag6",2.11410800682381,0.547765901174028
51,"lag7",3.314120190987,0.560071095172048
51,"lag8",1.29160846741428,0.648017697000831
51,"lag9",1.43430337828252,0.596379614702421
51,"lag10",3.65980494297883,0.632484418462301
51,"lag11",1.9487439067478,0.656470276793051
51,"lag12",2.97165219166226,0.547438555295032
52,"lag1",3.76529219390488,0.471765914909915
52,"lag2",5.57612339265356,0.543449699074396
52,"lag3",6.5708570975574,0.542220975515586
52,"lag4",5.67088074948283,0.561096993220221
52,"lag5",1.41067010155793,0.560153202945878
52,"lag6",0.692540093456302,0.475721525765681
52,"lag7",1.34053451572165,0.479071828022115
52,"lag8",1.33709231150553,0.545576223664399
52,"lag9",1.38065868842347,0.545044636995455
52,"lag10",1.01485752783457,0.558805632547941
52,"lag11",1.81912971400979,0.560898620773042
52,"lag12",1.28434484427646,0.473902465739304
53,"lag1",4.21510645570566,0.551717409000597
53,"lag2",8.78403294386616,0.62059018871624
53,"lag3",6.53691832748811,0.588716353023128
53,"lag4",4.69905052031446,0.611599271651177
53,"lag5",-0.450757666774156,0.637248558427372
53,"lag6",0.601640287522619,0.549882187296541
53,"lag7",1.7726801263914,0.557148182742101
53,"lag8",1.61150631515145,0.629829567437859
53,"lag9",0.622674052819808,0.592750865110846
53,"lag10",1.11117290867481,0.613123127918802
53,"lag11",2.2415570319671,0.641944363578482
53,"lag12",2.75661557490939,0.551920814487576
54,"lag1",3.20009578813756,0.534841641460873
54,"lag2",13.5999711140801,0.627010993667322
54,"lag3",12.0469532720126,0.586151136890402
54,"lag4",11.9406968782947,0.593127896824572
54,"lag5",1.54740178193416,0.623516773972289
54,"lag6",1.94238147927085,0.525063771721539
54,"lag7",3.44443171687307,0.539215863119665
54,"lag8",2.49024150209822,0.630817645849162
54,"lag9",1.50166393714275,0.591763547554791
54,"lag10",2.38997039796993,0.601442707496683
54,"lag11",3.80437808866067,0.632567329215876
54,"lag12",2.55599869534258,0.530330421296432
55,"lag1",4.73703969658736,0.53838131993398
55,"lag2",11.6355074224934,0.613539289345165
55,"lag3",11.4135337832203,0.584157985666
55,"lag4",9.86539986229872,0.617385895161581
55,"lag5",1.04505411467722,0.663390084136678
55,"lag6",2.53819525587631,0.5301765374753
55,"lag7",1.70204485139159,0.546110931219663
55,"lag8",1.28108270242547,0.616539651689383
55,"lag9",1.82052831376249,0.588003982447647
55,"lag10",1.86173539514295,0.618692807758607
55,"lag11",1.55817865851696,0.663138681545305
55,"lag12",0.58418895645986,0.527818019760831
56,"lag1",2.04032649429676,0.483944279922256
56,"lag2",0.221987664605227,0.560529181070856
56,"lag3",2.45219956755877,0.546035753263966
56,"lag4",1.03634570653567,0.554382166343955
56,"lag5",0.733997710073782,0.554518541653693
56,"lag6",0.847829727547595,0.475016428351851
56,"lag7",-0.0216518149067956,0.494951636177465
56,"lag8",-0.249308917647371,0.565060449458308
56,"lag9",1.04100238467876,0.543455980015491
56,"lag10",1.28290265788752,0.543086559619748
56,"lag11",1.62937394881967,0.554164259134862
56,"lag12",1.43589890313872,0.470228767814769
57,"lag1",2.1379578271917,0.471112960420072
57,"lag2",6.28132815997901,0.55631776608747
57,"lag3",7.89425191667457,0.545203907316912
57,"lag4",9.01456162720008,0.541426123137347
57,"lag5",1.82453084326456,0.55048066396744
57,"lag6",2.63754795117671,0.470931271520197
57,"lag7",3.08206821123511,0.474777728562377
57,"lag8",0.73186426224069,0.565291590819107
57,"lag9",1.42466277614229,0.550098150841568
57,"lag10",3.32356923719536,0.543661080639477
57,"lag11",2.74177252114875,0.551815963030394
57,"lag12",4.25913764418917,0.47080027020116
58,"lag1",0.801731327523705,0.503742119570168
58,"lag2",6.31901731241211,0.552415834961096
58,"lag3",7.12286836283055,0.549742507924456
58,"lag4",9.98574073952092,0.586346462501779
58,"lag5",4.23978892348078,0.599868763497914
58,"lag6",3.59904901500622,0.501406279001408
58,"lag7",3.07054477927629,0.50945652460238
58,"lag8",1.51294140606844,0.559219160703138
58,"lag9",0.185162486121939,0.547585693029782
58,"lag10",3.89539240459096,0.588256864038864
58,"lag11",5.41207076542195,0.602487461414514
58,"lag12",2.8391464956291,0.497292847064878
59,"lag1",2.10415789898782,0.473639222947744
59,"lag2",-0.988739163663061,0.560032726679918
59,"lag3",0.149179074554213,0.518977320523035
59,"lag4",2.4284945178893,0.512055311334771
59,"lag5",0.114134081103287,0.512168756192149
59,"lag6",0.963845986155648,0.442241968578556
59,"lag7",0.928905710226208,0.492469882020862
59,"lag8",-1.44837613228705,0.560519254024217
59,"lag9",0.493497783602853,0.514852992894484
59,"lag10",1.62602846485582,0.505888340880079
59,"lag11",2.41404849661099,0.503111361328657
59,"lag12",1.0811387150428,0.437112066248068
60,"lag1",1.23757838410857,0.478216476017194
60,"lag2",1.19011118174055,0.593097147149908
60,"lag3",1.3549470815385,0.540517482942477
60,"lag4",0.541025671538482,0.521274544397609
60,"lag5",-1.16768228543615,0.524115779417287
60,"lag6",0.304911483867572,0.454948422911335
60,"lag7",0.222284616521287,0.478571082148431
60,"lag8",0.238563354555212,0.594153015355123
60,"lag9",-0.84367458689322,0.543143407364566
60,"lag10",0.0227918153841573,0.523697138598559
60,"lag11",-0.48159541918905,0.527401588205526
60,"lag12",0.782551879573588,0.458148631222689
61,"lag1",3.25697589244944,0.474468467967093
61,"lag2",7.59063455394144,0.570512901147268
61,"lag3",6.4720723935491,0.545511200877326
61,"lag4",5.386146035353,0.549460398346009
61,"lag5",2.64423938661907,0.555084897053279
61,"lag6",1.44918742351631,0.481264787006926
61,"lag7",1.78799367348331,0.486529906458437
61,"lag8",0.145786824523909,0.573128851915525
61,"lag9",-0.145295563275925,0.551338043807676
61,"lag10",1.12551010428553,0.546390208641069
61,"lag11",0.838130503361046,0.556220542902828
61,"lag12",0.892908687401364,0.479587235868572
62,"lag1",0.831371018538212,0.432082753455029
62,"lag2",1.81459256739519,0.504232032222095
62,"lag3",0.952310653967531,0.48411072109072
62,"lag4",1.99838766970571,0.479145812015822
62,"lag5",1.06595185079621,0.508502955191949
62,"lag6",0.701402912173572,0.437849490796815
62,"lag7",1.92994046186663,0.44564811378551
62,"lag8",1.46432366367288,0.508884091589157
62,"lag9",1.33547056471911,0.485981106048514
62,"lag10",1.5350943632303,0.47760031033443
62,"lag11",2.17553172627109,0.507404521385495
62,"lag12",2.30160625449928,0.436566856273165
63,"lag1",1.6986518622831,0.480082565719235
63,"lag2",4.04330348275684,0.54526140414005
63,"lag3",5.87587715374458,0.532626643154704
63,"lag4",5.0058315648337,0.541902747444539
63,"lag5",1.2701965159573,0.597150081738297
63,"lag6",1.00730581377386,0.499075261209832
63,"lag7",1.85438837086016,0.486310449452739
63,"lag8",0.966657385040236,0.549917230962822
63,"lag9",0.513793477847298,0.534105304724399
63,"lag10",-1.20962709627027,0.539217134449683
63,"lag11",0.434977148459752,0.597094444443723
63,"lag12",0.978565170852098,0.49815671217437
64,"lag1",2.33465162267813,0.506006348837209
64,"lag2",5.81768172292512,0.597716205762017
64,"lag3",7.00475973490933,0.5538390705186
64,"lag4",5.83978736839685,0.563087501534855
64,"lag5",0.68210530897613,0.576286280762827
64,"lag6",0.964303255154828,0.493504765042936
64,"lag7",2.34962360024632,0.515048228814363
64,"lag8",1.80386933029405,0.601936042625381
64,"lag9",0.955569743537131,0.554987007812803
64,"lag10",1.18603499099906,0.560549278510208
64,"lag11",1.14749103514121,0.572949196872207
64,"lag12",0.50481200865743,0.489884750064078
65,"lag1",0.931779536917745,0.495204427692799
65,"lag2",0.109910272180327,0.566028895136135
65,"lag3",2.55092187782724,0.529860883809782
65,"lag4",2.88798483193278,0.552124373379038
65,"lag5",2.48489655959518,0.588355101854686
65,"lag6",1.44355456776734,0.485640504521954
65,"lag7",1.7793058950489,0.497667689430115
65,"lag8",-0.179697188364124,0.575147105344908
65,"lag9",1.27792011077354,0.531511868515443
65,"lag10",2.35414072858435,0.552418855431715
65,"lag11",1.95194376705224,0.595312180053212
65,"lag12",1.39787060979287,0.483241845754746
66,"lag1",0.0502066071161011,0.472197204116439
66,"lag2",0.951946460822449,0.556851803921814
66,"lag3",0.976139797441065,0.544128266259466
66,"lag4",1.61393490529648,0.538850012765659
66,"lag5",0.392258902134978,0.550393869497038
66,"lag6",0.130942549190545,0.480989584627184
66,"lag7",1.3630322924615,0.482838823170189
66,"lag8",-0.0286191833136722,0.562056069232118
66,"lag9",0.167026685414896,0.542036780843145
66,"lag10",0.419188975711696,0.54568888457639
66,"lag11",2.35361004600297,0.554646514067208
66,"lag12",1.10106216413305,0.480823113102641
67,"lag1",3.01180528650607,0.547287047986318
67,"lag2",8.72276979075934,0.64556646899812
67,"lag3",6.56834784347652,0.632773145919137
67,"lag4",6.11015531922536,0.59238398604704
67,"lag5",1.1673803789524,0.608596073613352
67,"lag6",1.20996861228828,0.538443593245005
67,"lag7",1.63383612724659,0.550915534937217
67,"lag8",-0.329231686986613,0.650574936217206
67,"lag9",-0.960244097811038,0.623751029284289
67,"lag10",2.63254846500788,0.594382324739145
67,"lag11",3.62531657782881,0.615319800865167
67,"lag12",1.83051712644899,0.535579486770914
68,"lag1",1.29673044020215,0.586867702410519
68,"lag2",11.797992822441,0.671986463425516
68,"lag3",12.302014066765,0.66979940945355
68,"lag4",14.2986918912986,0.692224971333845
68,"lag5",4.19786836304931,0.686989965422638
68,"lag6",3.70055022642148,0.58555406127519
68,"lag7",1.21538374801397,0.59156283528905
68,"lag8",0.0652233575428825,0.670469703528844
68,"lag9",0.208415261587171,0.664287231828344
68,"lag10",1.90030196729376,0.693265790547996
68,"lag11",2.77023252407193,0.689963198264386
68,"lag12",0.4273948210414,0.586392020399564
69,"lag1",2.30391655368365,0.531353278020452
69,"lag2",16.2338732465432,0.635197820422168
69,"lag3",15.4283062207933,0.596336254614794
69,"lag4",12.6826406839626,0.567849524825079
69,"lag5",2.3100292355311,0.588720407138615
69,"lag6",1.64640350020794,0.51327154509697
69,"lag7",2.59623021125441,0.534087654810877
69,"lag8",1.28436827239821,0.638799911571637
69,"lag9",2.73739961427447,0.591496111299006
69,"lag10",3.12684346188337,0.569093984866766
69,"lag11",3.81800239542366,0.593384683140072
69,"lag12",3.00309710167838,0.514219720289922
70,"lag1",1.7521809355153,0.527457847469456
70,"lag2",6.36722389052252,0.603403079706021
70,"lag3",6.3895668550708,0.553878047308093
70,"lag4",4.15786279531226,0.582854780041728
70,"lag5",-0.0997207584213036,0.607944620598501
70,"lag6",0.417810093575449,0.51068508778465
70,"lag7",0.795743112495571,0.529760224706438
70,"lag8",0.284668050410012,0.611790483203359
70,"lag9",-0.0765688130121572,0.555867012602189
70,"lag10",0.0898807727844814,0.583310626619558
70,"lag11",1.35692971089933,0.61475419950657
70,"lag12",1.23399106190379,0.512156305036756
71,"lag1",3.10326450331462,0.481859695983643
71,"lag2",4.14843581756387,0.568698883994284
71,"lag3",4.07220498819128,0.531743864603186
71,"lag4",5.9292269007523,0.518244339457829
71,"lag5",1.03445606082016,0.562271373347463
71,"lag6",2.0034646638107,0.477899397815646
71,"lag7",3.06543460659331,0.48700891517311
71,"lag8",0.695280969605517,0.57121279679831
71,"lag9",1.97042287037989,0.528917454269734
71,"lag10",2.69666806325942,0.516255205930807
71,"lag11",0.610308067177607,0.562015578355971
71,"lag12",1.76558587369312,0.477516386656843
72,"lag1",1.79727776818084,0.473902338756889
72,"lag2",-0.956484380689166,0.59982931974841
72,"lag3",0.568303079711326,0.549038303703097
72,"lag4",1.77034903318951,0.516071663164618
72,"lag5",0.811557328329278,0.518121307781747
72,"lag6",2.28605700187953,0.45620620536682
72,"lag7",2.31285819664898,0.484644644454408
72,"lag8",-0.086469497171664,0.608658764692005
72,"lag9",-0.281394452073715,0.55283592652896
72,"lag10",0.905018370555286,0.51808597460516
72,"lag11",0.303797374001315,0.519379540097746
72,"lag12",0.79476113820835,0.455050354945789
73,"lag1",3.24018386700876,0.526398684798768
73,"lag2",7.86672957199032,0.623922384942126
73,"lag3",8.60041020976298,0.576438651341573
73,"lag4",7.9397218846991,0.564740753770223
73,"lag5",1.51315647560244,0.602541555731129
73,"lag6",1.91718939886559,0.53073368391598
73,"lag7",1.42533117877516,0.547034015749186
73,"lag8",0.981816653753253,0.627087267737175
73,"lag9",0.195561579706464,0.577052533302493
73,"lag10",1.51938925632355,0.565854646619376
73,"lag11",0.755346461126954,0.592778337296724
73,"lag12",2.49542666905375,0.522689822043716
74,"lag1",2.19696364543598,0.5496267950463
74,"lag2",6.11896147510857,0.627626477682333
74,"lag3",6.00822748129,0.610827012028386
74,"lag4",6.35694043829632,0.647760304032672
74,"lag5",2.90342550354798,0.639328219918546
74,"lag6",0.59624321252722,0.537888256703497
74,"lag7",1.11455427208124,0.560253135863109
74,"lag8",1.28818774137363,0.629203370924102
74,"lag9",2.07728192477787,0.613977362598836
74,"lag10",2.17936673676988,0.647908033258714
74,"lag11",1.03562616387686,0.638617054970231
74,"lag12",-0.655417558627217,0.533729496934785
75,"lag1",3.16897846878233,0.498785669136392
75,"lag2",4.66244872119363,0.577215139590158
75,"lag3",7.43424079855209,0.551974642017477
75,"lag4",4.94695888397419,0.562091280407364
75,"lag5",0.192748144471021,0.57685476338198
75,"lag6",1.49485874812054,0.488213725234078
75,"lag7",0.842991769583724,0.505143536071727
75,"lag8",-0.247092786438537,0.578923455647513
75,"lag9",0.245085056809067,0.551781591849964
75,"lag10",1.06145895621566,0.55753183990178
75,"lag11",0.315153973401046,0.577613567672653
75,"lag12",1.90095312061419,0.484300460814561
76,"lag1",1.25130739968139,0.485056122017488
76,"lag2",-0.296867810441047,0.568491562004773
76,"lag3",1.87463335497535,0.546242474860562
76,"lag4",3.02811213939132,0.56375993537115
76,"lag5",0.435596529841056,0.561972695851782
76,"lag6",1.74661795262725,0.48827752262293
76,"lag7",2.15123827881918,0.495743233556455
76,"lag8",-0.902678694161552,0.575851057560705
76,"lag9",1.12658025768917,0.550724929840601
76,"lag10",0.117609965642206,0.5596263646421
76,"lag11",0.201733313374157,0.560540855463296
76,"lag12",1.52775242824446,0.483399365329727
77,"lag1",1.99399736645261,0.522587610391864
77,"lag2",4.15542747810948,0.605681246212401
77,"lag3",6.46573570763875,0.595925540385911
77,"lag4",6.44857780655425,0.601744125580843
77,"lag5",-0.370791275319103,0.607312962107316
77,"lag6",0.0361722640435531,0.510451495202945
77,"lag7",2.2046961247028,0.528703191966769
77,"lag8",0.44108649869088,0.610836257663959
77,"lag9",0.185012200655106,0.594740604751966
77,"lag10",2.16820789800998,0.59900900872401
77,"lag11",0.78466421976999,0.610854734923635
77,"lag12",1.60809418914716,0.511581547739264
78,"lag1",2.65264856172434,0.519394344906855
78,"lag2",10.8346543265079,0.629457369996252
78,"lag3",10.9691737459091,0.598974911636353
78,"lag4",10.2112083789994,0.578254379848936
78,"lag5",1.27755520531908,0.601175206793865
78,"lag6",2.43671245548353,0.527078902598163
78,"lag7",2.02593096736754,0.527950887770683
78,"lag8",0.326463939840217,0.629032971939926
78,"lag9",-0.214037094139465,0.597055643149468
78,"lag10",-1.5315896409385,0.581729030150817
78,"lag11",-1.6010051712382,0.600498384864041
78,"lag12",0.271370496229647,0.523358724540847
79,"lag1",1.75261710413448,0.489513531695621
79,"lag2",5.78913659574382,0.576753627220979
79,"lag3",5.99056819400558,0.577375860654705
79,"lag4",5.66799054275273,0.55335433053828
79,"lag5",1.37527795373461,0.587541645096141
79,"lag6",2.63496284257527,0.503227211754424
79,"lag7",2.31843778413867,0.497760567514781
79,"lag8",1.80119583315597,0.582472302211792
79,"lag9",1.21988405855793,0.569056621517477
79,"lag10",0.315959703408666,0.552752484801428
79,"lag11",0.640007704285899,0.583763434972189
79,"lag12",1.49660910684189,0.498417373725178
80,"lag1",0.538920940258416,0.470812124752344
80,"lag2",4.80650510266799,0.542091205618771
80,"lag3",5.65393750700939,0.515558261529129
80,"lag4",6.0678207445275,0.56019523429966
80,"lag5",1.19884516904845,0.567744145916408
80,"lag6",0.595007385344943,0.461030898826783
80,"lag7",0.966538665245184,0.474197179928482
80,"lag8",0.342621261171509,0.544188896348478
80,"lag9",1.66329829945906,0.515947290651623
80,"lag10",1.44653460060248,0.550414849347372
80,"lag11",1.0344801757279,0.564884703081779
80,"lag12",0.558708467051615,0.459199724882951
81,"lag1",2.69628657691084,0.494257492524187
81,"lag2",12.0687449089048,0.573214306020178
81,"lag3",11.3590753851988,0.570704017857596
81,"lag4",11.2595063009517,0.545476551436376
81,"lag5",2.31772006506533,0.574163000189598
81,"lag6",3.19070946985138,0.48828633494603
81,"lag7",3.15882036150813,0.496474272068089
81,"lag8",0.789425172870626,0.577824907390475
81,"lag9",-0.0416688734531368,0.572198128901524
81,"lag10",3.38680459253379,0.548264481045934
81,"lag11",3.28330293470513,0.576053024091293
81,"lag12",3.83523994749699,0.490114107916309
82,"lag1",2.67634173797761,0.532938420164215
82,"lag2",7.04592480367615,0.634176871270185
82,"lag3",6.64163686409024,0.601383857317946
82,"lag4",7.39903720044688,0.590436797064384
82,"lag5",-0.162532510424908,0.614729010060432
82,"lag6",2.02137294427192,0.54194447091562
82,"lag7",4.35085295495921,0.548468939461374
82,"lag8",1.56434098382217,0.643697783146671
82,"lag9",-0.100285580705718,0.603100545156512
82,"lag10",0.248126447086108,0.591661729777431
82,"lag11",0.793398180275605,0.613424333522567
82,"lag12",2.00264135374345,0.537455327456961
83,"lag1",1.57705116808568,0.494613917065381
83,"lag2",-0.186679076026325,0.603397273629344
83,"lag3",2.4439714841873,0.552254137288947
83,"lag4",2.02574053223758,0.530413899793948
83,"lag5",0.538195265219609,0.536071707882814
83,"lag6",0.635626430587918,0.470199734489442
83,"lag7",0.384003149492292,0.502762983311951
83,"lag8",-1.43225205375708,0.611044322949415
83,"lag9",0.284732978843563,0.55581365667279
83,"lag10",2.55232645361805,0.532858076516037
83,"lag11",0.695407508984849,0.538083934537112
83,"lag12",0.276406032548036,0.468410431248737
84,"lag1",1.98267575305575,0.505332774382281
84,"lag2",6.54399784083273,0.579781340499918
84,"lag3",8.57033143901236,0.572004137846665
84,"lag4",8.05258290372091,0.584128254702242
84,"lag5",2.15294691546553,0.59856450795842
84,"lag6",1.3634268008466,0.505208893840169
84,"lag7",1.264816092961,0.516368461823854
84,"lag8",1.01596100542646,0.586164278241533
84,"lag9",-0.674330429928628,0.572685582181621
84,"lag10",0.605796269873357,0.583966412553256
84,"lag11",1.43777176469271,0.601784117097994
84,"lag12",2.35293704269942,0.504745857467683
85,"lag1",1.12674243799187,0.502560624883879
85,"lag2",1.8731325559119,0.592968650675462
85,"lag3",2.37475953635463,0.54729425595748
85,"lag4",1.94024933584537,0.546053775883995
85,"lag5",-0.123620107958456,0.563242816333797
85,"lag6",0.706248101054063,0.477095888307643
85,"lag7",3.44247275776398,0.508177829237341
85,"lag8",1.80093263414844,0.595379421191937
85,"lag9",0.223544410532524,0.546648466726014
85,"lag10",2.63307398936891,0.542528725444541
85,"lag11",2.01098069618023,0.565615212576847
85,"lag12",1.74423489027455,0.47900507289769
86,"lag1",2.3542209395667,0.493708079464147
86,"lag2",4.91859549413766,0.585973993961611
86,"lag3",7.35141554611414,0.548063552766858
86,"lag4",6.22725429891649,0.551323770159071
86,"lag5",1.58195113768917,0.548837980603143
86,"lag6",1.57323590105807,0.486026372142258
86,"lag7",1.93059141711862,0.499654248109342
86,"lag8",-0.428785490865037,0.592313539042126
86,"lag9",0.152802961107993,0.551452628139759
86,"lag10",2.97256367590623,0.553075323747397
86,"lag11",3.30196972443356,0.552310313841922
86,"lag12",2.45999412426922,0.487653999885911
87,"lag1",4.05561074100763,0.512947855820966
87,"lag2",6.24623785271481,0.589782516373255
87,"lag3",4.33650114266832,0.560884861831644
87,"lag4",2.73926084287009,0.594343933195046
87,"lag5",-0.513007459362473,0.578946771486686
87,"lag6",-0.478811186094096,0.492373206660141
87,"lag7",0.296607504395801,0.518762110967803
87,"lag8",0.440629787667728,0.59607246965258
87,"lag9",-0.297263869677081,0.563883528812636
87,"lag10",1.0267032542679,0.594463018724256
87,"lag11",0.449003283567481,0.580704563552535
87,"lag12",0.16141465971753,0.492376584281612
88,"lag1",2.06915185832967,0.449015271459658
88,"lag2",0.189797996299466,0.514400433678033
88,"lag3",3.31846525003768,0.473872303717732
88,"lag4",3.9308811213394,0.47957982999781
88,"lag5",1.81032744341046,0.518032640022574
88,"lag6",1.22277973718002,0.430812385024851
88,"lag7",1.49926492561664,0.456641196729182
88,"lag8",-0.663348168706217,0.523371502740182
88,"lag9",1.50442263309108,0.477660277589016
88,"lag10",3.37734893414626,0.485304127335314
88,"lag11",3.03303915558542,0.523372768614058
88,"lag12",2.67552969963021,0.427175832582382
89,"lag1",3.31540559474466,0.527860391482482
89,"lag2",14.2176560419718,0.617784712924831
89,"lag3",13.3563752830738,0.57593652492055
89,"lag4",9.52830508073404,0.572279663152746
89,"lag5",1.51852335196802,0.613854178044668
89,"lag6",1.51878576065792,0.536945234583672
89,"lag7",2.75286669882975,0.531511312130224
89,"lag8",1.64434841603278,0.622258081625657
89,"lag9",1.68080586381194,0.573626105042808
89,"lag10",2.46482621452898,0.565421343526336
89,"lag11",2.12170769267746,0.615672855104282
89,"lag12",3.11412536969397,0.533556393024683
90,"lag1",3.0084621644156,0.499036964584069
90,"lag2",4.98166238953917,0.564606056922649
90,"lag3",5.57713991609189,0.520631091464544
90,"lag4",5.19540721455929,0.55371154231283
90,"lag5",1.10512759289374,0.583011307336611
90,"lag6",1.24316200534496,0.483268131120496
90,"lag7",1.53357552252368,0.501461072742089
90,"lag8",0.51871225326702,0.572041316058673
90,"lag9",-0.017570931034653,0.523750902535615
90,"lag10",1.6515240148662,0.5508178280373
90,"lag11",2.12554097156846,0.584889496009232
90,"lag12",2.68291937757438,0.486890347777479
91,"lag1",3.17372610619613,0.497839205931069
91,"lag2",-0.25715197135626,0.607732645826958
91,"lag3",0.819902865460298,0.571186391206279
91,"lag4",2.23392120737163,0.537338719214521
91,"lag5",-0.172026026267732,0.541382002782208
91,"lag6",0.613852252747884,0.473736673663336
91,"lag7",1.69873458951505,0.505238848413291
91,"lag8",-0.4521000488071,0.613207673933961
91,"lag9",-0.279873412013441,0.568185268236932
91,"lag10",2.11489838348368,0.537909835886177
91,"lag11",0.985738691804415,0.548492231693412
91,"lag12",1.79292326465844,0.475822642805753
92,"lag1",2.11508752130032,0.498772192022033
92,"lag2",6.37347587773953,0.596503335703087
92,"lag3",6.78625692872532,0.58559272976584
92,"lag4",5.6186940711272,0.56733158229357
92,"lag5",0.524938229880493,0.598773024494673
92,"lag6",2.41543221815975,0.510436774795295
92,"lag7",1.69990666561497,0.507999734287984
92,"lag8",0.41965894004606,0.603849630166221
92,"lag9",0.328695482985609,0.583191276625172
92,"lag10",0.518929471454872,0.562456612288419
92,"lag11",1.45801541734506,0.597583578273451
92,"lag12",1.23535399149289,0.505832141014892
93,"lag1",2.08827488894621,0.551272445224554
93,"lag2",5.29810138998189,0.619276790534597
93,"lag3",5.14259182937865,0.598656255895193
93,"lag4",6.27452492492536,0.650398053556122
93,"lag5",0.401678212015889,0.641601274135503
93,"lag6",0.959040841628589,0.531221695024957
93,"lag7",1.70664167389281,0.553231350391882
93,"lag8",-0.0378725895580585,0.625669151975738
93,"lag9",-0.525099234003602,0.59873257279947
93,"lag10",1.60031134157897,0.648219840371504
93,"lag11",1.22210906894528,0.649637312067672
93,"lag12",2.06080045233037,0.535773009385268
94,"lag1",0.929801255928664,0.46698398432415
94,"lag2",8.44888326310171,0.54641936030771
94,"lag3",7.69485754886682,0.52573385461108
94,"lag4",8.88567406344196,0.539426193352335
94,"lag5",2.22236974256426,0.547766701312181
94,"lag6",2.39254711823436,0.46835593664051
94,"lag7",3.29478247677202,0.476282257149708
94,"lag8",1.72725694855103,0.551565474300001
94,"lag9",1.14394027613085,0.525810560396672
94,"lag10",1.22933243205998,0.538914503587325
94,"lag11",1.43690637634543,0.547227517771689
94,"lag12",2.28521016748659,0.462302909102022
95,"lag1",1.99501525490102,0.47971542484275
95,"lag2",0.724772195432607,0.544258110197603
95,"lag3",1.78153468297435,0.538309333963979
95,"lag4",3.43339268190544,0.558566511787292
95,"lag5",-0.029236648955249,0.558268731855721
95,"lag6",1.94591740712163,0.471494023776752
95,"lag7",2.72858054332975,0.495806458070121
95,"lag8",0.166929195687444,0.552310727704245
95,"lag9",-0.801024367603542,0.541709490781794
95,"lag10",-0.132290857329944,0.56137601007586
95,"lag11",0.471614398664284,0.551941117784469
95,"lag12",1.14314074273311,0.468709073264272
96,"lag1",2.66964927395157,0.492776765502321
96,"lag2",5.7543914367313,0.579315303249591
96,"lag3",6.90226098789223,0.559737890498279
96,"lag4",7.05049441941665,0.549832042611302
96,"lag5",2.0337781422277,0.57572309041761
96,"lag6",1.87268063642564,0.491793288239984
96,"lag7",1.91193211779847,0.498035601023482
96,"lag8",-0.0289067945956614,0.585280548841785
96,"lag9",0.913798020442507,0.558545797697617
96,"lag10",1.59325461599333,0.550342918171846
96,"lag11",1.73372958828172,0.577623653342387
96,"lag12",-0.0163445363397325,0.490981530496236
97,"lag1",0.0352160784703344,0.503125502132302
97,"lag2",0.18164124961268,0.574528044443384
97,"lag3",2.5847954454116,0.55041839554236
97,"lag4",2.35641324849523,0.548024157831988
97,"lag5",0.0855717207189388,0.561867365739705
97,"lag6",0.375700695184057,0.492594577468924
97,"lag7",1.78743642297361,0.511557497064149
97,"lag8",1.39333398025864,0.579793764256943
97,"lag9",0.721129652822457,0.551073104087477
97,"lag10",3.43059530865739,0.548439317203563
97,"lag11",2.36185870817072,0.561687356970465
97,"lag12",2.14811905232354,0.49167943326308
98,"lag1",2.28260468861176,0.49774271937621
98,"lag2",0.363220222153621,0.586810126219644
98,"lag3",0.725627453971321,0.550665755232197
98,"lag4",0.417266574686058,0.534048420300712
98,"lag5",-0.834091419897031,0.554058648807037
98,"lag6",-0.0966002227438223,0.479270679141946
98,"lag7",2.73164575387102,0.506326153864739
98,"lag8",1.48395387343689,0.591245946434589
98,"lag9",1.15591113573149,0.550296440404272
98,"lag10",0.671165198718431,0.530948659263158
98,"lag11",0.291971385853263,0.553948574421978
98,"lag12",1.3695953564575,0.477738925180582
99,"lag1",2.31653737282372,0.518557807990239
99,"lag2",1.11039418461654,0.607235748451352
99,"lag3",2.85038676544495,0.568979890856069
99,"lag4",3.52129854329254,0.572518512517413
99,"lag5",0.739096056881994,0.59624379830275
99,"lag6",2.4809908674796,0.505533442142708
99,"lag7",2.0125162429548,0.523223328423962
99,"lag8",-0.0118692576107631,0.609807920218598
99,"lag9",-0.988390371278829,0.571098468310192
99,"lag10",-0.947233062226873,0.574568305562005
99,"lag11",-2.53990188163781,0.595066398840361
99,"lag12",-0.341824222624222,0.50817272497507
100,"lag1",3.23952423311822,0.509140662232027
100,"lag2",6.44501459654106,0.596074841536832
100,"lag3",6.38314465090308,0.537724365581416
100,"lag4",7.68084684345794,0.55812457377786
100,"lag5",3.04626676623436,0.599913410877645
100,"lag6",1.08000332710352,0.502027423853768
100,"lag7",1.86859432744103,0.521780881798568
100,"lag8",1.74104505406843,0.602788702722602
100,"lag9",1.65191672863748,0.538841299945857
100,"lag10",2.94505375649419,0.560192773450959
100,"lag11",2.92661679809089,0.603087587014463
100,"lag12",1.37840167349189,0.501244485870461
101,"lag1",2.37988844776347,0.478746641218117
101,"lag2",9.34855875029566,0.580906564281396
101,"lag3",10.192362059076,0.529025003153859
101,"lag4",7.41184785414761,0.520597717470589
101,"lag5",1.56155374227938,0.537471929071325
101,"lag6",2.00532388269278,0.46163434619289
101,"lag7",2.56998853011524,0.488029593365806
101,"lag8",1.05228818335002,0.580790261790269
101,"lag9",0.950599827400913,0.533454204593515
101,"lag10",1.96418371071667,0.517236463298781
101,"lag11",2.51582907520493,0.537528791524876
101,"lag12",1.09588386252643,0.463653088789964
102,"lag1",3.47311664375144,0.580040530255072
102,"lag2",9.36692342703493,0.656180270001812
102,"lag3",9.23044938989403,0.615691220442193
102,"lag4",8.85854063113971,0.651552823835186
102,"lag5",2.07634559650458,0.684797061826146
102,"lag6",2.21146575214423,0.57934449514404
102,"lag7",1.95039062420048,0.586097249013376
102,"lag8",1.65143232828236,0.65708938565112
102,"lag9",2.02517161278271,0.614892870907935
102,"lag10",1.60817222505417,0.649994762564819
102,"lag11",1.13487396579197,0.683544927881742
102,"lag12",1.9210436456004,0.575933576953709
103,"lag1",1.91536677582732,0.60266486949038
103,"lag2",3.45252669343542,0.693759460901662
103,"lag3",4.14373863557369,0.647017264666004
103,"lag4",6.15771396190451,0.678533720131792
103,"lag5",1.59805893412143,0.684761814727874
103,"lag6",2.12065134067705,0.570094553962794
103,"lag7",0.754959769763729,0.607951196323904
103,"lag8",-0.5951258312374,0.692338716960168
103,"lag9",0.414216520262621,0.644852958588191
103,"lag10",0.654314012613679,0.672235545706257
103,"lag11",-0.403755243283334,0.67957707466082
103,"lag12",0.439233560552847,0.568191827652516
104,"lag1",0.748141117482059,0.518113859718927
104,"lag2",0.728538963082018,0.616060618764822
104,"lag3",3.1621881097765,0.61098233743096
104,"lag4",1.824830960745,0.588852509883888
104,"lag5",1.232719766674,0.583756276800069
104,"lag6",1.99063274314302,0.516095380151456
104,"lag7",2.30134690111771,0.526336791767549
104,"lag8",1.33098902032228,0.62761190842851
104,"lag9",2.20429627555205,0.611011638487279
104,"lag10",0.525760884561288,0.592649681420403
104,"lag11",0.117077227144213,0.586496621286573
104,"lag12",1.02460406836053,0.514198384506619
105,"lag1",1.61599162848573,0.458035460505684
105,"lag2",2.76264086983493,0.526899726631568
105,"lag3",2.95106575938725,0.535518760481198
105,"lag4",3.00786936777407,0.535502705639616
105,"lag5",2.53996243109869,0.520621962261891
105,"lag6",1.25064241136958,0.444887502569521
105,"lag7",0.473381751813213,0.461897526677689
105,"lag8",0.298528414124553,0.52679397102611
105,"lag9",-1.13140796930311,0.532664759378096
105,"lag10",1.13784810962686,0.534884438178027
105,"lag11",2.06499681755437,0.523259278250281
105,"lag12",0.605572675443644,0.44534678140222
106,"lag1",1.34370946254343,0.505734612811634
106,"lag2",10.7194677231164,0.571039178502468
106,"lag3",12.752661187993,0.561722814213348
106,"lag4",11.5333452714641,0.566716697493806
106,"lag5",2.43621226578108,0.577476307549528
106,"lag6",2.07184951968869,0.488320122642031
106,"lag7",1.04370998390452,0.505301457544346
106,"lag8",0.442680369872298,0.569126291104156
106,"lag9",2.51360574611477,0.55453560054809
106,"lag10",1.2316374975632,0.56059567577998
106,"lag11",1.33080852063203,0.574044390800199
106,"lag12",0.914578430372978,0.485534228209279
107,"lag1",3.35313067482744,0.466882087199676
107,"lag2",5.51708362040465,0.571648875948483
107,"lag3",5.58619483572406,0.534325332404794
107,"lag4",4.15889379016121,0.49820319708757
107,"lag5",0.235084745082174,0.526917306966508
107,"lag6",2.58328791962726,0.46937382296224
107,"lag7",3.32116587394596,0.473941791137058
107,"lag8",1.17421070426383,0.570703052421188
107,"lag9",0.0813179947947421,0.534091873869326
107,"lag10",-0.247216466540201,0.501016719093547
107,"lag11",-0.816948205389598,0.528700700083103
107,"lag12",1.41798429641634,0.473089016889834
108,"lag1",3.0146518843751,0.545808333738433
108,"lag2",10.4731641755026,0.630956401580041
108,"lag3",10.3448492314748,0.600163737735266
108,"lag4",6.86350562690414,0.600328037317278
108,"lag5",-0.542734323998728,0.624112076909723
108,"lag6",-0.377814327579712,0.525559822173214
108,"lag7",0.526196627585202,0.553706067166538
108,"lag8",0.492815223101591,0.633191783845699
108,"lag9",0.124241040297879,0.603723382767987
108,"lag10",1.58086318485878,0.605520111105307
108,"lag11",1.82499312443319,0.629874583479049
108,"lag12",0.855416909285172,0.528375803919956
109,"lag1",0.253797653489093,0.504693394536753
109,"lag2",-1.21619888894193,0.600879072597604
109,"lag3",2.12976059852046,0.588419609545981
109,"lag4",0.907440189532345,0.567386763393242
109,"lag5",0.80123420783317,0.568619052892044
109,"lag6",0.801448901778742,0.486905504255039
109,"lag7",2.34555558638393,0.510097485173405
109,"lag8",-0.417311590962717,0.602967846641526
109,"lag9",0.245321848962603,0.591424693196855
109,"lag10",2.00982473757363,0.576152335411154
109,"lag11",2.02115400285909,0.577178518155187
109,"lag12",2.44330550200343,0.491214192637152
110,"lag1",1.17001558053342,0.451075938003735
110,"lag2",2.40954916107108,0.520768632084945
110,"lag3",3.15460021105901,0.503581722217658
110,"lag4",2.54852236078178,0.493844352056024
110,"lag5",1.81405535491213,0.520610748238499
110,"lag6",2.08320424929079,0.440644962186026
110,"lag7",1.53746425705618,0.45015906026707
110,"lag8",0.758073499823039,0.521824917483426
110,"lag9",0.0849843614873974,0.500362830994988
110,"lag10",0.984525485968219,0.494919479927846
110,"lag11",-0.70552533330846,0.521419462394436
110,"lag12",0.545369716328845,0.436892701105887
111,"lag1",1.79101597636544,0.495609507658894
111,"lag2",-0.0510062063644495,0.573243102054794
111,"lag3",1.65924906060887,0.557106981936263
111,"lag4",1.58220580019005,0.544908916086174
111,"lag5",0.725771548154,0.576332862726721
111,"lag6",1.76101652928987,0.502100213793525
111,"lag7",-0.102577725500846,0.500319208409037
111,"lag8",-0.507663154727422,0.577381749781101
111,"lag9",-1.48145982161985,0.555088281363542
111,"lag10",-0.169763456139238,0.545121990259534
111,"lag11",0.233570084767329,0.576360974929509
111,"lag12",1.83158972931976,0.500366580206431
112,"lag1",1.69385626658136,0.49248561580432
112,"lag2",6.81290043420502,0.563576344705707
112,"lag3",8.52908085968373,0.549879559202538
112,"lag4",8.03275755218406,0.550672133067219
112,"lag5",1.57174281242066,0.546293800278438
112,"lag6",1.15921458099143,0.484593838717369
112,"lag7",2.29113063008056,0.502794976067045
112,"lag8",0.233242843578167,0.570683166455195
112,"lag9",1.3909322805972,0.55359192371948
112,"lag10",3.33654998417937,0.552751455063121
112,"lag11",2.28071982238887,0.549446779891946
112,"lag12",3.15990305056435,0.483682702828155
113,"lag1",2.31636771687418,0.502687435653683
113,"lag2",6.40412984809614,0.579267588194191
113,"lag3",6.39173442077737,0.561308859264227
113,"lag4",5.49155185739744,0.580612818605729
113,"lag5",0.941348976479322,0.591493088544306
113,"lag6",1.33757174158424,0.49254939629651
113,"lag7",1.53825235625249,0.50664409365517
113,"lag8",0.265829021955753,0.583908328083037
113,"lag9",0.555845090988556,0.556721358896186
113,"lag10",0.299514253303578,0.573677481289981
113,"lag11",-0.239934747475616,0.591111994253939
113,"lag12",0.783235009313388,0.486343938734864
114,"lag1",3.06723577507064,0.48678752457883
114,"lag2",10.5697903917916,0.55256716661179
114,"lag3",8.30717519280391,0.51735356522464
114,"lag4",8.28039553300942,0.543224632417399
114,"lag5",2.95952871001839,0.578235382906852
114,"lag6",2.21248432307927,0.479749788164066
114,"lag7",2.89592067196354,0.488697714233979
114,"lag8",0.926436260540451,0.557819614507039
114,"lag9",0.501031114775099,0.516043115201942
114,"lag10",0.986215543878598,0.545217818131327
114,"lag11",3.37519173253308,0.583683183428343
114,"lag12",2.51870314641019,0.479919454882251
115,"lag1",0.784495079813329,0.485541512999892
115,"lag2",5.57852942749445,0.577328604953647
115,"lag3",6.19835193830145,0.527464690790322
115,"lag4",6.41325407277118,0.537989327422803
115,"lag5",1.63790295683615,0.553300305812483
115,"lag6",3.25610182904573,0.468050303169227
115,"lag7",4.37411617173976,0.492781117908821
115,"lag8",1.68012002701689,0.584978788056015
115,"lag9",1.66872830357102,0.532288627790907
115,"lag10",2.28569635793075,0.534922765167405
115,"lag11",2.50047056151801,0.55274964918927
115,"lag12",2.51714258955982,0.467448999243968
116,"lag1",2.14301395194822,0.531452083053826
116,"lag2",0.812347479692275,0.648735118084701
116,"lag3",1.5145304236272,0.594201078494383
116,"lag4",1.84226191583607,0.578143459202793
116,"lag5",0.920603609667402,0.574697384636017
116,"lag6",0.621434065970522,0.509283397541435
116,"lag7",-0.591820399749668,0.540735831688457
116,"lag8",-1.43262238258134,0.652209245719759
116,"lag9",-0.247470072580541,0.593939755922317
116,"lag10",1.50112372806867,0.575948408369023
116,"lag11",1.45688392317817,0.578147796873193
116,"lag12",1.91901743656924,0.510256634087922
117,"lag1",1.13280706517016,0.471218022518019
117,"lag2",-1.45963577964065,0.527996862737574
117,"lag3",-0.440154450548203,0.533067255972517
117,"lag4",0.0857906581840224,0.545119013319888
117,"lag5",-0.715542003091024,0.551933196399678
117,"lag6",0.538798913635031,0.47460391424772
117,"lag7",0.748075740624196,0.47301849954506
117,"lag8",-0.835688486194182,0.525793294171423
117,"lag9",-0.351786773241747,0.533315770798017
117,"lag10",-1.98807282341342,0.544060650113105
117,"lag11",-0.171249917269491,0.551742558635561
117,"lag12",0.843663676169394,0.475615080480127
118,"lag1",0.745848638039755,0.458963234283866
118,"lag2",0.038524007912643,0.534317909921536
118,"lag3",1.21115345499764,0.5083452869423
118,"lag4",2.30648472750577,0.496590249205264
118,"lag5",1.7805938349093,0.530478247157657
118,"lag6",2.1455809407643,0.454112131103556
118,"lag7",2.44942046916677,0.461838207030468
118,"lag8",0.542240562258607,0.538842405649724
118,"lag9",0.533544590891322,0.509767740168355
118,"lag10",0.50967708498375,0.497337770072594
118,"lag11",1.46266914732351,0.539313751349392
118,"lag12",1.85053346517943,0.455692851224569
119,"lag1",2.95414734377619,0.470537437220652
119,"lag2",8.77953131039603,0.55869815395024
119,"lag3",7.38871825343667,0.535815123841772
119,"lag4",7.63611563275744,0.526327438909295
119,"lag5",0.792100152614425,0.556678106367748
119,"lag6",1.35025168239797,0.457553348209257
119,"lag7",2.03206572305443,0.476785465758052
119,"lag8",-0.126918174295349,0.561267875533908
119,"lag9",0.810627645616666,0.531599964401009
119,"lag10",2.26558574133294,0.525792578246176
119,"lag11",1.821720096323,0.559323257682456
119,"lag12",2.26968238869969,0.457416887212741
120,"lag1",4.48680274475318,0.562372966046951
120,"lag2",11.4943297192632,0.625361730379213
120,"lag3",13.6967291835274,0.626391264782025
120,"lag4",13.5664008937285,0.618598701870065
120,"lag5",4.0022326874721,0.645160228144745
120,"lag6",4.29543568572136,0.556157886964257
120,"lag7",3.60158184195569,0.572639763395302
120,"lag8",0.7316999976809,0.626540794398102
120,"lag9",1.03811060662313,0.628597789275683
120,"lag10",3.40988367001371,0.620083640546528
120,"lag11",0.9582419407043,0.644002180538259
120,"lag12",2.38596432835403,0.556445996759019
121,"lag1",1.72409573223795,0.5663356687939
121,"lag2",4.44905881285867,0.653403580908087
121,"lag3",4.46302668898556,0.611091043512469
121,"lag4",3.66082649184365,0.627911280335401
121,"lag5",-0.0596841653867764,0.649363257244295
121,"lag6",0.769161101429647,0.564423911786239
121,"lag7",1.85467508386898,0.582391309960872
121,"lag8",0.538820781792103,0.658561221629949
121,"lag9",-0.025301857969209,0.615363117153706
121,"lag10",0.279338556125112,0.631271542490938
121,"lag11",1.77760696341168,0.642525578170079
121,"lag12",1.44182485099685,0.559989324788652
122,"lag1",2.07987244570185,0.552079864604806
122,"lag2",6.17905979475035,0.642546533612602
122,"lag3",6.13972468239163,0.619042328952319
122,"lag4",5.87493969960076,0.655130845410303
122,"lag5",1.29611856222328,0.643002712939677
122,"lag6",0.628185005685676,0.556181065061829
122,"lag7",1.08087066378197,0.55918159672331
122,"lag8",-0.450007110896026,0.644088110137025
122,"lag9",-0.97149567413469,0.620289073550719
122,"lag10",-0.505286853756929,0.652407812873136
122,"lag11",0.61508172128856,0.642710518649635
122,"lag12",-0.952833229407668,0.554472980329243
123,"lag1",1.18218459578498,0.482243266260628
123,"lag2",7.07493223308567,0.562348570123306
123,"lag3",8.45347706092497,0.55480656557278
123,"lag4",8.09876707537112,0.59298835562201
123,"lag5",2.98264846474663,0.607183155459062
123,"lag6",2.03047459435586,0.500037471839458
123,"lag7",0.71856640330841,0.48765930497779
123,"lag8",0.455893452466297,0.562179596659344
123,"lag9",0.721534271305762,0.553659797292323
123,"lag10",0.819537073327932,0.588666511144106
123,"lag11",2.15339146803747,0.607863292536582
123,"lag12",2.59612764711839,0.501972112145514
124,"lag1",1.79337732865851,0.535696659782195
124,"lag2",10.9896387898596,0.627978977654753
124,"lag3",11.6891346344241,0.596234001867012
124,"lag4",11.9119093691207,0.583091119630476
124,"lag5",2.10926358411302,0.601930187588728
124,"lag6",1.99272850232579,0.521019228603414
124,"lag7",1.82729568745729,0.549518290832769
124,"lag8",0.73014776841421,0.629959651763685
124,"lag9",1.21581370271259,0.589080506988474
124,"lag10",1.16127694099552,0.581563808093143
124,"lag11",1.41100968166938,0.600443321394782
124,"lag12",2.2600159855875,0.513868810790711
125,"lag1",2.92414988164647,0.507549457121492
125,"lag2",14.5040288496337,0.604983324497981
125,"lag3",14.5247380280941,0.58233922298318
125,"lag4",15.0934543917576,0.59663670340729
125,"lag5",3.54139524613224,0.616681198550713
125,"lag6",2.73843151967735,0.520416714792332
125,"lag7",3.68992852548121,0.518317951480812
125,"lag8",1.9476598548841,0.611802690386872
125,"lag9",0.907855747132058,0.586307943467555
125,"lag10",3.35174645770369,0.59353820190817
125,"lag11",4.77679668282359,0.61598026832294
125,"lag12",4.67191578124898,0.52256287100262
126,"lag1",1.59286391935744,0.49948389427881
126,"lag2",2.09137358081905,0.586791567821239
126,"lag3",3.21416638557932,0.555145937855101
126,"lag4",1.70956345530943,0.555362877619503
126,"lag5",-1.18980047127211,0.552329522330297
126,"lag6",0.899697157909362,0.488997063280149
126,"lag7",1.77660549915473,0.511068780951471
126,"lag8",-0.387866845030369,0.587712495838199
126,"lag9",-0.559148099928917,0.555580072365466
126,"lag10",0.737180353613607,0.555472764626588
126,"lag11",0.324010372095615,0.555380462131414
126,"lag12",1.39695804862184,0.48739530251098
127,"lag1",2.08354885078151,0.530874695407741
127,"lag2",0.317919967066607,0.617186728502193
127,"lag3",1.56196458423352,0.566909146483377
127,"lag4",2.1697650036698,0.569338743043098
127,"lag5",-0.3705194859426,0.6117877805995
127,"lag6",1.82632639676081,0.524753793700737
127,"lag7",2.04611198287916,0.534011280151238
127,"lag8",0.411649835822272,0.620187423079939
127,"lag9",-0.648283245457584,0.570471969856133
127,"lag10",-0.266347505549604,0.565717400381307
127,"lag11",1.40945141324686,0.611627728416621
127,"lag12",0.692541861268145,0.521293565768276
128,"lag1",3.21258882726606,0.483895344579941
128,"lag2",4.81549534754416,0.553822319926207
128,"lag3",4.80732696341916,0.543341868195026
128,"lag4",1.34747583048475,0.551958142076206
128,"lag5",0.676430225343013,0.558192749304037
128,"lag6",0.840072816489721,0.474663517563008
128,"lag7",2.21062105225897,0.490514727855391
128,"lag8",1.79506863165002,0.558860725096825
128,"lag9",0.518941790133628,0.544351793835373
128,"lag10",-0.417920173660081,0.553166654258091
128,"lag11",1.05476502949771,0.563447019749813
128,"lag12",1.679643746238,0.475096486153151
129,"lag1",2.37910119104599,0.495996668726654
129,"lag2",6.31677700646765,0.595330867557175
129,"lag3",5.90657526701486,0.566111392527458
129,"lag4",4.80776893793536,0.545808971233626
129,"lag5",1.10527819092451,0.568151683390645
129,"lag6",0.66125978523055,0.481766485625466
129,"lag7",0.722026420412694,0.501564405358276
129,"lag8",0.435843203839588,0.597332163001904
129,"lag9",0.9076968258624,0.564597930032264
129,"lag10",3.62626641106692,0.545493143176731
129,"lag11",3.88638582560941,0.571236333713685
129,"lag12",1.83037837137091,0.481173846783569
130,"lag1",3.18835630657971,0.560051340893464
130,"lag2",4.46036554816943,0.655292809134257
130,"lag3",3.87638917503539,0.618496835684455
130,"lag4",2.54119778293457,0.616903696585261
130,"lag5",-1.34830247479253,0.667073467573637
130,"lag6",-0.128837636530572,0.560613211466347
130,"lag7",3.27155624088918,0.570535356365652
130,"lag8",2.39690728572105,0.663641200320014
130,"lag9",1.86934700685778,0.621539234026901
130,"lag10",0.961231716289409,0.616846589810279
130,"lag11",1.02766870875982,0.673056373777869
130,"lag12",-1.03432512713221,0.563014430373008
131,"lag1",3.05186643755593,0.509096929967254
131,"lag2",12.1549777788898,0.586103645800367
131,"lag3",11.8130647115788,0.552761598969457
131,"lag4",11.9472601271744,0.546950070214672
131,"lag5",1.98231542349601,0.576730060955667
131,"lag6",1.90262614629073,0.500731997126349
131,"lag7",2.6299270974563,0.517152237343429
131,"lag8",1.47317163606506,0.587909463207314
131,"lag9",0.918745158551084,0.551164023573228
131,"lag10",3.02222643985716,0.547389952449404
131,"lag11",2.42262395759402,0.574646383140658
131,"lag12",1.19879621241362,0.49736678031996
132,"lag1",2.279935737851,0.550064374407079
132,"lag2",5.30567381847243,0.611393741986027
132,"lag3",5.21259538865636,0.56449178526348
132,"lag4",4.15806586571656,0.604581484513946
132,"lag5",0.352265717104246,0.646711984502819
132,"lag6",-0.305413757871815,0.537071264783765
132,"lag7",1.68463690542065,0.555710910634975
132,"lag8",0.596529259877824,0.619877908407291
132,"lag9",0.483561710271897,0.56201480117491
132,"lag10",0.584501758078651,0.605890887157962
132,"lag11",-0.132684562332317,0.649075461456866
132,"lag12",-0.618381593456419,0.536010230570154
133,"lag1",1.8062059208324,0.49919203817111
133,"lag2",6.18039601420194,0.582056425259035
133,"lag3",7.1314788770408,0.574087510761127
133,"lag4",7.16097041091575,0.551289628344942
133,"lag5",1.96432227008635,0.568852537757631
133,"lag6",0.766003262956526,0.490501552522526
133,"lag7",1.72744511456532,0.508188782816015
133,"lag8",-0.224479369649254,0.58412220040383
133,"lag9",-0.947950051589511,0.576951572202265
133,"lag10",3.69079476972163,0.562676478689034
133,"lag11",3.26971926469361,0.57454816920945
133,"lag12",2.7042647342369,0.490876191342355
134,"lag1",2.35886751489026,0.509466078114674
134,"lag2",11.2848894664918,0.588374666100263
134,"lag3",10.9927433795478,0.554126254440648
134,"lag4",11.7701515261077,0.580462197202065
134,"lag5",2.47366633341687,0.607446264014154
134,"lag6",3.00838942006032,0.506072358824551
134,"lag7",3.29658967664961,0.515463952542369
134,"lag8",1.71433486646159,0.590949147203038
134,"lag9",0.605992085726934,0.554680270894826
134,"lag10",2.08093538043763,0.576416081890576
134,"lag11",1.19868524643836,0.604789903912803
134,"lag12",2.45479617236116,0.504605105801681
135,"lag1",1.53615395907273,0.502644292686682
135,"lag2",3.42395502477663,0.554501817083152
135,"lag3",5.55966644504615,0.570471124779266
135,"lag4",6.75280157307448,0.605244867114433
135,"lag5",2.71706481255327,0.606557058545874
135,"lag6",1.70319750116735,0.503569520859485
135,"lag7",2.50517036197591,0.509547872446477
135,"lag8",0.713280809154034,0.556505946271117
135,"lag9",0.61877977593319,0.568437753368283
135,"lag10",3.12452869271183,0.609129068134968
135,"lag11",3.54427402788986,0.604812617793574
135,"lag12",2.1034188696503,0.500980587588484
136,"lag1",2.67643543406082,0.51835621386495
136,"lag2",15.822970032866,0.590863966173637
136,"lag3",16.4368625548499,0.58767498997845
136,"lag4",16.2976435785811,0.598178570866827
136,"lag5",2.91736825729237,0.6237932823227
136,"lag6",3.55139911489103,0.534084178420338
136,"lag7",3.62081534666483,0.524154705222602
136,"lag8",1.7529975795444,0.589114545469461
136,"lag9",2.26812543217067,0.579938603890948
136,"lag10",1.46051481342696,0.595360569108389
136,"lag11",1.63652579655192,0.624226400511413
136,"lag12",3.27524954639337,0.529935747542628
137,"lag1",1.1296478651317,0.507927716709776
137,"lag2",-0.276534105702141,0.587718109248751
137,"lag3",0.948101006871536,0.540488039743936
137,"lag4",0.673058808939216,0.55752307800944
137,"lag5",-1.83240122037154,0.59481052736253
137,"lag6",-1.07412602890114,0.495629789344308
137,"lag7",0.675654151788608,0.512643018045757
137,"lag8",-0.6652133066923,0.593279139126746
137,"lag9",0.550806383428372,0.538432567850976
137,"lag10",-1.75783183990885,0.550356090403044
137,"lag11",-2.06527134503473,0.591174832125893
137,"lag12",-0.91543340065571,0.491115800755619
138,"lag1",1.45519379091811,0.444612607556445
138,"lag2",7.88415763663108,0.524828395187163
138,"lag3",7.67027972394224,0.515805483868404
138,"lag4",5.88013597468916,0.505223630630635
138,"lag5",0.294458440030914,0.53687345176126
138,"lag6",0.0600504666744534,0.451335123826335
138,"lag7",1.18952414248024,0.455644649259896
138,"lag8",0.1815009797366,0.532770210934084
138,"lag9",-0.688768932810534,0.517495278298007
138,"lag10",-0.0168645732851827,0.505765223322282
138,"lag11",0.517663486928677,0.542518156724028
138,"lag12",1.57441671021529,0.450212703395046
139,"lag1",1.73293534804493,0.486515245571426
139,"lag2",5.73086869147019,0.585870444071382
139,"lag3",5.54656656193833,0.548251795471881
139,"lag4",4.6747847152374,0.520911793234474
139,"lag5",1.10153568869685,0.527366898349022
139,"lag6",2.763980081029,0.467201934926793
139,"lag7",2.55693967909281,0.491472129900786
139,"lag8",-0.42316972684692,0.590710132702582
139,"lag9",-0.0137674550027419,0.548009009751543
139,"lag10",0.339367223548566,0.519845012152097
139,"lag11",0.717843446882714,0.524452777309338
139,"lag12",1.07269625531896,0.461148569628458
140,"lag1",-0.367526263556512,0.518327211537896
140,"lag2",-0.650303303658974,0.589915712339514
140,"lag3",1.68878456213025,0.553076394877925
140,"lag4",3.60619532141402,0.565295369518237
140,"lag5",2.47370189905647,0.566034987537505
140,"lag6",1.55833073365026,0.502592372306615
140,"lag7",0.884265448865026,0.521393108686093
140,"lag8",-0.930264136393679,0.599507883897188
140,"lag9",0.378836942379491,0.555544547862278
140,"lag10",2.44782779361836,0.568175104777691
140,"lag11",2.6392096791468,0.572676714344046
140,"lag12",1.48751901725626,0.506673570189997
141,"lag1",1.19017715918674,0.475330248979417
141,"lag2",0.58099660750296,0.542741480809169
141,"lag3",2.95511200661784,0.502490999218139
141,"lag4",2.50340913668145,0.506387277601359
141,"lag5",2.11012924377627,0.511366615569318
141,"lag6",1.91240543109654,0.435131604501601
141,"lag7",1.7091653591296,0.47658638875931
141,"lag8",2.49017918217037,0.545452439616672
141,"lag9",1.38300440815433,0.500116570434977
141,"lag10",2.37341681002943,0.506306684710241
141,"lag11",1.19788554371087,0.515828813001856
141,"lag12",0.359310146641237,0.433277170133739
142,"lag1",3.50919591153946,0.559618437980568
142,"lag2",0.65572721240441,0.616918028081687
142,"lag3",2.56142562207791,0.601530231452323
142,"lag4",3.58845351201882,0.634802038380439
142,"lag5",0.743484676467188,0.649751345341458
142,"lag6",2.42645555199533,0.549473979566747
142,"lag7",2.73920530689983,0.560509710655408
142,"lag8",0.0298137165571385,0.62149377754646
142,"lag9",1.26153214248799,0.601910895377089
142,"lag10",2.65490424550813,0.633762724385499
142,"lag11",2.69358784400723,0.653477588780228
142,"lag12",3.28468168204684,0.548537079428778
143,"lag1",0.642669578929354,0.544440365905367
143,"lag2",4.269989043902,0.616394500813488
143,"lag3",7.10819609184639,0.570558173116603
143,"lag4",6.30076646114714,0.577196793822093
143,"lag5",2.38510226962442,0.6002917221207
143,"lag6",1.38786383006739,0.524518088514176
143,"lag7",2.32206782919365,0.549607784993863
143,"lag8",1.71164957440805,0.618276365003576
143,"lag9",1.25418760542853,0.574012618405743
143,"lag10",3.14937378649807,0.577796162843688
143,"lag11",3.11143963776296,0.599164542969618
143,"lag12",0.794887323190643,0.523073404686312
144,"lag1",2.16257037578579,0.476032942639445
144,"lag2",4.64485953319948,0.548318691950266
144,"lag3",5.74741191867255,0.53917852522883
144,"lag4",6.1430793056426,0.573659658123063
144,"lag5",0.509418702280673,0.591015457904866
144,"lag6",2.23712487839646,0.482243179952389
144,"lag7",3.06244828745248,0.47903825562702
144,"lag8",0.911177683216644,0.553158404148082
144,"lag9",1.81901814623351,0.540958723394268
144,"lag10",1.94656159606237,0.570735029258751
144,"lag11",1.20474836543602,0.592169763585599
144,"lag12",1.47718575140735,0.48239946251368
145,"lag1",2.01044527404853,0.480393304990891
145,"lag2",6.56255381036805,0.576658551064568
145,"lag3",7.81355243156874,0.549697909480818
145,"lag4",6.21544152783513,0.540513200739867
145,"lag5",0.646513409307169,0.55488508089022
145,"lag6",1.45917140107526,0.477243927224219
145,"lag7",1.77804707958425,0.495793660707225
145,"lag8",0.4796334748865,0.581666140200605
145,"lag9",0.473043321000926,0.558061793091114
145,"lag10",3.15597730994115,0.544219518128365
145,"lag11",3.72997254254615,0.556760274375
145,"lag12",2.54799745016005,0.481500519325789
146,"lag1",2.73167302029279,0.559512897546703
146,"lag2",9.45842184786195,0.637398809811617
146,"lag3",9.50752949842477,0.629711161366219
146,"lag4",9.15959362794454,0.60533014832292
146,"lag5",1.63161364186024,0.62768154808772
146,"lag6",2.39837285476138,0.550673497013262
146,"lag7",1.93596341110235,0.562957844524682
146,"lag8",0.2781515621964,0.638314648463766
146,"lag9",0.383971451050727,0.623236402415173
146,"lag10",1.11147444505477,0.602683953311808
146,"lag11",1.34640216500447,0.625232092572196
146,"lag12",1.33514157970858,0.545534874944043
147,"lag1",3.60352358259031,0.515457454882017
147,"lag2",10.1529040954005,0.597600995503935
147,"lag3",9.96738694700598,0.576140558723227
147,"lag4",6.57166213207033,0.606141884652837
147,"lag5",0.771782372130919,0.616857815619033
147,"lag6",1.24707720140943,0.50950044668591
147,"lag7",2.53871513142892,0.52508881738748
147,"lag8",3.05248865052328,0.609114863128103
147,"lag9",1.31796226281997,0.582556602162498
147,"lag10",1.546092433049,0.604332243425242
147,"lag11",-0.0717799985799061,0.616336649502808
147,"lag12",1.56281690175946,0.507542358675374
148,"lag1",1.88354828765812,0.435866449868534
148,"lag2",0.251506149069189,0.498071350495555
148,"lag3",3.31645640047733,0.457746592793499
148,"lag4",2.61367733161818,0.506666399331869
148,"lag5",2.26742665653022,0.523061578226483
148,"lag6",1.25660540623517,0.427302598866202
148,"lag7",0.77631496681198,0.444658104370797
148,"lag8",0.0383853215058331,0.502315017612076
148,"lag9",1.5870344431489,0.459923797737237
148,"lag10",1.34183562180316,0.503331999104976
148,"lag11",0.596884977111752,0.520537120515629
148,"lag12",2.00808254408296,0.425250411852149
149,"lag1",2.19526685786029,0.49780885278802
149,"lag2",3.34770534116342,0.582253860466285
149,"lag3",4.18729071981433,0.579129676492907
149,"lag4",6.49949176836487,0.574517640959462
149,"lag5",2.77732102865492,0.567679460022269
149,"lag6",2.61184399874237,0.494344760787358
149,"lag7",0.761228532996691,0.507966968191901
149,"lag8",-1.38653055725428,0.588076791261773
149,"lag9",-1.43875268783821,0.574336699983552
149,"lag10",1.09109935718983,0.575741308856025
149,"lag11",2.50211988652385,0.568805035575499
149,"lag12",3.00661649139721,0.492099818814526
150,"lag1",3.98898818933766,0.508647686370904
150,"lag2",8.90707622965478,0.596195065123223
150,"lag3",10.6305310348973,0.584557108140236
150,"lag4",8.2751139683212,0.564011362231385
150,"lag5",1.98988226764713,0.568443215243508
150,"lag6",2.05097954201821,0.502501584229525
150,"lag7",1.73884591079903,0.519435892751027
150,"lag8",1.50685860198045,0.598090804917892
150,"lag9",1.015753695364,0.581067437038569
150,"lag10",0.789729800085008,0.561055051390471
150,"lag11",0.273954926252711,0.567660760744779
150,"lag12",0.683525358083758,0.495735222566814
151,"lag1",1.96557161214423,0.523507753917944
151,"lag2",1.82747310187488,0.61365331189843
151,"lag3",3.67341758363356,0.580735399004666
151,"lag4",3.37268303186972,0.587111607627566
151,"lag5",1.12205898976759,0.627392745914024
151,"lag6",2.38451832101884,0.526722480930067
151,"lag7",2.49377845771306,0.527054982557988
151,"lag8",-0.595257739117986,0.618790155511281
151,"lag9",0.465030352803149,0.583532359511821
151,"lag10",1.00548458006776,0.589953039856662
151,"lag11",1.98035658746558,0.629946035959738
151,"lag12",1.24410033292546,0.527522967438912
152,"lag1",3.1546973230703,0.583312842752197
152,"lag2",11.145082595962,0.682468975560172
152,"lag3",9.12667534079892,0.642388820299895
152,"lag4",10.922543386341,0.656235456114317
152,"lag5",2.87333682591404,0.668148252659265
152,"lag6",2.45130718193959,0.575752225340171
152,"lag7",1.95606059320194,0.594212640143155
152,"lag8",0.707305822486186,0.690567145952392
152,"lag9",-0.197992175934915,0.641415800219114
152,"lag10",-0.388799937527641,0.651791432613602
152,"lag11",-1.03257947739516,0.668387130919787
152,"lag12",1.30336459944689,0.570527081602837
153,"lag1",2.47926618815822,0.486714973711343
153,"lag2",4.04412376983653,0.568692234756882
153,"lag3",4.59584122342784,0.533033266085174
153,"lag4",6.43638491949943,0.538186972304319
153,"lag5",2.00892009799416,0.562029842384147
153,"lag6",2.63876370542375,0.466256754636937
153,"lag7",1.99783589548628,0.496984953456672
153,"lag8",-0.595710673155833,0.577194426524861
153,"lag9",0.221922438052604,0.533750870214554
153,"lag10",0.394805421545867,0.539747442503577
153,"lag11",0.838123097528248,0.561983572903979
153,"lag12",0.719913396771518,0.46384524098967
154,"lag1",1.46829886037781,0.521862802578197
154,"lag2",7.66740377909334,0.626233123302159
154,"lag3",10.1893464092516,0.623576394079673
154,"lag4",11.2592239441085,0.60387977596329
154,"lag5",3.18941827531152,0.58008722419774
154,"lag6",2.90090623512378,0.519371522702911
154,"lag7",1.99788530622589,0.528180236701056
154,"lag8",-0.344958803131757,0.625676344996585
154,"lag9",-0.554708017182417,0.628897153224274
154,"lag10",3.27471154962334,0.611500329320527
154,"lag11",2.6214580455608,0.582491073215447
154,"lag12",2.55267192809738,0.5215520498153
155,"lag1",3.75848805464158,0.474992333668733
155,"lag2",7.20133162461772,0.551000467786415
155,"lag3",7.14442487572655,0.551486583908476
155,"lag4",5.50549754893004,0.544140448536148
155,"lag5",1.6498761383117,0.551333323870186
155,"lag6",1.2751166952254,0.476190152239475
155,"lag7",2.21959832738728,0.485428267529551
155,"lag8",-0.249134152054829,0.556553823249959
155,"lag9",0.119047627167228,0.549384895005215
155,"lag10",0.14615415041909,0.547460997816976
155,"lag11",1.08317846454348,0.548417524714435
155,"lag12",2.14641242130447,0.469261450205471
156,"lag1",2.89959685342331,0.512349186073339
156,"lag2",5.44648799297269,0.612513867083148
156,"lag3",5.79724551342658,0.566385567988216
156,"lag4",5.33471236365824,0.568152687704989
156,"lag5",0.874515521465379,0.594794294211462
156,"lag6",1.34659207340154,0.500640029662676
156,"lag7",2.2941695694856,0.520808986861446
156,"lag8",1.29323520234587,0.614469922081941
156,"lag9",0.424528706215227,0.566352319845291
156,"lag10",0.752089890240116,0.56673896823297
156,"lag11",-0.450713742186265,0.593293327696541
156,"lag12",2.15908908383397,0.499163458699276
157,"lag1",2.2107287165821,0.490979649360673
157,"lag2",0.195140360621283,0.594379618245664
157,"lag3",1.27186336658294,0.549521503211622
157,"lag4",1.10267109779424,0.538908306918411
157,"lag5",-1.14925397146382,0.561472140465101
157,"lag6",0.124735637143142,0.474385541177175
157,"lag7",1.06532189211028,0.4980454868497
157,"lag8",0.420220831363852,0.597101539700401
157,"lag9",0.0799515845002069,0.549968627450489
157,"lag10",1.5964973264453,0.532813487451177
157,"lag11",1.98631595438668,0.559004987255591
157,"lag12",0.935033420726471,0.473253414662074
158,"lag1",2.71204219243686,0.568096532264763
158,"lag2",6.7342082901331,0.639975302148447
158,"lag3",5.76187883384348,0.612016641271481
158,"lag4",6.16603529323276,0.662939964002613
158,"lag5",1.28018675356951,0.69620138215256
158,"lag6",1.93028576054233,0.569147269651255
158,"lag7",1.59394980385667,0.57333197936814
158,"lag8",0.6255992793634,0.653073699211311
158,"lag9",-0.152600314544438,0.616624030986427
158,"lag10",-0.76185637583643,0.660968318920265
158,"lag11",-0.269214997407128,0.70002743546776
158,"lag12",1.17632364037906,0.566436084529276
159,"lag1",1.41298631124062,0.484583102281059
159,"lag2",3.82717152244556,0.58818930765805
159,"lag3",4.52653867037855,0.56545787744951
159,"lag4",4.89878109958268,0.538087729461404
159,"lag5",1.50652125821009,0.552181531971575
159,"lag6",2.23465843938843,0.486609897095414
159,"lag7",1.88154299558301,0.49368973858946
159,"lag8",0.120820705811398,0.591397563836179
159,"lag9",1.78390153025627,0.567147577750456
159,"lag10",1.19885376298593,0.537486756832873
159,"lag11",2.44480057425189,0.551641541051369
159,"lag12",1.6516833973354,0.485791358908089
160,"lag1",1.90823244105587,0.475030278030817
160,"lag2",8.67104303702674,0.54943020955103
160,"lag3",8.10446429143744,0.526039294995561
160,"lag4",8.19361597363147,0.541461697926876
160,"lag5",1.92012824546532,0.539237073667981
160,"lag6",1.33018478959136,0.462409794161937
160,"lag7",1.5852144669239,0.478767928022484
160,"lag8",0.682796970966938,0.552380896329712
160,"lag9",0.858342830616594,0.522401817212702
160,"lag10",0.985436176506857,0.537131659266525
160,"lag11",1.43862847246429,0.54145680980873
160,"lag12",1.81573234937564,0.459187881964502
161,"lag1",1.91454243915106,0.489743930230987
161,"lag2",4.44000327904175,0.561955397590926
161,"lag3",6.32598621672181,0.538412853585201
161,"lag4",6.47084624386343,0.560130598397836
161,"lag5",2.79270834764621,0.590146829708813
161,"lag6",3.01203354855756,0.504405245237015
161,"lag7",2.2982699142045,0.500305056577758
161,"lag8",0.0224143785192141,0.574133242289109
161,"lag9",0.994167503793321,0.541461067624718
161,"lag10",0.315575394616917,0.56223901648545
161,"lag11",1.45264548977175,0.589792623692986
161,"lag12",1.83314915403363,0.503688594993596
162,"lag1",2.80002033860329,0.451728740454988
162,"lag2",3.53007830789987,0.542447485729032
162,"lag3",4.43716700006981,0.519661382100232
162,"lag4",4.58463189686095,0.500645953547761
162,"lag5",1.53420159907979,0.513502765208574
162,"lag6",1.813779793085,0.445407428372788
162,"lag7",2.30729034223932,0.466820446627662
162,"lag8",0.118044457836901,0.54873189421988
162,"lag9",0.929361751066758,0.516755388418084
162,"lag10",1.33933063931436,0.501386361791775
162,"lag11",1.11925177253572,0.513046239558454
162,"lag12",1.57152692287313,0.439892769204158
163,"lag1",0.968924503592539,0.486833983686931
163,"lag2",6.73826615699313,0.621627229252226
163,"lag3",6.54648143385274,0.554019188223961
163,"lag4",4.26850111190516,0.520176915119285
163,"lag5",0.883650089939468,0.545194676344056
163,"lag6",1.29634476091657,0.482076154017058
163,"lag7",0.951574591391947,0.491781827292333
163,"lag8",0.580756113937937,0.623196139211854
163,"lag9",-0.483496141015393,0.55250959006085
163,"lag10",1.44288610664373,0.511682946133497
163,"lag11",1.46345479860961,0.542939672419356
163,"lag12",1.86586271599855,0.480841470129398
164,"lag1",4.01401423784959,0.456648199758777
164,"lag2",9.08504089713006,0.553450748709456
164,"lag3",8.70090175175926,0.530529101642225
164,"lag4",6.70983835828687,0.502884210236279
164,"lag5",1.02712799931966,0.521423646712051
164,"lag6",0.92597290063977,0.463190787021333
164,"lag7",3.1399611733116,0.471329722124406
164,"lag8",1.02407360808298,0.561897125899987
164,"lag9",1.4811149336978,0.539562441247927
164,"lag10",2.70621363201239,0.507403935806564
164,"lag11",3.03273035955357,0.521660610434835
164,"lag12",1.7245306864442,0.464232634264715
165,"lag1",2.97121096988081,0.547595316283355
165,"lag2",9.26196602603432,0.60350225845166
165,"lag3",9.43730345637922,0.592216371863177
165,"lag4",10.1425559592262,0.606393651780305
165,"lag5",1.44493324651957,0.632418976200621
165,"lag6",2.21442943312167,0.531936558741862
165,"lag7",1.26818795465815,0.550492210569754
165,"lag8",0.546350953792679,0.606315009220553
165,"lag9",1.2197291019905,0.592448370259974
165,"lag10",1.55711543125721,0.606488630921769
165,"lag11",1.49527979764437,0.632105810967964
165,"lag12",3.29249694974444,0.528379886641271
166,"lag1",3.86866201429126,0.511009095733084
166,"lag2",5.97607261278167,0.605872253413062
166,"lag3",6.02358601269042,0.571488599885757
166,"lag4",5.81187507904211,0.57549143538426
166,"lag5",0.520836970104181,0.637136422122777
166,"lag6",1.33910436992002,0.533637156086247
166,"lag7",2.68311441284031,0.524748984811616
166,"lag8",0.811370114335758,0.610774983135923
166,"lag9",-0.14123770504383,0.571534050689281
166,"lag10",0.478413001230519,0.576625236105139
166,"lag11",1.21785910735963,0.636289550434291
166,"lag12",0.997653870358236,0.535092028689815
167,"lag1",1.20905442485802,0.525197150924814
167,"lag2",0.818984767172544,0.594804202835042
167,"lag3",2.34376004905421,0.588074797917517
167,"lag4",3.42406173182663,0.61118865291353
167,"lag5",2.25725546690119,0.606595095983422
167,"lag6",1.84017245387708,0.513095725379918
167,"lag7",2.12541993917624,0.530141685261661
167,"lag8",0.638978348670474,0.594896376524578
167,"lag9",0.917054009044679,0.58790884763951
167,"lag10",1.61201036772971,0.604914016274676
167,"lag11",0.242480326347134,0.608269757144259
167,"lag12",1.20382070695909,0.513970386533048
168,"lag1",1.47766197454343,0.508628802006669
168,"lag2",5.74224992500473,0.586165212820847
168,"lag3",5.72863472051737,0.54801874676349
168,"lag4",5.25915343257002,0.576227433495904
168,"lag5",1.49250654661028,0.582144376956976
168,"lag6",1.80745111670039,0.477050800245026
168,"lag7",1.39006743886468,0.510315135204099
168,"lag8",-0.967713059397374,0.589908462727752
168,"lag9",-0.121819714105128,0.546860551555582
168,"lag10",1.49488184625736,0.573737230366171
168,"lag11",2.01817854397952,0.586487092501178
168,"lag12",1.56244844357917,0.474647738092231
169,"lag1",0.365927279922943,0.48696378290085
169,"lag2",-0.99753375089528,0.548353190932626
169,"lag3",1.64050179501075,0.525121566215625
169,"lag4",1.4048390393312,0.544924704009448
169,"lag5",0.395276445619461,0.572630891929773
169,"lag6",1.13220311689139,0.475439741371137
169,"lag7",1.81112371590894,0.490166723972352
169,"lag8",0.40327514973412,0.551920323258444
169,"lag9",0.536263911143579,0.524428219762537
169,"lag10",1.01139938253743,0.543283743892181
169,"lag11",-0.215083142237676,0.570984101991517
169,"lag12",-0.16912498806834,0.472466526088929
170,"lag1",2.47645904883663,0.487913268345037
170,"lag2",8.63516114690188,0.560410316549191
170,"lag3",8.47052492050078,0.555464386022153
170,"lag4",9.88576110084934,0.558113409882911
170,"lag5",3.49669714772441,0.568656092964765
170,"lag6",2.00944651630133,0.486946946238984
170,"lag7",1.5950576056328,0.493897094502667
170,"lag8",0.734343732766554,0.561478732110622
170,"lag9",0.551204372612659,0.555255470646018
170,"lag10",4.34020470884536,0.560274810129353
170,"lag11",3.72225115125826,0.570755514271831
170,"lag12",2.30742276881013,0.485480176743725
171,"lag1",2.77880666002805,0.491366105211284
171,"lag2",9.22073333337317,0.546858747715711
171,"lag3",10.8366525237027,0.539754914686002
171,"lag4",11.3803414608495,0.559092983471761
171,"lag5",3.16342671331827,0.576476459584848
171,"lag6",3.06938012689155,0.486896299516479
171,"lag7",2.80678998524534,0.496534658285353
171,"lag8",1.15447034222412,0.551110114082417
171,"lag9",1.38760908181003,0.5357131132996
171,"lag10",0.604169999678726,0.55791342558262
171,"lag11",0.513950859581936,0.576498174947703
171,"lag12",1.13634325297005,0.481663431665257
172,"lag1",2.02703322669088,0.540886626816715
172,"lag2",4.99921246813431,0.626529252234971
172,"lag3",6.44415997203375,0.579601500712657
172,"lag4",6.4948227385807,0.614497810064111
172,"lag5",2.45514816065061,0.617108637715127
172,"lag6",4.07580825950624,0.51858341840731
172,"lag7",3.85821230258647,0.543897865079131
172,"lag8",1.03832194183685,0.628273900731499
172,"lag9",1.26490800429847,0.578960102785437
172,"lag10",1.4729554213294,0.617238108663562
172,"lag11",1.29361758239862,0.614487314663298
172,"lag12",3.14758660555302,0.515825965966607
173,"lag1",2.06319116213374,0.52517603836966
173,"lag2",9.05007024906597,0.610756497829537
173,"lag3",10.0476614561938,0.586133415282909
173,"lag4",9.89366633981094,0.569964816888254
173,"lag5",2.41308223890338,0.581525148131838
173,"lag6",1.70889613000507,0.501720926793929
173,"lag7",2.53464585243955,0.533906261266147
173,"lag8",1.26430157801302,0.616988888085565
173,"lag9",1.87130455242237,0.587092072354707
173,"lag10",1.54377546744918,0.568778583489461
173,"lag11",0.451407046052862,0.580517742892334
173,"lag12",1.70443331117736,0.500512160183568
174,"lag1",2.16923355876296,0.466657516578697
174,"lag2",2.06357310519632,0.543671443139005
174,"lag3",1.78178186782001,0.524741770453976
174,"lag4",1.1590112337491,0.523565149000203
174,"lag5",1.81823802664152,0.537363857623137
174,"lag6",-0.448994150618166,0.462973202417054
174,"lag7",1.40413563727257,0.476029931783012
174,"lag8",0.984467604329661,0.552811508440579
174,"lag9",0.546775139603275,0.52404479359468
174,"lag10",0.939302290002399,0.528191574123779
174,"lag11",0.170661299868559,0.537243658646147
174,"lag12",-0.233072346484649,0.459640030157972
175,"lag1",4.45452971314904,0.50822593902512
175,"lag2",1.57355205462848,0.57805152963982
175,"lag3",1.47463321076608,0.568896238473001
175,"lag4",2.06759843222151,0.590450532070907
175,"lag5",-0.0365240879279641,0.557953493826927
175,"lag6",1.29736686835558,0.47938873731115
175,"lag7",2.73768226405908,0.511454620229158
175,"lag8",-1.91446124983617,0.580185884778525
175,"lag9",-1.33336096112983,0.566147459547899
175,"lag10",0.111867326346213,0.589922397491752
175,"lag11",1.21994489998592,0.55829067289788
175,"lag12",1.83039899329436,0.477287071509702
176,"lag1",2.55609006236117,0.517644515855904
176,"lag2",8.64959998835999,0.59192721913617
176,"lag3",10.2999780935831,0.585965004604196
176,"lag4",9.3613653927139,0.604588172358497
176,"lag5",2.64805482965628,0.61891966150001
176,"lag6",2.20865727999013,0.531712385153588
176,"lag7",2.45246429138435,0.522388289481807
176,"lag8",-0.806662208721057,0.594157492115117
176,"lag9",-0.497186231466141,0.586895942142556
176,"lag10",-0.451898627082843,0.604137631491126
176,"lag11",1.96442301899429,0.618830313651019
176,"lag12",2.35709047352965,0.527358858561542
177,"lag1",2.31853131212468,0.500606771997148
177,"lag2",1.51803132010061,0.577235711212618
177,"lag3",2.14334445604415,0.547839423422899
177,"lag4",1.77559237166745,0.545340853757372
177,"lag5",1.34397311402361,0.566587987261787
177,"lag6",1.46110365564891,0.496542094027402
177,"lag7",1.80568882134488,0.503924652271594
177,"lag8",-0.387854961016231,0.582864541506466
177,"lag9",-0.362141871891154,0.546783426410787
177,"lag10",0.53854132575226,0.545224450926695
177,"lag11",0.381282116016935,0.572290132329503
177,"lag12",1.05698210840607,0.495561121300974
178,"lag1",2.82288845191601,0.525482725568957
178,"lag2",0.615510144028711,0.620053527340772
178,"lag3",2.60431933989106,0.608414853291788
178,"lag4",3.98502986283211,0.614199408913208
178,"lag5",-0.184686372002921,0.608742057678131
178,"lag6",0.874013186506509,0.519243689013984
178,"lag7",-0.209229990323969,0.547500847288712
178,"lag8",-1.14542621492657,0.625453835827124
178,"lag9",1.23489174667895,0.607732149249543
178,"lag10",-0.581274617044891,0.607876961871005
178,"lag11",-1.50883459841693,0.601910970414176
178,"lag12",-1.56725282440907,0.510824378672878
179,"lag1",1.81149687890906,0.474084172217811
179,"lag2",2.60259599464072,0.523167307930738
179,"lag3",2.51854613919063,0.514154366624415
179,"lag4",2.68949034322674,0.540100180551453
179,"lag5",1.19943204254105,0.597818069043196
179,"lag6",0.80134231860823,0.484612506077103
179,"lag7",1.69663715039216,0.476316565675787
179,"lag8",-0.0971954870037655,0.525528051310927
179,"lag9",0.160057250344923,0.516458317298391
179,"lag10",1.6356034247096,0.538511670645887
179,"lag11",2.76354751041613,0.604090698505431
179,"lag12",1.25280966001398,0.490713593785752
180,"lag1",0.658602330485984,0.555323992836621
180,"lag2",7.35057447396196,0.639608782030262
180,"lag3",9.10703472280761,0.624791807242868
180,"lag4",7.62729424672071,0.648223583983263
180,"lag5",-0.0303169817357987,0.653359369995356
180,"lag6",0.437824397375905,0.560750012751468
180,"lag7",1.53879726016611,0.570502030421212
180,"lag8",0.547830319458044,0.642533631186982
180,"lag9",1.29473605611374,0.628272470163608
180,"lag10",-1.39230533059431,0.651980708544137
180,"lag11",-0.045865531254629,0.645018412979588
180,"lag12",0.427943640142568,0.554624872430433
181,"lag1",0.404773260378406,0.461770325459497
181,"lag2",0.24481765924789,0.57532170043709
181,"lag3",3.18749829820165,0.535145239971646
181,"lag4",1.21157137940523,0.493992256245772
181,"lag5",-0.514614599881837,0.520380682862368
181,"lag6",0.998371726118881,0.456043584874066
181,"lag7",1.35146852780054,0.467460109805215
181,"lag8",1.05675379472787,0.58049405242421
181,"lag9",2.38648293815833,0.534403826510838
181,"lag10",-0.30277951253021,0.497721157537824
181,"lag11",-0.800054549212999,0.523729280695336
181,"lag12",0.46824316305932,0.455333321240457
182,"lag1",1.82743060407663,0.521312743873788
182,"lag2",5.50080856475412,0.581218458823826
182,"lag3",6.17573977971221,0.551510804487068
182,"lag4",4.16692879207585,0.585993407290454
182,"lag5",0.293609879624835,0.602503002871168
182,"lag6",-0.0959493931212819,0.50869468199807
182,"lag7",0.201274736137362,0.523126003329841
182,"lag8",0.00869110627458484,0.584598302467911
182,"lag9",-0.622851458105654,0.549796256929489
182,"lag10",-1.06792772649363,0.582518045954436
182,"lag11",-1.5754264910278,0.604797815558129
182,"lag12",-1.04368700290722,0.509394602569277
183,"lag1",2.42167956136791,0.46444463675331
183,"lag2",9.44882724874466,0.536362005196472
183,"lag3",9.11749773534574,0.521159810994698
183,"lag4",9.11723863410553,0.513089932105668
183,"lag5",1.31960641268972,0.569756873517071
183,"lag6",1.84281779070623,0.486927591004654
183,"lag7",2.09529146674643,0.470376065450437
183,"lag8",2.05715963653082,0.540491630862467
183,"lag9",2.19309411945744,0.518480831655112
183,"lag10",0.246355921297243,0.51470864519175
183,"lag11",0.908858330221707,0.565716477172887
183,"lag12",1.18976088176229,0.480851648575037
184,"lag1",0.919077643691511,0.44900800084439
184,"lag2",5.01790076181811,0.533137930068499
184,"lag3",5.20479546250302,0.500924448394137
184,"lag4",3.96059080174461,0.523387975742206
184,"lag5",1.8222589085618,0.530054249790725
184,"lag6",1.36877729265094,0.445228605402912
184,"lag7",1.58709142558482,0.465592958348397
184,"lag8",1.75357332134652,0.541915515912552
184,"lag9",1.5333773581659,0.503985050886812
184,"lag10",1.31939553349296,0.520311173183756
184,"lag11",1.70787089784625,0.527824328783447
184,"lag12",2.5291647154751,0.441398360454098
185,"lag1",0.795731066418059,0.466703625045653
185,"lag2",4.71922444273568,0.581917232056913
185,"lag3",3.72762317074723,0.544852000824973
185,"lag4",4.71269927854163,0.5024037772741
185,"lag5",0.575186545557394,0.522397490026994
185,"lag6",1.7237115456087,0.467376908720867
185,"lag7",2.04098318640326,0.471960818318286
185,"lag8",0.0604333446051231,0.583592742742417
185,"lag9",-0.261471456565381,0.540908564921561
185,"lag10",0.899161282325591,0.495516065953241
185,"lag11",0.646643998780905,0.523745189949824
185,"lag12",2.24410618275337,0.463943286027897
186,"lag1",4.25844279017858,0.551094074011546
186,"lag2",13.9275375130326,0.645705056808917
186,"lag3",12.1255693587009,0.589922343841619
186,"lag4",11.1614036526667,0.590225966161213
186,"lag5",1.70527379510872,0.650830761210895
186,"lag6",0.927755061830701,0.544208722623816
186,"lag7",0.708673453711832,0.563461873948139
186,"lag8",0.000263789213565291,0.65297117840043
186,"lag9",-0.876690466618512,0.590121739980908
186,"lag10",0.279473883211856,0.596686712693244
186,"lag11",0.362312005878772,0.652493044021475
186,"lag12",0.393194061668911,0.540555327912233
187,"lag1",2.63082397346384,0.525464800987445
187,"lag2",3.15818708102019,0.605689108470935
187,"lag3",4.39553248984894,0.570564020170302
187,"lag4",4.65774592304071,0.563183741338877
187,"lag5",1.83580421963401,0.590572161092819
187,"lag6",0.693934849342635,0.504023963097825
187,"lag7",0.995220064729056,0.528468085431614
187,"lag8",-1.06828093323056,0.612591557032996
187,"lag9",0.81677446401337,0.568328400768263
187,"lag10",1.87629250707151,0.562105984205193
187,"lag11",1.32551596921272,0.59844871786712
187,"lag12",0.701969351078322,0.500888460821314
188,"lag1",3.69145794528714,0.523799993656801
188,"lag2",3.97237304630284,0.594459086777559
188,"lag3",2.93691027317019,0.563412244547622
188,"lag4",3.91819861215123,0.569821031446411
188,"lag5",-0.80693120267054,0.605144300373669
188,"lag6",0.619320974564481,0.520317811347806
188,"lag7",0.448229201715,0.536414642113768
188,"lag8",-0.674721359755627,0.601731945667815
188,"lag9",-0.70376862967606,0.564474822890476
188,"lag10",-1.42371836258027,0.570378657440019
188,"lag11",-0.970872502098046,0.603595439504477
188,"lag12",-0.771251406591623,0.51489316217387
189,"lag1",3.01749327511536,0.479609281397231
189,"lag2",9.27704615330254,0.559139565951215
189,"lag3",8.30398194909884,0.527811765292562
189,"lag4",6.44804936508893,0.520269880291834
189,"lag5",0.694344741863104,0.563432040328509
189,"lag6",1.54923361193051,0.477296274008776
189,"lag7",1.7430409329801,0.483807675085155
189,"lag8",0.769770358736121,0.567789075276382
189,"lag9",1.37176773104887,0.527767605642104
189,"lag10",0.769360389630781,0.520565543011089
189,"lag11",0.0807876922773473,0.566198280872659
189,"lag12",0.705767695976708,0.473818909388925
190,"lag1",1.60977451488605,0.497583873803826
190,"lag2",7.40877274271352,0.586923042817791
190,"lag3",9.91388865585625,0.57507150408653
190,"lag4",8.93847971695786,0.562669466175558
190,"lag5",1.41059159104834,0.562149530608686
190,"lag6",2.43077444081107,0.494844223928089
190,"lag7",1.75872021480957,0.499000488603436
190,"lag8",0.592490495569387,0.593448069425356
190,"lag9",1.0452288006616,0.577216850303357
190,"lag10",1.3049043577538,0.56619045650163
190,"lag11",0.99646740534683,0.565354190761034
190,"lag12",3.22156088333814,0.494698209492474
191,"lag1",1.56958541771968,0.520940417150503
191,"lag2",7.9615301228106,0.613633159439073
191,"lag3",9.50555869127746,0.593183982085184
191,"lag4",9.4532339711695,0.594973491877671
191,"lag5",2.41273651215287,0.631682508133414
191,"lag6",3.08966751959084,0.538909630572265
191,"lag7",2.83304700593335,0.525275236633639
191,"lag8",1.5207219714143,0.615756959543843
191,"lag9",1.66278047235307,0.59133194883724
191,"lag10",1.79046336671481,0.597791242266996
191,"lag11",0.309609296167381,0.632425001354222
191,"lag12",1.99549170862022,0.538251024910703
192,"lag1",1.77241048696855,0.494368066774071
192,"lag2",9.60382049834468,0.558307880038044
192,"lag3",11.8956555016098,0.563896901708607
192,"lag4",9.41968915824832,0.565191316002205
192,"lag5",0.817089562692001,0.596996755115389
192,"lag6",1.54475218199683,0.502259511005526
192,"lag7",1.77406660726018,0.495971719205331
192,"lag8",0.956981305806205,0.56513111476167
192,"lag9",1.07855291378484,0.56522880836701
192,"lag10",1.25161690957309,0.563342634066409
192,"lag11",3.52954762167457,0.600170756189671
192,"lag12",1.67814577296994,0.501543778764198
193,"lag1",3.82712244202988,0.541261084375018
193,"lag2",7.53967770319468,0.612599594378458
193,"lag3",8.69051084120203,0.591952510650449
193,"lag4",9.20771552883919,0.590307586185195
193,"lag5",2.38906014145574,0.623254586278655
193,"lag6",3.59634535393622,0.547068676472631
193,"lag7",2.56536117550397,0.543902500011599
193,"lag8",0.581022649176682,0.62036856275046
193,"lag9",0.3035988686921,0.588980284135213
193,"lag10",0.72736028053407,0.597881558250971
193,"lag11",1.24294944202379,0.624310420180563
193,"lag12",2.01432736954488,0.548402627594568
194,"lag1",1.97422979350243,0.546993461379811
194,"lag2",3.97864542428177,0.662704743807
194,"lag3",5.61872701134504,0.637327111102956
194,"lag4",6.39236502790332,0.587069053256792
194,"lag5",1.74277937174265,0.60727980472979
194,"lag6",2.46278688749892,0.535813431178432
194,"lag7",2.44353374372125,0.551111448982562
194,"lag8",-0.00178495567186816,0.667593643868414
194,"lag9",0.899258162126884,0.639242941200797
194,"lag10",2.4108632998308,0.592406039003533
194,"lag11",0.850192007697848,0.611230399413402
194,"lag12",0.601316815382255,0.537761319172942
195,"lag1",0.603255766509722,0.474864583548848
195,"lag2",0.234552376902947,0.53839883666986
195,"lag3",1.66989902914619,0.515671994152368
195,"lag4",1.87860214787707,0.553863580239957
195,"lag5",0.922965539545684,0.555088945130152
195,"lag6",1.40214941001843,0.470579153603432
195,"lag7",0.896500344999633,0.487016147174267
195,"lag8",-0.565680604630122,0.539209311226516
195,"lag9",-0.695322217986747,0.507812276820887
195,"lag10",-0.408022067346457,0.542850744609212
195,"lag11",-1.06783157400383,0.550996581035191
195,"lag12",0.376586440315564,0.463111783680533
196,"lag1",1.36038663954382,0.525658717886158
196,"lag2",6.6671973584428,0.600527981661786
196,"lag3",7.83190503914737,0.562450243090393
196,"lag4",8.29035738290622,0.591595209115697
196,"lag5",2.00087839151781,0.624280744807626
196,"lag6",2.39317833600465,0.503393886025135
196,"lag7",2.76294386038439,0.529435480955877
196,"lag8",1.37243677122546,0.605869691235603
196,"lag9",2.03481800802887,0.564014153917217
196,"lag10",1.82595818204566,0.589656454297895
196,"lag11",2.51713194948075,0.628951688726589
196,"lag12",2.78412507888609,0.502801296351775
197,"lag1",1.77025832694845,0.509435017102737
197,"lag2",4.93690802920758,0.610879787473678
197,"lag3",5.35596034692523,0.584928936283391
197,"lag4",5.63660111627364,0.541667291317084
197,"lag5",2.00027541300469,0.586098679735374
197,"lag6",1.63225855346493,0.515177379998609
197,"lag7",2.01600123046255,0.519803057749966
197,"lag8",-0.359602696600638,0.617199471608375
197,"lag9",0.453476970371632,0.583335275355317
197,"lag10",2.6571309245828,0.544975258834192
197,"lag11",3.05068623390803,0.591192081348348
197,"lag12",2.56180703381386,0.514032613072711
198,"lag1",2.09678161043711,0.499115710578362
198,"lag2",6.68241035955298,0.587515547650549
198,"lag3",6.68667273509982,0.524456347096295
198,"lag4",5.64838769001417,0.555387070995268
198,"lag5",0.198390840327804,0.576924581288328
198,"lag6",1.67784418670731,0.475256664979453
198,"lag7",1.83451110592716,0.504205427597616
198,"lag8",0.254643074390104,0.592157981104066
198,"lag9",1.72249315757215,0.530431896552248
198,"lag10",1.2873470396119,0.555540970072253
198,"lag11",1.94040145283595,0.580652646269388
198,"lag12",2.12062452983839,0.476468621647606
199,"lag1",1.06758529755243,0.466337455494632
199,"lag2",2.89757242847573,0.561770547566315
199,"lag3",3.10936095986029,0.522549084983477
199,"lag4",5.08876930859105,0.513785739126475
199,"lag5",0.509059655711205,0.547567627616217
199,"lag6",2.46252659425707,0.466405400090875
199,"lag7",3.04733414167012,0.471328757080017
199,"lag8",0.682606373017212,0.56340644282688
199,"lag9",-0.864044516543755,0.522735380967357
199,"lag10",0.669339572900689,0.51358074284641
199,"lag11",2.595302178313,0.549795578666594
199,"lag12",2.41417023572397,0.468936641426822
200,"lag1",2.60905670143716,0.519948950374032
200,"lag2",2.67056252452285,0.611948979968001
200,"lag3",4.66177944611513,0.582735630910334
200,"lag4",4.07174949691745,0.571679507074604
200,"lag5",1.37359488812231,0.577095377529905
200,"lag6",1.70702300154333,0.488662754771856
200,"lag7",2.0705143166638,0.528846442289565
200,"lag8",-0.62307116522574,0.611821324061017
200,"lag9",0.30014382016618,0.580382738788973
200,"lag10",1.14949227488049,0.575149201263496
200,"lag11",1.42295074360548,0.576664821894778
200,"lag12",0.892072788310411,0.48777198570618
201,"lag1",2.98339843440601,0.533754407562016
201,"lag2",9.04346653647917,0.604594173407428
201,"lag3",9.26779140772413,0.572144892926616
201,"lag4",10.9753470039925,0.620148266214374
201,"lag5",4.05230326865916,0.661442962796345
201,"lag6",2.76157727559828,0.540117161253614
201,"lag7",2.27520147027882,0.541639737153088
201,"lag8",1.39473375372527,0.610271173191105
201,"lag9",0.622611136951316,0.571235958857442
201,"lag10",2.36862843476145,0.618397203663423
201,"lag11",3.85841039937983,0.667931261796854
201,"lag12",2.80434209721533,0.541277104181831
202,"lag1",2.85591189105187,0.583051524962393
202,"lag2",4.89958038835397,0.659842493927755
202,"lag3",5.14273886070793,0.623187590658076
202,"lag4",6.1697545275891,0.64526986759369
202,"lag5",1.54114648095504,0.637060633144912
202,"lag6",2.40455397760599,0.556214972176675
202,"lag7",4.5056256273255,0.588928371504792
202,"lag8",0.593920745998356,0.657392664835342
202,"lag9",1.18861279065818,0.625615802564686
202,"lag10",4.9218953896449,0.638933115501426
202,"lag11",3.68082788378563,0.639306140819689
202,"lag12",2.73359192814258,0.555867637440483
203,"lag1",1.33492786698231,0.524626291481853
203,"lag2",4.07579343775238,0.606283259847329
203,"lag3",5.32670241007767,0.592584069640939
203,"lag4",5.47643942507131,0.577995115166868
203,"lag5",0.468756174391655,0.602680669495299
203,"lag6",2.16108031992992,0.524456517999381
203,"lag7",2.25475064394567,0.53042394565479
203,"lag8",-0.113030249741626,0.615571926231779
203,"lag9",1.37476445260652,0.59624484272287
203,"lag10",1.11585212700864,0.577177174220798
203,"lag11",1.94525408630486,0.607222012812393
203,"lag12",2.48127066685642,0.526690673349755
204,"lag1",1.03849598711744,0.492492533662605
204,"lag2",0.890875410696176,0.576398459374224
204,"lag3",3.73599510342825,0.547646923839628
204,"lag4",2.81280216670049,0.551124675813573
204,"lag5",0.336674680777916,0.560952682058612
204,"lag6",1.48072323336512,0.478352384353841
204,"lag7",0.777737089952536,0.49441049561692
204,"lag8",-0.811988429978356,0.580188194969013
204,"lag9",0.946179355795329,0.543904535326609
204,"lag10",0.301120750626886,0.549467570992876
204,"lag11",1.77980739507526,0.569543247748718
204,"lag12",2.29217016923237,0.477992997851077
205,"lag1",1.97854794811587,0.535494407648383
205,"lag2",0.534045549019667,0.616524536436756
205,"lag3",3.7264628403515,0.600521176043589
205,"lag4",3.16834968781293,0.595000361090006
205,"lag5",1.05563776416615,0.604989529025578
205,"lag6",2.7222523843134,0.516881770688784
205,"lag7",2.59987503630641,0.539164146659799
205,"lag8",-0.402689439221363,0.621722702612671
205,"lag9",-0.222808018831467,0.599588007831624
205,"lag10",0.748747472995384,0.598049746723524
205,"lag11",0.986862433277508,0.602234661789534
205,"lag12",0.66579621748832,0.51320723489827
206,"lag1",3.55993373810338,0.528715776922318
206,"lag2",11.9976621123465,0.626607351024254
206,"lag3",13.0536935732437,0.602607521501508
206,"lag4",11.1228545942415,0.610771937786407
206,"lag5",2.18411152969197,0.627656896494517
206,"lag6",1.54328402863575,0.538481878805846
206,"lag7",-0.188735998334344,0.542658331011549
206,"lag8",0.945458416354255,0.633235837798385
206,"lag9",2.56899926169676,0.605596635147205
206,"lag10",-0.0429917205151343,0.614009095751857
206,"lag11",0.26900868337895,0.629577908983078
206,"lag12",0.0794532561346836,0.535372321585827
207,"lag1",1.31103156156238,0.500197764845587
207,"lag2",4.33822416928412,0.571981381723116
207,"lag3",4.74003605831007,0.542302024539895
207,"lag4",6.19007830575284,0.550564605030028
207,"lag5",3.15549469168367,0.563088870941185
207,"lag6",2.68766224046316,0.487774575233381
207,"lag7",1.21858353681822,0.501350042729154
207,"lag8",0.766327490731405,0.577131620532635
207,"lag9",0.113859692214303,0.542169749524971
207,"lag10",1.66321145126271,0.551713468143992
207,"lag11",2.51198105004261,0.569270872873157
207,"lag12",3.18501335981005,0.487787153817741
208,"lag1",3.83270605547826,0.461249829669501
208,"lag2",10.4026735388946,0.528766577052566
208,"lag3",8.46464890791501,0.518207799473767
208,"lag4",7.56887068267403,0.5204172911471
208,"lag5",2.15307077947576,0.54493578478627
208,"lag6",2.6202672627677,0.466705519188916
208,"lag7",3.1043792862737,0.46669735581923
208,"lag8",1.00025105743612,0.531144837389405
208,"lag9",-0.762567667928866,0.519973795647106
208,"lag10",2.84706201001326,0.51917281174166
208,"lag11",3.06615007996035,0.552965352679282
208,"lag12",3.04489990840245,0.469598606872378
209,"lag1",0.660860702435243,0.500342470135541
209,"lag2",3.47905798378025,0.596687688460765
209,"lag3",6.07378945405496,0.558090146752939
209,"lag4",6.08604530429827,0.51812269125686
209,"lag5",1.71917486884242,0.528078731423019
209,"lag6",1.21139176877002,0.468628474177478
209,"lag7",1.81261672754455,0.50534183022014
209,"lag8",-1.65212165183104,0.601056457806716
209,"lag9",1.64990999972587,0.553314529701909
209,"lag10",2.37219345463478,0.516662773750655
209,"lag11",1.23039914313113,0.533241004630371
209,"lag12",2.28510498675577,0.467873902245267
210,"lag1",-0.151523596176973,0.419134252531862
210,"lag2",-0.392676315490686,0.483887225402489
210,"lag3",1.40160819813583,0.466519203588387
210,"lag4",0.878451820450984,0.467413471832715
210,"lag5",0.406026421957377,0.490055246572461
210,"lag6",1.47327509252339,0.413253552706007
210,"lag7",1.94618533588041,0.419515217073792
210,"lag8",0.746533293873939,0.486153723205701
210,"lag9",0.401233885154335,0.465372216209859
210,"lag10",-0.214348007228117,0.470591952540797
210,"lag11",-0.676057503512584,0.490904553369224
210,"lag12",1.2618217579661,0.412955640775911
211,"lag1",1.55026706238532,0.588394082665754
211,"lag2",-0.836887892824448,0.692565201047254
211,"lag3",0.797656079844311,0.674030622754234
211,"lag4",1.39412985593848,0.639750562669054
211,"lag5",0.125389432319985,0.641475810554852
211,"lag6",2.21220388255656,0.558036279105739
211,"lag7",3.01992660886184,0.596853330507719
211,"lag8",-0.231022684620152,0.703312905079917
211,"lag9",-0.244965563534627,0.67795738760753
211,"lag10",-0.245828588541484,0.649169395805049
211,"lag11",-0.480192887904888,0.638009501580021
211,"lag12",-0.316658099506233,0.551917075586261
212,"lag1",2.46781963033054,0.480472164954953
212,"lag2",4.78337389312507,0.5970478960573
212,"lag3",8.09258118776216,0.554015496019875
212,"lag4",6.87008353069563,0.512875309246788
212,"lag5",3.06378397042438,0.525869123222333
212,"lag6",2.72031622204461,0.461657992906077
212,"lag7",3.65370720096267,0.498891008104855
212,"lag8",2.34236233620156,0.6065748770019
212,"lag9",2.36181032463674,0.559204743557234
212,"lag10",4.94931558175141,0.516491744988112
212,"lag11",3.74626663666197,0.525249215597586
212,"lag12",3.05080577666307,0.458852112411656
213,"lag1",3.17972441208689,0.482346108685868
213,"lag2",8.52928696296489,0.555921030199146
213,"lag3",9.80958543825188,0.527377266348405
213,"lag4",11.3429692357639,0.548220280806359
213,"lag5",3.37483318828889,0.567113670121053
213,"lag6",3.36298003954907,0.481445420909716
213,"lag7",2.68695899145303,0.488998759564637
213,"lag8",0.143497868818493,0.559343935666571
213,"lag9",0.466664696821247,0.531885186099835
213,"lag10",2.31179365739703,0.549698104449417
213,"lag11",1.92729287583036,0.569089654049776
213,"lag12",2.90427618868201,0.480889985602083
214,"lag1",1.35088494338259,0.503571258339965
214,"lag2",6.0382963997967,0.586463443264839
214,"lag3",4.81568650515271,0.547465529422331
214,"lag4",4.8018030119442,0.567479562073047
214,"lag5",1.21899469881261,0.585690088396533
214,"lag6",0.159255827218783,0.496486481951409
214,"lag7",1.26251239041933,0.514399268066823
214,"lag8",-0.347601407124287,0.591916269675935
214,"lag9",0.252532154610465,0.547891414037437
214,"lag10",0.198893840242197,0.564455088855063
214,"lag11",1.65646120607107,0.590058420651722
214,"lag12",1.03399162163359,0.493205257275384
215,"lag1",2.51372378463848,0.549785846201323
215,"lag2",8.24308640735026,0.65077919972945
215,"lag3",9.67888970359104,0.623099570509748
215,"lag4",10.1619887211591,0.60903537474028
215,"lag5",3.9187912287424,0.646101284282832
215,"lag6",2.92895746438889,0.567160055794079
215,"lag7",2.85789028590367,0.568183147020198
215,"lag8",0.320634530479975,0.655654067720085
215,"lag9",0.382090369776058,0.624113922207709
215,"lag10",2.05705282603512,0.609356567102251
215,"lag11",2.66740598166803,0.637402295600045
215,"lag12",1.67055626717888,0.561630647258624
216,"lag1",0.755578898619355,0.530039103495393
216,"lag2",-1.62991999989612,0.619405438321125
216,"lag3",2.43750561430488,0.587571919342613
216,"lag4",4.76733714093942,0.574267552743603
216,"lag5",3.20857110988468,0.564498275884897
216,"lag6",1.38582955649823,0.501459783898468
216,"lag7",0.68670869197856,0.534988211228451
216,"lag8",-1.12269449139581,0.625516159355326
216,"lag9",-0.0970059521208714,0.588413929719982
216,"lag10",2.00675661278,0.568590439968295
216,"lag11",1.53451258460114,0.565642474777217
216,"lag12",1.13091289394096,0.504184351196441
217,"lag1",2.52980458996505,0.488642893739665
217,"lag2",3.97518774298239,0.625041275135533
217,"lag3",3.45400080716739,0.571679829702818
217,"lag4",2.80128262333857,0.572215154360777
217,"lag5",-0.268873396962641,0.572317917807054
217,"lag6",0.923406728998001,0.490039810788984
217,"lag7",2.33766226911245,0.505903552793276
217,"lag8",0.770538468135622,0.632016909218188
217,"lag9",1.01118545309488,0.573350405048008
217,"lag10",1.51582003584548,0.56391577453024
217,"lag11",0.851938448374463,0.568237717371792
217,"lag12",0.679442818748124,0.486801848789468
218,"lag1",3.11631222798858,0.548259106602354
218,"lag2",4.17719788693093,0.611328910704983
218,"lag3",5.11554027172344,0.610470653795267
218,"lag4",3.892848375455,0.650346714770046
218,"lag5",1.68612769892942,0.632927254216169
218,"lag6",2.91774290887111,0.540384631326441
218,"lag7",3.56511779011074,0.551869332754682
218,"lag8",1.23406238043563,0.615292613005612
218,"lag9",-0.293144278151507,0.61199007106612
218,"lag10",-0.964756454457331,0.64735730495871
218,"lag11",0.11913618481179,0.636776517332761
218,"lag12",1.74609168631476,0.540982727647041
219,"lag1",3.74728819879943,0.51088558058081
219,"lag2",13.955519562781,0.579755445248393
219,"lag3",13.8630459115091,0.565766399631231
219,"lag4",13.4968853528748,0.575615253076182
219,"lag5",3.58479147939465,0.608790403651775
219,"lag6",3.12429306002644,0.524693870114306
219,"lag7",3.75260321179644,0.517033371429569
219,"lag8",1.75360820145592,0.577340151713677
219,"lag9",0.825476989826084,0.563917743614511
219,"lag10",1.90346715173815,0.574744527494768
219,"lag11",2.69358583120965,0.612886119481529
219,"lag12",3.24868012309391,0.522886441692461
220,"lag1",2.10872607279867,0.550560883061889
220,"lag2",3.44913278967427,0.635970718949617
220,"lag3",7.20078106888983,0.61039234495572
220,"lag4",8.55312804516553,0.619217598447887
220,"lag5",4.44551111427843,0.620683075170728
220,"lag6",1.09975841136839,0.533683040416559
220,"lag7",-0.0872019795658708,0.550766329478155
220,"lag8",-1.23030948355649,0.640224883351905
220,"lag9",0.284545977156405,0.607503780070035
220,"lag10",2.58412642366654,0.619453210621134
220,"lag11",2.51370585005576,0.624876824402476
220,"lag12",0.361781467539856,0.529999865317024
221,"lag1",1.86972814016457,0.504074489280514
221,"lag2",5.63810473291358,0.597197019950706
221,"lag3",6.71444114129373,0.583452336053845
221,"lag4",6.90887949561185,0.541703080785986
221,"lag5",2.92197173155334,0.566131213359625
221,"lag6",2.84292117052344,0.493257460348061
221,"lag7",3.56066323772911,0.510522658418556
221,"lag8",0.340203640538497,0.60373374324304
221,"lag9",0.62517436371669,0.584464662656043
221,"lag10",0.359149264262382,0.545987450908575
221,"lag11",1.34561834400735,0.568862610192903
221,"lag12",1.00787918493919,0.497507314589801
222,"lag1",2.49186402795571,0.528412977750243
222,"lag2",9.94079202762958,0.616530192133335
222,"lag3",10.181047672489,0.585736716539672
222,"lag4",10.205449259699,0.601012657636396
222,"lag5",3.32516230039251,0.590470755813681
222,"lag6",2.37082429484701,0.511663564014336
222,"lag7",3.13707181326619,0.536505685384247
222,"lag8",1.42985877438338,0.619064965512647
222,"lag9",0.920080021283329,0.585133752187699
222,"lag10",3.01522357909886,0.59715683362106
222,"lag11",1.56496436935973,0.593153376246503
222,"lag12",2.72491797195136,0.50869823287061
223,"lag1",0.302560746263436,0.461438386400808
223,"lag2",3.93934572489027,0.530651879050211
223,"lag3",4.5677455922261,0.512514833336131
223,"lag4",4.96240935248908,0.528691056544956
223,"lag5",1.07822460264439,0.547445622093295
223,"lag6",2.3602371949718,0.461047202606145
223,"lag7",2.9165048193251,0.472705152854786
223,"lag8",2.05313213833992,0.538684564944755
223,"lag9",2.00130734810599,0.512904923591779
223,"lag10",1.32858957011835,0.532358008919859
223,"lag11",0.51830919513912,0.551307521077191
223,"lag12",1.67649144243655,0.457728280508962
224,"lag1",1.9732164810187,0.49831837210283
224,"lag2",9.07913645181425,0.576521766210662
224,"lag3",10.1737534661136,0.559352887120198
224,"lag4",10.8888936684037,0.57322030787954
224,"lag5",4.62664759716449,0.584265848057251
224,"lag6",3.63592319838054,0.488705327695816
224,"lag7",3.25564200212721,0.507222136572994
224,"lag8",0.896303480654558,0.582576129038629
224,"lag9",0.715548349556869,0.559394443153068
224,"lag10",2.8491866429262,0.572760506534381
224,"lag11",3.48885660631752,0.586090738796117
224,"lag12",2.38665543781083,0.489793094576029
225,"lag1",2.50432368877337,0.502739287242637
225,"lag2",4.47121264016294,0.600284154819946
225,"lag3",4.49965497008651,0.570381042027116
225,"lag4",4.8855027116601,0.558916873642567
225,"lag5",0.563247134934578,0.559571841357039
225,"lag6",1.26667107872796,0.490876459313195
225,"lag7",1.66489192092474,0.510062450632656
225,"lag8",-0.698842904210819,0.606883205140324
225,"lag9",-0.12465551859702,0.566769069993667
225,"lag10",2.50514510042642,0.559070952843247
225,"lag11",3.10788205528979,0.566089771338066
225,"lag12",3.08367817484936,0.489880335597206
226,"lag1",2.07098055726392,0.430579272832144
226,"lag2",6.53157858658307,0.497800046647538
226,"lag3",7.65202551867142,0.489210670986842
226,"lag4",5.42024844853271,0.487140543817998
226,"lag5",0.900015415891747,0.496232972188795
226,"lag6",1.79751807881177,0.426995976223769
226,"lag7",2.88072185813123,0.436494890297248
226,"lag8",2.88133108076623,0.502481552722189
226,"lag9",2.27053288040814,0.489960909351868
226,"lag10",2.10033926544885,0.490236715188608
226,"lag11",0.785540561023775,0.49626725520905
226,"lag12",0.167696330322167,0.425036949587326
227,"lag1",0.942558737720094,0.467147599197174
227,"lag2",7.09313912498065,0.538482754957983
227,"lag3",8.21437448180363,0.512156516591302
227,"lag4",8.61378207021029,0.549800467079068
227,"lag5",2.77077628507563,0.584780684785172
227,"lag6",1.98892562965937,0.477437240599038
227,"lag7",3.16723253135618,0.468522971736523
227,"lag8",2.00268479863859,0.541663918856764
227,"lag9",1.17052816269329,0.512356157945933
227,"lag10",1.95193205614204,0.546061074938626
227,"lag11",1.0930332962982,0.585283735980514
227,"lag12",1.30214256989383,0.479440976756669
228,"lag1",2.13404383147376,0.498991554496136
228,"lag2",-0.832823073333349,0.57605595554866
228,"lag3",0.498571964349966,0.54871246883217
228,"lag4",3.31945185756976,0.52395593634436
228,"lag5",2.29913740534873,0.514593650959377
228,"lag6",1.59250469960789,0.45370064074672
228,"lag7",1.99078274267897,0.501086436433404
228,"lag8",-2.53054616094629,0.581090429499618
228,"lag9",0.67087912644286,0.548105046673121
228,"lag10",5.624758833655,0.52765253500982
228,"lag11",4.90697351716012,0.519957918688577
228,"lag12",3.33680334236276,0.454637601995607
229,"lag1",3.28643102442483,0.502788779860165
229,"lag2",8.51154916437131,0.563507933453656
229,"lag3",9.65740562054065,0.540131715898015
229,"lag4",10.1511505077202,0.584375155490059
229,"lag5",2.28548387800292,0.627517317710948
229,"lag6",3.46298682070235,0.500388266802539
229,"lag7",2.86119136806825,0.504467034873412
229,"lag8",1.91296099122058,0.567692872403164
229,"lag9",1.52917032401137,0.540270381954022
229,"lag10",0.30311969463472,0.582074937824112
229,"lag11",1.92293288737751,0.629989119576015
229,"lag12",4.1770190346872,0.498583340967877
230,"lag1",3.4556521493068,0.459299054703293
230,"lag2",1.35088327378103,0.563482014344382
230,"lag3",1.53214038871418,0.56356389271278
230,"lag4",1.5391973220699,0.522068007741858
230,"lag5",0.747189908588945,0.506426030362967
230,"lag6",2.52146904470883,0.44400709487531
230,"lag7",1.06362880537701,0.467079090621449
230,"lag8",-0.539006051359881,0.567148900470079
230,"lag9",-1.37364312394551,0.567143257866731
230,"lag10",-1.9799601029778,0.523891346665433
230,"lag11",-0.45781350996542,0.506936515588329
230,"lag12",-0.240824829705075,0.44473574783077
231,"lag1",-0.305437645326074,0.531297343464167
231,"lag2",-1.87121321377432,0.626892985311284
231,"lag3",0.893988716373404,0.590512024663484
231,"lag4",1.97620808897644,0.59488214324672
231,"lag5",1.39752218527636,0.590037008407211
231,"lag6",1.78795990305696,0.522595300458724
231,"lag7",2.1037109204273,0.53877758676347
231,"lag8",1.15878606340769,0.629473141541119
231,"lag9",0.143417299752387,0.590509411218131
231,"lag10",-1.48659251245471,0.589113724342867
231,"lag11",-0.898080817005134,0.591410395879894
231,"lag12",0.211971961188701,0.522364577540887
232,"lag1",3.81267297586194,0.527836119252512
232,"lag2",4.91896094146995,0.633887239546828
232,"lag3",6.93411757047228,0.608332714336776
232,"lag4",4.57126798384877,0.576482352339133
232,"lag5",0.923372796376635,0.585265529549063
232,"lag6",0.435394076975693,0.517400060784399
232,"lag7",1.96896070968572,0.530524070757303
232,"lag8",-0.193340142768617,0.63265804715304
232,"lag9",-0.444761244094251,0.606085056912009
232,"lag10",2.44143451349967,0.575757919465269
232,"lag11",1.81004782523668,0.590121871138996
232,"lag12",1.13463363430406,0.516338824681845
233,"lag1",1.99830589441215,0.458256420749463
233,"lag2",5.58283500992949,0.541167855897734
233,"lag3",5.46254976259635,0.527456382444445
233,"lag4",3.94561246039698,0.528619538822288
233,"lag5",0.278388270918941,0.534839042367876
233,"lag6",-0.298627273814936,0.455010998345761
233,"lag7",0.384258343707679,0.460870945111476
233,"lag8",1.18166814077391,0.54150214177952
233,"lag9",1.4651838968355,0.524177127575581
233,"lag10",1.02965621194484,0.527515094282295
233,"lag11",1.05273551047839,0.537406156959936
233,"lag12",-0.280283922988321,0.45495296848365
234,"lag1",2.72285793911415,0.537087298069515
234,"lag2",6.84144368665133,0.654634281423721
234,"lag3",4.93161249132109,0.633885720635915
234,"lag4",5.72036396423214,0.609667318910424
234,"lag5",-0.424822653356399,0.604497478229589
234,"lag6",1.63301508831351,0.529880986727104
234,"lag7",2.00820960869393,0.552596794129308
234,"lag8",0.914305984472443,0.657749666126228
234,"lag9",1.61386771321502,0.636188877455407
234,"lag10",-0.587219728447817,0.605068136753947
234,"lag11",1.47805340722184,0.604120430875829
234,"lag12",-0.17586593527624,0.527883484548551
235,"lag1",1.74790401872451,0.505884197677436
235,"lag2",0.357992160342231,0.570121797176023
235,"lag3",2.33437365119986,0.530465473644029
235,"lag4",1.31828675642305,0.560043186326413
235,"lag5",-1.59050941172195,0.596131149187826
235,"lag6",0.939079258765243,0.482897420862249
235,"lag7",3.76669709894217,0.508717568706297
235,"lag8",3.18825282297625,0.570949556683169
235,"lag9",2.01736166286526,0.531434840615993
235,"lag10",1.11055239260362,0.555955459471795
235,"lag11",-0.0845250867707092,0.592822925660076
235,"lag12",1.38794500617716,0.481129732548251
236,"lag1",4.00780465524895,0.491984879339819
236,"lag2",6.52050590069745,0.573176579686684
236,"lag3",5.80342039535069,0.563563935513858
236,"lag4",5.36334445196591,0.581624677238255
236,"lag5",0.197237820021973,0.585022306479527
236,"lag6",0.805449142535721,0.506904849220143
236,"lag7",2.17654986492518,0.508939447561723
236,"lag8",0.457989142429763,0.58439664801236
236,"lag9",-0.349047144715249,0.571250365128516
236,"lag10",1.01316493329719,0.587973287418816
236,"lag11",3.06697872439948,0.590163438905881
236,"lag12",2.1359082563909,0.509163725741051
237,"lag1",2.76931650245541,0.483729040225297
237,"lag2",5.22254364913303,0.605401272555317
237,"lag3",5.78162123665156,0.530608313642816
237,"lag4",6.17478440775539,0.521604059922561
237,"lag5",0.0665606036703798,0.550636398603306
237,"lag6",0.500119488585749,0.473830263821839
237,"lag7",1.88751930813556,0.499174574051084
237,"lag8",-1.24515695527315,0.611614403966209
237,"lag9",0.763918420463838,0.531025215889647
237,"lag10",2.4381291023906,0.517444020644917
237,"lag11",1.82607026436021,0.550489204528844
237,"lag12",0.489521880609813,0.471721262051705
238,"lag1",0.706207263205071,0.471453665888845
238,"lag2",4.39223686529154,0.56301395719613
238,"lag3",5.53723882929905,0.525878966987492
238,"lag4",3.88834366085293,0.495545408382524
238,"lag5",1.77268010256008,0.503602132269252
238,"lag6",1.42211808749206,0.448190031041295
238,"lag7",2.60073183954584,0.471373441516152
238,"lag8",0.547005696443593,0.566863650696699
238,"lag9",-0.538700018376529,0.531925333014023
238,"lag10",3.90749186071857,0.500931221934347
238,"lag11",3.02506185591296,0.509689378535342
238,"lag12",2.47114754275978,0.453319551583206
239,"lag1",0.580025342779713,0.512717098231761
239,"lag2",0.0801283268656613,0.597135374188061
239,"lag3",2.51650080910548,0.569774620819574
239,"lag4",1.70213586132623,0.551354234085173
239,"lag5",0.460194051683953,0.566664887943262
239,"lag6",1.7250402111118,0.501434986280006
239,"lag7",0.627277892101318,0.5105439474504
239,"lag8",0.0732038316480386,0.596142339150813
239,"lag9",0.428000894678332,0.571261727221706
239,"lag10",0.209228200532275,0.552045679240102
239,"lag11",0.348095248881085,0.571194950336158
239,"lag12",1.17739414968157,0.504213066343718
240,"lag1",2.4854666960648,0.544310511029447
240,"lag2",9.0092692218343,0.612376497251113
240,"lag3",10.7229266082485,0.590128253138494
240,"lag4",10.5768604840469,0.610844609222351
240,"lag5",2.57703056855082,0.620796355810242
240,"lag6",3.02345384275173,0.531220348903406
240,"lag7",3.08135046724154,0.548647175439723
240,"lag8",0.819942904106785,0.609686229268775
240,"lag9",1.28573484253207,0.593880453630078
240,"lag10",3.9295689889864,0.610714723583726
240,"lag11",3.92399079741854,0.622457313458792
240,"lag12",1.9531819850118,0.53102033019197
241,"lag1",2.31914911587568,0.508779452023493
241,"lag2",11.1942911032238,0.613310246200951
241,"lag3",11.4443723418268,0.576239615283255
241,"lag4",9.11173271634646,0.557021273153466
241,"lag5",0.935442000517784,0.568934735085128
241,"lag6",2.8791328265938,0.505876668615549
241,"lag7",3.27196188062687,0.511852848532723
241,"lag8",1.60203694276332,0.611690243367151
241,"lag9",0.314190061122287,0.580210153949351
241,"lag10",2.17891043575412,0.559693008490917
241,"lag11",1.44632658936295,0.570878012554679
241,"lag12",1.58030170076752,0.510450293840894
242,"lag1",2.82649993333957,0.512672948309884
242,"lag2",1.27706915435444,0.589260156365826
242,"lag3",4.68805037607473,0.580863660650665
242,"lag4",2.91155654921488,0.591317507506992
242,"lag5",0.537101686637526,0.592978296172829
242,"lag6",0.913590600092869,0.492985149355492
242,"lag7",-0.183031890901526,0.512309804203859
242,"lag8",-1.11333448955889,0.594124908908589
242,"lag9",0.360405405767922,0.578810161838382
242,"lag10",1.1856367339075,0.593384703901035
242,"lag11",-0.296023550921544,0.595664455944724
242,"lag12",-0.618753196365318,0.494085390072503
243,"lag1",1.25035225777575,0.530806406764143
243,"lag2",-0.211432206529096,0.624428728733788
243,"lag3",1.30850969341293,0.586711403075474
243,"lag4",2.52519531061184,0.55914810411445
243,"lag5",0.208971147959179,0.579053107982434
243,"lag6",2.18486330078953,0.502808510001748
243,"lag7",1.14722973672023,0.535759103089965
243,"lag8",-0.65250426294034,0.623642784742528
243,"lag9",0.607926906580377,0.58425386560382
243,"lag10",0.743246485751173,0.553803102821088
243,"lag11",-0.540673915449544,0.576655269085368
243,"lag12",1.22010958240835,0.502320588922418
244,"lag1",1.3539379538301,0.560115369769966
244,"lag2",3.38544110062343,0.641088007308176
244,"lag3",5.22868271645298,0.631026875794479
244,"lag4",6.76244479153356,0.663641570760708
244,"lag5",2.58219934471291,0.650194679328218
244,"lag6",3.15919219321502,0.557153604450773
244,"lag7",1.01953023085477,0.564406182772052
244,"lag8",-0.230120089630188,0.640348833284561
244,"lag9",0.0740730713172869,0.627064886799519
244,"lag10",0.355247673123729,0.659271087363927
244,"lag11",0.616548657458079,0.649845160220884
244,"lag12",2.22162025118611,0.552600544397419
245,"lag1",3.3631195209287,0.507323517794482
245,"lag2",6.72488838323453,0.60083708998024
245,"lag3",6.83059812600649,0.573493590145335
245,"lag4",4.30657763799154,0.574754098044405
245,"lag5",-0.714525226514244,0.590098794152921
245,"lag6",0.993535810798199,0.500366955504647
245,"lag7",0.955445838813246,0.51943752176084
245,"lag8",0.681674638416972,0.606787611365552
245,"lag9",1.2893655474407,0.577168227965811
245,"lag10",1.28725024778254,0.573885501975479
245,"lag11",0.0496701726803677,0.590680685549167
245,"lag12",1.1757258635147,0.496629201965034
246,"lag1",1.23298840741587,0.527798038256038
246,"lag2",11.6838415307832,0.631091523402825
246,"lag3",11.7582440079289,0.600075211003039
246,"lag4",11.1785404895592,0.590799732415742
246,"lag5",3.22429594894007,0.595645896289681
246,"lag6",3.22823130748244,0.509712174314679
246,"lag7",2.57640162533195,0.534293093402551
246,"lag8",2.94702243054033,0.636582560262475
246,"lag9",1.98389675749492,0.601885435414786
246,"lag10",2.85303079127968,0.596463749794398
246,"lag11",1.94637299270585,0.600198758765567
246,"lag12",3.42659429827713,0.511454108101927
247,"lag1",1.89894657166013,0.405356277642114
247,"lag2",1.21899743866355,0.496128413342019
247,"lag3",0.640787080904458,0.475368703065677
247,"lag4",1.03450923899859,0.44307604469899
247,"lag5",-0.0753317509114632,0.442500879562436
247,"lag6",0.726180566329916,0.386444895346286
247,"lag7",1.82466427783915,0.413127212157594
247,"lag8",-0.351853054178017,0.501339709802871
247,"lag9",0.347739093263449,0.471964661285162
247,"lag10",2.47386575195598,0.442723100670984
247,"lag11",2.11113265268296,0.443217658316183
247,"lag12",2.70412573752555,0.384626095991212
248,"lag1",2.85343465578638,0.499188380836989
248,"lag2",4.12410648094884,0.571211492732689
248,"lag3",3.99688617206537,0.555221142414389
248,"lag4",3.31685018243798,0.527711932134487
248,"lag5",-1.06886385231622,0.575209201673967
248,"lag6",0.293447651270189,0.485796474929577
248,"lag7",1.90174403523471,0.504381579855521
248,"lag8",0.586709621582169,0.578435839584505
248,"lag9",0.556949389594457,0.556602752472977
248,"lag10",0.994264528237731,0.535733965777649
248,"lag11",3.7006904817151,0.584386098620131
248,"lag12",1.54470659794182,0.485174903755671
249,"lag1",2.52049172508493,0.485572650111268
249,"lag2",4.89719444980831,0.555519458425213
249,"lag3",5.75933940332032,0.523236186064733
249,"lag4",6.16098108166946,0.565741933146631
249,"lag5",1.16012984742941,0.585138747269675
249,"lag6",2.76295163382401,0.479561179493146
249,"lag7",1.70594064174138,0.492855209215856
249,"lag8",-0.395219767709372,0.563180927843672
249,"lag9",0.703320779493088,0.528841196530677
249,"lag10",2.73166030097162,0.562404657390209
249,"lag11",2.53366780072137,0.581262486787474
249,"lag12",2.25916998453132,0.477959534905371
250,"lag1",3.20641204653384,0.516451501621691
250,"lag2",6.17293057768413,0.608940513352835
250,"lag3",6.14879516933596,0.575483250800541
250,"lag4",5.76217576729636,0.572185258538727
250,"lag5",-0.230845019260199,0.587722552899315
250,"lag6",1.65007907542045,0.501258504723996
250,"lag7",2.32257494847885,0.524857188962647
250,"lag8",0.911847572102843,0.613875169458017
250,"lag9",-0.232030736019469,0.570464832668211
250,"lag10",1.18060928547857,0.572143092223658
250,"lag11",0.605851814436436,0.582143145676387
250,"lag12",-0.144752513215784,0.499789281891736
251,"lag1",2.27411213634966,0.521754627765808
251,"lag2",-0.373576964178396,0.620902493810515
251,"lag3",3.27181893465634,0.586552317767979
251,"lag4",2.87583930786101,0.582242962486434
251,"lag5",0.137847293937844,0.567216085788241
251,"lag6",1.20923179416701,0.492337285057995
251,"lag7",4.06847874021316,0.533786030884523
251,"lag8",1.08889455125744,0.629987270775059
251,"lag9",2.61222010156372,0.59205853280126
251,"lag10",2.4628156000481,0.579607069128627
251,"lag11",-0.150163118522047,0.563391914250478
251,"lag12",-0.515910033890484,0.486235541064853
252,"lag1",4.30209331349413,0.542203504014896
252,"lag2",6.78267404097199,0.630843501389813
252,"lag3",8.62480207085398,0.601867191603931
252,"lag4",7.11746836456912,0.617220233292556
252,"lag5",1.14320078644687,0.609210050568771
252,"lag6",1.66605201948929,0.533092730178289
252,"lag7",2.23798396534798,0.544553007167483
252,"lag8",0.196983300165989,0.635413395848601
252,"lag9",1.07230933656056,0.604468967911794
252,"lag10",3.22272215202543,0.617738401219147
252,"lag11",4.56910508825887,0.616860984046231
252,"lag12",3.58181575179909,0.536037127259753
253,"lag1",0.763884259291024,0.455535177615835
253,"lag2",7.84244075738908,0.540432834297655
253,"lag3",7.26248658229457,0.515682327666472
253,"lag4",6.71437656206425,0.513590462408506
253,"lag5",2.35950308604035,0.528212963948005
253,"lag6",2.00394391124491,0.45922184962523
253,"lag7",2.05122078391367,0.459626666337468
253,"lag8",1.25919116080927,0.54298075964069
253,"lag9",0.85138009847227,0.517801849890853
253,"lag10",1.64427360824177,0.51755121870062
253,"lag11",2.43181924923528,0.532471370496545
253,"lag12",2.49470337292462,0.45756984910824
254,"lag1",-0.0178707321464702,0.472932676639943
254,"lag2",3.08742940834295,0.543854495172119
254,"lag3",6.71865743046669,0.510351020137306
254,"lag4",5.86956754336569,0.53277463532842
254,"lag5",1.60294808732546,0.568398921824309
254,"lag6",0.788549527800301,0.465434905259257
254,"lag7",1.19467488408079,0.479065539369122
254,"lag8",1.50865632859359,0.547339565856679
254,"lag9",2.63500370831491,0.513146026164779
254,"lag10",2.32289614559979,0.53101775125194
254,"lag11",1.77457469163539,0.56700995936873
254,"lag12",0.567511478874674,0.466529253271882
255,"lag1",4.37077035119503,0.565222804355342
255,"lag2",19.8711316825761,0.653951288391703
255,"lag3",20.5264839394187,0.637599788400883
255,"lag4",18.0142257796763,0.647749154736958
255,"lag5",2.18898662085569,0.696524077164763
255,"lag6",2.24764902203405,0.593790256262268
255,"lag7",2.20959106914384,0.583316573134206
255,"lag8",2.00929931072265,0.659403034419933
255,"lag9",3.09302477289128,0.639783665720205
255,"lag10",1.22213096817566,0.646374772908072
255,"lag11",2.83643183486002,0.69696947459692
255,"lag12",2.88268696098501,0.588825724088494
256,"lag1",0.620590507553483,0.54866763861937
256,"lag2",5.55325540718952,0.629537720642032
256,"lag3",6.36503466520468,0.619650303055523
256,"lag4",6.83124232329271,0.631993861069884
256,"lag5",1.85211977817766,0.637973815338422
256,"lag6",1.53652899702511,0.554644155409002
256,"lag7",1.2675706306925,0.558890683186876
256,"lag8",0.101163155763507,0.632863374665739
256,"lag9",-0.164780062642032,0.613829239461305
256,"lag10",0.885619971423524,0.631472270834533
256,"lag11",2.11942814839677,0.638501798379782
256,"lag12",1.55130931760458,0.550568333327972
257,"lag1",1.98963740037889,0.476314573485566
257,"lag2",1.16210362714847,0.549614753462504
257,"lag3",1.70245054021855,0.546705864825595
257,"lag4",1.31493345592001,0.524301786125339
257,"lag5",-0.557605535765203,0.52635021999204
257,"lag6",0.503057918659588,0.454178876553482
257,"lag7",0.0812168110784741,0.481286363106699
257,"lag8",-0.246339472081276,0.550462167015448
257,"lag9",0.415268126590689,0.545324805259894
257,"lag10",-0.948781452087776,0.525671371336393
257,"lag11",-2.53231583378252,0.525780590603987
257,"lag12",-0.4079586519417,0.451028296510643
258,"lag1",4.33985514322569,0.585178081709361
258,"lag2",9.21471474895724,0.703182625920049
258,"lag3",8.39878640835737,0.658063029953297
258,"lag4",7.74643513136155,0.652538505399397
258,"lag5",1.7318449079932,0.644367644963955
258,"lag6",2.19225196319471,0.568374289862042
258,"lag7",2.52392333048711,0.595967899796837
258,"lag8",0.382862722393013,0.696617349703812
258,"lag9",-0.19263776588197,0.658827600807087
258,"lag10",3.65858989227804,0.649777845433712
258,"lag11",3.04063407299445,0.642377442343511
258,"lag12",2.84274692866826,0.566297174131958
259,"lag1",0.354850295764301,0.466604035881784
259,"lag2",5.36461154947244,0.56125813894615
259,"lag3",6.43562226113258,0.531833408173565
259,"lag4",4.25301784274157,0.490407718115233
259,"lag5",1.28261752183009,0.503952289400097
259,"lag6",0.890772666480501,0.44888531792321
259,"lag7",1.3033363460129,0.47753424937219
259,"lag8",0.510141806264661,0.563610403661407
259,"lag9",1.29339198428448,0.532552760688511
259,"lag10",0.400318631487058,0.490693965283603
259,"lag11",-0.197129433986364,0.503635213056398
259,"lag12",-0.633249055361159,0.444504898411266
260,"lag1",1.28275846727709,0.493792959610776
260,"lag2",7.972162948763,0.566069784400213
260,"lag3",8.87587917682515,0.54777477555033
260,"lag4",8.24211319427808,0.542554895367294
260,"lag5",2.31682812748187,0.577716250930583
260,"lag6",1.99535197127125,0.494170554913898
260,"lag7",1.32059772871257,0.500201270665461
260,"lag8",-0.848406807026095,0.569170295041824
260,"lag9",-0.811658128566058,0.548607327635118
260,"lag10",1.83281247803286,0.541340675059809
260,"lag11",2.1931263935277,0.577941266441717
260,"lag12",0.844367239741605,0.497446109289794
261,"lag1",1.33519017707368,0.480900789986111
261,"lag2",3.19764700594237,0.562505299131959
261,"lag3",4.84474392513416,0.52037921740701
261,"lag4",5.61798418675488,0.553517517011028
261,"lag5",1.63295615604936,0.55762819071868
261,"lag6",2.07607050359857,0.476063527869582
261,"lag7",2.11111668674287,0.489327051669391
261,"lag8",0.596980466063344,0.566052323750017
261,"lag9",1.00780729556633,0.517526389074724
261,"lag10",1.36636829817371,0.555020171048571
261,"lag11",1.67898026513936,0.562095218292698
261,"lag12",2.00794153746334,0.475172030463719
262,"lag1",3.75233459383701,0.506781914209938
262,"lag2",7.07030216783427,0.607517298406909
262,"lag3",7.72924628079245,0.576642913517749
262,"lag4",7.54185615692987,0.546582245923954
262,"lag5",1.80527575504454,0.585916547925903
262,"lag6",1.7704958129592,0.499369355824139
262,"lag7",1.70054328637409,0.519156347965454
262,"lag8",0.332421284674312,0.614327010815398
262,"lag9",-0.109621531226741,0.57776580097518
262,"lag10",0.854129241918918,0.546055619958098
262,"lag11",0.31792580689763,0.580928092601307
262,"lag12",0.328942009050921,0.495953885589889
263,"lag1",0.511340000263434,0.530060229634797
263,"lag2",-1.88705956774545,0.612917558375419
263,"lag3",0.759907794741256,0.582173236356758
263,"lag4",1.86486213820689,0.557977839190829
263,"lag5",0.601592401537754,0.586083049528374
263,"lag6",1.01393846870138,0.508955617724744
263,"lag7",1.62750725162049,0.53326892357668
263,"lag8",-1.962231969226,0.621020998442645
263,"lag9",-0.695802172670613,0.582985370693396
263,"lag10",2.5592990656757,0.560724354620235
263,"lag11",0.648886711736657,0.591351959148466
263,"lag12",0.823237651452987,0.511844967658593
264,"lag1",1.96326651852253,0.454569530750977
264,"lag2",2.81601820265375,0.526336932451647
264,"lag3",4.33154817460715,0.52611120180162
264,"lag4",2.34781726804725,0.540578561947046
264,"lag5",-0.45145402049626,0.525365183275216
264,"lag6",1.45304459776157,0.45188313448651
264,"lag7",2.91989831551156,0.455066385520726
264,"lag8",0.683322751495826,0.526458296407653
264,"lag9",-1.27537118289423,0.526635071062147
264,"lag10",1.42293887779541,0.541868437841486
264,"lag11",1.71917948245075,0.520978504971207
264,"lag12",0.874449546473441,0.452829013030876
265,"lag1",3.74150641363524,0.533991570371524
265,"lag2",13.5864116667604,0.629629426046191
265,"lag3",12.8618419465245,0.595913316390505
265,"lag4",11.7264029691201,0.588071721994728
265,"lag5",1.24654513991032,0.642322860592767
265,"lag6",2.0856596390066,0.545830859287011
265,"lag7",2.73068641685379,0.548010626957406
265,"lag8",1.55853212862038,0.629748039483129
265,"lag9",0.354062672860801,0.595751011090229
265,"lag10",2.04787474787988,0.590399595177618
265,"lag11",2.59930852125733,0.644670433568893
265,"lag12",2.77820931684617,0.545996412396933
266,"lag1",2.92973445457234,0.525359808553423
266,"lag2",4.63593781891561,0.626154638986719
266,"lag3",6.81257792240234,0.599183836966359
266,"lag4",5.24006929030383,0.578849036912496
266,"lag5",1.39651742490189,0.592280722580431
266,"lag6",2.18226676228826,0.526073983251141
266,"lag7",1.62799168414722,0.526313522465058
266,"lag8",0.323457753432108,0.630033541241492
266,"lag9",-0.471338981189069,0.599520214832939
266,"lag10",2.70653371076405,0.577693181075858
266,"lag11",2.74473676449107,0.592238447139859
266,"lag12",1.88574963424247,0.527869051894975
267,"lag1",1.82881089659424,0.440710267189401
267,"lag2",9.60570584330148,0.533076900920845
267,"lag3",9.02978945570148,0.486994230507202
267,"lag4",7.12082163638975,0.491018396397033
267,"lag5",1.03973322775578,0.500579948417724
267,"lag6",-0.353487031913902,0.424026410856538
267,"lag7",1.45389383177836,0.444244867561118
267,"lag8",0.504047073317073,0.535320245088554
267,"lag9",1.98213171837516,0.489702350170412
267,"lag10",3.84842914584912,0.487251189406552
267,"lag11",2.48290298603376,0.504857792825522
267,"lag12",1.65742131169603,0.424907102450841
268,"lag1",1.23320937701162,0.50659867644681
268,"lag2",3.46988741456255,0.606449357199879
268,"lag3",5.42313768638294,0.586207688096302
268,"lag4",6.23022402359493,0.58813687295901
268,"lag5",1.52291904805887,0.593069935911307
268,"lag6",1.90538053710248,0.498441736160642
268,"lag7",2.96128594380659,0.510183119832376
268,"lag8",-0.631716525869955,0.614865988102369
268,"lag9",0.786091130129076,0.584074080103533
268,"lag10",2.08436720104565,0.590844638948606
268,"lag11",2.80796714091513,0.595730277184221
268,"lag12",2.50873402116359,0.499385141452108
269,"lag1",1.37750533100391,0.467672712755736
269,"lag2",4.06202221845595,0.561310444639155
269,"lag3",4.22977868933929,0.522072472638276
269,"lag4",4.90108010369405,0.509318596548395
269,"lag5",-0.0360088641934119,0.53071839048042
269,"lag6",1.20777149124933,0.449255695753288
269,"lag7",0.310626693316163,0.47163021263909
269,"lag8",0.307015680473477,0.567137020723289
269,"lag9",0.337707304116452,0.516859696884017
269,"lag10",0.969158015379244,0.509735082001974
269,"lag11",0.755577593749806,0.536192277568967
269,"lag12",1.30247018378062,0.44744173672118
270,"lag1",2.24482249443498,0.471205601087933
270,"lag2",0.843625749906545,0.538907013621671
270,"lag3",2.59805277779699,0.501561439994828
270,"lag4",2.63964929341054,0.527142921638597
270,"lag5",1.78403231994293,0.549758198116493
270,"lag6",0.721498614401283,0.458250603509723
270,"lag7",0.327263696352387,0.477733853430704
270,"lag8",-1.0962901341529,0.543116919999008
270,"lag9",-0.741262531534447,0.504772315703508
270,"lag10",2.35495979038303,0.5273957921255
270,"lag11",1.06153564658457,0.554559005152492
270,"lag12",1.20370570533741,0.458371727586139
271,"lag1",2.52437132513934,0.474829196861417
271,"lag2",8.01243253590466,0.53215175205998
271,"lag3",8.20640164464183,0.523161473045293
271,"lag4",8.93265731638079,0.580227209965162
271,"lag5",2.25890262681211,0.593391198632276
271,"lag6",1.83387935830176,0.478762930318478
271,"lag7",2.16480136142566,0.481184940077718
271,"lag8",-0.0319593671363392,0.535267288351351
271,"lag9",0.969840097900193,0.528664360952059
271,"lag10",0.897629495122218,0.587279768112653
271,"lag11",1.43341848805488,0.594159118471735
271,"lag12",1.23653598776855,0.481794003520169
272,"lag1",1.84924457000616,0.471089558634201
272,"lag2",1.28848349608506,0.560083291888603
272,"lag3",3.7316146965984,0.524718006446929
272,"lag4",3.51231277115239,0.501559883679619
272,"lag5",1.12593610039148,0.527629914427508
272,"lag6",2.59164954019623,0.465310431029996
272,"lag7",3.88726619164095,0.474226056260406
272,"lag8",0.502522407595826,0.560009563570183
272,"lag9",0.234156035483735,0.527335495239626
272,"lag10",2.20509994334157,0.503381352333299
272,"lag11",1.55177870529835,0.530759476871004
272,"lag12",2.41835306373,0.467925564836491
273,"lag1",2.43789773239658,0.506739842207868
273,"lag2",10.4312709723539,0.592021543508888
273,"lag3",10.6493550769878,0.573705923435586
273,"lag4",8.27399406809662,0.573124383185973
273,"lag5",2.49658470772581,0.625102600829242
273,"lag6",1.79369132526985,0.511708067630303
273,"lag7",2.18605042731729,0.50823740227063
273,"lag8",1.57441194250979,0.597645273605783
273,"lag9",2.3604466376188,0.570410299202056
273,"lag10",1.02212449665556,0.574591712423798
273,"lag11",1.81014613108283,0.627641955731867
273,"lag12",0.567828836256513,0.511310500794083
274,"lag1",1.6443630525728,0.508171378697337
274,"lag2",7.11225054486161,0.584118107687953
274,"lag3",6.95792456757345,0.553454360450849
274,"lag4",8.10062554820857,0.588542798656615
274,"lag5",1.58146076337806,0.606466650155042
274,"lag6",1.78063169189023,0.508600495275146
274,"lag7",2.51965494941402,0.514006090249363
274,"lag8",-0.313564858122485,0.590929124211171
274,"lag9",0.842574523332434,0.554867671286245
274,"lag10",2.29050029136437,0.593903524930333
274,"lag11",2.77141597132753,0.614246718062411
274,"lag12",2.14465658925423,0.506730492775525
275,"lag1",2.52753809910996,0.493330313876328
275,"lag2",5.38211682882808,0.581137552286746
275,"lag3",5.95520140718831,0.559500509659443
275,"lag4",6.20029890535198,0.570092901400261
275,"lag5",0.787775729659408,0.586819888187483
275,"lag6",3.02689457474059,0.499894895695503
275,"lag7",2.9914911158548,0.502489240027739
275,"lag8",-0.21412532919497,0.588409878872244
275,"lag9",-0.00506653152109218,0.562705407068253
275,"lag10",0.703456530571972,0.570253585813846
275,"lag11",0.727951245104935,0.586455424724732
275,"lag12",1.77569485905304,0.496322523736254
276,"lag1",1.62089969674212,0.462906948897965
276,"lag2",4.65405292554678,0.537236995569069
276,"lag3",5.46479556144145,0.519936393764047
276,"lag4",6.24610972302853,0.532800645867257
276,"lag5",1.7148204277478,0.53374097470304
276,"lag6",2.08404398273373,0.450850556879498
276,"lag7",1.27287908190576,0.474392447866234
276,"lag8",0.555429685725898,0.545779074595214
276,"lag9",0.262450124893281,0.521875352952915
276,"lag10",0.633972469158752,0.533162906665241
276,"lag11",0.883771202793386,0.529739728753872
276,"lag12",1.63023010052499,0.447680629010177
277,"lag1",1.16858120906614,0.51557959289081
277,"lag2",4.48951293466595,0.626791952569709
277,"lag3",4.60726518989114,0.590458947523085
277,"lag4",6.065608061704,0.564965360412386
277,"lag5",1.61097309111941,0.576659816332164
277,"lag6",3.07591321928895,0.501797654428601
277,"lag7",2.98870793465545,0.520999039360567
277,"lag8",0.399258132218046,0.623504207387017
277,"lag9",-0.0349909691656909,0.589344359071345
277,"lag10",0.898837060604043,0.568510621307064
277,"lag11",0.058238580114633,0.577376311266306
277,"lag12",-0.653230016019766,0.503798042788301
278,"lag1",2.3651044162077,0.537769073328884
278,"lag2",11.9285359252564,0.619475279194141
278,"lag3",14.1730092749798,0.618102542694261
278,"lag4",11.8496007923453,0.597080811880945
278,"lag5",2.19682863576236,0.622266197634792
278,"lag6",4.85122472541146,0.544556059076612
278,"lag7",4.76725440626736,0.541313541507325
278,"lag8",3.25280096384664,0.622092203566697
278,"lag9",2.15376360079865,0.616417418752257
278,"lag10",2.12605618212975,0.595465274781504
278,"lag11",2.55273674751765,0.622344524519351
278,"lag12",3.22564452698375,0.542312595717845
279,"lag1",3.46943672611327,0.524621683028432
279,"lag2",6.38651267564196,0.590182697508202
279,"lag3",8.38109635335907,0.566902779318628
279,"lag4",8.09997689038087,0.602496130697968
279,"lag5",1.69796867116158,0.622914098445901
279,"lag6",1.76584911298159,0.528845281996199
279,"lag7",2.10214806157639,0.533845633440154
279,"lag8",1.12074804612334,0.595312563912495
279,"lag9",0.370745373680582,0.569866477054259
279,"lag10",1.6814904026219,0.595429949921562
279,"lag11",2.87186146349611,0.624807462614875
279,"lag12",1.39039663775667,0.526626576759533
280,"lag1",1.22709625924765,0.468333157917747
280,"lag2",8.16735780879503,0.526465104459803
280,"lag3",9.29525093729232,0.522029186957828
280,"lag4",8.54543216913881,0.523068690896098
280,"lag5",2.46180634454531,0.564760679637031
280,"lag6",2.57365827161199,0.468251925714748
280,"lag7",2.34010158213376,0.473081572512842
280,"lag8",0.558020180767226,0.531411106930376
280,"lag9",1.41765826921079,0.52533147630498
280,"lag10",2.03891056488032,0.519336435761174
280,"lag11",1.76758604175178,0.564886680806728
280,"lag12",2.81023822215367,0.466529534113943
281,"lag1",1.08017232395279,0.542508939362146
281,"lag2",6.8816431929437,0.607424990943205
281,"lag3",8.00336678132378,0.596521384799003
281,"lag4",9.14243339701602,0.628831516491913
281,"lag5",1.99972449745255,0.669169640296606
281,"lag6",3.24201117713361,0.546778023685862
281,"lag7",2.518292638582,0.547812101791264
281,"lag8",-0.616589377881308,0.612590125026858
281,"lag9",-0.259066076028805,0.598005842387045
281,"lag10",-0.558726443143532,0.630237307659507
281,"lag11",0.801755458720782,0.671190593115501
281,"lag12",1.06326252946281,0.545335702393933
282,"lag1",5.45714800794092,0.565147906870329
282,"lag2",13.3878888759257,0.670438856738645
282,"lag3",11.6809770835401,0.61634502565029
282,"lag4",8.92471952727969,0.65192469246584
282,"lag5",0.865374188574157,0.68304496578723
282,"lag6",2.36570037158031,0.562375359558056
282,"lag7",4.06510015830725,0.569269504242432
282,"lag8",1.04055857652107,0.674459215227371
282,"lag9",1.39626019041662,0.623214879153936
282,"lag10",3.52018552910118,0.654417209153107
282,"lag11",2.54074207805006,0.689100658888681
282,"lag12",3.61152240514493,0.564356668492824
283,"lag1",2.19766436292719,0.527765594611032
283,"lag2",7.16688231623705,0.588563735964541
283,"lag3",6.72516996924715,0.562894428282624
283,"lag4",6.57007613340147,0.593329292970357
283,"lag5",0.929140654375119,0.618906153752795
283,"lag6",0.604816970510203,0.513848141401687
283,"lag7",2.33041494831869,0.529340390192642
283,"lag8",0.488761280663457,0.589329375768445
283,"lag9",0.461451724021352,0.560875371111038
283,"lag10",1.61551974891566,0.590866916004314
283,"lag11",1.43616163628575,0.624742907787921
283,"lag12",2.41965054606292,0.516195856175896
284,"lag1",4.11659262646995,0.49333393725322
284,"lag2",11.2366958033588,0.571388050896541
284,"lag3",12.3511278671464,0.556121031705914
284,"lag4",11.8033559250724,0.584815389071825
284,"lag5",3.11875072595523,0.59896267719534
284,"lag6",1.9423583327575,0.507726780700191
284,"lag7",1.10097756667546,0.503390999940414
284,"lag8",0.82623790796071,0.573673943890274
284,"lag9",-0.752992044790293,0.560231602662391
284,"lag10",0.015054078429608,0.585659175189841
284,"lag11",3.41121372248898,0.59679330313735
284,"lag12",2.64409467988393,0.504277625719982
285,"lag1",1.24315593205494,0.540535178135513
285,"lag2",2.23881697182663,0.627161298001476
285,"lag3",1.50712743166824,0.579550453156846
285,"lag4",0.88434749660608,0.588118437394273
285,"lag5",-1.05337047986015,0.635159088350641
285,"lag6",-0.238419517426619,0.533630832180763
285,"lag7",3.45831066717159,0.544048301229697
285,"lag8",2.3092694102022,0.631041478725626
285,"lag9",1.02146299084831,0.582000599018587
285,"lag10",1.60425695471789,0.593561848768301
285,"lag11",2.16843580513294,0.641153032498961
285,"lag12",1.17080976861036,0.534443207674072
286,"lag1",2.36274990794061,0.594592274985754
286,"lag2",6.4774087215371,0.692510698222154
286,"lag3",6.25979916796035,0.638665517031617
286,"lag4",7.32627196142545,0.638385801566529
286,"lag5",1.39436146865628,0.651090196364748
286,"lag6",1.7084918720227,0.567769290486804
286,"lag7",1.41863599952578,0.612783324653225
286,"lag8",0.167073708546536,0.6992905822
286,"lag9",0.3968551367144,0.644086280906297
286,"lag10",0.528731485265484,0.639313229946131
286,"lag11",-0.541775114954456,0.643778116594874
286,"lag12",-0.127365532883786,0.562346470638107
287,"lag1",0.468439683096175,0.481955541411174
287,"lag2",-0.677913453635384,0.569426924334608
287,"lag3",1.42595863342129,0.561675768763965
287,"lag4",0.853227731866823,0.567536800697845
287,"lag5",-1.3639893838603,0.567077642293622
287,"lag6",0.0997147055102267,0.470738496931638
287,"lag7",0.931716976379019,0.487878618991152
287,"lag8",-0.537405603195269,0.573788782192251
287,"lag9",0.443071409417331,0.562186302534418
287,"lag10",0.189142321505576,0.56652390676964
287,"lag11",0.0590228480000659,0.566316461377541
287,"lag12",0.713202863609365,0.47186356030931
288,"lag1",2.96643415588307,0.48894518181552
288,"lag2",7.19966014496842,0.575027943706303
288,"lag3",4.52832658618474,0.541721238588434
288,"lag4",6.01022513363161,0.554615642531301
288,"lag5",1.18858521862086,0.574509683265905
288,"lag6",1.51976929278448,0.479521548143185
288,"lag7",1.27332711339991,0.490201379834155
288,"lag8",0.670290079065844,0.575406623284801
288,"lag9",1.17287178414465,0.540257721503359
288,"lag10",2.58977658143869,0.555818674071999
288,"lag11",1.99838171783436,0.578301771787745
288,"lag12",1.35053322859958,0.482331074276009
289,"lag1",1.04315751615969,0.51743899872953
289,"lag2",1.47113029116145,0.61741099443
289,"lag3",4.31197764073604,0.571962810545846
289,"lag4",2.87640337163691,0.561165775787374
289,"lag5",1.22066189350647,0.579783299657956
289,"lag6",1.38253651395765,0.504566700843506
289,"lag7",1.21496699635024,0.51880507921876
289,"lag8",-0.305093530541131,0.619903034031375
289,"lag9",0.656042861179019,0.577284274407388
289,"lag10",2.58585734663024,0.559795052834505
289,"lag11",2.10532105744844,0.581734419718679
289,"lag12",2.25792514722989,0.505796734755032
290,"lag1",1.86923299915965,0.489132538931052
290,"lag2",5.92030348926785,0.583883439423076
290,"lag3",7.36677622991976,0.562576729669918
290,"lag4",6.74406007058701,0.559351645468788
290,"lag5",1.89123216085502,0.584769366033225
290,"lag6",2.40281919871116,0.502378570325372
290,"lag7",3.64629724807529,0.496017334680365
290,"lag8",3.05536470764851,0.588336840694396
290,"lag9",2.14838374948903,0.56596698211444
290,"lag10",1.45684473580158,0.555362054931518
290,"lag11",1.73844281688051,0.582109434814443
290,"lag12",1.23797474919068,0.49912172122473
291,"lag1",4.10825636726744,0.490787504444456
291,"lag2",11.5790111044982,0.567545555562638
291,"lag3",11.4934831198964,0.558713842615458
291,"lag4",11.5519098493482,0.557788866570822
291,"lag5",2.58671918231635,0.583923441727947
291,"lag6",2.18671348198923,0.495517699860292
291,"lag7",2.13211780219432,0.497760251563743
291,"lag8",0.168501957506535,0.574267859821887
291,"lag9",1.21668740596683,0.557912927759406
291,"lag10",0.602737207055438,0.555930645425514
291,"lag11",2.21388228909832,0.583312979405767
291,"lag12",2.03090419750446,0.4890642670142
292,"lag1",1.33642190150838,0.423212062145052
292,"lag2",3.46928407560766,0.502866454330193
292,"lag3",5.49894518783494,0.506196740171906
292,"lag4",4.79725872361056,0.483853151408211
292,"lag5",0.922836504098655,0.484294573009106
292,"lag6",0.696660285295106,0.417877456973962
292,"lag7",0.476388050764241,0.423729072071444
292,"lag8",-0.563340636376846,0.507631892933542
292,"lag9",-0.192810251319684,0.507156147493647
292,"lag10",0.987827461671281,0.4916957060901
292,"lag11",0.574092595004182,0.490712187059111
292,"lag12",1.48893515138054,0.421192662040462
293,"lag1",1.91545236965155,0.459413841835164
293,"lag2",0.916703861817579,0.535818728112179
293,"lag3",1.94113599749798,0.53511396315327
293,"lag4",1.55600616615118,0.53730319816189
293,"lag5",2.29920290029426,0.536509421404656
293,"lag6",0.0508985082703131,0.461634522516824
293,"lag7",1.8106849685477,0.466965695087217
293,"lag8",-0.448833481333568,0.540306989935308
293,"lag9",-0.680518209929221,0.531360825875371
293,"lag10",1.03874099890512,0.536415847855074
293,"lag11",0.755096631633118,0.538992498992124
293,"lag12",0.444715083235537,0.459489720913405
294,"lag1",3.08184405162178,0.489460082005868
294,"lag2",7.31724847133347,0.548347422795122
294,"lag3",6.53795748945784,0.510165606027614
294,"lag4",4.63150684852207,0.570742821753654
294,"lag5",0.702102063823573,0.558826598748553
294,"lag6",-0.000109671095892175,0.467824162221903
294,"lag7",1.76434824614104,0.491213565681841
294,"lag8",1.71927319512251,0.552690444401978
294,"lag9",1.09116260291345,0.513425507252007
294,"lag10",0.478926309832407,0.568664670560864
294,"lag11",0.840744297151277,0.561273202506605
294,"lag12",1.32536905632925,0.46482871708219
295,"lag1",3.13162806076486,0.475900057829928
295,"lag2",5.5484515964958,0.554198406329872
295,"lag3",5.94130803238657,0.526305768565122
295,"lag4",5.2302479989003,0.554623002265413
295,"lag5",1.74533020881976,0.580337382687216
295,"lag6",1.81393676672766,0.480630920684719
295,"lag7",2.59999537596717,0.4797297378705
295,"lag8",0.269532037189945,0.560655262566185
295,"lag9",0.850228129158216,0.5265163498889
295,"lag10",0.155100104700391,0.555540236517779
295,"lag11",0.128081765715606,0.578764249922943
295,"lag12",1.38510726408591,0.474511660024438
296,"lag1",2.44989105121225,0.472912325951879
296,"lag2",9.11352393190709,0.552451460877917
296,"lag3",9.08307997422218,0.523788700003103
296,"lag4",8.45015580998301,0.533697449722433
296,"lag5",0.926122715495376,0.594399277118362
296,"lag6",0.831327148130493,0.486345378829975
296,"lag7",0.385024018454671,0.475296743364267
296,"lag8",0.145123449508236,0.552567458380126
296,"lag9",-0.0291859471220846,0.525904361210042
296,"lag10",0.594705797026466,0.533503972179425
296,"lag11",0.18508229871069,0.596159129267014
296,"lag12",-0.278279048812742,0.48734667651418
297,"lag1",1.88397887313596,0.559138883033328
297,"lag2",8.7990376254725,0.641012195385896
297,"lag3",11.4624105802287,0.644722523373438
297,"lag4",13.7363628927384,0.611590599604227
297,"lag5",4.74530532690756,0.640959882663383
297,"lag6",2.76779200043519,0.543859558697326
297,"lag7",1.88173079792131,0.566805508650902
297,"lag8",-1.26871863678521,0.642467585123056
297,"lag9",1.22424939489246,0.639412063657437
297,"lag10",2.54734271436385,0.615095162123657
297,"lag11",3.11681118583818,0.640634081794433
297,"lag12",1.26786389277235,0.540400913875125
298,"lag1",0.185357743622225,0.4784723595179
298,"lag2",-0.307380483232077,0.558410221627327
298,"lag3",2.26674226998994,0.541429851953722
298,"lag4",3.07027853938927,0.537353551881535
298,"lag5",1.41651545735716,0.546800996647936
298,"lag6",2.54515535846522,0.472739175638029
298,"lag7",4.49051266347619,0.482900288123229
298,"lag8",0.263155438182119,0.571740206519059
298,"lag9",1.94243078176381,0.548633746777918
298,"lag10",3.03337040255439,0.532929069279153
298,"lag11",2.11672578769564,0.548679513414469
298,"lag12",1.97425275355723,0.474985492308927
299,"lag1",1.2090439872267,0.512167295879181
299,"lag2",9.43258336204334,0.596886263888415
299,"lag3",8.55890966788507,0.545022581912127
299,"lag4",7.67240543350325,0.563256146743522
299,"lag5",0.399172352427529,0.601064141890891
299,"lag6",1.27688033749571,0.508911999253337
299,"lag7",2.71492374014116,0.521752972476637
299,"lag8",1.26747125850004,0.605257424992247
299,"lag9",0.920745851026376,0.548349052247836
299,"lag10",1.61918074799612,0.562814456692324
299,"lag11",1.3829620690182,0.602950622195388
299,"lag12",2.08793602569435,0.50733442466866
300,"lag1",1.0599478571073,0.551622501537567
300,"lag2",16.7799422389533,0.657480446580342
300,"lag3",16.2145972911513,0.598661476516586
300,"lag4",15.6640544262217,0.619106329161888
300,"lag5",2.78530542092573,0.642865791403838
300,"lag6",1.78846959092164,0.537474406302203
300,"lag7",2.307398473452,0.568332658418351
300,"lag8",1.20914944203972,0.658305572444401
300,"lag9",2.75942852516612,0.5987013451918
300,"lag10",1.83275686598064,0.615761187871193
300,"lag11",1.22003189982611,0.64209804781274
300,"lag12",0.592962617121149,0.531542192003188
301,"lag1",0.588874785386547,0.502753809997689
301,"lag2",-0.561809358689014,0.589247126806479
301,"lag3",1.06908740086075,0.549873516430468
301,"lag4",2.89854880476884,0.543082534089328
301,"lag5",2.30984193904186,0.561969144284186
301,"lag6",2.40084814711817,0.474259056207483
301,"lag7",3.1303690909794,0.510997451362378
301,"lag8",1.79728173351494,0.603832330642628
301,"lag9",2.89502694925223,0.548386404988743
301,"lag10",3.13988439086999,0.547902429184119
301,"lag11",0.554766934148873,0.560751364250281
301,"lag12",0.958562343244345,0.467301973434118
302,"lag1",0.0654678651631478,0.459357411061131
302,"lag2",-0.129977742789777,0.530847248149799
302,"lag3",1.79284452094687,0.517188048141845
302,"lag4",2.77997869693032,0.497020792017736
302,"lag5",-0.65942600225296,0.516142966014953
302,"lag6",0.872040763696748,0.442497614924696
302,"lag7",3.4693034030713,0.462600710951548
302,"lag8",-0.974123348503131,0.536539432714685
302,"lag9",0.718304581689044,0.519558407236266
302,"lag10",2.06863669334349,0.497360854327108
302,"lag11",2.63587580582493,0.516369034066171
302,"lag12",0.377367067667833,0.44181035062135
303,"lag1",1.85953508820116,0.50544722198349
303,"lag2",5.43140239198627,0.603873189685325
303,"lag3",4.88157932375947,0.587390553505821
303,"lag4",4.49311852485751,0.551120334490865
303,"lag5",2.02216349748152,0.566922311399794
303,"lag6",0.504129503915568,0.499008927093065
303,"lag7",1.07469842484887,0.510200113892662
303,"lag8",1.16848273460625,0.605032994610181
303,"lag9",0.802779097853665,0.586490989568173
303,"lag10",0.871259761693756,0.549429591951552
303,"lag11",1.02785058546803,0.56658729960582
303,"lag12",-0.885319293597289,0.495846793302521
304,"lag1",2.86331006613821,0.540574770449969
304,"lag2",5.91633289227388,0.650223020318758
304,"lag3",6.71349430022167,0.601658382228294
304,"lag4",5.72112321018762,0.607686869417157
304,"lag5",0.663824466796319,0.632208465564329
304,"lag6",1.06823253770021,0.529157983109385
304,"lag7",0.311388157674548,0.545837026172541
304,"lag8",0.640279401958055,0.654107753613201
304,"lag9",0.335518583997958,0.60327066618171
304,"lag10",1.15753835829634,0.604078072461199
304,"lag11",0.300195498821296,0.632208530831092
304,"lag12",-1.30375889839712,0.527455853533521
305,"lag1",2.16593332958485,0.495835038294519
305,"lag2",4.36453293522899,0.560818955177938
305,"lag3",5.12504630499523,0.541355944903698
305,"lag4",4.82802291574281,0.572397482543226
305,"lag5",1.67236870870653,0.586795553735921
305,"lag6",1.41265595531306,0.485604136923898
305,"lag7",0.715106991780086,0.499599405089259
305,"lag8",0.905321807845362,0.564575013748701
305,"lag9",1.34693152604136,0.541589199187531
305,"lag10",1.39307996331271,0.571712720576908
305,"lag11",3.82908359953887,0.594204443151781
305,"lag12",2.00114629446914,0.486214786064733
306,"lag1",2.24800608585157,0.465176280121311
306,"lag2",2.26289722862688,0.532731593076981
306,"lag3",1.51016532939493,0.512298357833273
306,"lag4",2.16553418329962,0.541466272586817
306,"lag5",0.265539759491684,0.542210036972457
306,"lag6",1.47578983728504,0.451389317735035
306,"lag7",2.93429518014621,0.469512452922162
306,"lag8",1.40845134552157,0.539026453961269
306,"lag9",0.0449077666719275,0.513900119108628
306,"lag10",2.2216813851832,0.542421766385238
306,"lag11",2.87985637765417,0.545041801036713
306,"lag12",2.14542577730872,0.449533311305308
307,"lag1",3.16393107382285,0.487060464514335
307,"lag2",0.751058197096769,0.574745110643505
307,"lag3",3.05267135191285,0.54028416763102
307,"lag4",3.51614657149506,0.552448477754951
307,"lag5",2.8758523658082,0.533874949177905
307,"lag6",1.88692982563193,0.463391484674716
307,"lag7",0.871388954282223,0.488243409111655
307,"lag8",-1.43362633658131,0.576900699424968
307,"lag9",-0.366182102734768,0.545911202309222
307,"lag10",5.04772726957113,0.556565729411359
307,"lag11",4.78645645706191,0.538853240972638
307,"lag12",2.73713906124095,0.468800620596631
308,"lag1",-0.119850467461922,0.454883285945666
308,"lag2",3.5424179727286,0.552427862909547
308,"lag3",5.18267722251554,0.532110357726614
308,"lag4",4.39098619724266,0.528445244912346
308,"lag5",0.753291628977573,0.529758810840479
308,"lag6",0.707985630168023,0.455752429898528
308,"lag7",0.948520294058152,0.454577685412554
308,"lag8",-0.102598404993365,0.5579916629273
308,"lag9",0.449608235513226,0.53258015573071
308,"lag10",-0.159497060985653,0.527123951867115
308,"lag11",-0.238598765405652,0.533149552796742
308,"lag12",0.890381466662535,0.455359030568009
309,"lag1",1.32393657264736,0.460056229113638
309,"lag2",10.7828369373575,0.561108795627487
309,"lag3",11.7508240980342,0.534096735673325
309,"lag4",9.40259613952837,0.505057287011248
309,"lag5",1.03241571263988,0.548149583100774
309,"lag6",1.11311524322694,0.463899047870152
309,"lag7",2.94207082388533,0.466265845403693
309,"lag8",0.714065246543611,0.566681495097061
309,"lag9",1.82310338922931,0.535536619454062
309,"lag10",2.79075541191015,0.509343778263662
309,"lag11",3.96519527553724,0.5546820398571
309,"lag12",3.66035509485781,0.466215714397045
310,"lag1",1.31831135038428,0.465407874335824
310,"lag2",0.780924067845715,0.572608101925489
310,"lag3",3.12775410599566,0.528100326191984
310,"lag4",1.34079365960518,0.504344232918861
310,"lag5",0.18661434442151,0.520932655527766
310,"lag6",-0.147140377685151,0.451376823676395
310,"lag7",1.39719922920896,0.468434526754357
310,"lag8",0.345663145870054,0.572303866250604
310,"lag9",1.13087400505702,0.529104495934007
310,"lag10",4.28667372241371,0.504632677045111
310,"lag11",3.04272285405249,0.527947052283757
310,"lag12",1.60626070296638,0.453929439819223
311,"lag1",3.79645162844733,0.521714935156425
311,"lag2",13.0728059687802,0.60417631254326
311,"lag3",13.3370937566809,0.565405016818226
311,"lag4",12.3271644599684,0.608826892287914
311,"lag5",2.75764687294809,0.646286778725141
311,"lag6",3.38510390099848,0.521515577229141
311,"lag7",4.09808022816013,0.529195636222208
311,"lag8",4.06195992402043,0.608678056484269
311,"lag9",3.10535251023851,0.571254990577351
311,"lag10",5.58514205219827,0.613010733665577
311,"lag11",4.89761551234239,0.651063272493292
311,"lag12",3.59511656451436,0.521895023994973
312,"lag1",3.72451275273024,0.509133098185304
312,"lag2",4.43878998801546,0.575420120966832
312,"lag3",5.98104209282942,0.551403541573657
312,"lag4",4.2624988427859,0.579914219969293
312,"lag5",-1.27980664951887,0.610366593081004
312,"lag6",1.28933768249667,0.493127386141425
312,"lag7",1.10875060507697,0.513826150642579
312,"lag8",0.490899369432805,0.581521576582443
312,"lag9",0.968889664618415,0.556552458498607
312,"lag10",1.00351644439344,0.582949612599392
312,"lag11",1.83260729706843,0.614874506802953
312,"lag12",1.44200500515824,0.493580748610788
313,"lag1",3.50473054006713,0.538555034975787
313,"lag2",7.36242614321926,0.646094702843119
313,"lag3",8.01474010047482,0.631594674006276
313,"lag4",7.6025489495267,0.617356212403678
313,"lag5",0.201115291169701,0.61157227664471
313,"lag6",1.05168952450649,0.52599820713807
313,"lag7",1.56976253193184,0.544804926341524
313,"lag8",0.402923825942123,0.649648404201915
313,"lag9",0.478693002374612,0.631384369349019
313,"lag10",2.05373812230547,0.617499968963036
313,"lag11",1.09649795372103,0.614884958018311
313,"lag12",1.8606081281743,0.529861675129004
314,"lag1",2.87761987465614,0.462020887937992
314,"lag2",8.53582753522093,0.549887065231901
314,"lag3",6.78971831943431,0.50286279137134
314,"lag4",5.43580161827432,0.509555056300751
314,"lag5",1.03406629651372,0.51704177511112
314,"lag6",0.983346155135522,0.441669131174834
314,"lag7",3.34747636591471,0.470718209005838
314,"lag8",0.556128691428307,0.554713156542849
314,"lag9",0.0481905885643176,0.507348807278985
314,"lag10",3.51510616123034,0.506612317741174
314,"lag11",3.68331276243833,0.523599762656144
314,"lag12",2.64802967290915,0.44566066888808
315,"lag1",1.53255543433933,0.507033394275318
315,"lag2",4.42131347945981,0.581918913852422
315,"lag3",5.45037421250289,0.567444487690125
315,"lag4",7.0384035385704,0.584769765434298
315,"lag5",2.07807385976476,0.593110781611496
315,"lag6",3.18610628226851,0.509273914319718
315,"lag7",1.21414998179687,0.521669242832602
315,"lag8",-0.472621366525826,0.587319001442403
315,"lag9",0.414176262785677,0.569789873084256
315,"lag10",0.846855095311558,0.585232516902621
315,"lag11",1.19563182889299,0.589974540765417
315,"lag12",1.60762490525677,0.509513443277875
316,"lag1",2.98358141841462,0.490992990307744
316,"lag2",2.55265713450397,0.559476819259585
316,"lag3",3.60007554187228,0.5445064369034
316,"lag4",2.60329610067728,0.567027437065883
316,"lag5",0.641646578507002,0.586499631374992
316,"lag6",1.13508346755086,0.480441561341642
316,"lag7",2.11485390344979,0.500481083720001
316,"lag8",0.609684989017919,0.569072931348923
316,"lag9",1.11717327144921,0.547004796290689
316,"lag10",2.85843437293202,0.563592140396398
316,"lag11",2.93531664780096,0.587392177449251
316,"lag12",3.0165211957736,0.479237053664279
317,"lag1",0.798388256054292,0.446772465140426
317,"lag2",-0.742126188757126,0.501493333325152
317,"lag3",1.01794215290307,0.504425352371081
317,"lag4",2.48404703817149,0.495552919227494
317,"lag5",0.463482797831191,0.529635757922764
317,"lag6",2.22136846589251,0.450856355638271
317,"lag7",2.60616348025785,0.456748411583357
317,"lag8",1.07835738689807,0.509518382016465
317,"lag9",-0.342816882888696,0.507458031620359
317,"lag10",0.0175538199640066,0.494178474933237
317,"lag11",-0.145676573553291,0.525757304439877
317,"lag12",1.6889120592991,0.448585019006822
318,"lag1",1.64568756746295,0.51030000535567
318,"lag2",0.661133996151837,0.560456930275952
318,"lag3",2.56390316214836,0.538168811553199
318,"lag4",2.68659534538264,0.580075011931462
318,"lag5",1.21377495367372,0.617642267457174
318,"lag6",1.29145425034644,0.50086683322067
318,"lag7",2.90724357813281,0.513817524895845
318,"lag8",0.38429515024065,0.56641254106608
318,"lag9",0.928119640793005,0.541395655113729
318,"lag10",0.720522227679332,0.576842486214231
318,"lag11",0.947288572723481,0.622398350224852
318,"lag12",0.241910728889182,0.500975111399832
319,"lag1",2.26101327296383,0.490922885442577
319,"lag2",0.788804305612629,0.574622782942581
319,"lag3",3.17612386544277,0.542149103800153
319,"lag4",3.38940622573124,0.544278336360051
319,"lag5",1.87483766561399,0.548936949368322
319,"lag6",1.95988605594246,0.47474598756921
319,"lag7",2.18420768320245,0.497602214405173
319,"lag8",0.73762792946973,0.577087475632335
319,"lag9",0.357148492866381,0.544356414178349
319,"lag10",2.2767322943319,0.542303284432802
319,"lag11",2.38003162098121,0.551432322923323
319,"lag12",3.40532567469659,0.47354973972073
320,"lag1",1.75197485774441,0.502137921250984
320,"lag2",5.34939930568417,0.57604991679471
320,"lag3",5.46150114567829,0.554678211523683
320,"lag4",5.5301217339486,0.557361739300012
320,"lag5",2.55206325870209,0.554033409039445
320,"lag6",2.51159244339957,0.474757538914135
320,"lag7",2.01481169753255,0.507127336858791
320,"lag8",1.22424710879678,0.578427694422191
320,"lag9",-0.178383188197507,0.55698097481376
320,"lag10",0.913758434629975,0.555592290756119
320,"lag11",0.608775891640098,0.554569577842844
320,"lag12",2.22834154249845,0.469184319493802
321,"lag1",2.90163511135393,0.46882301322781
321,"lag2",6.91751447414865,0.555396538524686
321,"lag3",8.19142791728327,0.508370940863868
321,"lag4",7.90089382239759,0.50647767516085
321,"lag5",2.95870680872193,0.533569529221332
321,"lag6",2.0278720896575,0.472320483031074
321,"lag7",0.995704663069336,0.480404132341907
321,"lag8",-0.50942348626026,0.562918054453689
321,"lag9",-0.252594486880658,0.510947652331506
321,"lag10",1.05979577274443,0.50581095934433
321,"lag11",1.34173019377217,0.535053458013835
321,"lag12",1.2579450391838,0.468437060680926
322,"lag1",2.73471104199234,0.484288760637907
322,"lag2",5.15968344533402,0.544048074037187
322,"lag3",4.53393669708286,0.527697039716651
322,"lag4",4.52285804046075,0.568112878768122
322,"lag5",1.50599703679993,0.573656945357222
322,"lag6",-0.111275187693311,0.473281738564334
322,"lag7",1.14264729533418,0.490250104993643
322,"lag8",0.493277235188071,0.546972768291069
322,"lag9",1.02679029696443,0.530012193902818
322,"lag10",0.847850095612289,0.570302577778219
322,"lag11",3.15790736164587,0.578061017020119
322,"lag12",0.87559760316042,0.476255708258478
323,"lag1",1.07449045993024,0.48485010242783
323,"lag2",8.17710321503708,0.574083114404343
323,"lag3",7.9779458048613,0.547733605253687
323,"lag4",7.20922520436538,0.53034083091325
323,"lag5",1.27846255770695,0.57303641353548
323,"lag6",1.98510395810409,0.486750341003672
323,"lag7",3.82753870123144,0.487527764199212
323,"lag8",0.322276093806995,0.57715364447325
323,"lag9",0.69577555274983,0.544049569655503
323,"lag10",1.80200213715589,0.530144742155323
323,"lag11",1.8898060409906,0.574067034603239
323,"lag12",2.40069292748238,0.484938518467827
324,"lag1",3.21081318966497,0.530083297666604
324,"lag2",8.83990125020109,0.611513977410969
324,"lag3",9.21202990774789,0.582045951214965
324,"lag4",8.74115956613451,0.561062610711018
324,"lag5",1.47102886627354,0.610622956814491
324,"lag6",1.62942181731923,0.521865905948271
324,"lag7",3.17906018941468,0.538567187720107
324,"lag8",1.14945043025205,0.615762960738474
324,"lag9",0.938084900428885,0.579166000426017
324,"lag10",1.51171942251348,0.564622472302698
324,"lag11",4.35881359235925,0.608860669249195
324,"lag12",2.12662867074899,0.518961313153837
325,"lag1",2.49661190684919,0.431454346592384
325,"lag2",5.35378598163487,0.517953633355682
325,"lag3",6.52647020111922,0.50349986577427
325,"lag4",4.61802100425072,0.476245355223233
325,"lag5",1.81491267807401,0.507918372093099
325,"lag6",1.31379428646635,0.436515012226341
325,"lag7",0.622896345826881,0.43569018160678
325,"lag8",1.3781932443142,0.519923940150091
325,"lag9",0.94995006272361,0.505263464407696
325,"lag10",1.56058480817207,0.477768551793777
325,"lag11",2.10702299551818,0.513126631367284
325,"lag12",1.37250507361437,0.438142910537827
326,"lag1",1.61712702329603,0.470567680827831
326,"lag2",7.29925810986635,0.546795752611832
326,"lag3",7.52903983309271,0.49114547999304
326,"lag4",8.04348363800199,0.523186994004371
326,"lag5",1.98803952818671,0.558204757200387
326,"lag6",2.01589208969185,0.459077099312425
326,"lag7",2.1567951034875,0.47207921406442
326,"lag8",2.07381202751646,0.550966935509223
326,"lag9",2.66735228146151,0.49365812392381
326,"lag10",3.48981411156676,0.517627604261126
326,"lag11",1.24284134737053,0.56677738821404
326,"lag12",1.37200858289529,0.460653913739787
327,"lag1",1.21278081795096,0.563473248445389
327,"lag2",10.6101134303899,0.627628712489692
327,"lag3",11.1718520513543,0.60988850220029
327,"lag4",9.21439506203203,0.62676964698908
327,"lag5",2.59011362519142,0.656851702460983
327,"lag6",1.42466434932239,0.54659039745529
327,"lag7",2.32994967582989,0.562905760276403
327,"lag8",1.07800924372365,0.626316123752279
327,"lag9",1.27399634147023,0.602983039110373
327,"lag10",1.68108541593709,0.624850170583863
327,"lag11",2.81312529983492,0.662714717059959
327,"lag12",2.27201813418774,0.544717077352262
328,"lag1",1.15918391816892,0.487251907440465
328,"lag2",-0.189570356219634,0.585145870455963
328,"lag3",1.38055309751433,0.56404081850582
328,"lag4",1.57004356091902,0.526356870050358
328,"lag5",-0.171259744840936,0.542464836774504
328,"lag6",-0.0340272176434863,0.471345292231194
328,"lag7",1.63229503803813,0.495125027153799
328,"lag8",-0.495280854060425,0.593234401736156
328,"lag9",1.96888153596359,0.565221216876071
328,"lag10",2.39908775217912,0.532321346927139
328,"lag11",3.12136820292216,0.548764385842538
328,"lag12",1.60865304605897,0.475993250711623
329,"lag1",0.393272504645086,0.518276066043217
329,"lag2",0.884612370213274,0.613920892899759
329,"lag3",2.13228882786059,0.55621514479427
329,"lag4",3.60049225608561,0.555747734505222
329,"lag5",1.40149584245752,0.578265659584862
329,"lag6",3.09786845072071,0.493737586336129
329,"lag7",2.5295869299256,0.522155632545297
329,"lag8",0.54397092219132,0.616084815650661
329,"lag9",0.0756197677468807,0.555208236635068
329,"lag10",2.17312100396907,0.553951967221292
329,"lag11",1.32839756348244,0.575492868648717
329,"lag12",1.54217960884541,0.489643586665883
330,"lag1",1.98010839218936,0.496234015734674
330,"lag2",2.25700847768385,0.612422233186657
330,"lag3",2.46518036573309,0.534583498486059
330,"lag4",1.71141513050209,0.519798907035493
330,"lag5",0.25291177023172,0.54378194048725
330,"lag6",0.715705472279827,0.479927839933232
330,"lag7",0.405741576933201,0.504895440990779
330,"lag8",-0.604368494657348,0.616460640865464
330,"lag9",-0.66485538567794,0.537712016493811
330,"lag10",-0.290861031801346,0.521579188414308
330,"lag11",0.960287874421045,0.542185213065213
330,"lag12",2.06139254840198,0.476805530053982
331,"lag1",4.56315585885212,0.502377661960798
331,"lag2",10.7005716960005,0.574015051900272
331,"lag3",11.015682043068,0.551001207506937
331,"lag4",8.56420772148635,0.557835414365718
331,"lag5",1.70583332138404,0.593547878208841
331,"lag6",0.40948596953627,0.508849650161087
331,"lag7",1.05635543749015,0.504635590153244
331,"lag8",0.739853065272496,0.568632814771892
331,"lag9",-0.347377847545276,0.550080254622119
331,"lag10",1.65416014945088,0.55550484691713
331,"lag11",2.76299714120301,0.592476738093676
331,"lag12",0.887569488099985,0.506298715172324
332,"lag1",3.09706693562173,0.520850174668527
332,"lag2",11.4386517582755,0.610252373960416
332,"lag3",11.6283802763169,0.594401897579053
332,"lag4",8.77497825945724,0.584136303754411
332,"lag5",0.657334191413852,0.604077983135077
332,"lag6",1.0114879778893,0.516608017285239
332,"lag7",2.30564518915475,0.523638933564225
332,"lag8",1.28840984168202,0.613591693909761
332,"lag9",0.737558141931386,0.597974418818206
332,"lag10",1.43607810649297,0.588202910278143
332,"lag11",1.64138331482505,0.604777217854368
332,"lag12",3.26779932017741,0.517261381343668
333,"lag1",1.03140161954279,0.446538683564014
333,"lag2",0.727961634088834,0.500086954796736
333,"lag3",1.16471048453657,0.503205912703663
333,"lag4",2.38558315267728,0.521780563424993
333,"lag5",1.0868899497375,0.517146883178585
333,"lag6",0.731990226069899,0.439204577146763
333,"lag7",1.85664890851962,0.457987368392323
333,"lag8",0.577214888338116,0.505831360415882
333,"lag9",1.4946455485796,0.509839450482865
333,"lag10",1.62332249414665,0.524726073518915
333,"lag11",1.00519649758137,0.518100037044193
333,"lag12",0.837671369075097,0.434736074137226
334,"lag1",1.76814171310129,0.482392306579513
334,"lag2",3.79102685799144,0.543423585685465
334,"lag3",2.99427689891254,0.513868587384003
334,"lag4",3.27159223030433,0.55979543055319
334,"lag5",3.21415621022659,0.562020315656836
334,"lag6",1.91063101908903,0.461035555268686
334,"lag7",0.979070144320788,0.490543673114851
334,"lag8",0.534021287980092,0.546912914086908
334,"lag9",0.133250587324951,0.515384936410543
334,"lag10",2.22019135239219,0.559092786100963
334,"lag11",2.55425197723202,0.566050737114138
334,"lag12",1.79827045021897,0.461735693163219
335,"lag1",2.54222548252575,0.573454362929358
335,"lag2",3.40192438114149,0.645495644040107
335,"lag3",5.1118382338979,0.634272403052226
335,"lag4",3.65513825782661,0.673745759243164
335,"lag5",1.59944717330442,0.667220508992974
335,"lag6",0.788156128567684,0.576701330362064
335,"lag7",0.917134072153103,0.580703194616424
335,"lag8",1.21384976744544,0.651554193965227
335,"lag9",0.208986754119074,0.638517981641701
335,"lag10",2.89051910171518,0.667396582409952
335,"lag11",2.73606804368171,0.670865304373515
335,"lag12",1.44203194749862,0.580778544608126
336,"lag1",2.12059619488799,0.526968835723584
336,"lag2",-0.944438530878848,0.609005406908312
336,"lag3",1.7560518115426,0.573560858854332
336,"lag4",2.42332211885721,0.568578855323039
336,"lag5",-0.107904200948553,0.596339721879913
336,"lag6",1.78103952438297,0.52046952603407
336,"lag7",3.24110923308435,0.534241854190496
336,"lag8",-0.193624756511503,0.613430151503379
336,"lag9",0.045100205432391,0.57197224084195
336,"lag10",0.696562361275419,0.565117730624018
336,"lag11",0.427481454924995,0.596969017136353
336,"lag12",1.65694227534835,0.517677859816325
337,"lag1",2.54291830211167,0.499867171639248
337,"lag2",0.431909923538254,0.580165952586005
337,"lag3",1.65532254142115,0.535987405130525
337,"lag4",3.09842994461005,0.549328892538955
337,"lag5",0.167920749251365,0.571469664031696
337,"lag6",1.43062372329211,0.483532346154718
337,"lag7",1.92952662920298,0.504784552718032
337,"lag8",-0.628857773143373,0.588021972873994
337,"lag9",0.515891986119009,0.540905152607429
337,"lag10",3.91860705821724,0.555639856674493
337,"lag11",1.89276555459962,0.57667778853733
337,"lag12",1.73619572565794,0.48793743941746
338,"lag1",2.57442523087874,0.530125956967522
338,"lag2",7.52415102238731,0.628864929021298
338,"lag3",9.00633540809326,0.614262945088911
338,"lag4",7.65589107944013,0.610327554251702
338,"lag5",1.38741782437373,0.619379981008881
338,"lag6",0.404487317145404,0.527367468858028
338,"lag7",0.642078501274397,0.547925509624363
338,"lag8",0.83399706029414,0.635461555070237
338,"lag9",-0.0563607397059872,0.616108380283699
338,"lag10",0.320214796797293,0.613126996278115
338,"lag11",0.927985097390671,0.619733297261294
338,"lag12",1.24634560576633,0.526553774283656
339,"lag1",1.01358015423725,0.508119845918814
339,"lag2",3.5337719995884,0.593068196906822
339,"lag3",5.39635545335184,0.56579076784964
339,"lag4",6.17004543099129,0.554175533515209
339,"lag5",2.75538713108522,0.571779123442887
339,"lag6",2.43940579887992,0.493750370012718
339,"lag7",1.95982491436032,0.51418170307382
339,"lag8",-0.389827905151708,0.59707685289277
339,"lag9",-0.424328928864327,0.558877815285684
339,"lag10",2.2101393465062,0.55412219914208
339,"lag11",1.55073627062693,0.573611047434767
339,"lag12",0.835798547359666,0.487409829874397
340,"lag1",1.91911296015025,0.457271926839986
340,"lag2",2.00074220540983,0.545638073593672
340,"lag3",2.208293755063,0.52132649033064
340,"lag4",2.67481093467708,0.521688243072922
340,"lag5",-0.419324118750935,0.520723034690292
340,"lag6",1.5408052297873,0.453450128594895
340,"lag7",2.55858819338276,0.468453132930431
340,"lag8",-0.824924907029766,0.554555020804586
340,"lag9",-0.95370288919858,0.524308887921813
340,"lag10",1.06862378206559,0.52277359110187
340,"lag11",1.49631640108631,0.52477743369067
340,"lag12",0.813878601549242,0.452599918258705
341,"lag1",1.63553521633011,0.478943018499265
341,"lag2",1.53061728929992,0.549800026881473
341,"lag3",3.62957306563241,0.522324262237178
341,"lag4",4.17817015707402,0.533387630839699
341,"lag5",2.02796852674245,0.545650453977523
341,"lag6",1.1768890895362,0.468753203272655
341,"lag7",-0.332404227354813,0.486681427114248
341,"lag8",-1.58931048853712,0.550320234394009
341,"lag9",0.201498975571163,0.524733882638397
341,"lag10",2.24359647106531,0.537004190937032
341,"lag11",1.26924654128088,0.548938075072682
341,"lag12",0.11032208903272,0.472208403542003
342,"lag1",3.36261940543873,0.521255152888848
342,"lag2",7.04433821536779,0.614216191979441
342,"lag3",7.14851609918245,0.590390096143964
342,"lag4",5.47279849330315,0.577451462590886
342,"lag5",1.73291580226906,0.595710597980339
342,"lag6",1.92621564770645,0.524881461739482
342,"lag7",1.15855610652595,0.522124336133355
342,"lag8",-0.211581152537837,0.614754388353762
342,"lag9",-0.667454369409727,0.591775656078548
342,"lag10",0.373735474653518,0.577867782809518
342,"lag11",0.251589847852354,0.598427668589399
342,"lag12",-0.214638042799578,0.527393587454761
343,"lag1",2.86380479009658,0.487713797031014
343,"lag2",1.75256415873754,0.584599665782011
343,"lag3",3.51617286600716,0.542969594454182
343,"lag4",2.70592056788969,0.532004159085078
343,"lag5",2.22703435890318,0.523619830060941
343,"lag6",0.994347760111653,0.45992867000465
343,"lag7",0.448296168144153,0.492307632887522
343,"lag8",0.336169719973056,0.592075656114808
343,"lag9",1.3297501452086,0.548770558713666
343,"lag10",2.92689520702292,0.536099348101689
343,"lag11",3.14637640027736,0.528758801592833
343,"lag12",0.974377466643138,0.460037403129275
344,"lag1",1.16068647504845,0.47881345150791
344,"lag2",-1.24209609737409,0.552894017635487
344,"lag3",0.99206006357939,0.52724066811912
344,"lag4",1.88136664076106,0.542473620390891
344,"lag5",1.50873343591189,0.530556625447604
344,"lag6",-0.474655244432485,0.458356742193674
344,"lag7",-0.594399122923534,0.485253072649408
344,"lag8",-2.08001935871706,0.562354645567149
344,"lag9",-1.00593012589915,0.529713285179806
344,"lag10",-0.179040323101645,0.544146221666499
344,"lag11",-0.936751096924486,0.531769400978152
344,"lag12",-1.02211938378162,0.455760534994196
345,"lag1",3.52956326940719,0.522681486335793
345,"lag2",6.16054401967814,0.59237258321481
345,"lag3",6.49453071006102,0.568421903091863
345,"lag4",5.48185045307597,0.578005202500678
345,"lag5",0.806829999611652,0.618825934973668
345,"lag6",2.44457749868684,0.516860992273197
345,"lag7",2.7479051315676,0.525671053835296
345,"lag8",1.50137618480567,0.594619045236502
345,"lag9",2.1855656079734,0.572906836542177
345,"lag10",-0.181478332058544,0.574367669794734
345,"lag11",0.696763161118901,0.611704611745286
345,"lag12",0.165208013723126,0.511662797151347
346,"lag1",2.13527591189592,0.527640967545322
346,"lag2",2.77378979877978,0.599293704061587
346,"lag3",2.6394406709752,0.606767046407896
346,"lag4",4.1355913439012,0.610657811696043
346,"lag5",-0.548160587869058,0.599875422164451
346,"lag6",-0.194675499692347,0.506653660363056
346,"lag7",0.255724492886473,0.530749847760177
346,"lag8",-1.54910358038133,0.59575134888367
346,"lag9",-0.163557505530471,0.596607437644635
346,"lag10",-0.365027545673384,0.614621969933987
346,"lag11",-1.54160888009726,0.60339309074824
346,"lag12",-0.576284212938951,0.502038858701039
347,"lag1",2.72921644253556,0.482026786444319
347,"lag2",0.30275708807498,0.57718834866499
347,"lag3",1.21790437797041,0.537832725991898
347,"lag4",0.301089098529238,0.528999801100693
347,"lag5",-0.320391554453575,0.546449543309939
347,"lag6",0.80508969557475,0.469429253727947
347,"lag7",1.49615500481547,0.479884310333844
347,"lag8",0.154870111919429,0.580739848032304
347,"lag9",-0.0866611286599955,0.534200118421128
347,"lag10",0.189408080340108,0.527493586580466
347,"lag11",1.79225051716179,0.551091361322935
347,"lag12",1.41584972210939,0.469181123610371
348,"lag1",2.82561703587281,0.50211061458431
348,"lag2",3.37169792630023,0.600265473833976
348,"lag3",2.98148612455119,0.551483618556169
348,"lag4",2.97433033374063,0.564180283390971
348,"lag5",0.851985998130274,0.586801915277664
348,"lag6",1.42156588884693,0.490263494984632
348,"lag7",2.19278942950628,0.515087162187239
348,"lag8",0.965366120165033,0.610736019474325
348,"lag9",-1.05420514553333,0.554945485189112
348,"lag10",-1.08235008855228,0.564843213242248
348,"lag11",-0.26950437366057,0.583808869911464
348,"lag12",-0.148493073285282,0.49044929046759
349,"lag1",1.79909077864922,0.507417526969133
349,"lag2",4.74125319016288,0.60364358397976
349,"lag3",4.50259146705128,0.571773441222718
349,"lag4",4.48109427856712,0.565785504898476
349,"lag5",0.602874412282803,0.563286671610977
349,"lag6",1.00557373577382,0.500268836478179
349,"lag7",1.15599882412761,0.519674133334625
349,"lag8",1.600269013495,0.607013825488762
349,"lag9",1.73915390400212,0.569087536822126
349,"lag10",1.19709946449998,0.564623464830368
349,"lag11",0.885955797808064,0.565315675554491
349,"lag12",2.01879639235433,0.494724553705704
350,"lag1",1.69187792565681,0.491515095612668
350,"lag2",7.57318001132077,0.594186007593664
350,"lag3",8.35914257106734,0.562713355437523
350,"lag4",7.09586062736948,0.549249980846816
350,"lag5",1.54343846808814,0.564419705776317
350,"lag6",0.253630376224442,0.492029442001673
350,"lag7",0.694080098605514,0.496008968459583
350,"lag8",0.217873561308873,0.596488629735729
350,"lag9",-0.873193789729927,0.561184557704669
350,"lag10",1.29686731965386,0.550507817883641
350,"lag11",1.89968348649435,0.568355709485326
350,"lag12",1.35905280446073,0.495106404860872
351,"lag1",0.652963609389156,0.445621203191825
351,"lag2",-0.930608123568711,0.527506640115937
351,"lag3",0.411665332053285,0.508815948724221
351,"lag4",1.79575876164792,0.506192375450105
351,"lag5",-0.620271500854974,0.487990886760879
351,"lag6",-0.415752944392613,0.428169887922371
351,"lag7",-0.765275043336028,0.457996679193533
351,"lag8",-2.1698155656247,0.529996273199264
351,"lag9",-0.229400785336426,0.507341169893312
351,"lag10",1.31989173862227,0.502267678983467
351,"lag11",0.434189458162132,0.486219259647702
351,"lag12",0.187812199459219,0.426460495666833
352,"lag1",3.15927367469359,0.434633746031357
352,"lag2",8.27149445337433,0.502182932981754
352,"lag3",10.3150487717234,0.499928803549108
352,"lag4",7.75965157579236,0.504581625264894
352,"lag5",1.86880117255576,0.519487525686414
352,"lag6",0.778354060717742,0.43859223189569
352,"lag7",0.921817991518825,0.443595072244088
352,"lag8",2.11100310494995,0.502982054572123
352,"lag9",2.36079243957665,0.497197364375616
352,"lag10",0.51336866998737,0.49738506687713
352,"lag11",-0.217898509293117,0.51686067742083
352,"lag12",0.717887249268352,0.434141549065627
353,"lag1",3.28408233532956,0.464104301994265
353,"lag2",8.16651559441198,0.563383526836517
353,"lag3",8.25240169065622,0.538289880204033
353,"lag4",5.93441259087983,0.503968868439911
353,"lag5",0.856505060343208,0.504344947965448
353,"lag6",1.4861778455672,0.451504549985393
353,"lag7",2.86399788916527,0.474096280294034
353,"lag8",0.982740775768605,0.56991201300943
353,"lag9",0.690435889626756,0.540711334559467
353,"lag10",0.777389287127493,0.50448273266134
353,"lag11",1.73908955342999,0.505632593350901
353,"lag12",0.719055801989699,0.44903422255834
354,"lag1",4.42291885468584,0.4960622031355
354,"lag2",14.0268544317454,0.547726730283168
354,"lag3",13.9728148040404,0.523196201023975
354,"lag4",13.2414647060021,0.550382132120384
354,"lag5",2.66911984157778,0.639367981007322
354,"lag6",1.01805540877694,0.509244539204022
354,"lag7",2.06055181555853,0.499584459803329
354,"lag8",0.988333568390217,0.550273889381973
354,"lag9",0.596674218698277,0.528811071793548
354,"lag10",1.29055304046833,0.554566475457744
354,"lag11",2.19995360029592,0.643824801061525
354,"lag12",1.0713867931851,0.513532414794375
355,"lag1",0.370255282960314,0.486342993044274
355,"lag2",8.07813720193632,0.578583984522226
355,"lag3",8.96193591434868,0.535139511302633
355,"lag4",8.50452562985766,0.530757278602756
355,"lag5",2.43314016638314,0.566215604324358
355,"lag6",0.922604225091183,0.495290909959057
355,"lag7",1.04861342158309,0.492567907414178
355,"lag8",0.136971618202257,0.583281178515427
355,"lag9",0.61103791726999,0.540662017905309
355,"lag10",2.75646089259368,0.532366287000994
355,"lag11",5.06252288376539,0.572606294524179
355,"lag12",2.01279141049668,0.500500661018528
356,"lag1",1.27186376270448,0.489183070203736
356,"lag2",4.4210072611145,0.554310916326566
356,"lag3",5.74984648736311,0.532282297511774
356,"lag4",5.48064483115322,0.544071034149171
356,"lag5",0.930833209811056,0.560588712787178
356,"lag6",1.1980760978889,0.484685867277226
356,"lag7",1.50796218522811,0.497186044506605
356,"lag8",0.453571431306451,0.559597215300947
356,"lag9",-0.0461766855535436,0.53062851608732
356,"lag10",0.554513067365521,0.538733636355772
356,"lag11",-0.0857796122505284,0.554019640392679
356,"lag12",0.235123262283615,0.47934722486215
357,"lag1",0.81568244670445,0.457067529943677
357,"lag2",3.20236515642035,0.531373306445543
357,"lag3",4.26214309433118,0.506719670916283
357,"lag4",4.87449787135306,0.503382220507173
357,"lag5",1.11542495536525,0.536426786509414
357,"lag6",0.797309121931008,0.447325367510617
357,"lag7",0.85416269145592,0.463320592445461
357,"lag8",0.153902875914945,0.534816850992651
357,"lag9",-0.482178597458213,0.507148119161784
357,"lag10",1.12762401111956,0.505520829153931
357,"lag11",1.06257673140321,0.53300103631028
357,"lag12",1.27973864273322,0.447759653185748
358,"lag1",2.11456817758943,0.504199709863389
358,"lag2",4.29488554310688,0.569806754706697
358,"lag3",4.70892190980762,0.553378781610501
358,"lag4",5.00184290827621,0.557194803755736
358,"lag5",0.28721667150835,0.632159186140656
358,"lag6",2.55850559347809,0.524919064284951
358,"lag7",3.86022539374379,0.510845744957249
358,"lag8",1.40854500787099,0.576830194860449
358,"lag9",1.0337156687129,0.556084108753196
358,"lag10",0.0221599725908258,0.557542477892974
358,"lag11",1.12998036104607,0.630501379416944
358,"lag12",1.62502916240959,0.525767383247804
359,"lag1",3.59272929894836,0.511877712881068
359,"lag2",6.91316758963949,0.58752598301509
359,"lag3",7.18095052590714,0.571735484279747
359,"lag4",6.16549934402912,0.612259441559428
359,"lag5",1.57523927934596,0.62247323677349
359,"lag6",1.94581259181888,0.517202781907722
359,"lag7",1.59053716352814,0.520551190899878
359,"lag8",1.24339260951421,0.596415522263408
359,"lag9",0.925678984265677,0.574761163905265
359,"lag10",0.616759790210397,0.604774860348207
359,"lag11",1.47400311140249,0.621686986252348
359,"lag12",0.955870292828471,0.510749979890764
360,"lag1",1.98715070233707,0.495301306740356
360,"lag2",7.66869743774179,0.574484641846362
360,"lag3",7.90238364010101,0.545854172517877
360,"lag4",7.68444124225935,0.551526181971878
360,"lag5",2.06044044571935,0.568511606900393
360,"lag6",1.18192906055701,0.492697366990386
360,"lag7",1.80169550542648,0.503850757643792
360,"lag8",1.43055866024479,0.577609484299207
360,"lag9",1.48735385208939,0.54859601568871
360,"lag10",1.32960015683161,0.550935745128866
360,"lag11",1.86385535586863,0.569791411664733
360,"lag12",1.85760754254001,0.48966846672081
361,"lag1",3.33516328146095,0.528537261293747
361,"lag2",11.4341091073872,0.60727240535246
361,"lag3",11.8571526981905,0.581943799712369
361,"lag4",11.8392493357439,0.581091430215083
361,"lag5",2.90005071653062,0.603985758038466
361,"lag6",2.65643857632028,0.519071921148295
361,"lag7",2.52720999901068,0.535206095573837
361,"lag8",1.10568827454921,0.607480328028693
361,"lag9",0.394469042839543,0.578435546247594
361,"lag10",2.77626093425411,0.578466416939089
361,"lag11",1.36773491186604,0.602544374768653
361,"lag12",2.01754080500195,0.516620565656561
362,"lag1",2.05845545024854,0.522854490205669
362,"lag2",5.93665169628933,0.620400558294804
362,"lag3",6.37216233436781,0.572532131614357
362,"lag4",7.08121087023521,0.575609093987201
362,"lag5",0.822435630380488,0.59703501881378
362,"lag6",0.341185284098092,0.516970034163043
362,"lag7",2.02703317816278,0.537509975760349
362,"lag8",-0.427946692055071,0.624882989678778
362,"lag9",0.809846152049113,0.570482846314163
362,"lag10",0.168326175399733,0.575866276418355
362,"lag11",1.05556209611359,0.592996903383034
362,"lag12",1.33411611765194,0.512458061871636
363,"lag1",1.71958762568305,0.538417373240041
363,"lag2",6.75922814443353,0.617813771180077
363,"lag3",7.7688549171495,0.614921121571526
363,"lag4",9.10055603541572,0.578568262188893
363,"lag5",1.657831111315,0.599655850350962
363,"lag6",1.47432320785219,0.521341065325282
363,"lag7",0.741382579892873,0.542453536144563
363,"lag8",-0.320509973229008,0.620819091208895
363,"lag9",-0.841882857532679,0.615671859120851
363,"lag10",1.62841034176029,0.578824909911746
363,"lag11",2.82189313967597,0.603768340468424
363,"lag12",2.47423482466362,0.524591755332331
364,"lag1",-0.159712772917374,0.481703294611138
364,"lag2",0.205072825516061,0.554170250442057
364,"lag3",2.1703113373007,0.529338866160874
364,"lag4",2.16874441584345,0.531792852983023
364,"lag5",-0.0535558200669395,0.5449891768931
364,"lag6",1.42134485699096,0.474590971661834
364,"lag7",1.62868601230665,0.481419460195008
364,"lag8",-0.38274948659036,0.558895784204609
364,"lag9",0.0459870773353909,0.529919670793386
364,"lag10",-0.739153224153324,0.533309552707989
364,"lag11",-0.339583673951938,0.546007969824197
364,"lag12",1.52593377934996,0.472127734167166
365,"lag1",2.04449440598645,0.484057057083306
365,"lag2",3.49246031990616,0.539237943847585
365,"lag3",2.63598721329177,0.5174189381431
365,"lag4",3.75256640416421,0.539180833652223
365,"lag5",1.34397625272049,0.548467711404243
365,"lag6",0.974346761325045,0.464845781185582
365,"lag7",1.64869998534578,0.485219814104764
365,"lag8",-1.37346379925786,0.546098629652648
365,"lag9",-0.338503202236491,0.510024977304424
365,"lag10",-1.30164372202816,0.539619512301962
365,"lag11",-1.07201638532627,0.55118879755664
365,"lag12",-0.0772515888696126,0.458690236300237
366,"lag1",3.88789854464409,0.493740269754863
366,"lag2",6.27222003334764,0.579754564151789
366,"lag3",4.62385812198555,0.515727094766368
366,"lag4",3.76203131228811,0.540871305142723
366,"lag5",0.481990736365985,0.562462270136216
366,"lag6",0.00172996758078494,0.478973193601423
366,"lag7",0.649563878887044,0.504573751300623
366,"lag8",0.224143451856875,0.585591193617969
366,"lag9",-0.143904801974881,0.521024684355216
366,"lag10",0.955566927832288,0.54241291558421
366,"lag11",3.1084240617149,0.56581677465819
366,"lag12",2.71007803390779,0.480453893030308
367,"lag1",2.39245460572644,0.441070481849912
367,"lag2",1.78515700600311,0.516813188200909
367,"lag3",4.25908078425334,0.516765002405075
367,"lag4",2.86528131704005,0.491076160809517
367,"lag5",1.72814236020728,0.478502833239851
367,"lag6",1.49001993587896,0.420840611834432
367,"lag7",1.52891483926276,0.443093466096155
367,"lag8",-0.368957961034217,0.516161546117891
367,"lag9",0.414595524035608,0.51154702021988
367,"lag10",2.98422946691627,0.48821066713832
367,"lag11",3.05350963722289,0.479056535260974
367,"lag12",1.12098917166153,0.417331176585178
368,"lag1",3.25820746551788,0.549632982468051
368,"lag2",7.61173010914049,0.646856814928042
368,"lag3",5.20615965097904,0.60165461476151
368,"lag4",4.31912593261991,0.597828011122026
368,"lag5",-0.670105591900479,0.63095431235747
368,"lag6",2.78392916969701,0.547254744707275
368,"lag7",4.15183146427241,0.561192654976797
368,"lag8",1.27839293842028,0.651858527510582
368,"lag9",0.222004487129634,0.601043880979485
368,"lag10",1.85225629050452,0.602273335945421
368,"lag11",1.48472847160459,0.630578071198659
368,"lag12",2.15411424375094,0.546432900196786
369,"lag1",2.87345621671829,0.507845808898329
369,"lag2",3.84334502499123,0.577638399982393
369,"lag3",5.44706822470195,0.566204211924256
369,"lag4",4.44570967256135,0.595976158536578
369,"lag5",-0.05573462764499,0.600820538279629
369,"lag6",1.17575520930295,0.497930420415291
369,"lag7",1.07600928518996,0.521031921987396
369,"lag8",2.14485345540197,0.586803563881788
369,"lag9",2.34055717516888,0.571025993655642
369,"lag10",-0.221845272036107,0.591656966288308
369,"lag11",0.876036537044585,0.598978600548965
369,"lag12",1.70370765256484,0.49258292693689
370,"lag1",1.38029565558303,0.491700798022423
370,"lag2",4.22160068798922,0.544028731715083
370,"lag3",5.19244782108344,0.516050350954902
370,"lag4",5.81404032519747,0.560204380314366
370,"lag5",1.67772786679188,0.597787584733467
370,"lag6",1.78008621537276,0.482290471136556
370,"lag7",2.20774142854993,0.49676022049056
370,"lag8",1.39674156694174,0.552258221948149
370,"lag9",1.01966989389462,0.519907511376594
370,"lag10",3.00429567241183,0.559046250853439
370,"lag11",3.14962720707787,0.597167292787834
370,"lag12",3.00820010918429,0.482244721497623
371,"lag1",2.2074714460394,0.516606986988441
371,"lag2",8.0547286666733,0.615512492042601
371,"lag3",6.97025361220898,0.571512313031319
371,"lag4",6.91842133130175,0.587730273868722
371,"lag5",0.234043230318147,0.61614912621135
371,"lag6",1.42415646090094,0.513358266374198
371,"lag7",2.76391670495256,0.51867050451756
371,"lag8",0.0602352610374977,0.622072809689537
371,"lag9",1.26950047991722,0.570348160519751
371,"lag10",0.55387575091545,0.587324517422114
371,"lag11",1.03687678072947,0.616163913062405
371,"lag12",1.50380480984481,0.511330151383803
372,"lag1",2.62234611521866,0.519147530718163
372,"lag2",4.38578869239618,0.616044798394669
372,"lag3",4.28979487589516,0.614182389138694
372,"lag4",5.90468252187389,0.588423201240631
372,"lag5",0.626265929406536,0.613520263415192
372,"lag6",3.07837026856148,0.524576010196984
372,"lag7",4.96956406421967,0.524103082355389
372,"lag8",1.12404377953098,0.625522066426246
372,"lag9",0.830384365239423,0.614743628273297
372,"lag10",2.03682705483819,0.589653171032137
372,"lag11",1.09844802862119,0.618138543665286
372,"lag12",2.04262281721752,0.525341248706472
373,"lag1",3.5854983698901,0.484262044972362
373,"lag2",6.61439901831744,0.542698580762556
373,"lag3",5.91631128937293,0.516087513907292
373,"lag4",4.72281484128738,0.540503262332218
373,"lag5",0.439504156135153,0.560548998889723
373,"lag6",-0.800546690679712,0.465509692938821
373,"lag7",0.137402118250379,0.487375815582686
373,"lag8",0.514008834001125,0.546817544684896
373,"lag9",0.892953532968443,0.511477966912273
373,"lag10",0.390916664150545,0.535287374686778
373,"lag11",0.564362594598448,0.560916536547484
373,"lag12",-0.0810526174791359,0.459621883027458
374,"lag1",1.43019766740547,0.566248640314507
374,"lag2",8.16384332652753,0.638678611231916
374,"lag3",10.9370277068904,0.638132604863696
374,"lag4",9.97494430409172,0.657167219884944
374,"lag5",0.934013519816322,0.666828220267284
374,"lag6",2.67895597475268,0.573446057916515
374,"lag7",1.36824049954308,0.567169834958016
374,"lag8",-0.0140214174089444,0.638932062735197
374,"lag9",-0.292300448708802,0.641135670765362
374,"lag10",-0.703905992839892,0.655557373155331
374,"lag11",1.44990587709896,0.666351922440925
374,"lag12",2.05358315359299,0.574497153340014
375,"lag1",3.49885464731731,0.520535403672883
375,"lag2",7.71703235418221,0.597573214773904
375,"lag3",7.46976395550282,0.566937896779018
375,"lag4",8.76814765060269,0.565765732630186
375,"lag5",0.375752457024287,0.613915665790877
375,"lag6",1.8327286888066,0.52913470698427
375,"lag7",1.22218908962467,0.536459820167874
375,"lag8",1.31221235662373,0.605289906798979
375,"lag9",0.871806438095182,0.571737387668515
375,"lag10",0.703350685087225,0.560877367768916
375,"lag11",0.717418243028935,0.609842392210271
375,"lag12",1.36463222356954,0.527331990830651
376,"lag1",1.92460881871276,0.55152985706709
376,"lag2",12.4300152940492,0.627110856772142
376,"lag3",12.1910482148481,0.588939393495595
376,"lag4",13.4611065923257,0.623724962503072
376,"lag5",2.61301094255884,0.659637349018656
376,"lag6",2.49802696911366,0.553233763400158
376,"lag7",2.52625040221384,0.556455549176101
376,"lag8",1.07127190683454,0.626090256095453
376,"lag9",2.10308090142666,0.584418233077078
376,"lag10",2.1140319870308,0.622306766186533
376,"lag11",1.85734848639479,0.662135365765088
376,"lag12",0.0296492444346584,0.552915440300559
377,"lag1",3.81020071619634,0.52596512413093
377,"lag2",6.29887053560983,0.584986595706055
377,"lag3",7.99417562245333,0.572524532017803
377,"lag4",10.4526333187964,0.599630118197969
377,"lag5",2.80771603214781,0.629631238078643
377,"lag6",2.7502388058852,0.525072995580721
377,"lag7",3.17311597628734,0.536818722126482
377,"lag8",-0.81190765824983,0.592773592161284
377,"lag9",0.0952938683627794,0.573849919513857
377,"lag10",1.52843743359015,0.601427105939739
377,"lag11",1.7389655515967,0.625164394568754
377,"lag12",2.20868997473477,0.522868192247585
378,"lag1",1.56028378479387,0.49529968059621
378,"lag2",9.22350413607955,0.572289715987171
378,"lag3",8.72591579292507,0.538276495764753
378,"lag4",8.95320113457736,0.535987093026411
378,"lag5",2.08598756382711,0.561856780942988
378,"lag6",3.58578568273953,0.479771050002732
378,"lag7",3.88610381667485,0.502075026119259
378,"lag8",3.22296144945406,0.577607259915228
378,"lag9",2.28402531379034,0.535717096871715
378,"lag10",4.00468312638015,0.533543625800526
378,"lag11",1.72556542047616,0.560558380685258
378,"lag12",3.00418976196091,0.475274847332612
379,"lag1",2.29746870051748,0.467459811816415
379,"lag2",5.00682384510988,0.560095795516681
379,"lag3",6.05708215725063,0.522499284652971
379,"lag4",4.68807651378317,0.495727569202676
379,"lag5",-0.178977979341131,0.530350932248669
379,"lag6",1.73796551001926,0.461412192913319
379,"lag7",2.02765403859243,0.481899391879905
379,"lag8",1.69278865199869,0.568727704535056
379,"lag9",1.87588419437392,0.523565491033589
379,"lag10",2.04197850228298,0.495211483832701
379,"lag11",0.61581540555263,0.524892331317799
379,"lag12",1.21514869837122,0.454275433786892
380,"lag1",4.2072452601607,0.534101443587195
380,"lag2",6.15625924507111,0.612328074577426
380,"lag3",5.949385851129,0.578827864893409
380,"lag4",7.14531021599178,0.60066523450384
380,"lag5",0.590585083267298,0.602868688588321
380,"lag6",2.16132703112728,0.523435175953462
380,"lag7",1.67227484668539,0.538993685934901
380,"lag8",1.09377066976963,0.615984171713157
380,"lag9",0.802022325533975,0.580456164884272
380,"lag10",2.37192538315612,0.599251043120215
380,"lag11",1.24599297483201,0.603034230369407
380,"lag12",1.3072685311844,0.520945455361555
381,"lag1",1.81887294388362,0.462889521405553
381,"lag2",2.7972032872088,0.558406631940537
381,"lag3",2.41333249103344,0.533758326269915
381,"lag4",1.73541533868674,0.542628816022982
381,"lag5",-0.115435370170013,0.546149489898453
381,"lag6",1.313247926182,0.461735535607345
381,"lag7",2.03734380767873,0.474250854374285
381,"lag8",-0.533453761911699,0.568416093642144
381,"lag9",-1.39993289727999,0.536472344739503
381,"lag10",-1.98608906185805,0.548230096546075
381,"lag11",-0.618470469522316,0.547941426169435
381,"lag12",-0.145387798016199,0.462086616486529
382,"lag1",2.21541803512403,0.478900230988392
382,"lag2",0.210730536369253,0.566555682284304
382,"lag3",2.13529801548992,0.533556888635419
382,"lag4",1.01493236504969,0.553921088383859
382,"lag5",-0.227055519819002,0.556733380035596
382,"lag6",-0.503561321806088,0.473026768624927
382,"lag7",-0.832727901310947,0.491167450058597
382,"lag8",0.0266980447842532,0.572029669280775
382,"lag9",0.920853074613166,0.539442640291631
382,"lag10",-0.609194433883345,0.550870805343726
382,"lag11",-1.13809404147763,0.556023524803178
382,"lag12",-1.15167348732662,0.471111871596892
383,"lag1",1.49791438542678,0.490450230090392
383,"lag2",0.0575445805527293,0.565105465648672
383,"lag3",0.348296244846471,0.530805996400264
383,"lag4",2.02469583136052,0.524754525897904
383,"lag5",1.1449518692581,0.565559005728428
383,"lag6",1.51186154496732,0.486021747742853
383,"lag7",1.31869548412619,0.495279510474636
383,"lag8",-0.100817591097568,0.562297640279448
383,"lag9",-1.33182869297215,0.527551068650291
383,"lag10",-0.0286393081457812,0.521865598026762
383,"lag11",2.50014104282536,0.565449749865874
383,"lag12",0.294513738954353,0.485357377801473
384,"lag1",3.15405343373213,0.48565888858919
384,"lag2",3.64763272546215,0.591084182202204
384,"lag3",5.07050445987325,0.556297983415844
384,"lag4",4.00318973606602,0.539801602387823
384,"lag5",-1.06014483257606,0.5720743014409
384,"lag6",-0.450933719715884,0.477975124407318
384,"lag7",1.89107764520756,0.494909089938598
384,"lag8",0.880100717605201,0.596169388940151
384,"lag9",1.96426832314316,0.559689272444606
384,"lag10",2.2049766530983,0.541007581697089
384,"lag11",0.563602209539823,0.571352461421041
384,"lag12",-0.683932543598284,0.476850816168104
385,"lag1",1.87944812040643,0.50702205216441
385,"lag2",3.41240814691795,0.63497216163012
385,"lag3",2.53411833535286,0.597484046352093
385,"lag4",3.81284521261442,0.58019261342309
385,"lag5",2.25808170454289,0.581953894362346
385,"lag6",1.03115181858639,0.500129808827695
385,"lag7",1.8954007439184,0.515502425730014
385,"lag8",0.616721302593031,0.634318022795172
385,"lag9",0.753065013740775,0.596863954125255
385,"lag10",2.85319834401675,0.580959948277897
385,"lag11",0.714580022073294,0.582527760596066
385,"lag12",-0.327104339830312,0.498372168791996
386,"lag1",0.648983053287395,0.399780742477563
386,"lag2",0.553049435127887,0.460282745300669
386,"lag3",2.05761648711144,0.452901474839601
386,"lag4",2.99947873560257,0.469178137042025
386,"lag5",0.157770156301959,0.468103380018782
386,"lag6",1.30299769517934,0.395651422868194
386,"lag7",2.61186826621655,0.403718019529998
386,"lag8",0.832502733594211,0.463962750540502
386,"lag9",1.48781800984494,0.459365443979355
386,"lag10",2.26409936134872,0.468387700451555
386,"lag11",0.908113390252119,0.464958434249683
386,"lag12",0.81191101666477,0.395232802902047
387,"lag1",2.4171493912331,0.503520331039698
387,"lag2",-0.166916288408999,0.601211230861326
387,"lag3",0.0190572902068529,0.576767827955924
387,"lag4",2.15084469675329,0.546845333056023
387,"lag5",0.211091155556582,0.55734534304073
387,"lag6",0.824253960486628,0.492326518799254
387,"lag7",2.33901226802759,0.514538309378988
387,"lag8",-1.74766657036773,0.608347512672187
387,"lag9",-0.342167628014711,0.575831338581554
387,"lag10",-0.105854956755181,0.546647068194826
387,"lag11",-0.100695318457534,0.557149757845319
387,"lag12",0.384892947324029,0.490906994234946
388,"lag1",3.49638271037306,0.513999125778695
388,"lag2",7.45296534749838,0.572788940148527
388,"lag3",9.8845985787089,0.567627611226514
388,"lag4",10.6598341321462,0.573243038869679
388,"lag5",3.98051349565489,0.590029546019919
388,"lag6",3.29067080366458,0.498598562979234
388,"lag7",3.41920637456505,0.51589212855498
388,"lag8",0.20182527988103,0.577637900362263
388,"lag9",1.38478876896119,0.565842974119439
388,"lag10",3.86266848106615,0.575182234126193
388,"lag11",3.44037878521813,0.589077200356337
388,"lag12",3.81804079952744,0.494157523551291
389,"lag1",3.47926050628513,0.483107395715175
389,"lag2",10.5121335648307,0.559156856816866
389,"lag3",9.26588877760874,0.541024662533013
389,"lag4",9.09595735792149,0.555207079482556
389,"lag5",1.35297437505667,0.581829611039212
389,"lag6",1.83310745559381,0.481942407552869
389,"lag7",3.31080862909505,0.484060439963414
389,"lag8",1.72490778178246,0.564961134882369
389,"lag9",1.05756059826266,0.539361738151159
389,"lag10",3.27770319625108,0.560313028227001
389,"lag11",4.02400244466927,0.592440579245584
389,"lag12",3.38814896354569,0.483144713809958
390,"lag1",1.23893807864353,0.509034460214536
390,"lag2",6.12982231250253,0.581663090079946
390,"lag3",9.41442892100304,0.57313266062541
390,"lag4",9.59620053983615,0.564095686342073
390,"lag5",3.96734365854314,0.578884050605265
390,"lag6",2.4480622456801,0.504183733763072
390,"lag7",1.17720583531413,0.512101837390316
390,"lag8",0.372750488136738,0.582944532867949
390,"lag9",0.40260088491038,0.570898236757007
390,"lag10",1.98408188930536,0.563391861978683
390,"lag11",2.25263883499467,0.579656232106573
390,"lag12",1.66195275710701,0.500713034933182
391,"lag1",3.61848350232473,0.531631476569395
391,"lag2",9.13806548721322,0.625374567638918
391,"lag3",9.05056462084644,0.597380693137086
391,"lag4",7.99020682502799,0.568959071472275
391,"lag5",-0.304801897501847,0.603715702384704
391,"lag6",0.940661316651345,0.529309236120701
391,"lag7",2.4193638299829,0.542222464994386
391,"lag8",2.26620798552979,0.631313103834371
391,"lag9",2.03275725065899,0.598808303209312
391,"lag10",2.32668153149542,0.569964543286688
391,"lag11",1.25876059255734,0.602366488584414
391,"lag12",1.53220830131977,0.526288296023943
392,"lag1",0.304947508019113,0.452449302737914
392,"lag2",1.03218026245149,0.517482397236346
392,"lag3",2.61500394024201,0.489672543088918
392,"lag4",2.62894107592837,0.526489993768061
392,"lag5",1.66198318643063,0.521899006933397
392,"lag6",-0.149561409321938,0.442692200211218
392,"lag7",0.632471904025545,0.466101173154642
392,"lag8",-0.615913082356767,0.522464408526231
392,"lag9",-0.207991841301547,0.494431382008295
392,"lag10",0.881964869905038,0.523654518951059
392,"lag11",0.632881490494705,0.523848643143833
392,"lag12",0.713114147809715,0.439191319325401
393,"lag1",1.84391528856534,0.497372805074889
393,"lag2",5.2885843463405,0.554713073556058
393,"lag3",7.58715642669273,0.546719647368254
393,"lag4",5.19517279615184,0.564118491758529
393,"lag5",2.40247401372458,0.552144010226927
393,"lag6",2.26328514656842,0.496014040656151
393,"lag7",1.38811181828557,0.497458433932819
393,"lag8",0.522031086458964,0.552826914145519
393,"lag9",0.286122516412187,0.544863304112449
393,"lag10",0.975497379454529,0.563997921418228
393,"lag11",2.12789181207935,0.55362732865979
393,"lag12",0.588223614782955,0.492012974673884
394,"lag1",3.46377493957364,0.492130063166657
394,"lag2",6.60644297834544,0.577097342765355
394,"lag3",6.75195390338746,0.563029587163596
394,"lag4",5.69993318374442,0.570773812146902
394,"lag5",1.16326814441011,0.585951667885622
394,"lag6",1.93392371530586,0.489801362892926
394,"lag7",2.0413247368222,0.499611880056773
394,"lag8",0.399744871307314,0.583061612043763
394,"lag9",0.600347850361976,0.567884089221008
394,"lag10",-0.778003321056765,0.570790072352376
394,"lag11",-0.236542052124496,0.588708917094411
394,"lag12",0.699067389434922,0.489437259946414
395,"lag1",0.97930043273698,0.452456279925946
395,"lag2",2.48505572306295,0.524700272535372
395,"lag3",2.60089816061855,0.499734611995366
395,"lag4",2.13858107399195,0.534216932913994
395,"lag5",0.179149984867518,0.518070239166214
395,"lag6",-0.213761898179843,0.441963241346437
395,"lag7",1.68156476300071,0.461356072592083
395,"lag8",0.869129197010272,0.526579831349385
395,"lag9",0.425020821369176,0.50602331993758
395,"lag10",2.84285406842587,0.531945888822872
395,"lag11",1.90297361749318,0.519613962145286
395,"lag12",0.897271190331455,0.44411634407197
396,"lag1",3.31648816499342,0.483070648664052
396,"lag2",6.25308040890874,0.57025349999747
396,"lag3",6.14441445160251,0.553975265741673
396,"lag4",5.33262863862602,0.53911626775549
396,"lag5",0.921535464528953,0.589975723170738
396,"lag6",2.34987085543834,0.495119520895995
396,"lag7",3.91839201366956,0.484000756046822
396,"lag8",2.02953469089843,0.572740158277299
396,"lag9",-0.318853977263633,0.556690556093101
396,"lag10",0.676823477755322,0.546718987081938
396,"lag11",1.45140642570311,0.595884128829693
396,"lag12",2.0225872583934,0.498837742632737
397,"lag1",2.27965878969171,0.492420966567114
397,"lag2",4.79960748406547,0.560328086235754
397,"lag3",6.61106379977002,0.543712452872913
397,"lag4",5.49612662017503,0.551973082845179
397,"lag5",1.40385647609229,0.587740338018149
397,"lag6",0.619809402468355,0.493731330920552
397,"lag7",0.532475337815788,0.49771490855544
397,"lag8",-0.747988178072628,0.569448066689523
397,"lag9",0.993112618847987,0.548236173017529
397,"lag10",-0.908525965736842,0.555020217913389
397,"lag11",1.02405212961466,0.588549519733424
397,"lag12",0.230785717540048,0.493225547777308
398,"lag1",2.01348934309058,0.57626758803329
398,"lag2",6.03323260543861,0.651011490298007
398,"lag3",5.15715942768878,0.598010442192644
398,"lag4",5.66035232634511,0.63417083904353
398,"lag5",1.53807623923516,0.66297799717092
398,"lag6",1.17065614694244,0.545085084852378
398,"lag7",2.16802411055525,0.577922777367299
398,"lag8",-1.72493270405098,0.657536865197142
398,"lag9",-0.269539810842032,0.604234444089774
398,"lag10",2.58731683577503,0.638075676496678
398,"lag11",1.77868511122077,0.666571069442512
398,"lag12",2.59476343669235,0.543105848624163
399,"lag1",3.38002521358454,0.559774715300636
399,"lag2",9.15888944064666,0.640672164998146
399,"lag3",9.17473719920549,0.595829630347165
399,"lag4",9.6199623764291,0.623204199320169
399,"lag5",2.6252420907726,0.644514471319393
399,"lag6",1.37994368823741,0.556891842486137
399,"lag7",0.583096731808109,0.566659391616264
399,"lag8",-0.000867840359295408,0.64230883716539
399,"lag9",0.693142507998116,0.593641186284973
399,"lag10",0.914810119628543,0.619552922342172
399,"lag11",0.259593857781069,0.647323265759979
399,"lag12",0.274126118944426,0.552400756142597
400,"lag1",1.59919454019989,0.469614233873707
400,"lag2",9.85846005917717,0.562700835764278
400,"lag3",9.91539612515091,0.538789745873834
400,"lag4",8.69753577510661,0.514268547162157
400,"lag5",2.15539479569668,0.524401907039139
400,"lag6",1.67876556028004,0.44721869801289
400,"lag7",2.02081183470722,0.476128559102423
400,"lag8",1.37984349067453,0.57187333178923
400,"lag9",2.36779846643328,0.535784245558304
400,"lag10",2.54228876079014,0.51613685131534
400,"lag11",1.00841883763899,0.526163413914385
400,"lag12",0.680095577547676,0.442237172919169
401,"lag1",3.04526759503721,0.541074720871371
401,"lag2",4.24871793245345,0.638284665418756
401,"lag3",2.11125862921692,0.605083273422498
401,"lag4",2.05081045090597,0.606257219985138
401,"lag5",-0.416383550689123,0.636705795736914
401,"lag6",1.0503057483801,0.544979532027479
401,"lag7",1.17450947900388,0.549965216602284
401,"lag8",-1.31615504714187,0.645777907226776
401,"lag9",-0.274790624650823,0.605733740006174
401,"lag10",-0.327947584162298,0.608259944955928
401,"lag11",-0.495425192111357,0.635531264874094
401,"lag12",-0.470394984194265,0.540192552165007
402,"lag1",2.19302694972583,0.490039798249116
402,"lag2",8.34032884038644,0.573450528836572
402,"lag3",9.05045649336153,0.559594262779777
402,"lag4",8.01384214887674,0.559420713613603
402,"lag5",2.71657352855256,0.589816460677169
402,"lag6",2.60966834439948,0.497822206228433
402,"lag7",2.84691299074978,0.493301144748998
402,"lag8",0.828476881040915,0.575424927191699
402,"lag9",1.1129406353484,0.564416770038147
402,"lag10",1.77360937010579,0.562493815227561
402,"lag11",1.80414975771087,0.59159130680391
402,"lag12",1.71805811497946,0.498600294040504
403,"lag1",2.58712878738949,0.481436685336554
403,"lag2",8.89305307680509,0.578876993031845
403,"lag3",9.12270538416786,0.550239234101291
403,"lag4",7.87126495417565,0.548053398653194
403,"lag5",1.34840455322267,0.567736524569401
403,"lag6",2.49984393698194,0.480059492457598
403,"lag7",3.14528973321627,0.487485741054931
403,"lag8",1.60591150330126,0.578332035328441
403,"lag9",1.20044428152107,0.548292064042695
403,"lag10",1.84976535802535,0.542362620316072
403,"lag11",1.35608863356998,0.565911598574636
403,"lag12",2.07904555790935,0.477369596631615
404,"lag1",0.252751222058294,0.43509175843128
404,"lag2",-0.254996554849191,0.513847297333833
404,"lag3",0.776533727252477,0.506249938993847
404,"lag4",0.746905766918104,0.466007120540934
404,"lag5",-1.10250215233008,0.484902352110628
404,"lag6",0.369812679072418,0.424762174533887
404,"lag7",1.61979841364845,0.434551707663589
404,"lag8",-0.172994747991431,0.515808471605821
404,"lag9",-0.902767316812325,0.496819880198359
404,"lag10",-0.461233211405714,0.465740938025862
404,"lag11",-0.171557935729097,0.487995637921506
404,"lag12",1.62885987808478,0.423530780316013
405,"lag1",3.42460601077279,0.537858475985075
405,"lag2",8.22149992281375,0.610853525600516
405,"lag3",10.3796329130206,0.597962067227071
405,"lag4",9.55928574681041,0.615504647550499
405,"lag5",3.8426050734766,0.657752920604252
405,"lag6",2.85294404427777,0.552459484793959
405,"lag7",2.97552170100607,0.545401748391138
405,"lag8",2.15061202197823,0.617577879391462
405,"lag9",1.37589652911271,0.600474254256089
405,"lag10",2.64627662604982,0.616820200657993
405,"lag11",2.65874521841273,0.663988395436931
405,"lag12",2.15182929326035,0.554341605098776
406,"lag1",1.67080394110799,0.479380991650872
406,"lag2",4.55506111092727,0.548712146639545
406,"lag3",5.8383904728351,0.549251013742781
406,"lag4",5.63185514101735,0.560630403933012
406,"lag5",0.978532695508977,0.577954441551301
406,"lag6",0.124840373571288,0.486363605353602
406,"lag7",1.10556193188793,0.482960016977994
406,"lag8",-0.172582612155694,0.54901979213857
406,"lag9",-0.281863208202901,0.549391566517634
406,"lag10",1.01693317412446,0.561208277824162
406,"lag11",0.910303802826946,0.579705803523897
406,"lag12",0.756060877322299,0.487676086012215
407,"lag1",2.48565409182864,0.517515017029003
407,"lag2",2.22575431371293,0.587519365125229
407,"lag3",2.47863309619304,0.572022450504327
407,"lag4",1.62394268609249,0.594728165685801
407,"lag5",0.616188425093763,0.60537606776175
407,"lag6",0.353337520811976,0.522294363155996
407,"lag7",0.797413608525273,0.529174995513956
407,"lag8",0.658785101809655,0.592887510258737
407,"lag9",-0.285192289020967,0.574152405418777
407,"lag10",2.51424235144672,0.593975088392739
407,"lag11",1.90965862987636,0.608204301004139
407,"lag12",1.77759526738867,0.519881635999039
408,"lag1",1.32353701127225,0.477331496002642
408,"lag2",4.99356250634919,0.56919563172644
408,"lag3",4.56316261286828,0.558274461948554
408,"lag4",4.29162934190918,0.568778371316338
408,"lag5",1.47368528554848,0.567222129909226
408,"lag6",1.29078752383486,0.480436784459504
408,"lag7",1.47746839073652,0.483927616723826
408,"lag8",-0.152761099885078,0.572598385094014
408,"lag9",-0.253625230739706,0.554944173809759
408,"lag10",0.457850557577468,0.563381455152831
408,"lag11",1.96709363900252,0.571920494455491
408,"lag12",2.1713151445153,0.48107948107836
409,"lag1",0.460402759551835,0.443512855059967
409,"lag2",4.08717255586442,0.523011853414426
409,"lag3",5.31413520014075,0.510245584864679
409,"lag4",4.82239172696495,0.490617772601886
409,"lag5",0.533928386876711,0.526349713319301
409,"lag6",1.84982428679187,0.450436968724109
409,"lag7",3.53708274799049,0.449362160392489
409,"lag8",0.41346585259475,0.530123815458423
409,"lag9",-0.638030402926913,0.505144322193903
409,"lag10",1.1435699763359,0.487522443172505
409,"lag11",0.196493775170027,0.524969622911758
409,"lag12",1.0300488066393,0.442516346332993
410,"lag1",1.6714502810295,0.475616630746938
410,"lag2",3.75897565176292,0.564523495461624
410,"lag3",2.53693270897308,0.515521453296473
410,"lag4",2.62271009531343,0.496988196407093
410,"lag5",-0.315279870196342,0.511205276820239
410,"lag6",1.02649907050296,0.458356982557456
410,"lag7",1.93956495215297,0.491831090180308
410,"lag8",0.39243284810001,0.573003687143999
410,"lag9",-0.671478399386451,0.51338322034643
410,"lag10",1.24166379587129,0.495543579972756
410,"lag11",0.56791961395937,0.508662032979216
410,"lag12",0.342800902561063,0.452864555011849
411,"lag1",2.11870093425893,0.485285444132611
411,"lag2",0.819775619882347,0.582794945995836
411,"lag3",1.60326018251085,0.548468737560856
411,"lag4",1.88293908507299,0.539550808681071
411,"lag5",1.8859525214114,0.548546000066744
411,"lag6",0.266313189534436,0.478363474150159
411,"lag7",0.040509893763344,0.494668470352607
411,"lag8",-0.641270998094068,0.587471977580093
411,"lag9",-0.17557103837939,0.546134887258105
411,"lag10",0.83462228923728,0.540222891124465
411,"lag11",0.653801023640981,0.549780525568663
411,"lag12",0.147654634802638,0.476990982408397
412,"lag1",1.65317141105252,0.511336306998826
412,"lag2",6.42683643546513,0.599613299201585
412,"lag3",7.09997289536776,0.573169821622624
412,"lag4",6.95472658566344,0.588157527668812
412,"lag5",2.30651775487565,0.611378607316699
412,"lag6",0.11243666397914,0.516278075716907
412,"lag7",1.06877955001405,0.522139729494975
412,"lag8",0.335517969868919,0.601117189388556
412,"lag9",-0.0327790757810349,0.573652154608956
412,"lag10",2.36672391856722,0.592511987017647
412,"lag11",2.34244419870833,0.615353287604864
412,"lag12",0.285023676522119,0.516141796842515
413,"lag1",1.98060952947125,0.499488301901546
413,"lag2",3.47665479486437,0.60178970254288
413,"lag3",5.17472446013814,0.555374454781039
413,"lag4",4.80437058929577,0.519446442658575
413,"lag5",-0.465555344873059,0.544841064573671
413,"lag6",1.07403667953211,0.468812570103577
413,"lag7",2.52336064287193,0.508749853611987
413,"lag8",-1.20447833235174,0.606284571412929
413,"lag9",0.285780528700358,0.553024718855921
413,"lag10",1.46903493492801,0.517724567548575
413,"lag11",-0.73971074320988,0.543729818822769
413,"lag12",1.41908555698255,0.464295973570598
414,"lag1",3.53976677209632,0.461636506903454
414,"lag2",8.99833697327144,0.552387675259107
414,"lag3",7.53879777146298,0.522268592329796
414,"lag4",6.14657211456205,0.527295871125968
414,"lag5",0.760815429754825,0.537761008031416
414,"lag6",0.979798494056575,0.450988560400579
414,"lag7",2.95949820402515,0.466346521452158
414,"lag8",1.73573065253848,0.558730655715718
414,"lag9",1.00776705281822,0.529160205551377
414,"lag10",2.99936808279767,0.52664227798146
414,"lag11",1.34500013420416,0.539722123693637
414,"lag12",1.52969080584214,0.44990736291282
415,"lag1",2.92139689885467,0.48080773874549
415,"lag2",6.85919565594485,0.549008606514052
415,"lag3",5.19508124191726,0.526007388030316
415,"lag4",4.18906158334226,0.545596089396588
415,"lag5",1.14532058146889,0.54318151980009
415,"lag6",0.197521398197381,0.468511000349521
415,"lag7",1.3517863771126,0.48430561128843
415,"lag8",1.77444022715837,0.553469795718659
415,"lag9",0.157741257219771,0.526014320996839
415,"lag10",2.29068025426747,0.547387379583582
415,"lag11",1.17660493078743,0.54752746783992
415,"lag12",0.17947357603289,0.46706088108602
416,"lag1",2.40941629633821,0.487825830061398
416,"lag2",8.40505859274186,0.570608652152904
416,"lag3",8.02424584084474,0.542843735764425
416,"lag4",8.76640225310079,0.537806460573293
416,"lag5",0.479286340203968,0.593382095326839
416,"lag6",1.4536447058905,0.490615534293338
416,"lag7",2.3870533366833,0.499523231539335
416,"lag8",-0.0728251119775466,0.583578037380056
416,"lag9",0.932293725237214,0.546996851397163
416,"lag10",-0.010940154690069,0.532432400618953
416,"lag11",-0.390956468730579,0.586549220659695
416,"lag12",1.40688754403287,0.485218133730586
417,"lag1",1.50171437795115,0.45635072542458
417,"lag2",5.33808807186967,0.535965944086475
417,"lag3",5.00518225446247,0.524966492577489
417,"lag4",5.23509366665757,0.523776369549119
417,"lag5",1.78254337766091,0.531878863409762
417,"lag6",1.33871895486077,0.447331557918235
417,"lag7",3.6618557697465,0.462297074893639
417,"lag8",2.63443204294863,0.537590691888954
417,"lag9",0.696297186573481,0.525778783146048
417,"lag10",2.35445745557559,0.527473655400591
417,"lag11",2.71925703536859,0.536893371857718
417,"lag12",1.74424496050019,0.448334059309905
418,"lag1",4.18037498871224,0.500218306691221
418,"lag2",13.6587683056497,0.580096843709854
418,"lag3",14.1768061218613,0.565339143843406
418,"lag4",11.6308115955506,0.597136674188918
418,"lag5",2.70039455799098,0.625697780132909
418,"lag6",1.66204891826829,0.511782050719948
418,"lag7",2.06822466265956,0.508299965533539
418,"lag8",2.01706603002083,0.584841944398789
418,"lag9",1.10757014105911,0.569856582537512
418,"lag10",0.10248836254794,0.603339913110188
418,"lag11",-0.345944975329139,0.628464340157814
418,"lag12",0.762120935111476,0.512081223515242
419,"lag1",2.07909806354299,0.532147916265995
419,"lag2",12.1979537846455,0.615669593160498
419,"lag3",12.4874510588968,0.581016593427048
419,"lag4",11.8198034886851,0.571457001086379
419,"lag5",2.75658144162242,0.61401599487217
419,"lag6",3.26686987295915,0.521434556728599
419,"lag7",3.35355175597021,0.539584980839795
419,"lag8",1.90231433187119,0.619069662381773
419,"lag9",1.32691667679253,0.580037428792187
419,"lag10",2.53343694813871,0.573499801255663
419,"lag11",1.98211099357487,0.610247386299349
419,"lag12",2.44642995771691,0.516851239663898
420,"lag1",0.931851397422696,0.488713733972115
420,"lag2",-1.23734293685654,0.574509356853189
420,"lag3",0.408840575256483,0.537027707434618
420,"lag4",3.39445612128125,0.517002138625032
420,"lag5",2.67575345748244,0.549673797225981
420,"lag6",2.70729331732393,0.473857142756255
420,"lag7",1.37128168755387,0.494796661376785
420,"lag8",0.258754262651283,0.582712109121797
420,"lag9",-0.281372684451883,0.531218388454274
420,"lag10",0.351143864050639,0.520413490730615
420,"lag11",0.407806496444194,0.550271508741186
420,"lag12",0.677956079538378,0.471084652360823
421,"lag1",1.79158722426529,0.495239739224594
421,"lag2",-0.606291925589437,0.58960292239617
421,"lag3",-0.0219200881153764,0.550804946156562
421,"lag4",1.00625834325252,0.510627246606622
421,"lag5",-0.180044328037463,0.535415892040732
421,"lag6",0.737698687842765,0.482717122099405
421,"lag7",2.060015757627,0.507291000138473
421,"lag8",0.203342488479331,0.591393067643832
421,"lag9",-0.923587539109861,0.54805844670326
421,"lag10",-0.734009083528982,0.509968572381678
421,"lag11",-0.249631695234697,0.530494620155911
421,"lag12",1.07283472146346,0.475053540735021
422,"lag1",1.8923760358674,0.610959063167854
422,"lag2",4.24505261932864,0.733970231255615
422,"lag3",6.02690667599197,0.71900079799594
422,"lag4",6.83124793641149,0.664351276126765
422,"lag5",2.77198026100457,0.679483426194713
422,"lag6",2.91194917071672,0.610040426272858
422,"lag7",0.822788913771046,0.621320428642673
422,"lag8",-0.518578823338288,0.748352430898952
422,"lag9",0.370932380089377,0.722567775189554
422,"lag10",0.938120943954246,0.664133827808506
422,"lag11",0.545635026363139,0.674834615830063
422,"lag12",0.357064402738745,0.608517732731172
423,"lag1",2.71250836665055,0.484461613663843
423,"lag2",5.34196898962082,0.554690422378756
423,"lag3",5.69286075216505,0.559841920961571
423,"lag4",3.67510960181095,0.575931116987867
423,"lag5",0.585997711549532,0.575888392910308
423,"lag6",0.454709288539009,0.484505326788252
423,"lag7",1.77827678216441,0.494762967650905
423,"lag8",1.40830513083315,0.560137220203873
423,"lag9",1.10207418912225,0.557723886152803
423,"lag10",1.11686744330227,0.573472687056581
423,"lag11",0.410887106900727,0.575189722352644
423,"lag12",0.770833848829172,0.478729194225142
424,"lag1",1.00418751000502,0.482954371532667
424,"lag2",5.13269446827505,0.591450981079965
424,"lag3",6.77855094847637,0.550004780748312
424,"lag4",5.02368809036471,0.520683882304708
424,"lag5",1.35838565289249,0.53989361244415
424,"lag6",1.0249739952862,0.473234226546802
424,"lag7",0.140471106823459,0.488858223222514
424,"lag8",-0.156279572107664,0.59674101578502
424,"lag9",0.824911426182209,0.548063711483673
424,"lag10",1.00296948600937,0.519601536648204
424,"lag11",1.06476584537651,0.540208914460767
424,"lag12",-0.0470570432512257,0.471273579738958
425,"lag1",3.09730434079478,0.477635848722119
425,"lag2",1.41330788648592,0.567889425428968
425,"lag3",1.12555352044381,0.539410765773194
425,"lag4",1.28102956800666,0.529511122156951
425,"lag5",-0.342950017543146,0.55421052724516
425,"lag6",2.31458087958709,0.476411052915085
425,"lag7",5.06098390601649,0.489525333632828
425,"lag8",2.53780950100922,0.575191372943733
425,"lag9",0.714917557674576,0.543634894070661
425,"lag10",2.46360790285748,0.535276359274387
425,"lag11",1.09360529480061,0.561310530892529
425,"lag12",1.71747190356279,0.478283987012528
426,"lag1",4.52851051328007,0.519203119349601
426,"lag2",9.2466505801987,0.600202096485816
426,"lag3",9.91784454351631,0.593831494606092
426,"lag4",7.50183389536737,0.57664115740572
426,"lag5",2.23099621067332,0.59205774844926
426,"lag6",2.33845459745513,0.53553232874933
426,"lag7",2.65522442112982,0.532197584334418
426,"lag8",2.09102663611009,0.600736013690154
426,"lag9",0.668591913724344,0.5923153604197
426,"lag10",1.91931495897649,0.574441434727871
426,"lag11",1.53236645055821,0.591013846008464
426,"lag12",1.42529814953961,0.531772292310706
427,"lag1",2.18662343379026,0.52205176191728
427,"lag2",0.161934965811822,0.590922044430003
427,"lag3",2.14301390404023,0.551146159879746
427,"lag4",2.08553603929739,0.546116235557163
427,"lag5",1.05957618944924,0.582296483912641
427,"lag6",0.673075141913401,0.513012923084545
427,"lag7",1.08855249799116,0.526326498785091
427,"lag8",0.0620237102861049,0.59747546348124
427,"lag9",-9.88697646167533e-05,0.554806956747177
427,"lag10",1.02984565973885,0.550799445297336
427,"lag11",1.75419408469819,0.588794147078681
427,"lag12",1.07725966489337,0.517570743554272
428,"lag1",0.801873020902004,0.497711081737596
428,"lag2",7.86318904091375,0.593253052566471
428,"lag3",8.57820415659764,0.555953534184574
428,"lag4",7.29280014034102,0.5565696218845
428,"lag5",0.514834689104742,0.607914283122174
428,"lag6",1.55082635514129,0.511129418744805
428,"lag7",2.3211041636895,0.502449608974215
428,"lag8",0.780504551792,0.600063364283349
428,"lag9",2.75945561522674,0.558272964051673
428,"lag10",1.18955455828045,0.560247377712061
428,"lag11",-0.321074349435385,0.611943059816439
428,"lag12",-0.0215876328440837,0.509174586436173
429,"lag1",2.78273177811849,0.464841875421832
429,"lag2",2.36555991322793,0.529074013316337
429,"lag3",5.6555798608486,0.509524707863348
429,"lag4",3.82923624675878,0.542121609307217
429,"lag5",0.875342734715263,0.585429642940646
429,"lag6",0.745817343011263,0.462748068498261
429,"lag7",0.771313486691153,0.466122807458578
429,"lag8",-0.361766017344677,0.534570712049738
429,"lag9",-0.414784169403719,0.508609544643305
429,"lag10",1.34547420281513,0.536747224331056
429,"lag11",0.155688140238846,0.588532174788671
429,"lag12",0.106663117118899,0.464120483110906
430,"lag1",1.60140196936459,0.543167690450822
430,"lag2",3.37552039467409,0.645931969239728
430,"lag3",4.8448263701436,0.624796524459542
430,"lag4",3.93748135707223,0.591894449401326
430,"lag5",-0.357585947047323,0.600158406742782
430,"lag6",0.641536284420246,0.534292208493587
430,"lag7",2.23646318819693,0.55214988036789
430,"lag8",0.00592494699382765,0.654784292865097
430,"lag9",1.0493304451688,0.623888377523521
430,"lag10",1.9723595711168,0.593984377072812
430,"lag11",1.1647131607548,0.603772133541072
430,"lag12",1.88338339750992,0.537717445880501
431,"lag1",1.36611643569778,0.526505246349013
431,"lag2",9.37522580185442,0.642661844130623
431,"lag3",8.71841043924755,0.596774247449677
431,"lag4",7.640179182777,0.570921376046905
431,"lag5",1.64109305890778,0.570051184425707
431,"lag6",1.3046074774001,0.511445118553662
431,"lag7",2.87982182695213,0.528870498960809
431,"lag8",2.13777407414352,0.649500490789395
431,"lag9",1.65877126154479,0.59667584215739
431,"lag10",2.05280095899764,0.575008820131578
431,"lag11",1.00501320903574,0.575295182694465
431,"lag12",0.757300766531223,0.510323881373478
432,"lag1",2.78098771276033,0.563719621791756
432,"lag2",9.06669733957647,0.661824102365715
432,"lag3",7.90743934543285,0.63045849351897
432,"lag4",8.00265861666383,0.604174676926141
432,"lag5",1.15390899317718,0.673270240043091
432,"lag6",3.09908720296068,0.577125289797885
432,"lag7",3.90455308082277,0.569826826765761
432,"lag8",2.36777678662087,0.666130350954288
432,"lag9",2.99813423340862,0.628751913488386
432,"lag10",0.929118025536492,0.607261527219673
432,"lag11",1.71410248424335,0.673081534292606
432,"lag12",2.24069884475923,0.572831946097805
433,"lag1",0.49006446345326,0.458282394093129
433,"lag2",4.15790967524706,0.558433763464262
433,"lag3",4.620505095643,0.545276916585363
433,"lag4",5.00697160044767,0.496601810164072
433,"lag5",1.51573743284168,0.508211075472457
433,"lag6",2.08384472670129,0.448330259484077
433,"lag7",2.68098287754959,0.467272665813109
433,"lag8",-0.319990783260748,0.564630014574428
433,"lag9",0.792569875209896,0.547835319347774
433,"lag10",1.83855593647938,0.505114877579878
433,"lag11",1.57517075592702,0.513770408249816
433,"lag12",2.12780737983206,0.449128542144706
434,"lag1",1.52126054261613,0.492660283212746
434,"lag2",1.90814096802623,0.569329637005013
434,"lag3",1.68115146643342,0.532977997475695
434,"lag4",1.66384311817361,0.564748000361674
434,"lag5",-0.801699709058966,0.574672890534877
434,"lag6",-0.228565425320754,0.486054413003581
434,"lag7",1.13084702455679,0.496125215968546
434,"lag8",1.56153218852931,0.5696204505096
434,"lag9",0.338895657779241,0.533792173150373
434,"lag10",2.17048070774562,0.56139621409867
434,"lag11",2.03206935557143,0.576679300505096
434,"lag12",0.851325669315875,0.487886726583712
435,"lag1",1.82838117784823,0.521880389613009
435,"lag2",4.57016821713786,0.602681081306541
435,"lag3",6.1820066929826,0.592290168156065
435,"lag4",5.88320711579216,0.581721926262778
435,"lag5",1.64065772322519,0.622239754519702
435,"lag6",2.48233186665937,0.528758374571226
435,"lag7",3.14492953889045,0.528572168132514
435,"lag8",1.75028719438082,0.61070029174613
435,"lag9",2.3601316508307,0.58890264089586
435,"lag10",1.781544436495,0.582769700525876
435,"lag11",1.30237317263174,0.623905642460135
435,"lag12",-0.0412910900558807,0.521602289305771
436,"lag1",2.86250723958481,0.557609221452149
436,"lag2",11.6947611878219,0.670823252700967
436,"lag3",9.22477131353554,0.620062415187512
436,"lag4",8.26014615527488,0.624542720117924
436,"lag5",1.99528986993618,0.633926232585552
436,"lag6",0.841030153792359,0.547249933188377
436,"lag7",1.29580835750744,0.563519041351385
436,"lag8",0.936461165272897,0.670445371393279
436,"lag9",0.892368202513151,0.622438537451823
436,"lag10",2.46547164039971,0.621050429593913
436,"lag11",2.10694049328086,0.638546474525944
436,"lag12",1.01063776580534,0.550641321618725
437,"lag1",3.96951763520826,0.53298728593912
437,"lag2",10.1410091995816,0.632005732527256
437,"lag3",9.2468048167722,0.6013617559623
437,"lag4",8.5374161704222,0.586127467046079
437,"lag5",1.57247368308923,0.601065977565425
437,"lag6",2.08849271466151,0.52890456156596
437,"lag7",3.67862047715772,0.546964485247974
437,"lag8",2.66998919575629,0.635162258610413
437,"lag9",2.0985091724833,0.600541374269742
437,"lag10",2.03968881277917,0.586352392319247
437,"lag11",1.58501266933913,0.606240917131354
437,"lag12",0.353273089431533,0.529467682268204
438,"lag1",3.07495836950085,0.520517579531465
438,"lag2",10.7723879785009,0.609794699970586
438,"lag3",10.2979822303383,0.594747227312525
438,"lag4",10.4081742649231,0.560606540772138
438,"lag5",2.52773206113458,0.576614401845753
438,"lag6",3.43139410562894,0.50653750980114
438,"lag7",3.1274967689636,0.526889977297874
438,"lag8",-0.163304612930679,0.615046358876546
438,"lag9",-1.30078181382054,0.596887569336912
438,"lag10",1.46675394076394,0.563504214380651
438,"lag11",2.19462248741353,0.582256803010651
438,"lag12",3.88289121037493,0.51135561443843
439,"lag1",3.33563690189211,0.43531210490394
439,"lag2",0.19490773008101,0.491676693864138
439,"lag3",1.63946958708266,0.482456606381268
439,"lag4",1.07934699318884,0.505725527109082
439,"lag5",-0.409792542857663,0.528259968903239
439,"lag6",0.0202484843743442,0.430063256417296
439,"lag7",0.0447889991010896,0.439675731977364
439,"lag8",0.497998402604461,0.49655023847213
439,"lag9",0.707517684700263,0.487623808528826
439,"lag10",-0.76742468347524,0.506493783217349
439,"lag11",0.179165429575243,0.532316460058405
439,"lag12",0.122161395542487,0.429903871570575
440,"lag1",3.97254619528076,0.519640672450646
440,"lag2",2.71175465434713,0.611453212001053
440,"lag3",3.47224231018917,0.583777127444648
440,"lag4",3.42537857009541,0.599039908731456
440,"lag5",0.319679427595554,0.591858589733963
440,"lag6",0.312938760488831,0.495167539712265
440,"lag7",1.44131463413562,0.527506847791588
440,"lag8",1.01095037340457,0.610788469466075
440,"lag9",0.985175033832993,0.582955235608174
440,"lag10",1.92019717106771,0.598767450648688
440,"lag11",0.35490970736846,0.59447832145272
440,"lag12",0.556390128866784,0.495729168707532
441,"lag1",1.80101092546355,0.450643505496435
441,"lag2",4.80469022393043,0.520326425927776
441,"lag3",7.11558388075958,0.504447945918378
441,"lag4",7.00388876039952,0.492292831633468
441,"lag5",1.37273739273788,0.515269104481505
441,"lag6",1.93428452808253,0.440644796271243
441,"lag7",3.11015962903498,0.455306249983412
441,"lag8",2.08236204982002,0.524234021038168
441,"lag9",2.89681234748106,0.505739975714367
441,"lag10",3.00617838645732,0.497953182485922
441,"lag11",2.24645024865651,0.520989537017203
441,"lag12",1.67075232049644,0.4421930091267
442,"lag1",0.294084936986518,0.472008610562544
442,"lag2",7.32308818587756,0.577684030011075
442,"lag3",6.34063884584831,0.521413260816802
442,"lag4",6.51116982069039,0.516620981071088
442,"lag5",1.05112867542942,0.541953502148343
442,"lag6",-0.315923356632502,0.480134983932162
442,"lag7",2.35268934329604,0.481440077501023
442,"lag8",-0.277964912473491,0.581645345447498
442,"lag9",-0.248354496408703,0.526994326341549
442,"lag10",2.7875942677738,0.520231594510916
442,"lag11",4.31586588706844,0.543763028427529
442,"lag12",2.45336227367605,0.486831415040152
443,"lag1",3.20878643844422,0.513561770682349
443,"lag2",4.38048554472314,0.588577880160943
443,"lag3",6.1213991453208,0.553108837371048
443,"lag4",6.69451429667402,0.578876014293315
443,"lag5",2.71276782262813,0.586317383771708
443,"lag6",2.81416933682248,0.498231945573437
443,"lag7",1.44108721622768,0.514223232798128
443,"lag8",0.413927013203213,0.585757334260573
443,"lag9",0.0742302667783021,0.552169103077885
443,"lag10",0.854401596041947,0.575103853922086
443,"lag11",1.35892935436328,0.58712771725187
443,"lag12",0.806762790141413,0.498224562265353
444,"lag1",2.73459205201467,0.535507348647454
444,"lag2",7.70648239967798,0.607341774222656
444,"lag3",7.75702031838677,0.567710037948365
444,"lag4",8.78293675203468,0.565166973146064
444,"lag5",3.53047191715912,0.604124249480888
444,"lag6",4.92473222022906,0.51230187576725
444,"lag7",3.89880332219719,0.541553029867111
444,"lag8",0.845812193728157,0.618590827179523
444,"lag9",1.40262581390347,0.569255848645567
444,"lag10",2.41895380065313,0.568852121234746
444,"lag11",3.2967573016438,0.602358569546962
444,"lag12",3.35529313677704,0.508864494806657
445,"lag1",1.27766376539531,0.528770817402031
445,"lag2",-1.34639711810703,0.618440490291496
445,"lag3",-0.0146178302518154,0.593515492392422
445,"lag4",2.48545107139624,0.581409659323277
445,"lag5",2.16700327885083,0.580567516971271
445,"lag6",2.18369308612252,0.506446768306745
445,"lag7",1.27521597600329,0.538903410669038
445,"lag8",0.15612953584784,0.622687864590426
445,"lag9",0.0658013442729597,0.590270630587116
445,"lag10",2.21049768814369,0.581256445873972
445,"lag11",2.41748288872082,0.584777579690378
445,"lag12",1.86577325748069,0.503171381494307
446,"lag1",1.65049428344508,0.462109879585081
446,"lag2",4.43377012325955,0.538444672559135
446,"lag3",5.66844485085402,0.512969209901346
446,"lag4",5.47504404593676,0.502949626799195
446,"lag5",1.65462707500845,0.522036905892419
446,"lag6",1.10594287595609,0.452705201623447
446,"lag7",2.42003002066915,0.465075044576971
446,"lag8",0.515161409497236,0.539594718052254
446,"lag9",0.591995609495837,0.510077791750244
446,"lag10",3.35151952478363,0.503983839200096
446,"lag11",4.49761013765878,0.528020754442445
446,"lag12",3.06371130089542,0.458386793574468
447,"lag1",4.33805652851257,0.466105767961974
447,"lag2",4.64702825631875,0.544360680217624
447,"lag3",3.34807347116242,0.519690268808419
447,"lag4",4.02408635170521,0.519774784409454
447,"lag5",0.512669761643688,0.55270028086839
447,"lag6",1.26952703696985,0.469522527246763
447,"lag7",2.01997593688936,0.46819110615692
447,"lag8",-0.523157682853721,0.551695388578617
447,"lag9",-0.288538021734505,0.519363516149938
447,"lag10",0.54429535524114,0.521045823526755
447,"lag11",2.10487949619487,0.559166277798228
447,"lag12",1.67657259282931,0.469267472284469
448,"lag1",2.4130254864302,0.453133372409126
448,"lag2",0.979094303751831,0.531618575257756
448,"lag3",2.60602081112352,0.501936808919293
448,"lag4",2.99152195059432,0.496690643226623
448,"lag5",1.7869017677242,0.490040303108555
448,"lag6",2.30165844480299,0.436402483559139
448,"lag7",2.13630419535409,0.465322686344689
448,"lag8",1.11952479840639,0.535850025734804
448,"lag9",-0.515505737829634,0.503424923101239
448,"lag10",1.9368744855344,0.493702367024594
448,"lag11",1.99434322959157,0.492160688387285
448,"lag12",2.40986061489206,0.434311495505158
449,"lag1",0.259627175965891,0.451859294861397
449,"lag2",1.50868081257733,0.539973409581661
449,"lag3",2.45229168082946,0.524978171856284
449,"lag4",0.394867710765729,0.513361928778994
449,"lag5",-0.06067168480513,0.521523646865443
449,"lag6",-0.412808689907396,0.446642624853023
449,"lag7",2.0033476909119,0.462621357618034
449,"lag8",1.26785200017922,0.540900235947962
449,"lag9",0.95696522963785,0.528801332453804
449,"lag10",1.50763264607376,0.514701161492126
449,"lag11",2.19202226370546,0.520365916871278
449,"lag12",1.34204035994469,0.446526458612227
450,"lag1",3.48756426154119,0.504982959833792
450,"lag2",9.4263672184432,0.571271498597061
450,"lag3",7.67818786186266,0.534950417107572
450,"lag4",5.67715832699107,0.548350574881468
450,"lag5",0.270250355330737,0.586937755867499
450,"lag6",0.190557910939407,0.488178368691133
450,"lag7",1.85625582093101,0.50418692780277
450,"lag8",0.997182336534949,0.573844735839053
450,"lag9",0.395403335047552,0.531441005287799
450,"lag10",0.160664539571248,0.547495107509833
450,"lag11",0.0475556401896796,0.593819060013055
450,"lag12",-0.169571008646372,0.48940097378764
451,"lag1",3.08009689477862,0.551178890237078
451,"lag2",5.7032520972728,0.634478359593015
451,"lag3",5.4062974696489,0.601020135944741
451,"lag4",6.38315905822676,0.60687701622412
451,"lag5",0.183345207218654,0.642646629194595
451,"lag6",0.895661569572357,0.557009002070573
451,"lag7",1.07446048657715,0.563342192920581
451,"lag8",-0.108794366493564,0.641863744324989
451,"lag9",-0.848842798999405,0.605341707701297
451,"lag10",1.55581819684939,0.607701861860417
451,"lag11",2.77885307864949,0.645392054355986
451,"lag12",0.53505419270625,0.561203722121135
452,"lag1",2.62180544385455,0.548482066127717
452,"lag2",5.32165529148932,0.623032026473702
452,"lag3",6.12537413650066,0.587024531102965
452,"lag4",6.22240660075689,0.607111739689599
452,"lag5",1.98897865944896,0.638391187792788
452,"lag6",2.91213314526539,0.548823521264326
452,"lag7",2.46051133571977,0.563103158155262
452,"lag8",0.0991595633663754,0.631429435264852
452,"lag9",0.927466442230205,0.589206972843008
452,"lag10",0.951062323854497,0.612517317804826
452,"lag11",2.26230848891426,0.635099624545258
452,"lag12",1.7293474734838,0.543147480855384
453,"lag1",1.7629491123854,0.508522666244347
453,"lag2",2.5993257575021,0.584544418733701
453,"lag3",2.56736543959362,0.575394312452661
453,"lag4",2.57325853130273,0.589089294588581
453,"lag5",0.170587539693297,0.587942009115564
453,"lag6",1.30959529633071,0.502215476434099
453,"lag7",0.977072925398069,0.523412073200211
453,"lag8",-0.443962077289796,0.591085586697831
453,"lag9",-0.559804395638855,0.574897160083883
453,"lag10",0.150057970600871,0.590733845055382
453,"lag11",1.145053816251,0.5845846710519
453,"lag12",1.20136611442177,0.499647298655178
454,"lag1",4.23641133812082,0.547292592114276
454,"lag2",2.78315056637722,0.64889857290686
454,"lag3",2.64949637038523,0.61528185251635
454,"lag4",1.93667507842302,0.59676360926293
454,"lag5",0.768088249051067,0.605055593006449
454,"lag6",1.44704744604419,0.527332131814844
454,"lag7",1.50005612682017,0.554450224556127
454,"lag8",1.11808532198743,0.650328648165425
454,"lag9",0.303050914537591,0.611326727607764
454,"lag10",0.948584962756699,0.596106758992443
454,"lag11",0.349482920955681,0.604902135577737
454,"lag12",1.59677966312484,0.523573334900424
455,"lag1",3.07445228480395,0.496575683645028
455,"lag2",10.8760282900411,0.553504978671294
455,"lag3",11.3851387102101,0.54679773763367
455,"lag4",10.7581137220308,0.591048941060056
455,"lag5",2.54174294774714,0.642587675015401
455,"lag6",1.40268663191502,0.506925935705505
455,"lag7",1.63465286218828,0.501595333900659
455,"lag8",0.909760127623142,0.556474517675529
455,"lag9",0.194515578591554,0.541669765836419
455,"lag10",0.924877987795866,0.586245443850805
455,"lag11",1.72195375641596,0.643558682711612
455,"lag12",1.62479390918393,0.50492665171033
456,"lag1",1.97558189443454,0.516208744109458
456,"lag2",4.90744762182082,0.604738869341858
456,"lag3",4.53227104903166,0.580179106294054
456,"lag4",4.28235575634598,0.570164516227947
456,"lag5",-0.333911086192798,0.590231537983036
456,"lag6",1.77584195694614,0.50279395176266
456,"lag7",3.18740991854679,0.521603244067572
456,"lag8",0.231459592426928,0.610596655572263
456,"lag9",0.54581407112151,0.582688833050264
456,"lag10",0.652850891373037,0.570857407722706
456,"lag11",-0.405957487941763,0.596012521565519
456,"lag12",1.2567563890966,0.500198628720627
457,"lag1",2.68802537716412,0.511850968922986
457,"lag2",0.0252106357936484,0.626128175619538
457,"lag3",2.62901872061655,0.580388509670322
457,"lag4",1.25016909026943,0.547541956956334
457,"lag5",0.540066524305564,0.564744574621909
457,"lag6",0.290089408568197,0.49222951674654
457,"lag7",1.16482876027626,0.515365761214774
457,"lag8",-1.46536892586496,0.632330744595297
457,"lag9",-0.426794760667095,0.582870146685884
457,"lag10",1.91978693646489,0.55193037441471
457,"lag11",1.72654213593879,0.574696901628602
457,"lag12",1.0426768707844,0.496608012571218
458,"lag1",2.70213135387319,0.545521299153636
458,"lag2",5.14324589419741,0.638249586452425
458,"lag3",7.67942207319076,0.614759210949427
458,"lag4",7.06290212231513,0.603968929500054
458,"lag5",1.81677569250987,0.62724397396214
458,"lag6",1.57053597282292,0.53042320360989
458,"lag7",1.15145988620618,0.553234559725675
458,"lag8",1.05728557767496,0.640479742247794
458,"lag9",1.27613962445612,0.618442842188227
458,"lag10",1.89740105278001,0.607473925773218
458,"lag11",0.367559744325007,0.629153385840374
458,"lag12",1.91321284410974,0.531882104249142
459,"lag1",3.73566655123451,0.529616879527196
459,"lag2",5.63266002501627,0.608979288777607
459,"lag3",6.45718245046324,0.617248701920464
459,"lag4",8.45929465861204,0.611542425468018
459,"lag5",3.89127372596904,0.592041860066741
459,"lag6",3.93262058875195,0.510497434059237
459,"lag7",3.29996045169798,0.534216428385418
459,"lag8",-0.0281751824292708,0.611594812655061
459,"lag9",-0.155369499536084,0.613977131488659
459,"lag10",2.56987633451956,0.616304906152683
459,"lag11",1.60757284735974,0.592227936889969
459,"lag12",1.2991883215018,0.508060358861421
460,"lag1",2.10088277637114,0.505983507570269
460,"lag2",0.215941776903273,0.58376698498052
460,"lag3",1.58976445992546,0.5760874433312
460,"lag4",2.06073149243431,0.565288279145499
460,"lag5",1.16198049068777,0.569925071232322
460,"lag6",1.10403486622401,0.496719258212268
460,"lag7",1.62998495545821,0.513625899273583
460,"lag8",-0.751069594861521,0.586917746647337
460,"lag9",-0.395897654295909,0.5692733465235
460,"lag10",-0.493167360661842,0.56507848678707
460,"lag11",-1.1276310702309,0.563865562974074
460,"lag12",0.811681784462458,0.49330596999051
461,"lag1",2.14464450717308,0.429612530399184
461,"lag2",1.12384891764066,0.518961904331253
461,"lag3",1.77153326543881,0.507700234318324
461,"lag4",2.51942040662459,0.478157663161245
461,"lag5",0.550335996317163,0.480803492972478
461,"lag6",0.594335882463501,0.427946044880805
461,"lag7",0.963654795821727,0.444941517194466
461,"lag8",-0.452217226836764,0.519816167025809
461,"lag9",-0.052356696478123,0.504126142146534
461,"lag10",0.115108853987368,0.47762965161743
461,"lag11",-0.0440150825661895,0.478029440636351
461,"lag12",-0.274818347025645,0.42505464897465
462,"lag1",2.87471887487132,0.540062876426676
462,"lag2",11.6835504450618,0.610404117655757
462,"lag3",11.0706713228858,0.576731964392689
462,"lag4",11.0100630102239,0.622315340554611
462,"lag5",-0.0538856376435091,0.671876086264209
462,"lag6",1.77454087760083,0.54687285354913
462,"lag7",2.01118965527736,0.539221394633975
462,"lag8",-0.922385060509226,0.612488694819392
462,"lag9",-1.7169013982416,0.579580278370468
462,"lag10",1.00715742659101,0.629043364741399
462,"lag11",1.63711036963026,0.676994388885622
462,"lag12",2.70423374749804,0.554255722595959
463,"lag1",2.40655866644254,0.494363392833901
463,"lag2",2.08668652419177,0.585916457788948
463,"lag3",2.92332761843767,0.550260048428472
463,"lag4",2.56143095688728,0.522826472733337
463,"lag5",1.59545544100634,0.560727027160421
463,"lag6",1.54188850755016,0.483629922630266
463,"lag7",0.963180486530941,0.497824682225771
463,"lag8",0.0261248363271416,0.588563912284628
463,"lag9",-0.359106777438797,0.541648881895426
463,"lag10",0.624240109644478,0.518507579327414
463,"lag11",0.49558248547959,0.559791018508206
463,"lag12",0.838892352205372,0.474681915429868
464,"lag1",0.617105238424768,0.50843859055438
464,"lag2",6.45648150165243,0.569467665650098
464,"lag3",8.67494905562962,0.529229591405735
464,"lag4",10.5842273849604,0.560856029524734
464,"lag5",3.89554984914811,0.617573286656729
464,"lag6",3.54787252796956,0.51189707745126
464,"lag7",2.33600047577222,0.515318562941226
464,"lag8",-0.559458585810866,0.570375635996987
464,"lag9",0.483798844214298,0.531851162506686
464,"lag10",2.56508713324937,0.560501222774961
464,"lag11",5.9909984730005,0.620225242297715
464,"lag12",2.57816629031395,0.514867399121104
465,"lag1",2.43579008241936,0.465934653586146
465,"lag2",0.32651173901622,0.529035171956171
465,"lag3",2.36373218579933,0.514508122222554
465,"lag4",0.524064911346242,0.548996687793569
465,"lag5",-0.313029913088407,0.546208129139421
465,"lag6",0.699629505816681,0.457623444250927
465,"lag7",1.43914845508087,0.471840507461899
465,"lag8",-1.66446856830204,0.532502812004725
465,"lag9",-0.422919635569411,0.512481900581056
465,"lag10",0.630864952680179,0.538547864816807
465,"lag11",0.841552903588572,0.542199046389939
465,"lag12",1.17061410294414,0.45539334611721
466,"lag1",-0.580673595183627,0.549931530486925
466,"lag2",-0.161560487283572,0.634648423790292
466,"lag3",2.08144589549294,0.596425878466587
466,"lag4",2.83495515220375,0.604504534189114
466,"lag5",1.98106930517022,0.615125592128293
466,"lag6",4.3805872386214,0.524085629399951
466,"lag7",3.04222262474493,0.550599154510461
466,"lag8",1.39019678609136,0.64134083132101
466,"lag9",0.750931017308354,0.594792087291687
466,"lag10",0.152331472259453,0.605340698672843
466,"lag11",1.02888163637273,0.619941787921044
466,"lag12",0.661958362131212,0.523773257070711
467,"lag1",2.85077270760574,0.49597645206357
467,"lag2",7.31023991753081,0.586376427355223
467,"lag3",6.53891386247424,0.564782569313997
467,"lag4",4.7737114831757,0.570813708772264
467,"lag5",0.477958805842367,0.574408873797903
467,"lag6",0.353332708971988,0.481302067501409
467,"lag7",1.22471302176535,0.509388624268952
467,"lag8",-0.627590401450779,0.59535359214075
467,"lag9",0.935131127088053,0.566404005081562
467,"lag10",-1.20498276288957,0.570096610104133
467,"lag11",-0.134718787687751,0.575836277059481
467,"lag12",1.91034873758703,0.47770554477683
468,"lag1",4.46955049322732,0.522344138598659
468,"lag2",4.81420138837421,0.580243945764222
468,"lag3",5.52409598199595,0.57142778543703
468,"lag4",5.84427549137323,0.600256248313816
468,"lag5",0.998557395073002,0.614391374238022
468,"lag6",1.46492804664114,0.513676613859637
468,"lag7",1.14306222836694,0.532002611026452
468,"lag8",-1.01952536622611,0.583644588790332
468,"lag9",-0.476349641919782,0.568836072078037
468,"lag10",1.43901914243516,0.603394870189585
468,"lag11",1.99360209627245,0.614957122226022
468,"lag12",0.883327409214675,0.510837313218214
469,"lag1",2.77513305877982,0.540840947211532
469,"lag2",5.38695753440559,0.613815785540419
469,"lag3",5.23642973961643,0.601984517548904
469,"lag4",5.91816925460979,0.614813021706207
469,"lag5",1.03446943950784,0.620232630849126
469,"lag6",1.83677694145152,0.530577646456101
469,"lag7",0.877079443029006,0.55362043559554
469,"lag8",-0.121075638899331,0.613528110834326
469,"lag9",0.00626436844504218,0.599941679368837
469,"lag10",-1.15649809268109,0.609162184158479
469,"lag11",-0.792749679355301,0.617052252711126
469,"lag12",0.848807743232529,0.526754888842649
470,"lag1",3.20540301607811,0.518708411684696
470,"lag2",11.4545359595917,0.605322952560389
470,"lag3",10.7663357530116,0.581265332637894
470,"lag4",10.2473029030346,0.582160335712609
470,"lag5",1.85357350455621,0.620356978317759
470,"lag6",1.33195390267416,0.519055684900921
470,"lag7",0.851735189488554,0.521504211156235
470,"lag8",0.66671667234154,0.607888922590987
470,"lag9",2.76437131085075,0.582792407786555
470,"lag10",2.98717719624055,0.586030332615035
470,"lag11",3.20308394408022,0.625767040772978
470,"lag12",1.4409615865807,0.520834006418924
471,"lag1",2.32142848138347,0.508268952245488
471,"lag2",16.5956963032062,0.582685872672701
471,"lag3",18.2249531309561,0.576004063098624
471,"lag4",15.7255040658155,0.574217916614185
471,"lag5",3.70996047736236,0.621207578113254
471,"lag6",2.68613561428868,0.518664032816499
471,"lag7",2.26571777504461,0.516729334502702
471,"lag8",1.97291409706447,0.586531061335397
471,"lag9",2.44729405420376,0.578035455130025
471,"lag10",2.18109470886772,0.583744204967588
471,"lag11",2.34185929054019,0.621486988007509
471,"lag12",3.26857267601627,0.516952491922509
472,"lag1",1.53924869935183,0.489898053844296
472,"lag2",0.931116155856006,0.582746042761291
472,"lag3",2.2329747266553,0.537761904081936
472,"lag4",2.09803580316317,0.522125069197077
472,"lag5",1.36198516838042,0.538532067610365
472,"lag6",0.733943662514703,0.475302054054624
472,"lag7",0.957661068091397,0.493616044428529
472,"lag8",-0.704284625308578,0.583485093361298
472,"lag9",-0.149405561050986,0.533736539477438
472,"lag10",2.84743583171271,0.520318161222072
472,"lag11",1.44969420116749,0.540348466768516
472,"lag12",0.66072167052915,0.47566944498728
473,"lag1",0.948297157454391,0.508787186348197
473,"lag2",1.97348457320566,0.599675772235637
473,"lag3",3.87858653599629,0.556413280063618
473,"lag4",1.66157563355305,0.569885206573919
473,"lag5",0.553228704875111,0.570778759417626
473,"lag6",-0.954192986888575,0.496111189753125
473,"lag7",0.9948372105834,0.520151394043071
473,"lag8",-0.499219416952142,0.603698988886919
473,"lag9",0.183406336284319,0.559953112749676
473,"lag10",0.638229120690162,0.567963859208488
473,"lag11",0.623864142886361,0.571358281321018
473,"lag12",1.08758208743193,0.497141908476587
474,"lag1",3.68256289190053,0.493761479000892
474,"lag2",5.61829084251424,0.557552350080007
474,"lag3",4.18811873083159,0.550238917740585
474,"lag4",6.04909356039999,0.548765921653768
474,"lag5",3.3418780245678,0.572071521851494
474,"lag6",1.88905722466446,0.490720636376259
474,"lag7",1.55212012790005,0.491687879569804
474,"lag8",-1.03315203350992,0.555456153596498
474,"lag9",-1.81894502446887,0.545965728278109
474,"lag10",-0.0890332653942723,0.552784368512455
474,"lag11",0.416850800906414,0.573149467524772
474,"lag12",0.653588547028659,0.488390477683743
475,"lag1",3.61485321596014,0.518110917181729
475,"lag2",12.9069102263443,0.605922664299375
475,"lag3",12.9966951134291,0.578852726512496
475,"lag4",10.1521138525981,0.583185323993831
475,"lag5",1.22641273277499,0.583425270243558
475,"lag6",1.05092510056847,0.494576264592404
475,"lag7",1.90126332840665,0.522674662146658
475,"lag8",-0.199851929426355,0.614486217781708
475,"lag9",0.856881383833266,0.581191615188752
475,"lag10",2.19817983171885,0.584677413505414
475,"lag11",1.71642438014699,0.587685041616426
475,"lag12",2.13029520976435,0.496142805616172
476,"lag1",1.72997313129144,0.511946726994769
476,"lag2",6.6406620210523,0.592875317045403
476,"lag3",8.58968330217318,0.550122500130173
476,"lag4",8.81950993563737,0.55013687160234
476,"lag5",3.30107895728051,0.600284669055473
476,"lag6",3.70714095969866,0.508795320014191
476,"lag7",2.76920978033153,0.51230938153721
476,"lag8",-0.492103948743282,0.597854403476475
476,"lag9",-0.514337583897502,0.550036921721128
476,"lag10",0.619116074110569,0.552963935488951
476,"lag11",1.8856930460517,0.603358687576274
476,"lag12",1.79715808486453,0.511065393225376
477,"lag1",5.73070331188323,0.515903851522987
477,"lag2",10.2227866901869,0.589542907508908
477,"lag3",9.05709792799535,0.558506767493407
477,"lag4",5.76484604447703,0.589803128586258
477,"lag5",0.543752959930686,0.612025630127671
477,"lag6",-0.15219685114762,0.508230173354861
477,"lag7",-0.350444794475404,0.523355024342489
477,"lag8",1.14982544316011,0.593162191061084
477,"lag9",0.0895757860265639,0.561202329925148
477,"lag10",-0.596472100543216,0.590340630563109
477,"lag11",-1.01191819390691,0.612524195439234
477,"lag12",-1.11751323355008,0.509203087624062
478,"lag1",3.15572242956012,0.455423890331916
478,"lag2",6.17002670256462,0.557551003433769
478,"lag3",5.38277211203004,0.523103183117682
478,"lag4",3.30923364423478,0.503275466872338
478,"lag5",0.000134118885635555,0.521142277052562
478,"lag6",0.0334701855828156,0.452532680255108
478,"lag7",1.86578273203751,0.460786843969225
478,"lag8",-0.49560960205006,0.560091709313411
478,"lag9",0.263757072274353,0.525929941170923
478,"lag10",0.585097912147344,0.513503187679434
478,"lag11",1.68231826543293,0.53300422958546
478,"lag12",0.703619841859369,0.455968885073674
479,"lag1",4.9886799763944,0.491627624772438
479,"lag2",7.50450274016309,0.574057467256671
479,"lag3",6.66721558876638,0.542583618716185
479,"lag4",4.02597208251297,0.53304730489949
479,"lag5",-0.609883595149357,0.564311640999443
479,"lag6",0.289756568801101,0.484950739585191
479,"lag7",1.72487400007351,0.497853709540133
479,"lag8",-0.0443023910257367,0.582067740741315
479,"lag9",0.945662998017386,0.547011652459761
479,"lag10",0.847326859941952,0.531855364947324
479,"lag11",0.611606381872395,0.565466944497587
479,"lag12",0.475166309657947,0.483797460023416
480,"lag1",2.74185981208109,0.488517401776918
480,"lag2",4.7504738233423,0.552807503919547
480,"lag3",7.08450498508443,0.549301728492136
480,"lag4",6.35029459849447,0.544713949484635
480,"lag5",1.75746909797492,0.572092358424474
480,"lag6",2.4163410637751,0.489581053405184
480,"lag7",2.51982852657036,0.495343950452601
480,"lag8",1.30219612083365,0.555457680856432
480,"lag9",-0.259460343536518,0.5466654469529
480,"lag10",0.244867247384532,0.549027596834768
480,"lag11",0.882527193147383,0.577269157488773
480,"lag12",3.12836012610664,0.488349306433674
481,"lag1",0.170894958508907,0.52065847025949
481,"lag2",-1.12045734198039,0.60049803508756
481,"lag3",1.41172306828702,0.591538096460584
481,"lag4",0.910208597729629,0.605878461632766
481,"lag5",-1.52548233041573,0.627899116318478
481,"lag6",0.865209763609821,0.529608846627068
481,"lag7",1.61041776808553,0.529610203134197
481,"lag8",-0.16007110887647,0.606736014009883
481,"lag9",-0.123119747045781,0.589883293434412
481,"lag10",-0.867886322398378,0.603273000731481
481,"lag11",-0.574893488665406,0.628691461056465
481,"lag12",1.77342718225956,0.528394545205367
482,"lag1",1.17437908205047,0.464146209935607
482,"lag2",-0.0506269995717537,0.530373824895221
482,"lag3",1.5350863685194,0.503924459646192
482,"lag4",1.93236320191881,0.507499607055441
482,"lag5",0.00842227933546705,0.52688859124146
482,"lag6",0.744659861480212,0.451672418312098
482,"lag7",2.20506333066465,0.466901233121061
482,"lag8",-0.306034254896259,0.535200773662454
482,"lag9",0.839273247568127,0.504118746442604
482,"lag10",1.58207831334347,0.50919626768101
482,"lag11",0.284421951507501,0.528849832043844
482,"lag12",0.331169627923292,0.452943656878919
483,"lag1",2.06925087962486,0.473092843553939
483,"lag2",2.46752783895874,0.561784559532198
483,"lag3",3.35815847798955,0.548562961036471
483,"lag4",0.557890075851168,0.530647054284255
483,"lag5",-0.310160819361763,0.528609187124138
483,"lag6",0.307612151184052,0.468300990916079
483,"lag7",1.04021522205753,0.474324457785383
483,"lag8",0.394865529231983,0.56467438430304
483,"lag9",1.3028627666967,0.555077845489025
483,"lag10",3.55294221656317,0.539679017623583
483,"lag11",2.57091627411488,0.534436402935826
483,"lag12",1.1362483570193,0.472610027151799
484,"lag1",1.52881250656471,0.493782988479387
484,"lag2",6.72917830537029,0.576475508038908
484,"lag3",6.59072661973599,0.54561611069916
484,"lag4",7.71495345680398,0.575536552234375
484,"lag5",0.537045555557368,0.597541226431272
484,"lag6",2.52950451725791,0.490443590027159
484,"lag7",2.01527980504119,0.49952380097419
484,"lag8",0.393342330463614,0.582561750553534
484,"lag9",0.768339180419313,0.545980862576641
484,"lag10",0.436913698201303,0.573344760344343
484,"lag11",-0.110025160108209,0.597452905096962
484,"lag12",1.23254717052726,0.487527880678955
485,"lag1",3.51563677921472,0.496333627304917
485,"lag2",12.059690642074,0.57018688150897
485,"lag3",11.7728962032785,0.556579738994533
485,"lag4",11.2098058048467,0.567119018985942
485,"lag5",1.63618970093037,0.581540101693789
485,"lag6",2.30496614370933,0.493622962572321
485,"lag7",2.82427649597661,0.498528141451504
485,"lag8",1.38615297393733,0.572366809068055
485,"lag9",0.855698189286227,0.552891167923798
485,"lag10",0.574381072238854,0.568032733794179
485,"lag11",1.51431822461837,0.586659798396282
485,"lag12",1.38655263670562,0.49377628019772
486,"lag1",0.617020504688706,0.523144292875155
486,"lag2",4.33549653710594,0.616580464544174
486,"lag3",5.17654253078423,0.626122885251841
486,"lag4",4.83731824089695,0.579254142416298
486,"lag5",1.32211944751851,0.575225856487005
486,"lag6",1.04842576122331,0.501411959047484
486,"lag7",1.30606758621974,0.534174482033276
486,"lag8",0.458284233173617,0.61443905360918
486,"lag9",1.31702357827202,0.623584631920588
486,"lag10",0.90331207111128,0.581355933504422
486,"lag11",-0.169396628182007,0.574621401750823
486,"lag12",0.695314140931028,0.499067959091301
487,"lag1",3.73791528822692,0.527196196315872
487,"lag2",15.1182294317867,0.623676624673976
487,"lag3",12.7957913843622,0.562958334798646
487,"lag4",11.2625686099151,0.582294078999552
487,"lag5",2.8104828674531,0.617973784304694
487,"lag6",1.66363294076867,0.535640934392512
487,"lag7",2.30400650970236,0.531638752230312
487,"lag8",1.15232873241337,0.626277253652796
487,"lag9",2.36945193396262,0.562818650010645
487,"lag10",1.08159657640885,0.579228612313514
487,"lag11",2.23347531651757,0.614261329142746
487,"lag12",1.90807911674124,0.532333751329595
488,"lag1",1.38937839804427,0.467696202923311
488,"lag2",2.30720892806949,0.565004416308903
488,"lag3",4.80910906439846,0.520796165393199
488,"lag4",2.47793339295197,0.53788723715653
488,"lag5",0.889053795878292,0.551127144750083
488,"lag6",2.18023391723889,0.462321122094304
488,"lag7",2.53845238649679,0.475800240433615
488,"lag8",0.944023352151381,0.568127637321513
488,"lag9",0.57724146009556,0.524702536711963
488,"lag10",2.06886561058556,0.535859144037191
488,"lag11",1.9219755038552,0.553280527357452
488,"lag12",1.7281375912662,0.463923108818502
489,"lag1",5.03518168542874,0.551093936618874
489,"lag2",5.47277845813682,0.638190116136045
489,"lag3",5.02199734444851,0.623152535046251
489,"lag4",4.17077576874256,0.623940144588693
489,"lag5",0.31271565054732,0.643490678069274
489,"lag6",2.1657865455169,0.538448397444918
489,"lag7",2.44680466743236,0.55346208983055
489,"lag8",0.395629787229622,0.638459906341308
489,"lag9",0.161875890058101,0.625327849368323
489,"lag10",-1.52631319059451,0.623657914248782
489,"lag11",-0.519583385281246,0.648395034330465
489,"lag12",2.25613144974359,0.538575084296942
490,"lag1",0.976890254575352,0.500851254914817
490,"lag2",-1.05107630996794,0.575410971160993
490,"lag3",2.66446725059383,0.559012069948152
490,"lag4",0.410696736951993,0.567591612224466
490,"lag5",-0.799378181924877,0.590287834775625
490,"lag6",-0.579997614622246,0.492601035325559
490,"lag7",-0.967497082159689,0.506808668569605
490,"lag8",-1.02862990946028,0.578654101633012
490,"lag9",-0.345932037193712,0.561375241510465
490,"lag10",-0.688588501105619,0.559240966836991
490,"lag11",-0.646217493707952,0.584524938365885
490,"lag12",-0.689252505193891,0.487609968318369
491,"lag1",2.16213637351017,0.562022483816958
491,"lag2",0.297715956738552,0.663901528929333
491,"lag3",1.94420716977291,0.611383273987377
491,"lag4",3.79990969153793,0.598234870725516
491,"lag5",1.85097254654178,0.62287455008694
491,"lag6",3.03513631044256,0.547052798472564
491,"lag7",1.78567062401442,0.570860064454557
491,"lag8",-0.270152272356091,0.6747301755147
491,"lag9",-1.10046556109521,0.606190343876623
491,"lag10",-0.432169198649397,0.596754403439167
491,"lag11",1.46609599765849,0.624082970668275
491,"lag12",2.61687986773453,0.540980640343571
492,"lag1",3.62926541680915,0.521647013651432
492,"lag2",1.55253448972255,0.592232693981354
492,"lag3",2.72854045322162,0.566717035848867
492,"lag4",3.64745784021264,0.558874815079957
492,"lag5",1.34647930164744,0.562793223469049
492,"lag6",-0.310840254113038,0.497944882070847
492,"lag7",1.05767999881009,0.530940722721585
492,"lag8",-0.519118127777387,0.597675961846015
492,"lag9",0.342297393367563,0.567178226133354
492,"lag10",3.36132932714552,0.558566496553969
492,"lag11",0.99332321392978,0.56286289227534
492,"lag12",-0.638048375375882,0.491368149086461
493,"lag1",2.81975955059467,0.504911714409271
493,"lag2",8.97286661044308,0.634049464347413
493,"lag3",5.78300608133994,0.588046789340467
493,"lag4",4.5804913563978,0.535701076210224
493,"lag5",2.13878788037299,0.554613852224005
493,"lag6",0.227971542289171,0.491603462750944
493,"lag7",1.39860111923178,0.519866897302093
493,"lag8",0.649204101109066,0.644095870409032
493,"lag9",0.988393890347933,0.58398348379919
493,"lag10",3.61952950175184,0.540308464774492
493,"lag11",2.93813302291515,0.558926930075349
493,"lag12",2.56403176965704,0.489724645582839
494,"lag1",1.43487196819206,0.514013088184979
494,"lag2",0.973995853010295,0.60928229703677
494,"lag3",5.2145310351436,0.559748905439852
494,"lag4",4.21700484954961,0.567356759891783
494,"lag5",0.464260624240574,0.564086817904677
494,"lag6",-0.146088107099334,0.482559554068218
494,"lag7",0.976172010414588,0.517886571377303
494,"lag8",0.0978753965855419,0.611462533308273
494,"lag9",1.72017313797337,0.560351435578237
494,"lag10",3.74990314850222,0.559626558950932
494,"lag11",3.01189704010056,0.564858474693499
494,"lag12",2.53082826884344,0.481240227665075
495,"lag1",2.48708413138102,0.462558707175188
495,"lag2",4.77919600251129,0.548131656096424
495,"lag3",4.95871316249642,0.534333118378679
495,"lag4",4.30062517231425,0.508008166265068
495,"lag5",1.35836415316713,0.513786910963693
495,"lag6",0.107712470623192,0.45532902569519
495,"lag7",1.38727173395979,0.480116886287314
495,"lag8",1.26799201469108,0.551959062797086
495,"lag9",0.812101580242547,0.531712354106747
495,"lag10",0.923176395148259,0.505616833618359
495,"lag11",0.718849996411696,0.506728841894446
495,"lag12",1.64502052742116,0.450183961025484
496,"lag1",1.45414302224696,0.526976090980444
496,"lag2",0.920816982853485,0.629058964279912
496,"lag3",0.397629289666533,0.591481689921161
496,"lag4",1.57884259541295,0.584087043380137
496,"lag5",-1.00060948303269,0.597595678212688
496,"lag6",0.577444782979058,0.530865965929556
496,"lag7",1.7192021740049,0.538800551654391
496,"lag8",-0.0343643922919391,0.633557050031332
496,"lag9",-0.330697977912773,0.597318995372065
496,"lag10",0.161550857069156,0.584378825886771
496,"lag11",-0.968147005212559,0.598680940783988
496,"lag12",0.937759544525086,0.532176619022242
497,"lag1",2.62870997407652,0.488289725755909
497,"lag2",3.340589811315,0.560711374486629
497,"lag3",5.52734766179746,0.570806963403583
497,"lag4",3.60976056316471,0.520360785885457
497,"lag5",-0.166964266411192,0.547639210251757
497,"lag6",0.754752360539676,0.479584144325272
497,"lag7",0.576100816468154,0.495312969212578
497,"lag8",-0.892198864918497,0.563862597851172
497,"lag9",-0.371334359127892,0.564568065181159
497,"lag10",0.475026952031668,0.520867099305913
497,"lag11",0.272183346398086,0.545418822814365
497,"lag12",0.823282590933998,0.472313819413787
498,"lag1",2.3676363033044,0.519744815629741
498,"lag2",5.18715095857206,0.603751168153151
498,"lag3",6.64879390577536,0.573325090016169
498,"lag4",6.02920292469206,0.55007084632337
498,"lag5",0.91417108775155,0.570561129537623
498,"lag6",1.71023319638484,0.499924794549928
498,"lag7",1.298729868597,0.52945585191554
498,"lag8",-0.558978782634218,0.608905896594816
498,"lag9",0.479106338082431,0.577087798659223
498,"lag10",2.25675205926146,0.54946226841654
498,"lag11",1.29392799587885,0.573729904839614
498,"lag12",1.67850345602833,0.502120304133952
499,"lag1",4.44272785045281,0.521256066762618
499,"lag2",6.30586780839608,0.627415539775329
499,"lag3",6.40148753918244,0.598741715889712
499,"lag4",4.84638933464997,0.578150939571766
499,"lag5",-0.111952952441032,0.603101698264085
499,"lag6",0.737176501763227,0.514701493328035
499,"lag7",1.80329492144516,0.524126100160511
499,"lag8",-0.191066321123509,0.627787439390624
499,"lag9",0.0490919131985542,0.594626522041273
499,"lag10",-0.549967026668005,0.58316088578959
499,"lag11",-0.14721052445022,0.605914200236747
499,"lag12",-0.00879493241980422,0.516394441692685
500,"lag1",3.83569202703587,0.477368226315684
500,"lag2",7.33904190906078,0.527452012757207
500,"lag3",7.37526851421542,0.530375251932373
500,"lag4",6.74819287261862,0.567116507198265
500,"lag5",2.37377282542444,0.592416685792384
500,"lag6",3.18421715343662,0.476392181805971
500,"lag7",2.18510887535103,0.478729680756109
500,"lag8",0.389174774195844,0.528734319222415
500,"lag9",-0.143434234432569,0.530161538872882
500,"lag10",0.800064043140894,0.568163250964118
500,"lag11",2.72478498346742,0.59105612822646
500,"lag12",1.69484925244576,0.47534039696305
