"iteration","term","estimate","std_error"
1,"lag1",4.06701613925543,0.458776780647279
1,"lag2",-0.615668279732528,0.515141739925888
1,"lag3",0.367573187910204,0.54742385716652
1,"lag4",3.03014650103556,0.606038333965945
1,"lag5",0.188970708651898,0.574638746157832
1,"lag6",0.773382993334059,0.463826035786102
1,"lag7",0.54823183052697,0.46096078029774
1,"lag8",0.287093476344782,0.512035084673044
1,"lag9",-1.53998771443339,0.545805784035656
1,"lag10",-1.49422709056433,0.594627728775851
1,"lag11",-0.595757097213899,0.584818857785834
1,"lag12",0.20040121831796,0.464755330312976
2,"lag1",1.45311275047617,0.403185716528231
2,"lag2",0.795395501014131,0.46881088765708
2,"lag3",2.03810998732012,0.488638595957752
2,"lag4",1.20749866557052,0.52893676754686
2,"lag5",-0.586019901480408,0.474962894115664
2,"lag6",-0.0321456278971537,0.399869900187115
2,"lag7",1.19721636315621,0.40833728609926
2,"lag8",2.1337392378425,0.467222451551451
2,"lag9",1.10413881923114,0.494366317401569
2,"lag10",1.44114512262621,0.525272561462779
2,"lag11",0.0388351645857649,0.483079155032683
2,"lag12",0.457870549641784,0.401477197153246
3,"lag1",1.22127669984559,0.445024267269043
3,"lag2",2.21003460107709,0.502452443722683
3,"lag3",3.36347561569755,0.52436198859527
3,"lag4",3.739580089909,0.582665219822666
3,"lag5",0.920717786667705,0.533491725111052
3,"lag6",2.713882236532,0.442223671622168
3,"lag7",2.62476750998163,0.447851265252017
3,"lag8",1.39069546346004,0.502383432437992
3,"lag9",0.0633824026520053,0.53001446746347
3,"lag10",-1.18193789935465,0.581455403441048
3,"lag11",0.285479409703811,0.539713700103467
3,"lag12",1.47499076828952,0.441779536616349
4,"lag1",9.10840364810935,0.442760270046812
4,"lag2",-2.48109999821996,0.51461584612248
4,"lag3",-2.76096443175528,0.544221464050671
4,"lag4",-0.51694434886274,0.546664995873299
4,"lag5",-1.25086936701101,0.490667779145866
4,"lag6",-0.803534724001275,0.431336322702841
4,"lag7",0.710032579826663,0.447824615003918
4,"lag8",-2.4290741453381,0.512735076700744
4,"lag9",-3.33568405667581,0.543785461649388
4,"lag10",-2.24879764764606,0.550630242256744
4,"lag11",-2.30380513770737,0.503858830634328
4,"lag12",-1.5624491158898,0.437430686250974
5,"lag1",5.05125387521344,0.458313362101551
5,"lag2",0.156733102160679,0.521451926181432
5,"lag3",2.02048228866256,0.550395275108918
5,"lag4",1.29035288802463,0.602562443747334
5,"lag5",1.67236352071422,0.570877447017784
5,"lag6",1.70161738054779,0.457572605675683
5,"lag7",0.284050429396477,0.461697723923871
5,"lag8",1.59440322365379,0.51494375490733
5,"lag9",2.58342100634654,0.548996788791615
5,"lag10",1.88140258116623,0.595299431743152
5,"lag11",2.24849587964644,0.576468218702879
5,"lag12",2.61669403503651,0.456994389409683
6,"lag1",2.44984163928799,0.447340251221951
6,"lag2",1.90955787838622,0.515145508870243
6,"lag3",3.44029135002271,0.540195294163015
6,"lag4",2.60501642767841,0.588862406746426
6,"lag5",0.227642361114701,0.532237239406881
6,"lag6",-1.46920232363013,0.452593333819216
6,"lag7",-0.166594692528285,0.450086343250627
6,"lag8",0.781328325155659,0.512557888340543
6,"lag9",1.40012941350936,0.541630398549258
6,"lag10",1.21314942636215,0.584429496410958
6,"lag11",-1.12436490918024,0.544079369993272
6,"lag12",-0.898163651705524,0.457764949434427
7,"lag1",4.08091725112331,0.44142696434333
7,"lag2",1.78958958876899,0.520099974663272
7,"lag3",1.74739181503524,0.541983516960822
7,"lag4",1.53041178582158,0.543210208724003
7,"lag5",-0.379528805030666,0.523323107949828
7,"lag6",0.338241638353333,0.453659968966371
7,"lag7",-0.849858795667376,0.446471478550653
7,"lag8",2.10759033858328,0.520511796552362
7,"lag9",-0.704793772839301,0.551318912748834
7,"lag10",-2.50147671481228,0.546728830338162
7,"lag11",-0.419307946863245,0.536919155455483
7,"lag12",-1.28395470088712,0.459666064225498
8,"lag1",7.03180354198195,0.485657018771586
8,"lag2",1.44213361622147,0.565786039873975
8,"lag3",2.15488873270155,0.581688242981297
8,"lag4",2.77930001176088,0.605324389981033
8,"lag5",-0.181705306718289,0.567181138015793
8,"lag6",-0.878368765112362,0.478749104044383
8,"lag7",0.126287807321816,0.488632081155957
8,"lag8",2.76384928713873,0.563093210711857
8,"lag9",0.434806740018866,0.585796345993088
8,"lag10",1.76748318954697,0.607105465440957
8,"lag11",-0.237240940734142,0.575754378997098
8,"lag12",0.474192425089462,0.48180622492125
9,"lag1",4.59831734422454,0.440937897438961
9,"lag2",1.15387635776531,0.513532090233818
9,"lag3",1.31907655460794,0.539553439461723
9,"lag4",2.9863115814231,0.548598414007897
9,"lag5",0.192315718392629,0.515979577910707
9,"lag6",0.248084697728767,0.440343815332772
9,"lag7",-0.432568776297858,0.447480873670325
9,"lag8",1.41761379811662,0.513956884160655
9,"lag9",0.985539785187751,0.54356865702944
9,"lag10",0.0414952592891389,0.549101030734772
9,"lag11",0.170370530658909,0.522368607419195
9,"lag12",0.581691038817465,0.440313611065452
10,"lag1",4.86725136947521,0.453112446832072
10,"lag2",0.383880063200272,0.51399672579344
10,"lag3",0.176832067928774,0.550674904387969
10,"lag4",2.84568866908721,0.615305843690741
10,"lag5",0.96758636184309,0.568320317326189
10,"lag6",-0.805663222580577,0.466519327034016
10,"lag7",-0.40287037195879,0.45836556086241
10,"lag8",2.57433685381544,0.511462562571047
10,"lag9",4.4690365846205,0.557737199826765
10,"lag10",3.39966067146767,0.60050493354177
10,"lag11",-0.256051895622687,0.576939526788389
10,"lag12",0.656091795385169,0.465939646052166
11,"lag1",0.25529189806603,0.446666587995432
11,"lag2",0.522368279545389,0.502906920344387
11,"lag3",3.14647467134019,0.539453858625818
11,"lag4",4.26387064088861,0.565073201554157
11,"lag5",0.407740091725842,0.521271115194929
11,"lag6",-0.0171855752395836,0.440235334070318
11,"lag7",1.36869664731903,0.449931283394681
11,"lag8",1.49231956585664,0.500172463424138
11,"lag9",1.51498192651064,0.541463634586732
11,"lag10",2.53969364605258,0.558237489106591
11,"lag11",0.816478267603285,0.526215911813931
11,"lag12",1.0085592884521,0.440519305145509
12,"lag1",4.50693749455478,0.48349950268854
12,"lag2",0.925362212026248,0.544455662627291
12,"lag3",1.54732746062255,0.552979920849358
12,"lag4",0.604629789283156,0.612120230653058
12,"lag5",-0.579574711412516,0.566745995148527
12,"lag6",-0.587173667605226,0.474917575667063
12,"lag7",0.0268171536615326,0.483994288575485
12,"lag8",1.12681033415927,0.538180087223063
12,"lag9",2.14765393032915,0.554151220254724
12,"lag10",0.913403662837458,0.606414017108526
12,"lag11",-1.50145676196129,0.572458225382656
12,"lag12",0.265797264851573,0.476261874182312
13,"lag1",0.761966276110947,0.441286651093547
13,"lag2",-0.797638715065266,0.504206918475759
13,"lag3",0.369497073406297,0.552939185411191
13,"lag4",2.69921052919874,0.596982595975811
13,"lag5",-0.597551416771705,0.518799949058875
13,"lag6",-0.442526518405638,0.440789113124694
13,"lag7",0.661147873306033,0.447406836331732
13,"lag8",2.55886596799963,0.502717483267619
13,"lag9",4.60252173085435,0.558295225976471
13,"lag10",2.4233280272317,0.599819299100724
13,"lag11",-0.908497293846132,0.526807938983623
13,"lag12",-0.365574259315964,0.442450770413261
14,"lag1",8.31881782994178,0.475535467311893
14,"lag2",-0.102432221270611,0.561525578897921
14,"lag3",0.279858118902307,0.586899384799627
14,"lag4",0.0987456878377828,0.613949064367065
14,"lag5",-0.197845185903005,0.567005917751888
14,"lag6",-0.753965473038747,0.474924739313676
14,"lag7",-1.84836151684269,0.479893719316323
14,"lag8",0.489057744379605,0.554646568890854
14,"lag9",2.22831798959351,0.587916133181173
14,"lag10",0.256244775328488,0.602949408214597
14,"lag11",-0.931647403130914,0.576431282158951
14,"lag12",-1.12973876511344,0.476976504316435
15,"lag1",6.76691574694697,0.452480468054487
15,"lag2",1.04390830577223,0.529178008203148
15,"lag3",-0.497445837130461,0.551808107233191
15,"lag4",-1.04320793752278,0.554003380065283
15,"lag5",-0.323552748901744,0.519513412844305
15,"lag6",0.238576599188448,0.446206084851133
15,"lag7",1.44100027048595,0.456736022373515
15,"lag8",2.861239673783,0.524185151413929
15,"lag9",0.391504749546513,0.553011885064634
15,"lag10",-1.64340300251799,0.555256461124888
15,"lag11",-1.05389350541396,0.528926907236843
15,"lag12",-0.707326343219746,0.448490686300049
16,"lag1",1.88326132238133,0.466613179175556
16,"lag2",0.695197391485357,0.530506805353804
16,"lag3",1.35140520094167,0.559070553912815
16,"lag4",1.67287727980715,0.610222349060041
16,"lag5",0.479691257826607,0.584281351344216
16,"lag6",0.399994564230769,0.479089992203787
16,"lag7",-0.338259746419093,0.469575054602532
16,"lag8",1.61674651222386,0.530421368284943
16,"lag9",-0.486383435999587,0.56182680036005
16,"lag10",-0.204674135978827,0.604560786397705
16,"lag11",0.545845335275215,0.595719567192561
16,"lag12",2.50601522781574,0.482556467727173
17,"lag1",3.21314226306603,0.46122004227072
17,"lag2",0.0692830539920275,0.512331719698385
17,"lag3",0.406350359737406,0.56532710349226
17,"lag4",2.72887864052752,0.626008911291351
17,"lag5",0.73162392951869,0.57510239041748
17,"lag6",1.65386366659353,0.46716230952155
17,"lag7",1.16932849401456,0.463794275827815
17,"lag8",2.2890502854416,0.508510732211976
17,"lag9",1.27820892579203,0.559635750858812
17,"lag10",3.63534478332216,0.614808861985663
17,"lag11",0.960065067464117,0.582161764121029
17,"lag12",1.41216205359808,0.4646747460382
18,"lag1",2.6847785404484,0.45528035740916
18,"lag2",-0.916631820066823,0.504368103395723
18,"lag3",0.374110966722953,0.533418312784582
18,"lag4",1.89492034957593,0.587821056312193
18,"lag5",-0.169821312834424,0.548960086730026
18,"lag6",2.1773636144495,0.453813724014278
18,"lag7",1.30916995382354,0.457788356335908
18,"lag8",2.21900577092009,0.503431865133083
18,"lag9",0.624834604903062,0.530152539403609
18,"lag10",0.552681716733313,0.578362788281716
18,"lag11",0.584115069976118,0.553074116023355
18,"lag12",1.03781500267482,0.453065644432957
19,"lag1",4.83813591994489,0.458953470084851
19,"lag2",3.15123460325069,0.528517206253338
19,"lag3",5.85857352545873,0.556855546525699
19,"lag4",3.85214164682587,0.594411239492431
19,"lag5",2.09395939643001,0.568889306300411
19,"lag6",1.92453893554529,0.466802516617477
19,"lag7",0.869905154960345,0.460903921894224
19,"lag8",1.29459748951409,0.523446656713535
19,"lag9",1.78646991452653,0.554490434770663
19,"lag10",1.46815849907421,0.588589660417011
19,"lag11",1.8231758988503,0.578122982666311
19,"lag12",1.04601733209785,0.466421693033408
20,"lag1",4.85379267921431,0.487802271135192
20,"lag2",1.95776012837282,0.567673769748612
20,"lag3",3.49210485120202,0.59971748001676
20,"lag4",3.30637108964149,0.62691014706089
20,"lag5",0.674373990636,0.601326263420682
20,"lag6",0.792097503655213,0.48486055824225
20,"lag7",0.913357859550836,0.491481656567326
20,"lag8",5.022117379675,0.561959651991747
20,"lag9",3.37997923728718,0.601410561154329
20,"lag10",2.10515357568965,0.626075671965058
20,"lag11",0.886347063848113,0.613511963464565
20,"lag12",0.207021947836173,0.490630566839033
21,"lag1",-0.0377705131934302,0.434689811728442
21,"lag2",0.565314386147196,0.484562674822424
21,"lag3",1.69779430962066,0.530440458551548
21,"lag4",2.25923273642148,0.533200585968059
21,"lag5",-0.787820115283607,0.487348982968659
21,"lag6",1.18324851753129,0.423873714839867
21,"lag7",0.74502567254927,0.437043253158039
21,"lag8",1.51115187696981,0.486147953437624
21,"lag9",0.327232781247852,0.53236987225427
21,"lag10",-0.174973150210083,0.533956713840765
21,"lag11",0.105283538538321,0.495497470869754
21,"lag12",-0.218361837769996,0.427447278524909
22,"lag1",1.63536946498129,0.409772400229847
22,"lag2",0.2620407346603,0.467202821515866
22,"lag3",1.17072308440002,0.513400452912387
22,"lag4",0.878217459466258,0.544782436063722
22,"lag5",-0.0837681538684085,0.495968037337498
22,"lag6",0.57284338199172,0.416178335769385
22,"lag7",1.28964939913109,0.413094430287024
22,"lag8",2.10273676702415,0.466049318799076
22,"lag9",0.880693945419809,0.513834226969511
22,"lag10",0.484832846209698,0.542605907826018
22,"lag11",-0.379538315241163,0.503249920065656
22,"lag12",1.05888464530959,0.417829551338909
23,"lag1",0.134153045661127,0.451803505270688
23,"lag2",-0.546478351673523,0.502901132487189
23,"lag3",2.98123944089704,0.553654450244391
23,"lag4",4.42808201459039,0.605847629820976
23,"lag5",-0.376214819307957,0.566931379516186
23,"lag6",-0.0962390950323757,0.463329959400491
23,"lag7",0.962835323128405,0.454879376621919
23,"lag8",2.81027285263321,0.502822448664875
23,"lag9",3.12182700771534,0.555772943091034
23,"lag10",2.99560485288505,0.606451198190959
23,"lag11",-0.323227643023513,0.580368269314744
23,"lag12",0.256047487569829,0.465591694034171
24,"lag1",3.48092897227416,0.480395211864624
24,"lag2",1.35082551403643,0.539253650250835
24,"lag3",1.34795616532329,0.542651840276476
24,"lag4",1.57274458159574,0.587484461967281
24,"lag5",1.33519854442388,0.564571005079639
24,"lag6",0.258210506499464,0.464701072138431
24,"lag7",1.22610012463965,0.483616125754744
24,"lag8",1.25310835291604,0.535118580201996
24,"lag9",1.44438602441162,0.546324807734167
24,"lag10",1.26171994429358,0.583405585110028
24,"lag11",1.38824220309156,0.569358085819506
24,"lag12",1.41813950727479,0.466762518117135
25,"lag1",5.40103894039726,0.448555255761702
25,"lag2",1.91554312366532,0.511126815298736
25,"lag3",1.64968564096276,0.541404747942353
25,"lag4",2.01298799650138,0.580292915146199
25,"lag5",-0.311043020041918,0.535712594481628
25,"lag6",1.48657802558523,0.445608176847675
25,"lag7",2.82878473861484,0.448209770184785
25,"lag8",3.91608054883639,0.505201621705427
25,"lag9",0.575368112349173,0.53686737205121
25,"lag10",0.32013360240641,0.574861287513
25,"lag11",-0.215600801502304,0.541669149884104
25,"lag12",-0.0384224155347286,0.44692718166491
26,"lag1",0.718584546234975,0.445537101280853
26,"lag2",0.368052386693028,0.507930318708188
26,"lag3",1.01293476466976,0.551098841656249
26,"lag4",1.75135290819552,0.601252996584696
26,"lag5",0.0474614905945942,0.533225355989786
26,"lag6",-0.0889268879826656,0.454749773776734
26,"lag7",0.0330018006134475,0.449072607621874
26,"lag8",2.41477397702586,0.502689349923833
26,"lag9",2.02448073781852,0.557123120504366
26,"lag10",2.2986544946416,0.589834754407075
26,"lag11",-1.12140952163788,0.539764228470078
26,"lag12",-1.14967335146587,0.455226280525266
27,"lag1",5.40063810012448,0.493436194063983
27,"lag2",0.140041285725896,0.576859907860922
27,"lag3",0.247956864984446,0.610769985656417
27,"lag4",2.49791962811987,0.638720389580336
27,"lag5",0.234555131652567,0.577654073746233
27,"lag6",1.2379248054049,0.501952145912395
27,"lag7",3.57289637835403,0.498224290169507
27,"lag8",3.33897922675494,0.576436219905685
27,"lag9",2.00916666582621,0.608259386217608
27,"lag10",2.26738815410153,0.630508558520363
27,"lag11",0.0741064238977444,0.581208957524764
27,"lag12",2.24070111951995,0.50025934750415
28,"lag1",4.6641616713188,0.445428425286044
28,"lag2",1.40657364505997,0.497569236069167
28,"lag3",2.52948728118442,0.529003437997165
28,"lag4",2.71637906743112,0.60585013189298
28,"lag5",-0.481042841820475,0.567054599207119
28,"lag6",1.12999262088129,0.45340301107855
28,"lag7",0.963288893835802,0.449785658473006
28,"lag8",2.28816406899975,0.49580437294083
28,"lag9",1.46467362103959,0.529073454531329
28,"lag10",-0.0752052002306613,0.603230037848352
28,"lag11",-1.26843871600883,0.573659447567205
28,"lag12",0.479056698218032,0.453903692203425
29,"lag1",1.37971098853073,0.446956666685083
29,"lag2",-1.02559427815673,0.503183769464045
29,"lag3",0.971557213840135,0.550808540288777
29,"lag4",1.85657347732535,0.598835343625168
29,"lag5",-1.03759824386053,0.530189261591167
29,"lag6",-0.821669604367668,0.447641590957085
29,"lag7",-1.99470100608758,0.450021407456636
29,"lag8",-0.849078283105659,0.50306819629556
29,"lag9",-3.88863390909795,0.550860010676267
29,"lag10",-2.36951592486457,0.592340839800316
29,"lag11",-1.73665335282334,0.53838681848343
29,"lag12",-0.990711186818793,0.449872049606361
30,"lag1",5.06587236430854,0.450140863565987
30,"lag2",-1.34651914401748,0.537094096151343
30,"lag3",0.257630806689639,0.545156453700497
30,"lag4",1.36176268866368,0.548473560994253
30,"lag5",-0.0353043531622919,0.51947282532751
30,"lag6",1.19822438783493,0.44467790595661
30,"lag7",1.70743424473191,0.451666789948337
30,"lag8",0.968714959281134,0.534670649577105
30,"lag9",0.733070184206581,0.541136619980512
30,"lag10",0.903684903858856,0.543155679876901
30,"lag11",0.153135730303007,0.528859634797508
30,"lag12",-0.651812230204224,0.445605224862966
31,"lag1",4.33321436851744,0.449805599749639
31,"lag2",2.93242145872139,0.505742607595008
31,"lag3",4.19250876067003,0.556074021748377
31,"lag4",5.11560368096169,0.595670336419741
31,"lag5",0.967024632349176,0.565379688810492
31,"lag6",0.818030007391151,0.465274027399911
31,"lag7",1.06056044961141,0.454625570362035
31,"lag8",0.684967591995039,0.508151342511387
31,"lag9",-0.0612681917105239,0.559977123047838
31,"lag10",-0.397983399997362,0.593392029995837
31,"lag11",-0.30814215264271,0.574917268405412
31,"lag12",-0.843168889579953,0.469693744061735
32,"lag1",6.59084796567923,0.472014080809137
32,"lag2",3.41118082514596,0.544824733936057
32,"lag3",4.32307050933909,0.585514233468496
32,"lag4",3.93909353019101,0.614723491395997
32,"lag5",-0.508852994898588,0.578454191250594
32,"lag6",-0.498004939073133,0.481038559910868
32,"lag7",-0.889529804174692,0.474066381506321
32,"lag8",1.96978735196153,0.543075675674113
32,"lag9",0.597913601497173,0.598727112722167
32,"lag10",-0.0698129478376482,0.613192800497319
32,"lag11",-0.791712037692161,0.586367368611544
32,"lag12",-1.413017576346,0.486012647009725
33,"lag1",1.71565801973006,0.421653432023484
33,"lag2",0.533358824784576,0.484111027884658
33,"lag3",0.619928473800795,0.491587370064835
33,"lag4",1.91028281982643,0.514981943388004
33,"lag5",0.460419385546077,0.497288561825028
33,"lag6",-0.636236404336455,0.411474559411495
33,"lag7",0.27983230993369,0.422579439632243
33,"lag8",0.536787744306141,0.481413705919908
33,"lag9",1.90902316048066,0.495272604696343
33,"lag10",-0.0255547679768155,0.510730630501871
33,"lag11",-0.22522323512446,0.504399647533008
33,"lag12",1.66629899936644,0.4164669427622
34,"lag1",0.749810547272353,0.432629564268837
34,"lag2",2.36130987629383,0.500547458312009
34,"lag3",4.67015692842505,0.539396234608646
34,"lag4",3.80577002991873,0.559133380942903
34,"lag5",-0.674248150835687,0.516401968116534
34,"lag6",1.28405460929495,0.431130285263864
34,"lag7",2.38695999346492,0.435447685742135
34,"lag8",3.48256020069444,0.495796789922513
34,"lag9",1.52059044743316,0.541135648618764
34,"lag10",0.576335757022565,0.554631982203669
34,"lag11",0.253677224550531,0.522286706026412
34,"lag12",0.0632725105289124,0.432867869985764
35,"lag1",4.41262450173613,0.437725754923135
35,"lag2",2.17910081349969,0.512693732457504
35,"lag3",2.2662821742709,0.532583459439622
35,"lag4",0.0215577545051208,0.563456376001118
35,"lag5",-0.251357518185528,0.512115027200539
35,"lag6",-0.867506858716122,0.43542743789843
35,"lag7",0.730560131874456,0.439838569938758
35,"lag8",1.0620916408238,0.509195342690924
35,"lag9",0.254652255845283,0.536240038765627
35,"lag10",0.104197842957951,0.557222477588266
35,"lag11",-0.387147230827559,0.520531116483105
35,"lag12",0.291551927657272,0.437444604043461
36,"lag1",4.22391347075964,0.471275507677177
36,"lag2",1.41291043209697,0.547539403003017
36,"lag3",1.35100366786356,0.571134018172035
36,"lag4",1.62191660287319,0.602502578122577
36,"lag5",-0.404066113326021,0.585672395072485
36,"lag6",0.436738377095852,0.479758861402354
36,"lag7",2.43852632249893,0.476673672913373
36,"lag8",3.23079471306999,0.547082315126256
36,"lag9",2.16780904390546,0.576194565282116
36,"lag10",0.722930252028959,0.599141232632846
36,"lag11",-1.13135956847234,0.593085340598264
36,"lag12",0.129833170437771,0.479064812466949
37,"lag1",3.47000445613013,0.470660775589349
37,"lag2",0.0373424521604518,0.546276680517284
37,"lag3",3.50748432483425,0.580585576399891
37,"lag4",1.98348770852343,0.591736223309848
37,"lag5",0.544669379944553,0.537658022631521
37,"lag6",0.512266314297272,0.458373702081435
37,"lag7",-0.623345333317596,0.472000293765143
37,"lag8",2.76752329159241,0.545601263273812
37,"lag9",2.37659705987293,0.580950628858449
37,"lag10",2.14928071774185,0.584960040754405
37,"lag11",0.628269178633294,0.544634712329717
37,"lag12",-0.692641010703841,0.464040364050786
38,"lag1",-0.941002276937238,0.48062768990965
38,"lag2",-1.18104168239926,0.548465137604136
38,"lag3",0.960584006171644,0.572562397864449
38,"lag4",0.882902136310663,0.624515818786772
38,"lag5",-0.545641866097775,0.624203697898589
38,"lag6",-1.31714306888925,0.493328472709965
38,"lag7",-2.08678327489726,0.485137955777792
38,"lag8",3.37471084065701,0.54631320163636
38,"lag9",4.60678100798521,0.579158194983989
38,"lag10",4.29387809031007,0.622599373277951
38,"lag11",0.67020781570696,0.628581729571277
38,"lag12",1.34061675552391,0.493520769478752
39,"lag1",1.35140750275786,0.480154892070677
39,"lag2",-0.92528478779472,0.536860473687077
39,"lag3",1.72790094254094,0.573455542241821
39,"lag4",2.87645819863689,0.624071571410473
39,"lag5",-0.912112021178405,0.583642568660824
39,"lag6",-0.548082467984702,0.482490257949742
39,"lag7",-1.15829476827557,0.480167920741935
39,"lag8",0.124376392709451,0.530805200320152
39,"lag9",0.913959890341919,0.57189600229393
39,"lag10",0.698125708613052,0.621267557462468
39,"lag11",-0.674670534214439,0.590255708934097
39,"lag12",-0.793674214777025,0.483715936776198
40,"lag1",3.3951629082939,0.44123099824203
40,"lag2",0.80802343667703,0.508363211136499
40,"lag3",1.65766493595292,0.513395698689594
40,"lag4",1.4062510932724,0.572570767777467
40,"lag5",-0.211089152831514,0.548001551853307
40,"lag6",0.0557023209267875,0.43920736433734
40,"lag7",-0.438065756459638,0.444957775034599
40,"lag8",0.0746436559280536,0.505912585456914
40,"lag9",1.02890733898489,0.518251278457562
40,"lag10",0.0437971071566931,0.565823959040148
40,"lag11",-1.11970720553898,0.554518561056932
40,"lag12",0.362736896360028,0.439023931428633
41,"lag1",-1.57502889725821,0.440106129485752
41,"lag2",-0.549030279725866,0.503336478198988
41,"lag3",2.769480809293,0.525907494920188
41,"lag4",1.78309522617835,0.565446315130478
41,"lag5",-0.158993926221921,0.528214303680356
41,"lag6",0.334479536294611,0.442685185997563
41,"lag7",3.08018735794716,0.439071807156596
41,"lag8",1.46081070153428,0.497412566709325
41,"lag9",-0.926611846028721,0.523028951617896
41,"lag10",0.476022580430927,0.561682505953577
41,"lag11",0.561398538382378,0.532098433517114
41,"lag12",0.142543340684643,0.445122245366947
42,"lag1",3.52778475719229,0.452845997466964
42,"lag2",0.759864289241339,0.510934275024703
42,"lag3",1.0477617076252,0.548319520551977
42,"lag4",3.110371606067,0.604692600900561
42,"lag5",1.27469439811697,0.56387171775716
42,"lag6",0.925738385097036,0.46453358159596
42,"lag7",1.16690936839652,0.457642492166494
42,"lag8",2.26864394308543,0.511533687955148
42,"lag9",2.83107858010599,0.556094290688642
42,"lag10",2.44076033840728,0.602655021402421
42,"lag11",-0.0271358834375795,0.569804104692125
42,"lag12",0.618523651178574,0.465190219861431
43,"lag1",1.74799408111393,0.441923008965904
43,"lag2",0.0979094917732449,0.506099205765896
43,"lag3",2.88972732896726,0.52847891481032
43,"lag4",2.52994848231948,0.556486560185598
43,"lag5",0.327421231600379,0.520985491736433
43,"lag6",1.21190776697352,0.434972432220252
43,"lag7",-0.362357580735101,0.443288368517811
43,"lag8",3.14293956455491,0.500967206391636
43,"lag9",0.976565625378493,0.525769850977607
43,"lag10",2.53347400627035,0.545881566303536
43,"lag11",1.03422874036914,0.528379585665906
43,"lag12",1.72263134809292,0.437382298302138
44,"lag1",4.42026565653171,0.432916681559243
44,"lag2",0.0537753869126973,0.495186742044495
44,"lag3",-0.404180620551633,0.536834895566373
44,"lag4",0.780374367070657,0.544869495621608
44,"lag5",-1.56131094961657,0.503649284740287
44,"lag6",-1.20237833065097,0.43813695673443
44,"lag7",-0.560586966820804,0.438543080606264
44,"lag8",-0.989745388786184,0.496789987840193
44,"lag9",-2.49150253108924,0.539159686737821
44,"lag10",-2.08779568265329,0.546957134994697
44,"lag11",-0.734570336780196,0.508100675034786
44,"lag12",0.437563632940759,0.438367222980818
45,"lag1",1.98958445559531,0.484829430346207
45,"lag2",-1.0400447411919,0.55010342319206
45,"lag3",-0.248604657235155,0.600923881963852
45,"lag4",1.24477621344885,0.656694024409004
45,"lag5",0.918271408074262,0.588428279360531
45,"lag6",0.495345211802361,0.491057846562279
45,"lag7",1.21337111222693,0.484897516925756
45,"lag8",2.54323560254174,0.545617109293414
45,"lag9",1.18694932007225,0.600283852780934
45,"lag10",1.66043594399212,0.650445649033674
45,"lag11",0.9859611511186,0.595544584439475
45,"lag12",0.992028725242562,0.489282251965561
46,"lag1",3.4191162642649,0.461697129277079
46,"lag2",-1.15775918361362,0.532402879782928
46,"lag3",-0.738056140602869,0.541245446923435
46,"lag4",2.11355569874056,0.5956350115651
46,"lag5",0.218927042957847,0.570489856467571
46,"lag6",0.185275924097532,0.469410389341068
46,"lag7",1.54932947088756,0.462659908726429
46,"lag8",1.50194182582106,0.524731726750542
46,"lag9",0.874967242482597,0.536194084656112
46,"lag10",0.359705852262115,0.582531930056346
46,"lag11",-0.920048098788328,0.57298037519609
46,"lag12",-0.041971222408547,0.469063825291895
47,"lag1",-0.0486680852772379,0.443337971868776
47,"lag2",-0.275950479462483,0.503355629573859
47,"lag3",1.49027520940697,0.532103296908154
47,"lag4",2.25085153925817,0.569088003013522
47,"lag5",0.537041729836081,0.556426608210443
47,"lag6",0.600117602843138,0.456108201552937
47,"lag7",0.268095168550954,0.444967442375209
47,"lag8",3.00394949628661,0.499803251759815
47,"lag9",0.894176179058134,0.529062780696215
47,"lag10",1.94801300642246,0.56207749561835
47,"lag11",0.770226448123271,0.565681646664643
47,"lag12",1.48276289704424,0.454725694764196
48,"lag1",3.29193940616041,0.454813240239194
48,"lag2",2.48897059362046,0.523769235390811
48,"lag3",1.39218949755083,0.544657515315192
48,"lag4",-0.153590223692845,0.555271927075924
48,"lag5",-0.318803864586519,0.512030223528965
48,"lag6",1.21958121331484,0.432198963853675
48,"lag7",2.84340524868878,0.457191999307854
48,"lag8",2.60327742453104,0.518673045674901
48,"lag9",-0.22447160104887,0.553998985284807
48,"lag10",-0.423197180583827,0.559110363424169
48,"lag11",0.783390834144725,0.524731116940627
48,"lag12",1.8851589248998,0.436839049740138
49,"lag1",3.48272257791734,0.411088860513098
49,"lag2",2.6676342372739,0.46724667922077
49,"lag3",5.0624578862433,0.49930549869746
49,"lag4",4.39076377333323,0.552699015546737
49,"lag5",-0.620799922770074,0.506995272330144
49,"lag6",-0.978284966962533,0.419168582389257
49,"lag7",1.99408897608253,0.413191911045762
49,"lag8",3.43951652384996,0.466962545263089
49,"lag9",2.00850986031359,0.500510694455336
49,"lag10",1.53815275265255,0.55055527286888
49,"lag11",-0.51874263098632,0.51358806242577
49,"lag12",-0.561143213122772,0.421448265257399
50,"lag1",2.33940699872118,0.471808456355108
50,"lag2",1.89936758159259,0.521110677636611
50,"lag3",5.80046491329017,0.536489297735369
50,"lag4",4.21146739043703,0.5780096163179
50,"lag5",0.164566784113238,0.552348908339416
50,"lag6",0.348298963618825,0.459905606458386
50,"lag7",-1.56704996866978,0.476117782889658
50,"lag8",1.78926580126115,0.518538483726233
50,"lag9",0.740523174026247,0.534950528550269
50,"lag10",1.31794597033278,0.571287918517606
50,"lag11",1.38736109387099,0.558273287565754
50,"lag12",0.061788846333959,0.460956898628369
51,"lag1",1.44364094660437,0.429670337497632
51,"lag2",1.06294735137266,0.504886948149716
51,"lag3",4.28763346032294,0.521997514159165
51,"lag4",4.03476341589462,0.539681711633022
51,"lag5",0.57123580487283,0.506490159692121
51,"lag6",1.12424015048514,0.428173697430918
51,"lag7",1.19570395622124,0.43106734883515
51,"lag8",5.49428967251925,0.502022733633985
51,"lag9",3.77515696492733,0.528500950312419
51,"lag10",3.48289333670114,0.541421449739171
51,"lag11",1.6422982768234,0.517209581386604
51,"lag12",0.577295942932903,0.434575275739124
52,"lag1",-0.936143847750081,0.500768506691326
52,"lag2",-1.45079551688928,0.567132450089594
52,"lag3",-0.365864868822094,0.58668823657739
52,"lag4",0.49762675797142,0.624645736326343
52,"lag5",-0.723735294003354,0.583174948918411
52,"lag6",-1.11843669584439,0.495233819998889
52,"lag7",-1.89044031609248,0.503884497494027
52,"lag8",-0.324632762132994,0.564013654778094
52,"lag9",2.06631480611947,0.59614919222786
52,"lag10",1.7383814147381,0.632085761381291
52,"lag11",-1.27738125913539,0.590235608473286
52,"lag12",0.168220954705052,0.500265640385221
53,"lag1",1.69315967586763,0.46343839281371
53,"lag2",1.77269559611753,0.520524651314465
53,"lag3",2.55555506910757,0.545329781763983
53,"lag4",1.82914893045047,0.611798517887403
53,"lag5",-1.23523229393648,0.548295728202581
53,"lag6",-0.552879649037189,0.462330909000222
53,"lag7",-0.208112370684452,0.47013996335799
53,"lag8",-0.388219847373925,0.51910071605112
53,"lag9",-1.02438460635213,0.54780409727625
53,"lag10",-1.33929579054089,0.608741694275404
53,"lag11",-1.56399222226985,0.551464601821532
53,"lag12",0.164643964911304,0.461858479214007
54,"lag1",5.91558080343646,0.453345571970775
54,"lag2",2.39399205847341,0.535733177983673
54,"lag3",3.02247725404194,0.56585888019781
54,"lag4",3.10265812192363,0.589456558653147
54,"lag5",-0.449012573359855,0.528183201060033
54,"lag6",-0.235614963698857,0.466460835337882
54,"lag7",0.459383926790069,0.455389720104989
54,"lag8",2.16549416106212,0.533826565363902
54,"lag9",1.37296349932201,0.56578098939816
54,"lag10",1.15146143168706,0.586453100419759
54,"lag11",-1.07785051304633,0.537039067945996
54,"lag12",-0.720070950193792,0.466798202313765
55,"lag1",2.48100602945524,0.48302720144889
55,"lag2",2.61037400258103,0.548224933179535
55,"lag3",5.08953976535017,0.551957018097309
55,"lag4",4.96514009841334,0.613038574570045
55,"lag5",-0.25274002870914,0.617145573685011
55,"lag6",1.6922553123848,0.492850784244239
55,"lag7",-0.170954293613512,0.483997754743753
55,"lag8",1.34044443465173,0.542905507529041
55,"lag9",1.10465282548273,0.552076446838107
55,"lag10",0.844236232550282,0.609832418222254
55,"lag11",-0.0532729762876264,0.621974835778435
55,"lag12",-0.249562233405283,0.495326608605202
56,"lag1",0.226033982091028,0.447279265630417
56,"lag2",1.78191932748544,0.500645643125199
56,"lag3",4.61369272523331,0.533871927348593
56,"lag4",4.86786444953877,0.595298886587216
56,"lag5",0.0765816461408524,0.571773419807928
56,"lag6",0.793706245277287,0.450795142948534
56,"lag7",0.0828347306796153,0.449697120453484
56,"lag8",1.85511549122921,0.498594442961438
56,"lag9",2.25306952272524,0.533820822561826
56,"lag10",2.0457364695186,0.576681505079597
56,"lag11",1.47660536320438,0.577937295136107
56,"lag12",0.521627678466452,0.451087681131656
57,"lag1",2.80072616311322,0.437597103737261
57,"lag2",0.646731616438297,0.501942926656114
57,"lag3",1.27549899976004,0.514968661143617
57,"lag4",0.834806471924711,0.54964286711419
57,"lag5",-1.05047787774945,0.502599821066449
57,"lag6",0.833501377689438,0.428186667325791
57,"lag7",-0.50414109451131,0.43773228066612
57,"lag8",1.24542656127298,0.495083602412675
57,"lag9",-0.325899216522194,0.51722226505479
57,"lag10",1.14167295767827,0.543313220993788
57,"lag11",-0.489265347809738,0.514870992919304
57,"lag12",-0.945271544994324,0.432149994347807
58,"lag1",2.50686014951672,0.426740255192142
58,"lag2",-0.369096283387307,0.492684910609427
58,"lag3",-0.600762489663358,0.531679314489908
58,"lag4",0.593399568410367,0.550001385092896
58,"lag5",-0.164727077267868,0.483883633454184
58,"lag6",-0.391015089157462,0.416183157967937
58,"lag7",0.365584411608604,0.430564721440443
58,"lag8",-0.958718972717924,0.489371381059669
58,"lag9",0.527742911726612,0.543478613581871
58,"lag10",0.265015745725881,0.552776509629111
58,"lag11",-0.835004108624051,0.496101015053985
58,"lag12",-1.50474435523948,0.426178696076664
59,"lag1",0.394594573968221,0.39743164497155
59,"lag2",0.552508905510013,0.446008823132386
59,"lag3",1.23409458647085,0.467798067840809
59,"lag4",0.738770469438235,0.505639206056535
59,"lag5",-1.40518465839032,0.468157164617347
59,"lag6",0.465382348606964,0.391905329865861
59,"lag7",-0.107080502439417,0.401116355944066
59,"lag8",-0.670116584071023,0.443228853051822
59,"lag9",-0.591858062829258,0.475347576252347
59,"lag10",-1.869771296024,0.50624409485819
59,"lag11",-1.86358821260131,0.473244465601125
59,"lag12",-0.248112910488254,0.394099338746079
60,"lag1",3.29631358975716,0.4164704312098
60,"lag2",1.65958333331131,0.466003166058392
60,"lag3",2.28042504441426,0.497704757064945
60,"lag4",3.61144471292722,0.561145437961528
60,"lag5",-0.655600278853797,0.50750242415796
60,"lag6",-0.386969225515915,0.416292002925568
60,"lag7",-0.511916670218599,0.421128638646444
60,"lag8",0.3641355314579,0.469047767636378
60,"lag9",-0.516283407777614,0.506448942199675
60,"lag10",2.63437598367735,0.555594166899063
60,"lag11",-0.217331804016541,0.518526436856461
60,"lag12",0.0178275101217149,0.416308668791412
61,"lag1",4.32246668925168,0.447926729862785
61,"lag2",-0.203271100523121,0.519221599250269
61,"lag3",0.955219771789995,0.530111113399084
61,"lag4",1.67702200710149,0.578070596325175
61,"lag5",0.317912184757712,0.532484974322495
61,"lag6",1.90121937696833,0.444824450608544
61,"lag7",-0.0870477399282293,0.450738562413246
61,"lag8",1.71202385849568,0.516812427866646
61,"lag9",0.389863833398113,0.528190717755927
61,"lag10",0.0587555716805957,0.573140510878129
61,"lag11",1.30648456872153,0.538135751447189
61,"lag12",0.570070297650982,0.443964520312409
62,"lag1",1.9519041066999,0.425527585673896
62,"lag2",0.0418376016000037,0.476201835863164
62,"lag3",0.499187233636637,0.523915157388668
62,"lag4",0.508107614219224,0.544210853966887
62,"lag5",-0.642453276289902,0.530941332930553
62,"lag6",0.21140278477427,0.426540353454129
62,"lag7",0.576583865192896,0.425661517658727
62,"lag8",0.640139052100676,0.475491769220711
62,"lag9",-1.73788268120996,0.524466630549112
62,"lag10",-1.75685178665778,0.543713881693172
62,"lag11",-1.64999330181064,0.547074069970709
62,"lag12",-0.0863426788850309,0.431347101057044
63,"lag1",4.74377352547675,0.416502352752863
63,"lag2",-0.264045445649444,0.476044620733997
63,"lag3",1.96162799518553,0.515887389106826
63,"lag4",3.1131589545023,0.54932559140968
63,"lag5",0.250869733752288,0.491097133484143
63,"lag6",1.42030761024583,0.410362035337159
63,"lag7",0.553551779506756,0.420609126558456
63,"lag8",-0.486816713216275,0.472832457182314
63,"lag9",-1.30001140517301,0.522419245999287
63,"lag10",0.177699386960935,0.554773140388268
63,"lag11",-0.288207845813269,0.505493334987924
63,"lag12",0.607510455249826,0.41679757520068
64,"lag1",5.07155498896849,0.434535902938478
64,"lag2",-0.0587772614415984,0.51023122153023
64,"lag3",4.0486473241938,0.534372837873447
64,"lag4",1.61048504151084,0.528177225082748
64,"lag5",-0.341101114647628,0.497244036055952
64,"lag6",-1.47826689299765,0.42746208156699
64,"lag7",0.0473942839441069,0.437778103088598
64,"lag8",2.77115400195945,0.509179935615857
64,"lag9",1.25883539611543,0.539684093077647
64,"lag10",0.707244535014549,0.530415423409118
64,"lag11",-0.720918840630114,0.506986871590715
64,"lag12",0.126553794436353,0.431523186287404
65,"lag1",4.02793886172623,0.416253914628379
65,"lag2",2.49167972401834,0.484501324604448
65,"lag3",3.54927292534018,0.514279428706228
65,"lag4",0.825167225945663,0.518860840073104
65,"lag5",0.240230600992943,0.474626092111477
65,"lag6",1.58890598551412,0.406222534923974
65,"lag7",0.304789353298476,0.420273258598443
65,"lag8",1.76994580020446,0.478262684378969
65,"lag9",-0.0388213013907076,0.516410859028465
65,"lag10",-0.697257099787104,0.520479994786847
65,"lag11",0.653670874592517,0.480678140619662
65,"lag12",-0.184005415339075,0.411036612484336
66,"lag1",1.73379010102478,0.436441140741316
66,"lag2",0.00447053729076171,0.487511561179637
66,"lag3",0.66711312289915,0.513951701267822
66,"lag4",1.21453612191143,0.567325902457811
66,"lag5",-0.00247289044411555,0.535014000427142
66,"lag6",0.160734693393845,0.431176508140297
66,"lag7",0.499811340948841,0.438068531865529
66,"lag8",0.440789173704628,0.484043925088534
66,"lag9",-0.180169684541343,0.51552258617188
66,"lag10",-0.345678622731169,0.565631902029274
66,"lag11",-0.575021942614113,0.540188488603298
66,"lag12",0.983474301720173,0.432096058027631
67,"lag1",6.91306239773141,0.489379884853647
67,"lag2",0.312147838151983,0.554236335245281
67,"lag3",-0.157851730258966,0.605559934173252
67,"lag4",-1.45478085006996,0.635978599596169
67,"lag5",-0.377559941662248,0.573131060955659
67,"lag6",-0.131843025068162,0.485158337916657
67,"lag7",0.0941086731382046,0.493217990034562
67,"lag8",-0.755140459898364,0.553595319095974
67,"lag9",-0.778028138850633,0.601867022517154
67,"lag10",-2.52368912474117,0.633775394847846
67,"lag11",-1.8534450322534,0.580740176405479
67,"lag12",-0.472967297573806,0.486249309668364
68,"lag1",-0.317145349700064,0.487635992712206
68,"lag2",0.633452599289612,0.535259544553138
68,"lag3",3.12154398731237,0.58130697480453
68,"lag4",3.56272697005387,0.67174288747222
68,"lag5",-1.18551397349387,0.608946828353472
68,"lag6",-1.02003696646316,0.488168921756228
68,"lag7",-2.64932322684259,0.490040838192967
68,"lag8",0.211558602976406,0.528723593305151
68,"lag9",2.66113350627575,0.578490691578062
68,"lag10",3.43750001276536,0.672023228001425
68,"lag11",-1.02223330021756,0.614857500649061
68,"lag12",-1.45618211514558,0.487722980497081
69,"lag1",3.65405137751189,0.432796201500772
69,"lag2",0.775434004586591,0.486982786893821
69,"lag3",2.04424413950303,0.514848114114353
69,"lag4",3.18766594228324,0.565960395837811
69,"lag5",-1.50303664731371,0.521358799038127
69,"lag6",1.76086140050141,0.435431031538007
69,"lag7",0.145915701584168,0.436973889073943
69,"lag8",-0.198469615681716,0.487960457786995
69,"lag9",-0.148282914545238,0.513159031923723
69,"lag10",-0.204488168111094,0.562805268678055
69,"lag11",0.484545349901907,0.533028705509819
69,"lag12",1.78632130708539,0.437539098364707
70,"lag1",1.42621461453464,0.438191755157632
70,"lag2",-1.97244574016296,0.500837923738111
70,"lag3",1.69474616706115,0.53684729942234
70,"lag4",4.42176718124953,0.564928145275079
70,"lag5",0.630645200998977,0.524291734978193
70,"lag6",2.05074968868199,0.44753175740896
70,"lag7",1.18442420179292,0.439133992074863
70,"lag8",0.876251175256639,0.496215970474894
70,"lag9",0.253471394504969,0.528773171370861
70,"lag10",0.780818678573838,0.559185465897995
70,"lag11",1.16024742242719,0.527953468298288
70,"lag12",0.966256850510208,0.451928152074021
71,"lag1",1.84089671358791,0.4507881394508
71,"lag2",1.62846323344514,0.497350697298372
71,"lag3",3.4542027023387,0.536240603356699
71,"lag4",4.62499563263554,0.580890286397593
71,"lag5",0.518913785545736,0.535236812014399
71,"lag6",0.375226179824594,0.456172608298763
71,"lag7",1.10018784095045,0.457461570256097
71,"lag8",2.05929801367866,0.500083143240266
71,"lag9",0.892056744725837,0.5411452756167
71,"lag10",-0.0790364743280472,0.585229369426043
71,"lag11",0.77944425851602,0.545837645525314
71,"lag12",2.8365313075172,0.457944775599179
72,"lag1",1.22963941486873,0.406663444020419
72,"lag2",0.0370818514378278,0.464967489922504
72,"lag3",1.12706708141547,0.488210215263372
72,"lag4",1.03631332824018,0.507117602944546
72,"lag5",-0.873324647563636,0.470712900538399
72,"lag6",0.572386993253206,0.406097519726475
72,"lag7",-1.58392775931936,0.408569988700996
72,"lag8",-1.2363830988467,0.462877668291572
72,"lag9",1.751874710817,0.488325111386668
72,"lag10",0.391502244092067,0.499019538030062
72,"lag11",-0.00397166599502888,0.479020869343641
72,"lag12",-0.648402581739216,0.40683787358667
73,"lag1",2.75244405957937,0.48546785424722
73,"lag2",-0.17831130086135,0.55296109745346
73,"lag3",0.883542042475739,0.584343050357559
73,"lag4",2.11217626394019,0.612024070141997
73,"lag5",0.429067665326774,0.570202987904463
73,"lag6",-0.92091642968281,0.495072019784195
73,"lag7",-0.274586358622562,0.48990450307193
73,"lag8",0.863374634569356,0.548256049843313
73,"lag9",-1.11854332153975,0.581262555141816
73,"lag10",0.0934860530793536,0.597624895726726
73,"lag11",-0.0587530015757892,0.574034921734994
73,"lag12",-1.31211052950458,0.492539075705268
74,"lag1",3.22401850689158,0.459342419728467
74,"lag2",-1.19383357476072,0.539414365280413
74,"lag3",-0.833302363912591,0.555169622632886
74,"lag4",0.188267771160676,0.555387663228134
74,"lag5",-0.872565944037711,0.506376231173329
74,"lag6",0.0449645375631858,0.442488076214276
74,"lag7",-1.02556753143419,0.461833965151163
74,"lag8",-1.33535193450461,0.537213736491366
74,"lag9",-1.08412537851144,0.559949738135184
74,"lag10",-0.00465742378702626,0.548609929471584
74,"lag11",0.00710450141002213,0.515608012290388
74,"lag12",-0.211873850350124,0.442846420510376
75,"lag1",-0.641797983756246,0.457236697357195
75,"lag2",1.97058580443304,0.519341565860608
75,"lag3",1.60974507345937,0.526373534473768
75,"lag4",1.9149589515839,0.58167145606192
75,"lag5",0.471822523360915,0.549233201402807
75,"lag6",1.28527887009207,0.446259652454645
75,"lag7",0.483375196890285,0.46188758986473
75,"lag8",0.988219279989028,0.514677025007225
75,"lag9",1.60163918109174,0.528089117041962
75,"lag10",-0.0740055894776879,0.581426780610921
75,"lag11",2.36538597286571,0.556396505102639
75,"lag12",1.9464336035709,0.452218802966708
76,"lag1",2.10144218154214,0.429897219166828
76,"lag2",0.38835232931223,0.485892220044802
76,"lag3",3.5040363308438,0.513081042364446
76,"lag4",1.05276291411527,0.542127994038321
76,"lag5",0.676757356261117,0.498686864777195
76,"lag6",1.20379544366054,0.41297988061716
76,"lag7",1.06109234605899,0.43207017347973
76,"lag8",-0.263133169797519,0.477072739074933
76,"lag9",0.147730055369478,0.513897737580627
76,"lag10",1.29627005928447,0.540727002940201
76,"lag11",0.26659185304454,0.503413763104915
76,"lag12",-0.224753821717265,0.415874102538637
77,"lag1",4.77981638324172,0.468227673411397
77,"lag2",2.4320120859594,0.546455480268109
77,"lag3",3.73010625993276,0.542925913628468
77,"lag4",2.84982871717411,0.561915495457124
77,"lag5",-0.434724463625851,0.534818450035611
77,"lag6",0.198454092170677,0.452877034349013
77,"lag7",-0.573751012732576,0.470267850363486
77,"lag8",4.48219855185829,0.543906189132189
77,"lag9",2.97955773759114,0.54423378220771
77,"lag10",3.03794434474647,0.558083489392042
77,"lag11",-0.354860401466503,0.550324095956161
77,"lag12",0.980078467256179,0.456117475856575
78,"lag1",4.78440254203087,0.426398711675383
78,"lag2",0.869178753796191,0.482640118683108
78,"lag3",3.40367453851694,0.541694115444103
78,"lag4",3.1478094935018,0.562983013854599
78,"lag5",1.01757383008229,0.534254494557213
78,"lag6",1.92679019507995,0.440577129986527
78,"lag7",-0.217902785513581,0.427386726915178
78,"lag8",1.68208647700431,0.480016000612452
78,"lag9",2.05024565056273,0.541599038567302
78,"lag10",0.578520138690578,0.560846921029531
78,"lag11",0.555556156501472,0.5399350706263
78,"lag12",-0.598181297873336,0.445255554942057
79,"lag1",4.88251605313899,0.490241002856654
79,"lag2",2.37581512338721,0.555642867924384
79,"lag3",2.9017275649847,0.581525382643244
79,"lag4",2.65612903356712,0.618561789353082
79,"lag5",-0.416506001409122,0.588389272790679
79,"lag6",-0.294908414381955,0.486605666249694
79,"lag7",0.283172357271051,0.491849301527104
79,"lag8",2.92211843179931,0.55130549254177
79,"lag9",3.19362433882475,0.582539089544934
79,"lag10",1.15308565879482,0.610317867055257
79,"lag11",-0.682716147967953,0.599711357590794
79,"lag12",-0.0282305132139544,0.491735221030695
80,"lag1",4.64528277483915,0.456770566698135
80,"lag2",-1.93546718181255,0.517993287299801
80,"lag3",1.03291656959983,0.555285707074695
80,"lag4",1.75315860856701,0.597628763991526
80,"lag5",0.121735382616004,0.54925151155249
80,"lag6",-0.620310400576028,0.459693052653165
80,"lag7",-0.95577763200506,0.460182353830817
80,"lag8",2.76642561160134,0.519235389100828
80,"lag9",1.27377423308592,0.559415246936572
80,"lag10",1.5186505412826,0.596135808143251
80,"lag11",0.248206546745982,0.560436928930919
80,"lag12",0.103583247205506,0.460446960275556
81,"lag1",3.49621376330779,0.456455773126329
81,"lag2",2.4866326516995,0.505441418114136
81,"lag3",2.99166204669704,0.52651524379371
81,"lag4",3.97455018162653,0.58683551566621
81,"lag5",2.5856927460114,0.549957684337571
81,"lag6",2.84451044656391,0.452937191047358
81,"lag7",1.06044074200722,0.458746342687976
81,"lag8",0.757047438089408,0.503754505759509
81,"lag9",1.90293126858186,0.525588862945328
81,"lag10",-0.161834001807467,0.58275185991929
81,"lag11",1.70771963098304,0.557239858631587
81,"lag12",1.49922353711836,0.455788134858973
82,"lag1",2.89108684274509,0.431176251319442
82,"lag2",1.17457008331843,0.498014728064416
82,"lag3",2.046121164009,0.537541102714111
82,"lag4",3.16072575973459,0.556255100322829
82,"lag5",0.516720931607722,0.517489976584033
82,"lag6",1.8122014119816,0.436644657192002
82,"lag7",-0.440605634902019,0.435594066544716
82,"lag8",1.06886208618113,0.493205381382209
82,"lag9",1.74941842374107,0.540192973677604
82,"lag10",0.774071088452216,0.554087858148142
82,"lag11",0.721622787577296,0.524411634244614
82,"lag12",-1.37038128322545,0.439917461878556
83,"lag1",1.85323226902855,0.445526982049257
83,"lag2",-0.530381263054752,0.508045861938056
83,"lag3",-0.0593546030087161,0.558206538383981
83,"lag4",1.16509952045035,0.592943154474089
83,"lag5",0.442909898011991,0.535031951799027
83,"lag6",1.6691228774318,0.451983987989522
83,"lag7",2.25734957219402,0.44983395401767
83,"lag8",2.39305617375584,0.512019746878243
83,"lag9",-0.801076395470541,0.566388632001484
83,"lag10",-0.0148399485296202,0.589337742276861
83,"lag11",0.316588738994206,0.545246035374403
83,"lag12",1.02948357447066,0.449393431870782
84,"lag1",0.422833398423751,0.506926930335299
84,"lag2",0.812494134839527,0.564833187785947
84,"lag3",1.94899455494412,0.58984987621268
84,"lag4",0.0281663430224664,0.679149212323105
84,"lag5",-0.878196852215034,0.624277730225067
84,"lag6",1.45733208559982,0.506231889155947
84,"lag7",0.132678567247109,0.510498955850235
84,"lag8",1.56576235388187,0.560737851246763
84,"lag9",1.34271659488698,0.586996845952536
84,"lag10",1.34251174768198,0.67261888321103
84,"lag11",0.177800548547131,0.632392073818426
84,"lag12",2.09806899885116,0.506599101131967
85,"lag1",9.95376650475677,0.468847502769127
85,"lag2",0.797542993664588,0.54646364713397
85,"lag3",1.98784563426406,0.552696354977096
85,"lag4",2.47807648262119,0.578355149297168
85,"lag5",0.924772017345124,0.55741462507227
85,"lag6",0.825312897483208,0.463099971496249
85,"lag7",0.418334789499237,0.474390334348989
85,"lag8",2.35080689552241,0.544667067632447
85,"lag9",0.906719730936735,0.556937362694588
85,"lag10",0.967728799234556,0.575801834843527
85,"lag11",0.951853978822472,0.566648362784752
85,"lag12",-0.218800188412513,0.464310981883675
86,"lag1",8.62945148202726,0.441471193510281
86,"lag2",3.31390837641398,0.498287672368545
86,"lag3",4.21614904157811,0.534031943716822
86,"lag4",3.50825112397189,0.545310319504214
86,"lag5",1.19175156321436,0.525927146060595
86,"lag6",0.667713030939257,0.436397790153433
86,"lag7",1.20104318796383,0.44573463382287
86,"lag8",2.09089348643748,0.495034273001502
86,"lag9",2.18587645375387,0.532867374735114
86,"lag10",1.60161328843061,0.543946533306423
86,"lag11",1.61633464457397,0.540417463133765
86,"lag12",0.565909330171975,0.444433618027817
87,"lag1",2.12890368944151,0.419491242019667
87,"lag2",0.867700203849848,0.488781009302919
87,"lag3",0.645064844086492,0.493876911535026
87,"lag4",0.694990305800275,0.515225863966142
87,"lag5",0.381540849957563,0.48063946972349
87,"lag6",0.658109522457256,0.410608565006698
87,"lag7",-0.194843737934185,0.421907619090571
87,"lag8",0.0186100037756766,0.483397501208493
87,"lag9",-0.886235980325456,0.497304477405891
87,"lag10",-0.106890621194927,0.51569387060646
87,"lag11",-0.228850949359691,0.488772339656595
87,"lag12",1.28185532000854,0.415388681725071
88,"lag1",-0.73019488308029,0.412515503448892
88,"lag2",-0.736861064042399,0.467267608799745
88,"lag3",-1.26919265717269,0.49287463010011
88,"lag4",-0.952641179115187,0.562909363274154
88,"lag5",-1.00904405519213,0.494606466887135
88,"lag6",-0.0343015098740269,0.412360358951508
88,"lag7",-0.0841469899499223,0.415071220027772
88,"lag8",-0.275880004459847,0.462484039017959
88,"lag9",0.451744860526032,0.495030156690458
88,"lag10",-0.901007318371197,0.559027166969156
88,"lag11",-0.614255986465297,0.501420501911446
88,"lag12",0.409426445627774,0.414750594717392
89,"lag1",8.3022445585313,0.491082094184663
89,"lag2",1.91712760612407,0.571744618065481
89,"lag3",0.10263238320091,0.593899877587318
89,"lag4",1.40170090515805,0.599175429823399
89,"lag5",1.1235391653134,0.576740420730299
89,"lag6",0.592395999796745,0.483684032824286
89,"lag7",0.80293530566114,0.500322983077339
89,"lag8",0.624305037441268,0.566801573276095
89,"lag9",-0.0415154406450079,0.596901015731899
89,"lag10",-1.16505136966898,0.600330368851958
89,"lag11",0.0322681039965132,0.581316680152317
89,"lag12",0.0999280950145742,0.484730146546644
90,"lag1",5.6029841506892,0.451705739107059
90,"lag2",2.12115737174597,0.533683475432177
90,"lag3",1.93386711087673,0.551099890265381
90,"lag4",1.535810546908,0.570454024504176
90,"lag5",-0.370793480035894,0.548643822873971
90,"lag6",2.88671052237427,0.462147455423909
90,"lag7",0.685363918302589,0.455505078497083
90,"lag8",0.732744588244641,0.529104931258096
90,"lag9",0.565945568883201,0.55349427076408
90,"lag10",-0.446107031054392,0.557012202960515
90,"lag11",0.497110308703875,0.557986978782624
90,"lag12",0.0692165884546671,0.462036343449042
91,"lag1",0.251558719927635,0.395446414057696
91,"lag2",1.00009126268595,0.437596057137926
91,"lag3",2.96230350531032,0.486812575254503
91,"lag4",2.02672068737598,0.572390943332876
91,"lag5",-0.136412015495237,0.478583447358073
91,"lag6",0.688116690997899,0.39861345041181
91,"lag7",-0.673370376303145,0.39724616356101
91,"lag8",-1.49716538055608,0.436698055854299
91,"lag9",-0.77314542257324,0.483254793003261
91,"lag10",-0.300844239016441,0.562418990370248
91,"lag11",-0.675599344155875,0.484502220009727
91,"lag12",-0.578093814106048,0.397157145077958
92,"lag1",7.18623771509227,0.441669148677089
92,"lag2",3.30290682789514,0.512433017252014
92,"lag3",3.63582372154753,0.551745558654874
92,"lag4",3.54204607898534,0.562923064965175
92,"lag5",1.19140679979046,0.536964117946049
92,"lag6",3.88545507383088,0.442325435516082
92,"lag7",1.64634283256985,0.44527649622975
92,"lag8",0.816055309643336,0.513527442815375
92,"lag9",1.96279471522499,0.556896626752474
92,"lag10",0.0862852115132202,0.561440734053349
92,"lag11",0.896121980101195,0.551041117043335
92,"lag12",0.669314334418527,0.445055650200882
93,"lag1",4.75303579542221,0.457023533296703
93,"lag2",1.12208834469088,0.51749064306972
93,"lag3",2.87296631076732,0.552598075455917
93,"lag4",3.05533142755951,0.570830725069617
93,"lag5",1.48389882298613,0.527719849522938
93,"lag6",1.81501630435123,0.448257449337027
93,"lag7",0.249856717749353,0.461262333980313
93,"lag8",0.37867047590287,0.514717306105591
93,"lag9",-1.86924753090763,0.552535772628306
93,"lag10",-0.506943214059661,0.568814803362175
93,"lag11",1.71925230451283,0.531628473089884
93,"lag12",1.18978266391836,0.450405753264851
94,"lag1",1.6275026011626,0.441800099663459
94,"lag2",-3.00093969315398,0.492433901998367
94,"lag3",-3.567989077759,0.537634740581876
94,"lag4",-1.46422409071037,0.635585811065761
94,"lag5",-1.32851334177214,0.534888792966119
94,"lag6",-1.26500014113006,0.442761180450345
94,"lag7",-0.278134191631387,0.444083703743761
94,"lag8",-1.8251045767675,0.490463291535712
94,"lag9",-0.311468524776232,0.540562739611623
94,"lag10",-1.65939085178353,0.621044135969938
94,"lag11",-2.19010819948952,0.537796492142045
94,"lag12",-1.56281343680676,0.438560215005228
95,"lag1",-0.229234265186814,0.441685058361382
95,"lag2",-2.02335075279414,0.50469578681603
95,"lag3",0.177525105610405,0.552048442839663
95,"lag4",0.261292419763989,0.597981709526753
95,"lag5",-0.115539344591413,0.534404199821075
95,"lag6",2.3878972255062,0.442836372047866
95,"lag7",0.702029927124835,0.44501258542985
95,"lag8",-0.00508895686362955,0.501563411769068
95,"lag9",1.0452372621346,0.550292968035178
95,"lag10",0.0312324473505901,0.586510743999298
95,"lag11",0.315566132165356,0.540595540255486
95,"lag12",0.777143087625378,0.440515559803337
96,"lag1",4.75021035110175,0.434668321329276
96,"lag2",1.31138714860686,0.487698618572615
96,"lag3",3.6861459869317,0.517664484560205
96,"lag4",4.07495711922564,0.560284800515983
96,"lag5",0.714375171242644,0.538024935642131
96,"lag6",1.1794138881883,0.435041358441583
96,"lag7",-0.0207791576414914,0.438768215075578
96,"lag8",0.201672989935322,0.486328763605206
96,"lag9",-0.363854874032654,0.517992806951648
96,"lag10",1.16997962672927,0.560325777010823
96,"lag11",1.81072412476901,0.547503117766331
96,"lag12",1.32607224291595,0.439286485908055
97,"lag1",4.34970533622909,0.407120620863932
97,"lag2",1.88572436853533,0.472363205663952
97,"lag3",1.99658609429052,0.509046680524209
97,"lag4",2.9213930794643,0.517474099877382
97,"lag5",2.13116712674991,0.486178096952816
97,"lag6",2.0557244918668,0.409223374248018
97,"lag7",2.31849177038049,0.411581182113472
97,"lag8",3.33043566380483,0.470764426683126
97,"lag9",-0.45471111791364,0.509906275800842
97,"lag10",0.129075226451429,0.517177948913985
97,"lag11",1.0099295204573,0.49754426385218
97,"lag12",0.779413693097029,0.409352499038513
98,"lag1",5.8451986447478,0.473433906782691
98,"lag2",4.20613916447583,0.541820076307973
98,"lag3",4.99157706529966,0.591621658446085
98,"lag4",4.40649107231607,0.646901945006429
98,"lag5",1.54567799334121,0.589641006725233
98,"lag6",2.58627194776593,0.48385633382779
98,"lag7",2.53539453277618,0.477432493866658
98,"lag8",3.86015680224558,0.53914881367139
98,"lag9",2.85317478977381,0.59376354101364
98,"lag10",1.12930737840843,0.64174031748753
98,"lag11",0.477421788238917,0.594538171985137
98,"lag12",1.75703149351652,0.483759835432464
99,"lag1",2.7509456439685,0.453129214703642
99,"lag2",-0.468723140325335,0.50901048581157
99,"lag3",2.51793822570001,0.550937257866636
99,"lag4",4.48300738396608,0.553262842499458
99,"lag5",2.23155888763079,0.537999247909519
99,"lag6",2.74809283713292,0.448359140100278
99,"lag7",1.90974147583867,0.45529368647968
99,"lag8",2.34787353698127,0.504818180165375
99,"lag9",1.26634608436588,0.558452606663451
99,"lag10",0.473000717248507,0.554484196986435
99,"lag11",1.9605071203673,0.552203945714101
99,"lag12",2.99303631917834,0.456796618393609
100,"lag1",3.61904120327712,0.46217929649069
100,"lag2",2.13148259529968,0.515912000922007
100,"lag3",2.18842664793788,0.559806825093234
100,"lag4",2.29966631032157,0.59083267785822
100,"lag5",1.404989754908,0.556673572687007
100,"lag6",-0.253540993799404,0.471755196026559
100,"lag7",1.17462556090006,0.46802464186101
100,"lag8",2.21333189744468,0.515988738231954
100,"lag9",1.29437854102709,0.557996366869459
100,"lag10",0.783175099529114,0.584341123754638
100,"lag11",1.1150125727359,0.565455884234141
100,"lag12",3.56414911453595,0.468326933746036
101,"lag1",1.08535526725192,0.403014656515013
101,"lag2",1.67688005423683,0.463121750696382
101,"lag3",1.66433265640137,0.524420030354191
101,"lag4",0.93332234871333,0.529452106541
101,"lag5",-0.636854347869059,0.477615610572029
101,"lag6",0.533659341348281,0.402243469840757
101,"lag7",0.718526590155031,0.403337165861794
101,"lag8",0.572518538528166,0.45762391742954
101,"lag9",-0.575757208628236,0.53012763869655
101,"lag10",-0.000221231694139119,0.526461340838784
101,"lag11",-1.34551689217334,0.485922888386302
101,"lag12",-0.166806619911682,0.406387657876616
102,"lag1",8.98204846130565,0.462759950091619
102,"lag2",0.632165888934693,0.545788335288338
102,"lag3",1.05425683225599,0.560283054806973
102,"lag4",2.029367869798,0.565476871531496
102,"lag5",1.30950577892041,0.521324415831921
102,"lag6",0.748003854675943,0.455007302065254
102,"lag7",0.048279839949966,0.468596181584106
102,"lag8",-0.506010186093506,0.544822452453251
102,"lag9",0.0491116843595963,0.562197789040803
102,"lag10",-0.789061419897028,0.564130512437617
102,"lag11",-0.014841573283722,0.527564478054249
102,"lag12",0.485252695469587,0.457810401699239
103,"lag1",1.19651138079887,0.445560470272591
103,"lag2",0.738988273361187,0.498285674479844
103,"lag3",-0.0776254034564556,0.498077186391954
103,"lag4",-0.900711601524863,0.557279076150383
103,"lag5",-0.855083040323644,0.513825460406364
103,"lag6",1.50306773696953,0.432948452972837
103,"lag7",0.909799727202291,0.448370408460259
103,"lag8",0.503645147888724,0.497774718478076
103,"lag9",-0.817225276652056,0.495033404647368
103,"lag10",0.63709388211385,0.544911299421486
103,"lag11",0.394997938876123,0.520713580755532
103,"lag12",0.810476331443587,0.431523773230881
104,"lag1",3.96250703630688,0.43197820955328
104,"lag2",2.90016179200415,0.497250424131103
104,"lag3",3.86023663267731,0.522726825879418
104,"lag4",3.95961129147375,0.545560913685034
104,"lag5",0.166304455324383,0.522697748531669
104,"lag6",1.03197789756146,0.432765774214213
104,"lag7",3.70932017596192,0.435618425551668
104,"lag8",3.93093414050612,0.498826006698719
104,"lag9",0.0634241006341033,0.532595915331616
104,"lag10",2.53173778849663,0.55084773127396
104,"lag11",0.999407797642291,0.535367165405793
104,"lag12",1.98542594183013,0.43506048687837
105,"lag1",5.45672000151025,0.4190816963483
105,"lag2",0.93208052441159,0.473286830988594
105,"lag3",0.511918694966194,0.509232221442418
105,"lag4",2.80173560928747,0.562659634065855
105,"lag5",0.988036690827686,0.525606863873505
105,"lag6",0.125279949898516,0.428726088918501
105,"lag7",-0.00963861061576443,0.419919336219614
105,"lag8",1.12237947954261,0.469987823186654
105,"lag9",0.286900612302154,0.511800831397594
105,"lag10",1.3046318520311,0.555072999434321
105,"lag11",0.702859715180308,0.531089600358658
105,"lag12",1.08537281698452,0.430445706789287
106,"lag1",7.7390965676212,0.449119444782085
106,"lag2",2.85290389153892,0.520112981980945
106,"lag3",2.55404260921184,0.538024046478135
106,"lag4",1.15843092737697,0.544243842140661
106,"lag5",0.925055644254583,0.542041472636506
106,"lag6",2.33533148380884,0.447133205718125
106,"lag7",1.19020750157302,0.453579439533055
106,"lag8",2.59742706801652,0.515905265183323
106,"lag9",-0.177778941512111,0.54089422980565
106,"lag10",-1.37507632599843,0.542567696447947
106,"lag11",0.778207991031725,0.547387785617828
106,"lag12",1.11844859996297,0.448347902412161
107,"lag1",0.970270186393551,0.428958035410764
107,"lag2",2.44949024301032,0.488911271490182
107,"lag3",2.29155546547084,0.532166872664193
107,"lag4",0.862145010865746,0.559117246545355
107,"lag5",-0.854326530974126,0.489934132741971
107,"lag6",0.0574069352180703,0.42410791810675
107,"lag7",1.47443585764247,0.431010415533207
107,"lag8",-0.402479594927798,0.486619121816375
107,"lag9",0.547961098720618,0.531376800936847
107,"lag10",-0.623719912951652,0.552931072181854
107,"lag11",-1.02676996978196,0.499426266443829
107,"lag12",-0.87504194185544,0.427611171871436
108,"lag1",2.15122055702668,0.453289945384229
108,"lag2",2.01882087437252,0.512382470326551
108,"lag3",4.00387011120018,0.518138218082059
108,"lag4",2.99253022240577,0.562223025480731
108,"lag5",0.841923004118853,0.53627526804544
108,"lag6",1.48474774147918,0.447760812937055
108,"lag7",1.23155493013673,0.455042384069775
108,"lag8",2.73813234455497,0.511576921514801
108,"lag9",3.37710317246412,0.521855817724068
108,"lag10",0.396651968628187,0.559977513156852
108,"lag11",0.879462003309824,0.55045474385851
108,"lag12",1.59268065879837,0.454144209400832
109,"lag1",6.18912523892604,0.446958118216669
109,"lag2",0.161989561154615,0.537120147451223
109,"lag3",2.09299081942619,0.557737028286303
109,"lag4",2.66986397695162,0.535860936525858
109,"lag5",0.372360266432421,0.516177316329876
109,"lag6",1.05086125682608,0.449083305380906
109,"lag7",0.77834792668544,0.452020380910477
109,"lag8",-0.901092056312081,0.534407717955253
109,"lag9",-1.88492255217674,0.55517336674304
109,"lag10",-0.646740037722405,0.535506614632541
109,"lag11",-0.795905756985044,0.526239532486718
109,"lag12",-0.428429923514305,0.449715760408979
110,"lag1",0.208830918513516,0.465545753586977
110,"lag2",1.11675717072254,0.516740308688818
110,"lag3",2.68299747124094,0.555223945824242
110,"lag4",3.27684445911489,0.643991255971841
110,"lag5",-0.238499652544592,0.598145761986921
110,"lag6",0.293257440172519,0.476350874108553
110,"lag7",0.104211186333062,0.466795996433394
110,"lag8",2.12885673404836,0.51252064986611
110,"lag9",3.60701500635507,0.554411055916095
110,"lag10",4.12004655193512,0.64116056924865
110,"lag11",0.144071444037749,0.604862205509668
110,"lag12",1.84478869490701,0.478419728415009
111,"lag1",-0.226927887661601,0.431425809666133
111,"lag2",-1.26264539354142,0.48224176651495
111,"lag3",-0.973523354620234,0.522272099651562
111,"lag4",1.26120253054312,0.586944588728266
111,"lag5",-0.694790162365219,0.521033714101943
111,"lag6",1.64397489990778,0.433147377494768
111,"lag7",0.756266412316405,0.43453695493803
111,"lag8",-0.130869186960003,0.480975899684473
111,"lag9",-0.896981775943536,0.523982178884479
111,"lag10",-0.413214575402891,0.576096797420956
111,"lag11",0.0876422396218282,0.528111755598101
111,"lag12",0.810579552451436,0.437000262300009
112,"lag1",3.98838509443083,0.452846684684971
112,"lag2",2.12457486836787,0.510791910320207
112,"lag3",3.06828664198185,0.547575907893361
112,"lag4",3.41590730631462,0.597354733198341
112,"lag5",0.864853097802888,0.559085775619015
112,"lag6",1.88499557666905,0.457187010779317
112,"lag7",1.88563153934267,0.455059100724369
112,"lag8",2.34327946540409,0.506692116441657
112,"lag9",2.62596857711927,0.543474179768549
112,"lag10",1.62033894988003,0.592246281755384
112,"lag11",1.46469460253405,0.567911950161492
112,"lag12",1.4391166409339,0.45638478540894
113,"lag1",-0.257855536539655,0.463219924307484
113,"lag2",-0.367858981385281,0.517138241749547
113,"lag3",3.40963730264938,0.556143136712309
113,"lag4",3.39344533132142,0.621837713014394
113,"lag5",1.84281856380293,0.565479048610537
113,"lag6",1.03328489568572,0.464483503292519
113,"lag7",0.841196010798107,0.4671512832972
113,"lag8",2.08609666709021,0.511047242376731
113,"lag9",4.38369027730033,0.55808172549015
113,"lag10",4.61563199474835,0.615498783697795
113,"lag11",2.06723365016623,0.570416790453808
113,"lag12",2.33629055496839,0.46445941349233
114,"lag1",0.761327216060901,0.414901578432141
114,"lag2",0.744820944898167,0.460999015831891
114,"lag3",2.69392733208155,0.486643913110368
114,"lag4",1.41114356654439,0.535784680650868
114,"lag5",-1.85240874911662,0.485894755364293
114,"lag6",-1.01667541377115,0.404481561564541
114,"lag7",-0.586405100829355,0.419013471796332
114,"lag8",-1.14711101008686,0.459883241794409
114,"lag9",-2.78757665225829,0.49261787894607
114,"lag10",-1.32270236157407,0.542270153037444
114,"lag11",-1.20427826184076,0.499595551153718
114,"lag12",-1.31266385186372,0.408582807782488
115,"lag1",3.38201245923163,0.440931803380369
115,"lag2",-0.418259123922822,0.504470139366685
115,"lag3",1.25736463682568,0.535485928690895
115,"lag4",2.52737147799908,0.567111024540295
115,"lag5",2.02511780724876,0.543029843168415
115,"lag6",2.08537761816871,0.4509498354447
115,"lag7",0.49566923519652,0.443472535760397
115,"lag8",1.30331387537823,0.49617234427894
115,"lag9",1.29055769946195,0.528810728376453
115,"lag10",1.70408647860679,0.556648511869261
115,"lag11",2.5709684240151,0.54953268692504
115,"lag12",2.66746626783193,0.450478535972059
116,"lag1",1.27171478913282,0.481274582210246
116,"lag2",0.0849561953529507,0.539159757898985
116,"lag3",-0.875687818766229,0.568345649924886
116,"lag4",-0.0659743930345388,0.617166033365317
116,"lag5",-0.277696452026429,0.57091408889294
116,"lag6",2.52020226113526,0.465094651669982
116,"lag7",1.720234141027,0.484697621046787
116,"lag8",2.94270205025868,0.53594506291963
116,"lag9",0.224352343144415,0.568286134736786
116,"lag10",-0.776139630219719,0.619283344346355
116,"lag11",1.65811861661065,0.577291994899521
116,"lag12",-0.33765614628968,0.467593722541209
117,"lag1",5.70562458737079,0.465768012230156
117,"lag2",2.0344218721069,0.538652313842327
117,"lag3",1.83906350767908,0.570504784854942
117,"lag4",2.32043384797259,0.584166775622178
117,"lag5",0.209358852559546,0.572889214436454
117,"lag6",2.39227193791182,0.472520780191716
117,"lag7",0.663043024559218,0.467512360674163
117,"lag8",1.85922058197779,0.535590986645369
117,"lag9",1.06150510059298,0.580573604723487
117,"lag10",0.579773060041272,0.591069148564938
117,"lag11",1.35249883909023,0.589259664123293
117,"lag12",0.292015969457266,0.480725670773495
118,"lag1",4.06224680340458,0.418971875892338
118,"lag2",0.204626338722987,0.480314302522726
118,"lag3",-0.143672797210699,0.503215657433662
118,"lag4",0.345856861046993,0.529522120319024
118,"lag5",0.201423958977849,0.495777428444796
118,"lag6",2.06599521026165,0.403783158822496
118,"lag7",0.354705272635405,0.424168365645387
118,"lag8",1.73605922591391,0.475976743027459
118,"lag9",-0.821022661351572,0.509078900586999
118,"lag10",0.341923637127595,0.524541310481281
118,"lag11",1.26660884118126,0.502138341332567
118,"lag12",0.777609453567297,0.404295962509498
119,"lag1",-0.363976066527929,0.423458393920215
119,"lag2",-0.992684056466865,0.48524383740561
119,"lag3",0.627366536096329,0.502713053657981
119,"lag4",0.793572419278757,0.536096846424364
119,"lag5",0.0176237730772425,0.476268179768397
119,"lag6",1.96998139597552,0.405129105260072
119,"lag7",-0.00438247526645059,0.425763116529482
119,"lag8",0.180057129485688,0.48203178963975
119,"lag9",-0.942800527077476,0.504010575645747
119,"lag10",-0.805285421242651,0.537048473230368
119,"lag11",0.754885608939566,0.486238649672761
119,"lag12",0.72404401739662,0.410688906775931
120,"lag1",1.36363798365316,0.428833681402541
120,"lag2",0.851349747979239,0.479356980968898
120,"lag3",1.69022843657239,0.539946653601933
120,"lag4",3.2847767034867,0.5642310630836
120,"lag5",-0.463937984864886,0.510009525528386
120,"lag6",-0.609210214325388,0.433253968730551
120,"lag7",-1.42360873625106,0.433244213703853
120,"lag8",0.535708647926378,0.480922723720706
120,"lag9",-0.886161044693888,0.54338203468174
120,"lag10",0.638922755816845,0.565888261463333
120,"lag11",0.281161730117483,0.521943701298313
120,"lag12",0.215267897903209,0.43643442815869
121,"lag1",2.5412179754836,0.451504644103613
121,"lag2",2.15083343407669,0.514897498758097
121,"lag3",1.25050811836389,0.543406656598518
121,"lag4",0.73856217006979,0.574192001330961
121,"lag5",-0.0983099523485796,0.539299253939192
121,"lag6",2.98675902503553,0.44822579287746
121,"lag7",2.05988696624572,0.456068578492611
121,"lag8",2.47071386678739,0.513646776649912
121,"lag9",0.615815022716994,0.545245506885279
121,"lag10",-1.5550626538521,0.575945506493835
121,"lag11",0.379367723689467,0.545528546160538
121,"lag12",1.30093136092655,0.449045370272464
122,"lag1",0.699689406043559,0.433503392543931
122,"lag2",-0.894901099947067,0.499985114023123
122,"lag3",1.42962857408709,0.539606088504356
122,"lag4",2.80472152350172,0.556388378439324
122,"lag5",-0.334704132646893,0.517569167703462
122,"lag6",1.29993151534534,0.437929675869224
122,"lag7",0.933666140563117,0.437340626365995
122,"lag8",-0.286533809351472,0.493694996759269
122,"lag9",1.68373606314996,0.536130760508495
122,"lag10",1.00501565300872,0.552737798570313
122,"lag11",0.528712273880934,0.528131159216996
122,"lag12",0.202956402535088,0.440382882377619
123,"lag1",2.58518384415722,0.451899302534115
123,"lag2",1.3255971285664,0.520594739441117
123,"lag3",2.30647341309928,0.531184264459455
123,"lag4",2.24150168979427,0.58383900011479
123,"lag5",2.15927014086236,0.53605619636662
123,"lag6",-0.267423435642275,0.440071581197669
123,"lag7",0.492728497498014,0.454240168970069
123,"lag8",1.74883789819668,0.514047156243383
123,"lag9",2.34133359179337,0.530225322719667
123,"lag10",2.55491462631189,0.582832853658872
123,"lag11",1.18889790305387,0.543513136866638
123,"lag12",2.29093453767718,0.44181194065667
124,"lag1",3.64157005626575,0.44544033796878
124,"lag2",0.00814117044094528,0.511347645247447
124,"lag3",0.16342220503556,0.538943471743565
124,"lag4",0.45082780839006,0.590948522999374
124,"lag5",0.322113334400561,0.522232154477186
124,"lag6",0.34219343404468,0.438622675005569
124,"lag7",0.330547117255177,0.449423640990415
124,"lag8",0.627700628955736,0.508893815807682
124,"lag9",0.290629045318208,0.540734953913239
124,"lag10",-1.25721337734435,0.580858497029129
124,"lag11",-0.789630592472369,0.526021430203568
124,"lag12",-1.09577063060601,0.437334127979476
125,"lag1",4.50078839827821,0.423159349761281
125,"lag2",2.41713865634022,0.483592413540704
125,"lag3",2.31173298375661,0.492118222957322
125,"lag4",2.33929623603291,0.534690172134453
125,"lag5",0.600627562468848,0.518054843402131
125,"lag6",2.63399626007958,0.422160440377869
125,"lag7",1.69035651107747,0.428254400251173
125,"lag8",0.955944419313097,0.482376473388293
125,"lag9",1.33891437705831,0.492888226475595
125,"lag10",0.0736003101107871,0.538296440472579
125,"lag11",2.10561105397319,0.527852021569075
125,"lag12",1.38261144251509,0.426918931657552
126,"lag1",9.40504597436123,0.476066519854333
126,"lag2",3.09696164267577,0.529701701230609
126,"lag3",3.11286087888857,0.550695026220916
126,"lag4",5.32830367939304,0.645445427010389
126,"lag5",1.71290206665023,0.621358597436596
126,"lag6",0.396573498302301,0.481202839051155
126,"lag7",-0.0752956720609189,0.481249621891954
126,"lag8",1.49258151069214,0.531050317048866
126,"lag9",3.89325575564005,0.553560831229519
126,"lag10",1.2930538021485,0.644521705862643
126,"lag11",-0.883316664696651,0.629808894936825
126,"lag12",1.86655622195002,0.481183767785173
127,"lag1",4.10612409375042,0.433386418499618
127,"lag2",0.755803297814313,0.506265944798237
127,"lag3",-0.0883368231510858,0.527964494763832
127,"lag4",0.647014557504029,0.549033188339758
127,"lag5",0.383339523015901,0.505902825113335
127,"lag6",3.09650245107406,0.431453374619032
127,"lag7",-0.372121424452551,0.436006591392829
127,"lag8",-0.230713405838267,0.50459466060199
127,"lag9",-0.128370627370708,0.53608624142582
127,"lag10",-1.2386808238832,0.549516626523881
127,"lag11",0.893742496089822,0.514845442247029
127,"lag12",-0.595987431824017,0.436820170942922
128,"lag1",0.699214720433993,0.429165325028319
128,"lag2",-0.0490582889246356,0.483983313838234
128,"lag3",-0.983825096953151,0.526902788061085
128,"lag4",-1.01328152922493,0.605258593497716
128,"lag5",0.0234984811934104,0.536909455459884
128,"lag6",0.599831087344674,0.435006328313959
128,"lag7",-1.25387088119041,0.430340412114764
128,"lag8",-1.25044843659002,0.481126376886792
128,"lag9",-2.69487622351717,0.527868368722445
128,"lag10",-2.01298896606338,0.603614696415547
128,"lag11",0.312777463828841,0.548081059208213
128,"lag12",0.352722351974291,0.438433583614807
129,"lag1",0.604239174997002,0.441372945309457
129,"lag2",-0.915240097226398,0.502173510850322
129,"lag3",-0.0667833059401133,0.535537460928413
129,"lag4",1.08453667850318,0.552666728941921
129,"lag5",0.238929819115197,0.505805697703034
129,"lag6",-0.014533103888454,0.432918054192687
129,"lag7",-0.523279222040859,0.441647896534116
129,"lag8",-0.199178660281168,0.49552936148601
129,"lag9",0.463640659114163,0.535406457935251
129,"lag10",-0.250762520103474,0.545391321526972
129,"lag11",-0.817045745470552,0.507995960842505
129,"lag12",0.129049499202005,0.43257052181865
130,"lag1",0.83602815237017,0.445879964488272
130,"lag2",1.46919488606649,0.508702127162564
130,"lag3",6.14985269276164,0.549439624877541
130,"lag4",6.11831910893851,0.586694575962742
130,"lag5",1.22649796069613,0.568401560534828
130,"lag6",1.70539935107691,0.466768793060772
130,"lag7",1.27369865048571,0.44651173099544
130,"lag8",-0.199734725621315,0.501147059584708
130,"lag9",-0.164160493355722,0.548821964347285
130,"lag10",1.91428042928077,0.583113953638517
130,"lag11",1.15651141873071,0.576448835019984
130,"lag12",2.77066280123549,0.468885070511825
131,"lag1",4.75815723387425,0.466269072727683
131,"lag2",1.5815781725605,0.543388693464707
131,"lag3",2.68291358789173,0.575105656303219
131,"lag4",2.50585293345811,0.58494197862661
131,"lag5",-0.548155820728248,0.565657296824438
131,"lag6",-0.256862642044514,0.468470302143179
131,"lag7",-0.563424482101318,0.469612996915235
131,"lag8",2.61143208491952,0.541613078863314
131,"lag9",4.15526443096808,0.577079705013167
131,"lag10",2.15750948009584,0.582026045261484
131,"lag11",-0.0700746447434066,0.580014904960601
131,"lag12",-0.922490854030369,0.473580723399378
132,"lag1",3.97932365663515,0.42711873945863
132,"lag2",1.30764038940238,0.489403084945698
132,"lag3",4.08439185815516,0.544875064219372
132,"lag4",4.57567190347256,0.566980922826442
132,"lag5",0.302886963742839,0.531696255008174
132,"lag6",-0.146873434353722,0.440729187126773
132,"lag7",0.519783639677705,0.431523023446063
132,"lag8",2.28484007125705,0.488018055077295
132,"lag9",0.578096505753955,0.549362168619396
132,"lag10",2.14611201731683,0.563511891603524
132,"lag11",0.904879210377992,0.539273951787785
132,"lag12",0.174136616273187,0.443150013585429
133,"lag1",8.683881028058,0.427615814311362
133,"lag2",1.86829863523463,0.49186259394257
133,"lag3",2.45842072365656,0.530004842277677
133,"lag4",1.76368213416378,0.534668686199993
133,"lag5",1.17728643159166,0.507755379196187
133,"lag6",1.16189607946045,0.421846770331599
133,"lag7",3.25329920320433,0.430832299000728
133,"lag8",4.04496665429263,0.492067060553336
133,"lag9",1.41667291484121,0.531750174381039
133,"lag10",-0.923502400315009,0.541179233367337
133,"lag11",1.60198138629836,0.519822196944313
133,"lag12",1.13297709344414,0.430861885151584
134,"lag1",1.89035014707562,0.473315518730001
134,"lag2",2.09598531564099,0.531176877364847
134,"lag3",2.87154090866414,0.573972198739423
134,"lag4",2.9409421169179,0.621219473345854
134,"lag5",0.0889588145283798,0.572411157317774
134,"lag6",-1.13086356487639,0.478447720467199
134,"lag7",0.735541098762318,0.474485941944639
134,"lag8",3.10164060897825,0.527645473632469
134,"lag9",4.78635408446718,0.575906953469567
134,"lag10",2.92014306456871,0.607807964919533
134,"lag11",-0.841449114960504,0.576057505545443
134,"lag12",-0.735506979998892,0.474394265380646
135,"lag1",4.90117043130129,0.454271873660089
135,"lag2",1.23282149167003,0.505481253445082
135,"lag3",0.110027849822662,0.537488649172824
135,"lag4",0.624004774242139,0.605035051162515
135,"lag5",1.18235871212259,0.575372927705912
135,"lag6",1.15240116855754,0.45645529630183
135,"lag7",-0.358538593561962,0.455746704001078
135,"lag8",-0.00781615421713642,0.500111440244594
135,"lag9",-0.619056118345153,0.537701693747954
135,"lag10",-0.357764878043285,0.590454009337225
135,"lag11",0.0894591999812895,0.577277372287022
135,"lag12",0.330071528558595,0.455053955147202
136,"lag1",3.34995277372381,0.445984799875509
136,"lag2",-0.921069674247612,0.514737526805724
136,"lag3",-0.343857710620387,0.533006402680485
136,"lag4",-1.02287578998188,0.546550747154723
136,"lag5",-0.646748870267136,0.519317279382258
136,"lag6",-0.950059632513354,0.440817148567678
136,"lag7",-1.86183057220011,0.448018179430764
136,"lag8",-0.758838145681597,0.509847744399261
136,"lag9",0.668368565528868,0.53733158130152
136,"lag10",-0.539244060492779,0.546795474463375
136,"lag11",-0.289473334645683,0.53136615324948
136,"lag12",-0.327614717549332,0.446194153040877
137,"lag1",2.69194358628015,0.462263196139629
137,"lag2",-1.74988883830205,0.527684826652073
137,"lag3",-0.311698124089731,0.539580688672321
137,"lag4",-0.719519480351339,0.587526405746839
137,"lag5",-0.76669864006239,0.540632978501244
137,"lag6",-0.0333222486068517,0.446464346793999
137,"lag7",-1.15530137112447,0.465038359979801
137,"lag8",0.721300977782093,0.522668284076765
137,"lag9",-1.15363250018188,0.53864665128249
137,"lag10",0.0510203476170519,0.579635048495847
137,"lag11",1.4749800345387,0.547915617715158
137,"lag12",0.572512584254722,0.448905035555721
138,"lag1",2.46902886937435,0.468895093311702
138,"lag2",-0.00975636187223682,0.544839554366622
138,"lag3",1.57091686313808,0.568777574383855
138,"lag4",2.68477396228211,0.593488864969261
138,"lag5",1.17249272124392,0.558730230015844
138,"lag6",1.42283813539958,0.460815649375925
138,"lag7",1.43120012229021,0.471796872507186
138,"lag8",1.75506668764503,0.541687884814113
138,"lag9",0.795796848174065,0.574076823968593
138,"lag10",3.59900979929327,0.594526509827587
138,"lag11",1.02766677243367,0.566726867209082
138,"lag12",1.25247568258417,0.463945029269573
139,"lag1",7.11915832031919,0.509833624414432
139,"lag2",2.73933642813718,0.584222451984936
139,"lag3",1.23688061132458,0.602916777911721
139,"lag4",2.17156311263439,0.643414072961509
139,"lag5",1.61181387991408,0.595987579665636
139,"lag6",-0.445108939617136,0.495930172675406
139,"lag7",-0.518073821362877,0.516093828580235
139,"lag8",1.96913431083038,0.581754170670896
139,"lag9",1.91938117785239,0.607261113145618
139,"lag10",0.697945151595294,0.643753811149902
139,"lag11",1.03716035606551,0.60319101662406
139,"lag12",-0.00503408478054254,0.498213147781153
140,"lag1",0.963983241826303,0.451745947888855
140,"lag2",0.743063413430678,0.510180635294706
140,"lag3",2.54492670312696,0.525073555950398
140,"lag4",3.11451533597616,0.560324332788186
140,"lag5",-0.308192634972531,0.521820202075395
140,"lag6",0.173189008708185,0.441431729671446
140,"lag7",0.318786563976358,0.455584282585908
140,"lag8",2.19037355545943,0.508483411570635
140,"lag9",2.56257801054234,0.527912868509158
140,"lag10",1.06462032023293,0.556054440149663
140,"lag11",0.45593906785952,0.528848459033117
140,"lag12",0.0313351762797083,0.442246772554663
141,"lag1",6.26875845212542,0.444108299599058
141,"lag2",1.02137049876299,0.522435943442909
141,"lag3",1.80761543579557,0.55591144336143
141,"lag4",2.50073379282544,0.558140321242062
141,"lag5",1.91437656867775,0.52054004771804
141,"lag6",3.40463897234433,0.444667588033568
141,"lag7",4.91185719907911,0.446250982049718
141,"lag8",4.01745602864116,0.517425812248099
141,"lag9",2.52803496401361,0.554886947089164
141,"lag10",2.65296864792214,0.552333744371246
141,"lag11",1.99731259152511,0.529911791572674
141,"lag12",2.29826977049519,0.449991641831726
142,"lag1",0.608281910615742,0.420297598815233
142,"lag2",0.0226488536387821,0.469772065582229
142,"lag3",0.942787922357275,0.5167920227092
142,"lag4",3.18886920012984,0.561659058046482
142,"lag5",-0.53582695434989,0.514596040443731
142,"lag6",2.10110504430839,0.430814154656391
142,"lag7",-0.628423175163966,0.422555528954376
142,"lag8",-1.02813887189264,0.46654538344715
142,"lag9",0.758117593175159,0.515721161509276
142,"lag10",1.20045377907806,0.561671890114928
142,"lag11",0.751056734301894,0.523273731467665
142,"lag12",0.256616708024478,0.432876360073586
143,"lag1",4.57689294269376,0.44415748656484
143,"lag2",0.384451512911475,0.516949270825706
143,"lag3",0.890817310326549,0.530009890737034
143,"lag4",3.02713076867539,0.581115235063563
143,"lag5",1.09580149438597,0.568129312491276
143,"lag6",0.634282030423067,0.454819833198563
143,"lag7",0.569633391876649,0.445444986012661
143,"lag8",0.508664631126733,0.51164158686033
143,"lag9",1.28689270438658,0.531175704645194
143,"lag10",1.13660624258572,0.56726546431172
143,"lag11",0.708948545871494,0.571494226807333
143,"lag12",0.307494960790212,0.454324702253628
144,"lag1",1.28747111313481,0.410448328140053
144,"lag2",1.72596898839391,0.467931974307739
144,"lag3",3.42608191568344,0.510109618003467
144,"lag4",3.56296665767144,0.513117080826972
144,"lag5",0.145502328141926,0.481165397356468
144,"lag6",-0.0591312002157521,0.416691993828298
144,"lag7",-0.713838225137423,0.414979645080213
144,"lag8",0.375354028089081,0.46648365678691
144,"lag9",1.37319548057636,0.516260678900525
144,"lag10",-0.363220421433494,0.519303924925181
144,"lag11",-0.241508214050351,0.48913694993716
144,"lag12",-0.517299649624522,0.421342956580883
145,"lag1",1.68902222963203,0.432863062055885
145,"lag2",0.41095211813436,0.48981909981615
145,"lag3",0.889220338533735,0.519251429832941
145,"lag4",1.25847666153604,0.563057963334153
145,"lag5",0.113458580558379,0.519161854200988
145,"lag6",-0.20605811790226,0.436736192986632
145,"lag7",-0.599420040248464,0.432958986520368
145,"lag8",-0.445385958914958,0.482898276830661
145,"lag9",0.527360037043755,0.515524362613849
145,"lag10",1.14730807469153,0.554642023012904
145,"lag11",0.956223462298644,0.522425629349798
145,"lag12",1.04382122188721,0.435794940488201
146,"lag1",3.95237736596665,0.4605823081351
146,"lag2",2.27049186979614,0.522630445637698
146,"lag3",3.19475076407205,0.544898375437744
146,"lag4",2.51616779692137,0.584361243527905
146,"lag5",-0.367663417930033,0.568636069841498
146,"lag6",1.92705586535476,0.462749016669571
146,"lag7",0.602045571679291,0.465436850541331
146,"lag8",1.85489815325551,0.522779284414917
146,"lag9",0.712684692746512,0.556234172100116
146,"lag10",0.282968179740051,0.590120077927714
146,"lag11",0.0902288781224132,0.581235799613539
146,"lag12",-1.96139246621622,0.468395366984874
147,"lag1",3.30464413748275,0.481665003544292
147,"lag2",0.661999331738407,0.545215841009201
147,"lag3",0.907837545696891,0.570910498219259
147,"lag4",1.03446582806372,0.625820832914186
147,"lag5",0.819765501311721,0.583320710707999
147,"lag6",2.57127783110228,0.484991560252603
147,"lag7",1.59282319601819,0.486263621067651
147,"lag8",0.169473491345449,0.537599521204783
147,"lag9",-1.24457591473928,0.570394442502596
147,"lag10",1.04179455124571,0.616295566118043
147,"lag11",1.18282292142668,0.58926277849015
147,"lag12",1.46249302214995,0.483571874568361
148,"lag1",2.84789677006206,0.435007557478332
148,"lag2",-0.510030804088609,0.484248272782425
148,"lag3",2.88409827040856,0.567941643587342
148,"lag4",4.2391338003203,0.576534676085538
148,"lag5",0.798696381725951,0.506537267372279
148,"lag6",2.16121069954505,0.436396013429528
148,"lag7",-0.55292011165579,0.439226589240874
148,"lag8",-1.66021611856072,0.482462369241929
148,"lag9",0.958214715314813,0.563487700949792
148,"lag10",-0.343330339061611,0.573733441743702
148,"lag11",-0.304930745087598,0.513986789709632
148,"lag12",-1.01406702242157,0.436378845776407
149,"lag1",3.02399096879041,0.425568051275651
149,"lag2",1.88532152798684,0.491930373968668
149,"lag3",1.43176454898169,0.494384515739259
149,"lag4",0.717323900840614,0.549666558777266
149,"lag5",-0.527560532990106,0.519769405229566
149,"lag6",1.19842510818116,0.418454782160792
149,"lag7",-0.461724916175655,0.429100385229267
149,"lag8",1.01115339591527,0.490450139850918
149,"lag9",0.907427830639416,0.500971388217888
149,"lag10",-1.14420136670997,0.549380030970371
149,"lag11",-0.589920917215956,0.52556151784177
149,"lag12",0.0352183016783523,0.421249229671622
150,"lag1",2.64734174091269,0.446053238496218
150,"lag2",0.898975861679343,0.505880849862461
150,"lag3",1.82856667335509,0.530290903957372
150,"lag4",2.42693630675899,0.581446943176455
150,"lag5",0.18140352984686,0.561060480804298
150,"lag6",1.54931150078514,0.455521538005618
150,"lag7",2.35385897092746,0.447423458158893
150,"lag8",1.69019333198926,0.501473706060212
150,"lag9",0.112287502105615,0.526316442782987
150,"lag10",-1.55560176708145,0.58150207843181
150,"lag11",0.291765798616327,0.565949446367638
150,"lag12",0.0957653500036745,0.457180670114556
151,"lag1",1.26346155366402,0.431903023485255
151,"lag2",-1.6663407794193,0.492297931715242
151,"lag3",-0.621435246187401,0.519185730418777
151,"lag4",-0.160660766986352,0.554923692497445
151,"lag5",-0.485875424400725,0.483983533829989
151,"lag6",-0.478846951409537,0.416819421689209
151,"lag7",-0.102269887058057,0.433373846804955
151,"lag8",-0.34601955817889,0.488041357466713
151,"lag9",-0.518062049845356,0.524953571206382
151,"lag10",-0.883240888694492,0.551412987804781
151,"lag11",-0.0746182728740884,0.491258972967907
151,"lag12",-1.71403956842551,0.417425216531079
152,"lag1",1.5172797497655,0.444436763466861
152,"lag2",1.79167304064237,0.506761929587611
152,"lag3",2.09587232708877,0.531937396658165
152,"lag4",3.2905695084854,0.589405878458959
152,"lag5",1.775302654003,0.557965939703742
152,"lag6",0.800678618288851,0.459934976442565
152,"lag7",3.10074881112384,0.448454059763557
152,"lag8",4.7813211886554,0.506048975675615
152,"lag9",3.56641501751968,0.534975716020236
152,"lag10",1.51032825200886,0.590045153313416
152,"lag11",0.77007656752109,0.560264469369437
152,"lag12",2.87070518602195,0.460896834534467
153,"lag1",0.765935746702215,0.433421514587623
153,"lag2",0.868895070719677,0.497370574932843
153,"lag3",2.31030068040815,0.555083636736738
153,"lag4",1.77740059678647,0.58222198527551
153,"lag5",0.0543515830731512,0.526138198569707
153,"lag6",-0.0990305834927637,0.440805134002255
153,"lag7",-0.289721929926903,0.435761843933006
153,"lag8",-0.297808479364326,0.493699217456023
153,"lag9",1.90669507746256,0.555383895908494
153,"lag10",0.66498441069588,0.585128150776779
153,"lag11",0.455725200518178,0.536122743188809
153,"lag12",-0.806992955075455,0.447877380476238
154,"lag1",-0.37139278473687,0.466127365646267
154,"lag2",-0.481308595851087,0.527097352302563
154,"lag3",-0.506908906823591,0.532752780896635
154,"lag4",2.03661969300994,0.583505387291858
154,"lag5",0.801683847212851,0.557649932552517
154,"lag6",-0.894426782961342,0.460717859232088
154,"lag7",-1.73770772935008,0.467667356633364
154,"lag8",1.23852206442584,0.524663676356518
154,"lag9",1.61631763119663,0.529379877862232
154,"lag10",1.45352554810094,0.576339364939889
154,"lag11",-0.0428822818164587,0.568563104053334
154,"lag12",1.1250552353943,0.460385558016028
155,"lag1",3.72026633213335,0.440629351843782
155,"lag2",-0.559621750920452,0.493093766289389
155,"lag3",-1.07405513344193,0.525576410244389
155,"lag4",-1.12156305091016,0.572899548276251
155,"lag5",-1.57196568115239,0.52837158867743
155,"lag6",0.525415350742834,0.43696895845766
155,"lag7",-0.0667131779267116,0.443206943611378
155,"lag8",-0.155439083026651,0.488644511237745
155,"lag9",-2.1350969481826,0.52264515042229
155,"lag10",-0.311282342180336,0.566193824312278
155,"lag11",0.239861192797875,0.536785109755794
155,"lag12",-0.492064312933763,0.440108610992169
156,"lag1",8.38663552527552,0.445771436254886
156,"lag2",1.24934279740907,0.51311282382527
156,"lag3",2.74091666910979,0.569232994308145
156,"lag4",2.44668716571861,0.562624020198558
156,"lag5",0.627452600829711,0.530731882264914
156,"lag6",0.535929491694025,0.447838918059668
156,"lag7",-0.0367105211186857,0.44841769893528
156,"lag8",1.28624640031283,0.511868450046976
156,"lag9",-0.142638306784458,0.569791340196264
156,"lag10",-0.527401219596338,0.565439884724269
156,"lag11",0.468519911516733,0.541701399467276
156,"lag12",-0.587100261977907,0.453670709533788
157,"lag1",0.525077041849496,0.506698796504212
157,"lag2",1.22870181866282,0.575377600531427
157,"lag3",1.61903670198589,0.59875579660053
157,"lag4",1.78224049250077,0.648346776878145
157,"lag5",-0.668279421807823,0.60516967001045
157,"lag6",-0.936088297933346,0.506688787014926
157,"lag7",-0.595714646467917,0.510915806251864
157,"lag8",4.69525283293828,0.573477530900717
157,"lag9",3.94326037088409,0.607816675381024
157,"lag10",3.05828969993268,0.644675136315638
157,"lag11",0.0459132371875246,0.617333046247192
157,"lag12",3.28814084828991,0.508681182209474
158,"lag1",5.00227279285428,0.439815992062469
158,"lag2",0.0613516790433508,0.497156908559195
158,"lag3",0.752753595249883,0.53789238307441
158,"lag4",-0.323414926141355,0.558816492728918
158,"lag5",0.0495035219210036,0.508184330000722
158,"lag6",2.20127952643774,0.430103334011623
158,"lag7",1.34966599245677,0.443595361862083
158,"lag8",0.872670846882518,0.495876571383643
158,"lag9",2.06034010933764,0.546697759232682
158,"lag10",1.89676496204188,0.559904221161302
158,"lag11",0.945685261318829,0.51718122406144
158,"lag12",0.117952513012362,0.433441673997668
159,"lag1",5.86568994054728,0.433267735843218
159,"lag2",0.354475489659084,0.500653419585239
159,"lag3",0.0448087380517949,0.537744137864262
159,"lag4",0.986037000588705,0.554748883407653
159,"lag5",-0.193498987377657,0.493734295739095
159,"lag6",1.50106875461003,0.420453874030755
159,"lag7",1.65537878118166,0.434123221948886
159,"lag8",-0.0492486494348238,0.496372745813193
159,"lag9",-1.30566047732315,0.540704951590471
159,"lag10",-1.54965470894914,0.547384347116776
159,"lag11",0.669556643608233,0.501468162374241
159,"lag12",0.580417330658605,0.42217500795097
160,"lag1",6.02441626475765,0.428919193381922
160,"lag2",0.228865650882326,0.502210219400738
160,"lag3",-0.861403142442198,0.542693592860261
160,"lag4",-0.306906842379026,0.552233731862487
160,"lag5",0.210795144746905,0.500188997471992
160,"lag6",1.67453671343757,0.425058131550717
160,"lag7",-0.414605504405046,0.43079090621473
160,"lag8",-0.00576031895690849,0.497414053906948
160,"lag9",-1.58394536799185,0.541814905835149
160,"lag10",-0.992610056042184,0.547671349677713
160,"lag11",0.392609075689913,0.509348129370944
160,"lag12",0.423411658008332,0.429574236325811
161,"lag1",4.11530481031433,0.432724182931059
161,"lag2",-0.865511617438036,0.508150151456453
161,"lag3",0.332490833249438,0.538065039508068
161,"lag4",1.255133150858,0.538631649717501
161,"lag5",0.76891537245391,0.491833445904397
161,"lag6",0.216492025368646,0.423542175810297
161,"lag7",2.96154754333588,0.437103174564303
161,"lag8",3.99177316393549,0.503335124746726
161,"lag9",1.36255715531247,0.540686655279151
161,"lag10",0.815480204919688,0.539445699193783
161,"lag11",0.523602601570326,0.496697615263084
161,"lag12",0.354239761624861,0.426620896899403
162,"lag1",6.56392554224289,0.448032592941964
162,"lag2",2.59562437647224,0.506693029089201
162,"lag3",4.12847424953273,0.554053377886383
162,"lag4",2.11057677664151,0.572193310364377
162,"lag5",0.683160775086141,0.549243438497014
162,"lag6",2.45226806076421,0.455257762348021
162,"lag7",-0.793088743420475,0.450691178970964
162,"lag8",0.578003994440469,0.503453323993453
162,"lag9",-0.236315057053178,0.559164037724522
162,"lag10",-0.259904272934848,0.568962367498248
162,"lag11",1.3968795737673,0.561361297554566
162,"lag12",-0.20508313308954,0.461208600284569
163,"lag1",3.24537390128589,0.440145205824672
163,"lag2",-0.220581008005049,0.503486192327721
163,"lag3",-0.528743568056907,0.528587180584548
163,"lag4",1.16331890446992,0.562004916055147
163,"lag5",-1.19585622655055,0.541428675776874
163,"lag6",0.0407904876834605,0.453228913879793
163,"lag7",1.95828161619075,0.446092986708513
163,"lag8",2.92188638564639,0.502760704060195
163,"lag9",4.20703068356555,0.527964245780602
163,"lag10",-0.186480681034435,0.561528430620179
163,"lag11",-0.915113261507429,0.54639379338771
163,"lag12",0.835084410612709,0.452630777249283
164,"lag1",4.90832993871322,0.422507080859162
164,"lag2",0.559713592809928,0.470469066932454
164,"lag3",1.29289089429741,0.526564559955229
164,"lag4",2.05894707622956,0.5624610374473
164,"lag5",-0.0312392606747191,0.513085538062084
164,"lag6",0.374088785118012,0.429744760647663
164,"lag7",0.0626786764772619,0.424806030671882
164,"lag8",-0.888969329756146,0.47135938339151
164,"lag9",0.862616054134203,0.530805999324047
164,"lag10",0.404859544750115,0.565314150065423
164,"lag11",1.41254956534852,0.520930913019269
164,"lag12",2.23059381797281,0.435334385777564
165,"lag1",5.59532193784412,0.439425106297788
165,"lag2",0.782208804887706,0.502175254307729
165,"lag3",2.11832475163809,0.553736103490096
165,"lag4",2.0949867610496,0.568832810861222
165,"lag5",0.520962759100849,0.521662679761295
165,"lag6",2.20195980581737,0.442319886589013
165,"lag7",3.64380666858988,0.445404177294062
165,"lag8",-0.324758796558713,0.501503053449514
165,"lag9",-3.26609413610291,0.56300089854686
165,"lag10",-1.02020289690791,0.56879735928665
165,"lag11",0.570008164878869,0.530300461782215
165,"lag12",0.687796139743934,0.445116346159727
166,"lag1",5.21148899167019,0.423247229640539
166,"lag2",0.141085271226659,0.48473138262912
166,"lag3",1.51893872059309,0.533107564763105
166,"lag4",1.46094825085267,0.561918892767577
166,"lag5",1.72772752082931,0.500110494419416
166,"lag6",1.05864835792792,0.425676818052789
166,"lag7",1.65376675146619,0.425170273413403
166,"lag8",0.880820212398311,0.475893080348188
166,"lag9",-1.35556152804565,0.526517354811505
166,"lag10",-1.43605087992138,0.556927857110863
166,"lag11",0.277078426364985,0.502605863126181
166,"lag12",1.15708805509235,0.425219677531526
167,"lag1",3.3486773139407,0.436996986972101
167,"lag2",2.7073703326549,0.495290581057882
167,"lag3",2.96802938821838,0.50211120576549
167,"lag4",2.30211542510779,0.56358200263202
167,"lag5",-0.914339792371678,0.51719784815406
167,"lag6",-0.193041099113001,0.431927830120631
167,"lag7",1.27216421719494,0.441771026575175
167,"lag8",3.03279144285789,0.496229919645604
167,"lag9",1.44246039332024,0.505015607406007
167,"lag10",-0.75175790914023,0.567573054503541
167,"lag11",0.593360170061943,0.527953416215937
167,"lag12",0.474680834485189,0.435600006557231
168,"lag1",2.90497794568773,0.412694664287056
168,"lag2",-0.363224579011311,0.486058686930504
168,"lag3",1.4547960081597,0.504711784392469
168,"lag4",0.638780407674055,0.529302803104926
168,"lag5",-0.721581637603327,0.467475467358186
168,"lag6",2.41682877401346,0.401703849940524
168,"lag7",2.39303024725348,0.416089734990219
168,"lag8",1.1108566044057,0.484340936233828
168,"lag9",0.593755343177994,0.509340426031344
168,"lag10",0.396970597341312,0.534044625227732
168,"lag11",0.17994522597894,0.478977391785381
168,"lag12",0.575345995071866,0.407353870266898
169,"lag1",6.35039077169598,0.415563921568815
169,"lag2",0.493908553056053,0.487217544470116
169,"lag3",2.07644786395844,0.529911692371143
169,"lag4",2.05202975837964,0.543274080991826
169,"lag5",1.05778661424934,0.493727735215792
169,"lag6",0.851897998374594,0.415122734567531
169,"lag7",1.82686169328248,0.418603712828048
169,"lag8",3.32566544289892,0.483243074442156
169,"lag9",3.39919542608857,0.531884660486767
169,"lag10",1.91851155747946,0.536715194663325
169,"lag11",2.92780362120701,0.498136974596875
169,"lag12",1.36632997796306,0.417062447374464
170,"lag1",2.55562564820422,0.453830372818533
170,"lag2",-1.25263848473863,0.510860433523312
170,"lag3",1.81940630500156,0.542447419410301
170,"lag4",3.23225939629938,0.558891965389924
170,"lag5",-0.456546490881234,0.545284577808471
170,"lag6",0.375123194165523,0.448153101575247
170,"lag7",1.12568386866117,0.455027992773556
170,"lag8",2.35959143810599,0.504872514896461
170,"lag9",2.95996758005632,0.543165378716415
170,"lag10",-0.305586210670384,0.562695695596003
170,"lag11",-0.568324122848007,0.552815368140635
170,"lag12",-0.975447014819131,0.452170003721699
171,"lag1",2.04853671855878,0.449930729510252
171,"lag2",1.63995417543119,0.507963976699838
171,"lag3",1.5961782517659,0.538321270623246
171,"lag4",1.46317754968353,0.60723512218093
171,"lag5",0.821085342025286,0.556473396437723
171,"lag6",0.730486913754945,0.453478268138007
171,"lag7",1.15337090133603,0.452623827600098
171,"lag8",0.149182199688119,0.505708769129061
171,"lag9",0.243609411445307,0.540058513229215
171,"lag10",-0.0575905084791502,0.592130316406293
171,"lag11",0.456719764228942,0.559398100018061
171,"lag12",0.466782676843849,0.452199382267413
172,"lag1",1.244269161771,0.441122482097282
172,"lag2",-1.05808249317338,0.50074368504187
172,"lag3",-0.277586198107131,0.536905190683387
172,"lag4",-0.989340371147684,0.564990881931199
172,"lag5",-3.29954826543719,0.501380926924289
172,"lag6",-1.58271886496809,0.425710347469185
172,"lag7",-2.39954176569817,0.444137009443394
172,"lag8",-1.35113903870513,0.496882392186332
172,"lag9",0.728479863067179,0.535448051587032
172,"lag10",-1.45298915461838,0.563571542459343
172,"lag11",-2.76785490916719,0.50955918936356
172,"lag12",-2.54869564466199,0.427621693994009
173,"lag1",1.68352454344181,0.479479101677936
173,"lag2",-0.383503623940486,0.541559075482887
173,"lag3",0.874747893672093,0.557992085245922
173,"lag4",1.56988036977246,0.609687031690246
173,"lag5",0.867421890400659,0.57407731660876
173,"lag6",-0.772831137441831,0.477628096157093
173,"lag7",-1.56672888323392,0.482234081457079
173,"lag8",1.44210751624855,0.537893369232393
173,"lag9",1.65721197351778,0.562486514314686
173,"lag10",1.03400048344515,0.605331906989416
173,"lag11",0.147255964918417,0.58184318810766
173,"lag12",1.71764723107044,0.482554615506803
174,"lag1",6.61396260139006,0.458199934097971
174,"lag2",0.906659077725117,0.525382019157404
174,"lag3",-0.249234508033157,0.531792948927347
174,"lag4",0.039989941434139,0.580864937396963
174,"lag5",-0.270649512696084,0.551712187036856
174,"lag6",2.0001075744065,0.453414624999467
174,"lag7",1.17695083621095,0.4595515308256
174,"lag8",0.026530260387254,0.523652342292154
174,"lag9",1.18721923311342,0.536662465670166
174,"lag10",-0.799438346709703,0.575327341331156
174,"lag11",0.0600611555617532,0.559920598579847
174,"lag12",1.51833172296089,0.458969311261542
175,"lag1",1.05843372396161,0.428526719191815
175,"lag2",0.526542462822045,0.499393830773114
175,"lag3",1.75112561223555,0.514765439726328
175,"lag4",1.71521744463185,0.516848391809688
175,"lag5",0.486301696166982,0.48515515506361
175,"lag6",-0.302183168084453,0.418851615601063
175,"lag7",-0.961458818657903,0.43244498524541
175,"lag8",-0.941092031439353,0.498131266597385
175,"lag9",-1.00653832452164,0.520239858657783
175,"lag10",-1.08805191411791,0.515511398381095
175,"lag11",-0.496260157262549,0.493168854001765
175,"lag12",-0.837780337596271,0.420414041841145
176,"lag1",4.79157286205235,0.483428101854239
176,"lag2",2.88422888599688,0.53369742055458
176,"lag3",4.28889204971146,0.56242188461861
176,"lag4",3.74687202138247,0.636508321811735
176,"lag5",1.07763576982642,0.603471404439334
176,"lag6",1.02270045603797,0.488066349128731
176,"lag7",0.683277036301325,0.484494529432805
176,"lag8",1.10974963359807,0.528852616061721
176,"lag9",2.13452192948741,0.562463470806649
176,"lag10",0.623722787143905,0.631127689053628
176,"lag11",0.837768232904594,0.610438060085653
176,"lag12",2.50658340360597,0.490557186478559
177,"lag1",2.58666140973864,0.429561828427062
177,"lag2",0.264524947401016,0.482303778542574
177,"lag3",3.22066893244239,0.505527895520937
177,"lag4",4.53571728944642,0.546703197905085
177,"lag5",1.02075074682218,0.532845994022299
177,"lag6",1.27473089312009,0.42994162300936
177,"lag7",0.77206429415634,0.430192540460346
177,"lag8",3.26650581404695,0.478313647008743
177,"lag9",2.38473906913567,0.50672990840924
177,"lag10",2.45011884879971,0.54228959704746
177,"lag11",1.40308482143423,0.548475497942357
177,"lag12",0.00789602970123885,0.438623039813085
178,"lag1",4.79839365819688,0.483684789953014
178,"lag2",0.631856552091051,0.558153911432615
178,"lag3",1.16379736077831,0.5784977081364
178,"lag4",0.81417266179375,0.625040867545815
178,"lag5",-0.12206492674098,0.578434146220803
178,"lag6",2.03651511040285,0.48418918545331
178,"lag7",1.04729559611298,0.484530800841419
178,"lag8",2.13106011444865,0.553651040339736
178,"lag9",1.99547780867906,0.584598998141728
178,"lag10",0.72696756057563,0.627819420030492
178,"lag11",-1.04659147337665,0.59187461282481
178,"lag12",0.166740908293941,0.48630754421249
179,"lag1",2.91872782091798,0.455951082371524
179,"lag2",2.093871362962,0.522819554715679
179,"lag3",3.13516522437568,0.580890103530695
179,"lag4",3.70587899931727,0.603427641756733
179,"lag5",0.733039120868108,0.546075635835512
179,"lag6",0.00297380432487495,0.461524486367135
179,"lag7",0.00329416203934204,0.458675426967234
179,"lag8",1.9181862848627,0.521254463737475
179,"lag9",-0.192822950578232,0.586419042105033
179,"lag10",1.37802085888081,0.601782571560319
179,"lag11",0.515109169515993,0.554830650119561
179,"lag12",-0.0833625931426452,0.462702676953103
180,"lag1",0.574935292368834,0.449701587446384
180,"lag2",-1.8450231899043,0.497359134160446
180,"lag3",0.558143447459064,0.530704195047241
180,"lag4",1.78410926321898,0.576656273080413
180,"lag5",-0.775697565758188,0.528979576746653
180,"lag6",1.20046107979327,0.443005834053645
180,"lag7",2.1060901583208,0.452153788960233
180,"lag8",0.543216870923178,0.494591862747839
180,"lag9",-0.942773905235664,0.531579955011722
180,"lag10",-1.22863072292062,0.574132693473211
180,"lag11",-0.83745166383459,0.536118889193245
180,"lag12",-0.337241927936741,0.444799885613635
181,"lag1",5.75673471541672,0.425599863079279
181,"lag2",1.37714622412933,0.500036880388354
181,"lag3",2.03665899009554,0.5185318818276
181,"lag4",3.78088506685876,0.550169269773005
181,"lag5",0.376290615202269,0.515876600871687
181,"lag6",2.1777275516105,0.431720342563296
181,"lag7",-0.766533225355466,0.428430761227276
181,"lag8",-0.52542123887472,0.49625229997858
181,"lag9",0.191444637310147,0.522767743472647
181,"lag10",-0.130383074647452,0.546869438811239
181,"lag11",-0.535864029032938,0.529009505668701
181,"lag12",0.342513621417725,0.433162249108852
182,"lag1",7.74242578225435,0.431528144673556
182,"lag2",0.716282863383798,0.491464517763186
182,"lag3",2.31957193192965,0.526971132162457
182,"lag4",1.98144755821605,0.555465336428867
182,"lag5",0.401298828077155,0.509110410679121
182,"lag6",0.684589269457175,0.432616766102886
182,"lag7",0.328718327578259,0.435536753791321
182,"lag8",0.812097210361921,0.491587462085178
182,"lag9",0.917895627868811,0.530992267311393
182,"lag10",0.144512640855296,0.567368717134663
182,"lag11",1.0216944431408,0.520643038116884
182,"lag12",1.18976118144347,0.442304912292551
183,"lag1",2.77859656088703,0.457071047620717
183,"lag2",-0.701911373174564,0.512513849684481
183,"lag3",-1.24574473100232,0.533366755434188
183,"lag4",-0.689318235749128,0.564520264224943
183,"lag5",0.46947638172075,0.52343145825827
183,"lag6",3.39996507361078,0.441047865142248
183,"lag7",2.23081811134547,0.458351755222228
183,"lag8",0.179768979179324,0.506964660574322
183,"lag9",-0.475719815388546,0.531830975967267
183,"lag10",-0.287478659105414,0.554959878302271
183,"lag11",0.165659462587091,0.529887589403642
183,"lag12",0.596553518736359,0.440962449490422
184,"lag1",5.48830409162614,0.475633629176935
184,"lag2",2.4573898267909,0.545500614542683
184,"lag3",1.94252123537533,0.551966889004779
184,"lag4",2.70944502633115,0.603092159037874
184,"lag5",1.63669485959197,0.575487578069991
184,"lag6",0.00638470066028991,0.483113700734992
184,"lag7",-0.150914764053837,0.479173773552107
184,"lag8",0.886264633080833,0.544452054999989
184,"lag9",2.52157070462145,0.55047052393257
184,"lag10",1.1276761160212,0.594882419672585
184,"lag11",1.45017406649812,0.587992131436118
184,"lag12",0.373000888500209,0.487064463698841
185,"lag1",4.43586338617716,0.459848990957758
185,"lag2",2.32832211234347,0.529562885887317
185,"lag3",1.71913331715458,0.545901588759745
185,"lag4",0.936502852637288,0.561195718182437
185,"lag5",-0.9030799471005,0.520767483377718
185,"lag6",-0.493191305589872,0.445665466597719
185,"lag7",-0.665868223157004,0.461581085005478
185,"lag8",1.03005741435506,0.528293820358242
185,"lag9",2.39052829740036,0.550191207987715
185,"lag10",0.981694496241403,0.56235355933836
185,"lag11",-2.09327769571556,0.531110188871822
185,"lag12",-1.46992770197869,0.450539112352037
186,"lag1",2.85930365234391,0.469041059945839
186,"lag2",2.82478759196403,0.525949421243451
186,"lag3",3.4051622302069,0.560883191734058
186,"lag4",1.40994666799192,0.593674645446557
186,"lag5",-0.444504650614631,0.554081299067828
186,"lag6",1.15598123091048,0.464199053260019
186,"lag7",0.460093060618504,0.472819395301254
186,"lag8",2.35603624984422,0.525375773059229
186,"lag9",0.912899595873833,0.567415198359324
186,"lag10",1.08635489985732,0.60653015259907
186,"lag11",1.06687415773653,0.567016322877484
186,"lag12",0.478122845423771,0.469152502167399
187,"lag1",7.04850152569188,0.466939520465674
187,"lag2",0.286523198272561,0.554888684963746
187,"lag3",-0.408756489759483,0.581272724364319
187,"lag4",1.29078651596108,0.565988808581679
187,"lag5",0.534347739443436,0.5494835032667
187,"lag6",3.04030431410989,0.46330909368016
187,"lag7",4.01051799400701,0.472297990422086
187,"lag8",2.76358969438343,0.54900211581887
187,"lag9",1.30845324718183,0.586708861420409
187,"lag10",-0.00896634955949984,0.567184574806157
187,"lag11",-0.390198174578526,0.567952219954413
187,"lag12",-0.0306285250338265,0.469883632179153
188,"lag1",1.76294782228388,0.433586877721619
188,"lag2",-0.0130821218449419,0.487214327673346
188,"lag3",0.893678526300919,0.537279549744145
188,"lag4",1.25292852211019,0.576326501453856
188,"lag5",0.581616193197971,0.51216750562159
188,"lag6",0.829834900542796,0.435098572147023
188,"lag7",1.20559892327286,0.437895098819997
188,"lag8",2.57901851091397,0.48387547562902
188,"lag9",1.17395770227774,0.543191752770561
188,"lag10",2.66581987492835,0.570439414971883
188,"lag11",1.25231357178527,0.519578083933894
188,"lag12",3.43613555347809,0.435169151730705
189,"lag1",-0.571453907850322,0.393860165341177
189,"lag2",-1.4374484007245,0.455453628228556
189,"lag3",1.29886991529483,0.482099277705478
189,"lag4",3.34999843661858,0.512722057632942
189,"lag5",-1.06578526234936,0.484663392142121
189,"lag6",-0.907763431451204,0.398966287734979
189,"lag7",-1.15474478407784,0.394543713927727
189,"lag8",-1.1665200581864,0.44767897308063
189,"lag9",-1.65850334024579,0.479038836658269
189,"lag10",-0.0552767686927773,0.50751889323471
189,"lag11",0.563534936256965,0.495222626125658
189,"lag12",-0.452279033589965,0.405543491854925
190,"lag1",2.49065723417841,0.429491731208495
190,"lag2",-0.0777942478217791,0.497406045691309
190,"lag3",1.91041433992859,0.537211424046723
190,"lag4",2.59181604614185,0.538204911838342
190,"lag5",0.874710711663484,0.50746198951403
190,"lag6",1.15740710081147,0.427651815475957
190,"lag7",0.850279601727815,0.432787607117794
190,"lag8",0.201596175085318,0.493815609617477
190,"lag9",-0.835400496993635,0.534916685657444
190,"lag10",0.650822285247507,0.530764905171598
190,"lag11",1.06085479615637,0.520348885337753
190,"lag12",0.303195503294783,0.429164546963491
191,"lag1",1.66960956520224,0.46640418289818
191,"lag2",-0.341866633524654,0.522485499269503
191,"lag3",-0.0824148148727944,0.562328609596601
191,"lag4",-0.557378203826549,0.604981968820212
191,"lag5",-0.715528810583154,0.526868360603956
191,"lag6",-0.474059085104041,0.445795016593671
191,"lag7",-0.0749637333636889,0.468840505736065
191,"lag8",0.447348183589,0.517967106709985
191,"lag9",1.64431126678991,0.566441100391418
191,"lag10",-0.879515239059711,0.608086298802013
191,"lag11",-0.659156568398375,0.537730026749779
191,"lag12",-0.254823281406531,0.447462329364791
192,"lag1",3.81223225916725,0.408393032666495
192,"lag2",0.309167566127861,0.473575517919814
192,"lag3",2.08510435103858,0.511708803250397
192,"lag4",2.75810546755284,0.51811251643955
192,"lag5",0.527217336124035,0.468064589886391
192,"lag6",0.462134493526766,0.405167946527721
192,"lag7",0.947465549399186,0.412499733654539
192,"lag8",1.71706529936605,0.472335196104616
192,"lag9",-0.456736877358969,0.514870293474732
192,"lag10",0.378111827467118,0.52382037596525
192,"lag11",0.653452237671436,0.479656413225741
192,"lag12",0.0337259932433138,0.412932523223632
193,"lag1",1.03042997508058,0.425305535539545
193,"lag2",0.540903328125991,0.49793199412462
193,"lag3",2.88396065151252,0.536064761869915
193,"lag4",2.27560837967796,0.560749924993279
193,"lag5",-0.121036616252519,0.523499227332502
193,"lag6",-0.323820413670294,0.439384246918817
193,"lag7",0.943728213368115,0.42977611965589
193,"lag8",1.76111060020103,0.492608185954583
193,"lag9",1.69731316466918,0.539428773022103
193,"lag10",1.78420841247212,0.558822669976435
193,"lag11",0.145614943281315,0.529799943233279
193,"lag12",1.55287069223184,0.438808816797719
194,"lag1",1.56772757026757,0.437059449552908
194,"lag2",0.291443805890352,0.501164814548479
194,"lag3",2.79035397601107,0.523774906980824
194,"lag4",2.77776590714333,0.566028882634234
194,"lag5",0.130624332131345,0.531953041614153
194,"lag6",0.0617874065213,0.439805768264976
194,"lag7",0.0629868314109253,0.438780010806509
194,"lag8",4.95544878804942,0.496230475975824
194,"lag9",3.78488069829161,0.526633618688522
194,"lag10",2.65566116400128,0.5653450422613
194,"lag11",0.129344962056748,0.545061385909016
194,"lag12",-0.204907317747196,0.445577513420546
195,"lag1",4.79932844420417,0.474396736875699
195,"lag2",-0.527640439536123,0.54338996769429
195,"lag3",1.32807246350748,0.585795495118713
195,"lag4",2.92470207903904,0.608643298205327
195,"lag5",0.992373631148225,0.565016138510124
195,"lag6",-0.245197282616481,0.478389197582567
195,"lag7",0.186061998372319,0.478978745974483
195,"lag8",3.50683796565583,0.541953157959029
195,"lag9",1.27680967025783,0.587976439152475
195,"lag10",1.06641285352389,0.610066172714684
195,"lag11",1.02004701984289,0.573112757005921
195,"lag12",0.483857763350775,0.485370354007641
196,"lag1",2.12873764860206,0.458316767769166
196,"lag2",1.13519753892103,0.514201175918577
196,"lag3",1.12713023375059,0.524692018225019
196,"lag4",2.17073789843253,0.588476931851081
196,"lag5",0.424453361892019,0.545765208878436
196,"lag6",1.76592766157326,0.451958062967315
196,"lag7",1.6939297359849,0.459775619154318
196,"lag8",2.53223718915486,0.513485151733407
196,"lag9",2.55686374994586,0.525765730146302
196,"lag10",-0.510180202452282,0.587414738076146
196,"lag11",0.240418690756863,0.554531257773344
196,"lag12",3.70461624631377,0.452960284540663
197,"lag1",3.60565506320713,0.434294036251565
197,"lag2",-0.74741375372262,0.514083560218638
197,"lag3",1.58344758234806,0.518534832283193
197,"lag4",1.43890864536539,0.513107050787329
197,"lag5",0.056283432365197,0.473383319857551
197,"lag6",-0.693290295168662,0.416916931893116
197,"lag7",0.669199279949476,0.437227830555295
197,"lag8",1.98042641125831,0.51257052108444
197,"lag9",0.280801403182444,0.523864039861576
197,"lag10",0.814738711247218,0.514849921510409
197,"lag11",1.50438662600545,0.482094162401263
197,"lag12",-0.0864939665337519,0.420385052610593
198,"lag1",-0.0468258329568188,0.470776707360469
198,"lag2",-0.468268291409816,0.515306300169732
198,"lag3",1.78323377386098,0.551482909277587
198,"lag4",1.68930337609241,0.622341953792765
198,"lag5",-0.763681094913542,0.567409829466092
198,"lag6",-0.289525863055541,0.465015620683334
198,"lag7",-1.02127666204079,0.471793765352445
198,"lag8",1.03326778564512,0.510620607404543
198,"lag9",1.83961369473299,0.546275496647418
198,"lag10",1.7199541448714,0.611881626673274
198,"lag11",-1.29468510264363,0.573199513847686
198,"lag12",-0.266225395654688,0.464662683264966
199,"lag1",4.12136875604518,0.427666211433261
199,"lag2",0.171411765093829,0.498204365026324
199,"lag3",-0.315296401648531,0.534756821946837
199,"lag4",-0.751299773570064,0.554420232444691
199,"lag5",1.72053915840713,0.499195804992429
199,"lag6",1.02744984894191,0.423545519594074
199,"lag7",1.60315850702152,0.431125870582074
199,"lag8",4.61023744376605,0.497340479815414
199,"lag9",3.113343686594,0.541081788991706
199,"lag10",-0.181922458084302,0.559450346441768
199,"lag11",2.52803743160237,0.508823580384597
199,"lag12",0.924704120553473,0.431503431235578
200,"lag1",1.21959825653162,0.471855038236254
200,"lag2",1.21864200020044,0.518747246627634
200,"lag3",-0.758724578030728,0.536024982485495
200,"lag4",-0.500210587361978,0.61822005404681
200,"lag5",-0.338719749864374,0.564385405217299
200,"lag6",0.326075707137779,0.460662710651632
200,"lag7",0.865810535185465,0.474846840588459
200,"lag8",2.92791989247159,0.516010801550432
200,"lag9",2.51328815842411,0.537769096423409
200,"lag10",-0.112988949713471,0.61147106291712
200,"lag11",-1.20861068755798,0.571594692206459
200,"lag12",2.07283390369828,0.461071492722477
201,"lag1",-0.999217285348929,0.490338939314485
201,"lag2",0.860535888395771,0.55984082855172
201,"lag3",0.417653798083753,0.556440925117619
201,"lag4",0.783016976894295,0.611731668825239
201,"lag5",-0.418203011864944,0.59103753664507
201,"lag6",-0.246380020843803,0.485601048727355
201,"lag7",0.599048183940532,0.491179757186569
201,"lag8",3.38779810619384,0.553696354606575
201,"lag9",1.83998401390326,0.555916420945023
201,"lag10",1.55881393580686,0.601371318652369
201,"lag11",0.453377458289838,0.59874477824262
201,"lag12",3.50010393786266,0.485001793597867
202,"lag1",3.48932284369223,0.459388807708022
202,"lag2",0.286127181051487,0.532541603425399
202,"lag3",1.15823474181138,0.543405954046448
202,"lag4",1.96284357097521,0.581695972511929
202,"lag5",0.227696769870305,0.547223216594577
202,"lag6",0.357606500021993,0.457084832650414
202,"lag7",1.08499077951504,0.462090091627468
202,"lag8",3.69363913224201,0.528414124208291
202,"lag9",1.58196433221909,0.543815583859401
202,"lag10",2.20503748365194,0.580150244457329
202,"lag11",0.474864133889861,0.553360913606855
202,"lag12",0.984337843845428,0.458953625903417
203,"lag1",6.80095283291396,0.477033022644901
203,"lag2",1.96150597465621,0.555212868479216
203,"lag3",2.80536680762318,0.568713537498987
203,"lag4",2.78616284078604,0.585482599403752
203,"lag5",1.42642501582269,0.563313923050039
203,"lag6",2.63269610289894,0.476654557957668
203,"lag7",1.3173159084795,0.481123720666483
203,"lag8",2.55600289614823,0.548826000784479
203,"lag9",3.82409861706461,0.570086806711946
203,"lag10",2.55699461153139,0.584023626263323
203,"lag11",1.61203871678044,0.571062000521779
203,"lag12",2.74608456910476,0.476436734598956
204,"lag1",4.98006105389479,0.473486028651554
204,"lag2",1.07209724731909,0.536297143300963
204,"lag3",-0.0359644185855209,0.555181419156746
204,"lag4",1.09700611494247,0.578762162332847
204,"lag5",-1.74412137904639,0.5531858505086
204,"lag6",0.0275361588312397,0.469101737920545
204,"lag7",0.801309782482156,0.47694348797159
204,"lag8",2.50646283606199,0.533169795609348
204,"lag9",1.12479152127599,0.557257487315051
204,"lag10",-0.672257250476205,0.57525290320087
204,"lag11",-0.523833686051665,0.559727820765983
204,"lag12",0.0325901301249553,0.467467303896749
205,"lag1",4.74248774082124,0.472459592059561
205,"lag2",-0.0841957787435742,0.537802479781618
205,"lag3",3.3183470513489,0.559875029996012
205,"lag4",2.57796809143963,0.608166746563687
205,"lag5",0.583115723382023,0.535713746587096
205,"lag6",0.431757254701149,0.462052881967378
205,"lag7",0.0566758945152179,0.475723503177775
205,"lag8",1.64466251067873,0.531897986772057
205,"lag9",1.29045749905456,0.558805031298943
205,"lag10",1.4722612932561,0.607570693462565
205,"lag11",1.18012419613834,0.546093075484292
205,"lag12",1.32715618142244,0.464253721632828
206,"lag1",1.85811279614951,0.462777501536905
206,"lag2",-1.53999776861916,0.522412131036586
206,"lag3",0.0466932714706819,0.555836685970035
206,"lag4",-0.320685441549296,0.610052907073939
206,"lag5",-0.898045397279894,0.538213309553109
206,"lag6",0.892937019539002,0.444920601782332
206,"lag7",1.77576820565972,0.462608461099732
206,"lag8",2.09228174001915,0.516994626797558
206,"lag9",0.967256571619743,0.558822476470328
206,"lag10",0.796995851138345,0.605817488805885
206,"lag11",-1.6526421768066,0.546326654796143
206,"lag12",-0.857221555868268,0.447970201359414
207,"lag1",0.143445249955822,0.437913386095026
207,"lag2",0.448563139571984,0.486477890308468
207,"lag3",3.36515263790909,0.539546322749934
207,"lag4",5.7140748927928,0.604211808482704
207,"lag5",0.697006108437255,0.576247085201907
207,"lag6",-0.178660365432833,0.465883222872003
207,"lag7",-0.434915653699502,0.440115261314197
207,"lag8",0.368444908836746,0.484034504134334
207,"lag9",1.64164198760533,0.533822215994855
207,"lag10",2.70521637577638,0.594569058451093
207,"lag11",0.946356799970531,0.579968954878047
207,"lag12",1.5540207329534,0.461580839061168
208,"lag1",2.04892603444463,0.467079648674485
208,"lag2",-0.882449687980866,0.534114565185872
208,"lag3",-1.14200775689912,0.576227266219024
208,"lag4",0.789224303277491,0.635679366858403
208,"lag5",-1.02822380857642,0.582262144930621
208,"lag6",-1.23064564070756,0.4743453170067
208,"lag7",-1.04223411997479,0.470076651968372
208,"lag8",1.80535143278576,0.533543229748806
208,"lag9",-0.0225053497986631,0.5732815377331
208,"lag10",0.996740703373387,0.622948027172606
208,"lag11",-0.414205798569112,0.593278539975751
208,"lag12",-1.06204937293774,0.474299753059788
209,"lag1",2.6717166475919,0.49074721742079
209,"lag2",0.327375993314887,0.559563284243535
209,"lag3",2.23279929377752,0.600686657373501
209,"lag4",3.51248219949554,0.643319402887867
209,"lag5",0.436604491213333,0.605208580287658
209,"lag6",0.900022771664051,0.504848510734595
209,"lag7",0.857683586922596,0.494955099663345
209,"lag8",3.44779510661887,0.553929266499083
209,"lag9",3.251038469358,0.613058353265323
209,"lag10",1.98195544421722,0.634833391983343
209,"lag11",0.436648988753937,0.610726722702743
209,"lag12",0.958345702462782,0.500738803112076
210,"lag1",6.3579741676867,0.479145617900359
210,"lag2",0.857856243471586,0.546046555523763
210,"lag3",2.9392898917721,0.579727706176143
210,"lag4",2.84235196810886,0.619834520737994
210,"lag5",0.465902963439713,0.570290672970319
210,"lag6",1.17568087928058,0.472555316924237
210,"lag7",0.839897884685141,0.481777563947353
210,"lag8",-0.19568923292183,0.546270232028677
210,"lag9",-2.11707345035435,0.585970154596114
210,"lag10",0.46269756439745,0.620576171210027
210,"lag11",1.16428396381565,0.575272986330862
210,"lag12",2.22627778088086,0.471843642261959
211,"lag1",3.44231481146591,0.449834484416071
211,"lag2",2.02746879124294,0.507226989541064
211,"lag3",1.21717029512945,0.542574555921883
211,"lag4",1.16353695707014,0.592851645804031
211,"lag5",0.0575607213640685,0.524401736382426
211,"lag6",1.35535560700412,0.437167672683594
211,"lag7",1.05422386636796,0.453035784336682
211,"lag8",1.57542186597448,0.505411985352101
211,"lag9",-0.353893617521248,0.548905446005744
211,"lag10",-0.873129388564622,0.586811835706075
211,"lag11",-0.780359107385129,0.529956424005352
211,"lag12",-0.134533263781661,0.438376766044337
212,"lag1",0.0573712945778552,0.425643503509443
212,"lag2",0.541526587577974,0.473689229376852
212,"lag3",2.71947802752382,0.517416582053248
212,"lag4",5.08661338262192,0.559738240621282
212,"lag5",0.803232168907143,0.510442646804581
212,"lag6",0.975123708034734,0.426658853843906
212,"lag7",-0.508343981538897,0.428547317534419
212,"lag8",-0.0034428505522357,0.467623704053797
212,"lag9",0.0408898304385279,0.520270208374715
212,"lag10",0.523508645720954,0.557643940888242
212,"lag11",2.27081289249552,0.516064991543048
212,"lag12",1.32359311381031,0.430836697518909
213,"lag1",1.05636717288655,0.431535650216026
213,"lag2",-0.574825991572538,0.484514991518462
213,"lag3",1.563496288414,0.515030299398011
213,"lag4",2.67264560681931,0.562162667316434
213,"lag5",-0.475576545871692,0.531007749720054
213,"lag6",-0.617301698703095,0.433298707384951
213,"lag7",-0.902905131385858,0.43467197337216
213,"lag8",0.190192328767274,0.481147514434988
213,"lag9",1.02982576038526,0.519972173973189
213,"lag10",0.034605193323939,0.555937137854345
213,"lag11",0.0234390219945749,0.53574326982376
213,"lag12",0.131934396929582,0.434433741170598
214,"lag1",3.20463605363176,0.46611271122748
214,"lag2",3.52535413518161,0.538886534985867
214,"lag3",1.36681194914894,0.568616010806379
214,"lag4",2.18173987812169,0.634738109167798
214,"lag5",0.948263443510344,0.570423010180156
214,"lag6",2.99015855217981,0.472318791833102
214,"lag7",2.4739492014221,0.47214858719316
214,"lag8",3.39935946731295,0.537183472942398
214,"lag9",1.85543465072574,0.572872025919845
214,"lag10",1.9820507040406,0.62999748496793
214,"lag11",0.9651242141285,0.577659194634731
214,"lag12",0.248509116179163,0.473148707451449
215,"lag1",-0.104518808127452,0.444725861057185
215,"lag2",-0.739978034710885,0.502253978261483
215,"lag3",1.68960819407229,0.547628490186072
215,"lag4",2.5929885667717,0.601750344916876
215,"lag5",0.320777187633693,0.551317376783168
215,"lag6",-0.252661464093919,0.449361804652627
215,"lag7",1.6615722784497,0.448891410288662
215,"lag8",4.17048898316618,0.501327018126481
215,"lag9",3.45861490743879,0.549906129549596
215,"lag10",2.92489500371011,0.60337979250867
215,"lag11",0.678438195481941,0.55653743512657
215,"lag12",-0.291025072357226,0.451144913109717
216,"lag1",0.822683643284647,0.456762601663724
216,"lag2",-0.764695244024484,0.499189923968454
216,"lag3",1.24550460967523,0.532976733779635
216,"lag4",4.32675317029291,0.607386580676955
216,"lag5",-0.570108229668677,0.583913172404055
216,"lag6",-0.533084473448866,0.471907011611802
216,"lag7",-0.190777663629338,0.46023861273579
216,"lag8",-0.375288004527342,0.497455857899097
216,"lag9",-1.91265651806581,0.532114630660543
216,"lag10",0.813723050659392,0.59958183071462
216,"lag11",1.45109844878946,0.591559974477821
216,"lag12",2.794565938299,0.471244609430184
217,"lag1",0.0368739424332691,0.461258010023245
217,"lag2",0.968933958008718,0.510577444959152
217,"lag3",2.30292623199611,0.57163085018526
217,"lag4",1.21404950441396,0.6130631555589
217,"lag5",-0.825384361006352,0.546307988808744
217,"lag6",-1.12244273461843,0.4626692659504
217,"lag7",-0.847063624891389,0.464549020971337
217,"lag8",-1.67635569317507,0.508905366540678
217,"lag9",-0.281335068047222,0.574086887023734
217,"lag10",-1.77965225272668,0.606009929656748
217,"lag11",-2.16897223654422,0.552782172589494
217,"lag12",-0.885583809526994,0.457439322254315
218,"lag1",2.97570426043045,0.467369081011843
218,"lag2",0.633155570836167,0.523979682270802
218,"lag3",2.61388859921246,0.575861681216104
218,"lag4",2.19785369582297,0.632721001280458
218,"lag5",-0.306484530335542,0.543709831100076
218,"lag6",-0.896708660058418,0.461551727310033
218,"lag7",-2.27509510295649,0.472045621393512
218,"lag8",-1.98650557145087,0.523644608630414
218,"lag9",2.95934952885765,0.573580039105136
218,"lag10",0.631186837201547,0.640277584205866
218,"lag11",-0.462634671005577,0.550081325977902
218,"lag12",-0.234463809641562,0.466560684581051
219,"lag1",6.17512206291485,0.448625489967068
219,"lag2",3.0802324745621,0.521352906186266
219,"lag3",2.02513639833111,0.548727271512977
219,"lag4",2.19769793919685,0.574856182435203
219,"lag5",0.28209012120791,0.527762973264944
219,"lag6",2.52551088460006,0.445837955000292
219,"lag7",2.14398912061715,0.451751151923533
219,"lag8",2.50745728497009,0.521164962711898
219,"lag9",5.05481296258962,0.555290919721903
219,"lag10",3.68651531816314,0.574280302475752
219,"lag11",0.235643611750098,0.538549372121763
219,"lag12",-0.195705467000563,0.448436383496171
220,"lag1",0.34523330850137,0.456374172684691
220,"lag2",-0.677529942100666,0.516419501287667
220,"lag3",1.83812381039375,0.56043043221897
220,"lag4",3.43034848634679,0.600345193139138
220,"lag5",0.863634125349034,0.552037816276252
220,"lag6",-0.810733874087403,0.462745814244016
220,"lag7",-2.79071425837005,0.455957281103639
220,"lag8",-0.648769747635596,0.512213658019627
220,"lag9",-0.490448048447715,0.562734517947813
220,"lag10",1.71360651443576,0.596110952958017
220,"lag11",0.452251720439094,0.55644781758842
220,"lag12",0.668507226209322,0.462714286034357
221,"lag1",2.69423438466877,0.402775170944839
221,"lag2",2.20638194687274,0.466069981832748
221,"lag3",0.0583326547191718,0.513478630853106
221,"lag4",1.84413047761947,0.531840126095126
221,"lag5",-1.41373337295262,0.466393116694197
221,"lag6",-0.923055576087042,0.401323561176174
221,"lag7",-0.345970445775772,0.406500758259173
221,"lag8",-1.53043284257174,0.466289888750431
221,"lag9",-1.07847143195558,0.514393870118685
221,"lag10",-0.946025626474594,0.529676005537213
221,"lag11",-0.680274632093221,0.475916993817671
221,"lag12",-0.730693184715814,0.40495558345019
222,"lag1",1.61990505533879,0.435453213214554
222,"lag2",2.63208096260448,0.498399102305661
222,"lag3",4.20477591719361,0.510343535583224
222,"lag4",3.23095036777514,0.554711008450845
222,"lag5",-0.177461948288391,0.508862213561358
222,"lag6",-1.53821186776738,0.427641812894605
222,"lag7",-1.79707018189584,0.438343215346708
222,"lag8",-0.357480509607109,0.496628657188499
222,"lag9",1.56691043555804,0.515580819708722
222,"lag10",1.84162073958759,0.555735049077223
222,"lag11",-0.546157072416272,0.516717290358302
222,"lag12",-0.185941166223723,0.430172594521192
223,"lag1",4.56122582421532,0.435731987846835
223,"lag2",0.58044774413572,0.50313580607838
223,"lag3",-0.576419654736391,0.553775541500637
223,"lag4",1.20254320639104,0.570844594465212
223,"lag5",0.737561223396349,0.521018554013538
223,"lag6",3.50259085870723,0.444802325893125
223,"lag7",2.23355289216599,0.435957420961414
223,"lag8",1.03882921440461,0.497086042746639
223,"lag9",1.84206111363998,0.548307540025065
223,"lag10",0.175722272207971,0.556784174344949
223,"lag11",-0.890842383489727,0.528140330158906
223,"lag12",1.40245190633955,0.44249913674508
224,"lag1",4.74190874807218,0.417677111773255
224,"lag2",1.48141411181735,0.487633753527177
224,"lag3",1.10979707636662,0.510970158053522
224,"lag4",0.504630352182731,0.528780882687498
224,"lag5",-0.0614965855786167,0.51139234283484
224,"lag6",-0.387298636518297,0.420501289666054
224,"lag7",1.19006247505723,0.417842874400006
224,"lag8",1.53848196872385,0.483984506900072
224,"lag9",-2.45761284974448,0.510674350961004
224,"lag10",-1.37750682507065,0.524008424545289
224,"lag11",-0.866995307799687,0.520835519974608
224,"lag12",-0.100491231702563,0.424087008322242
225,"lag1",2.99013019188526,0.429673264138893
225,"lag2",2.39010533294774,0.486621566666316
225,"lag3",2.78924610046327,0.510185779454411
225,"lag4",1.29735112174007,0.544302307545039
225,"lag5",-0.417670224406401,0.507634075637808
225,"lag6",-0.657776195947699,0.42567606783997
225,"lag7",1.13164316854259,0.430350962523671
225,"lag8",2.3325266211628,0.480183110520225
225,"lag9",2.40038805876828,0.516075932657469
225,"lag10",1.0845930121631,0.540239972257564
225,"lag11",0.073966476597637,0.518343607251955
225,"lag12",0.444653992336957,0.430008356979874
226,"lag1",5.64234187839177,0.45217302033458
226,"lag2",-0.170291817665099,0.532367458563803
226,"lag3",-2.17955067900597,0.53824054407089
226,"lag4",-0.978671985432946,0.584240868977525
226,"lag5",1.94049202117976,0.533547974276111
226,"lag6",4.18940731384631,0.44071984459821
226,"lag7",1.78940818636625,0.45667491928876
226,"lag8",1.23726009967025,0.530648695619033
226,"lag9",0.960140280843751,0.54088418055226
226,"lag10",-0.0100105637362719,0.577149128417057
226,"lag11",0.867703770341724,0.541824112469128
226,"lag12",0.0225550063336402,0.442861136526094
227,"lag1",3.18482045953987,0.443555550286654
227,"lag2",-0.243164331355482,0.501637289302014
227,"lag3",1.37861554326327,0.521741919538169
227,"lag4",2.416809703642,0.599809679728567
227,"lag5",1.59664097031564,0.532534025614223
227,"lag6",0.901598960879392,0.432172905961117
227,"lag7",1.02314147561995,0.444040840564717
227,"lag8",2.78387995674842,0.495664114820876
227,"lag9",3.05283386512004,0.52625305831883
227,"lag10",1.41725909753596,0.598001459238947
227,"lag11",1.21647884030318,0.540490836953128
227,"lag12",1.7672830118235,0.434659083497298
228,"lag1",2.29270050967183,0.447752076593084
228,"lag2",0.233556259064032,0.515610176781707
228,"lag3",0.987820862966454,0.541854805008776
228,"lag4",1.26745492535128,0.566118581459154
228,"lag5",0.591602366336115,0.532334168851137
228,"lag6",0.500864141963518,0.447554478856594
228,"lag7",0.409646641927545,0.449236005557995
228,"lag8",2.20005172949145,0.513124228874098
228,"lag9",0.625104655870468,0.538258141409877
228,"lag10",0.207341137647781,0.56755124813064
228,"lag11",0.347660448883307,0.537476408166215
228,"lag12",2.11275791413303,0.446223568632594
229,"lag1",1.84365528942628,0.483462435891061
229,"lag2",-0.426377013025014,0.554256852276804
229,"lag3",4.96522071392129,0.573010239898885
229,"lag4",3.73116623800771,0.58887436428898
229,"lag5",-0.372208471668628,0.586905747350213
229,"lag6",-0.0126266223262852,0.492097676762289
229,"lag7",-0.830645567570229,0.484987267738732
229,"lag8",3.9911500788637,0.548831415191105
229,"lag9",5.55287632420539,0.571119804641989
229,"lag10",4.83207048740319,0.585033520099924
229,"lag11",0.653749518704298,0.594112003649067
229,"lag12",-0.229948954701002,0.492066446997987
230,"lag1",4.64881599841993,0.442104706518468
230,"lag2",1.59536016970664,0.492608251241454
230,"lag3",2.59216370475752,0.546230490166791
230,"lag4",1.41710014123424,0.579761068291164
230,"lag5",0.880578009885772,0.518665789952435
230,"lag6",1.75554210844037,0.441332050621216
230,"lag7",0.621246844554767,0.442917588843295
230,"lag8",0.112373397272425,0.487852248269146
230,"lag9",0.812093635652505,0.54543793274824
230,"lag10",-0.539711589481736,0.568552136787591
230,"lag11",-0.260225306718335,0.522305511692334
230,"lag12",-0.0574920603887501,0.441996092661229
231,"lag1",7.80017137052002,0.480867981778367
231,"lag2",-1.05868299162887,0.546064813095913
231,"lag3",0.0848943048525298,0.571555722497008
231,"lag4",3.22177972567095,0.619044016797418
231,"lag5",0.264488634848992,0.561279141506334
231,"lag6",0.452220074763691,0.469868207503646
231,"lag7",2.06292213991373,0.484735083786756
231,"lag8",1.745716100391,0.542010764564873
231,"lag9",0.467662975034865,0.575491369629861
231,"lag10",-0.155632812229254,0.616518842429189
231,"lag11",-0.355060578808824,0.565972309209658
231,"lag12",-0.269673127567386,0.471919926941637
232,"lag1",3.60678990086003,0.44634830892501
232,"lag2",2.74074609886509,0.504454818352538
232,"lag3",4.03026537353292,0.541420299015348
232,"lag4",4.66850295748659,0.58321965339478
232,"lag5",0.967360877767548,0.540222819728358
232,"lag6",0.0165526542575851,0.449673950996523
232,"lag7",-0.106878653652977,0.449053094643139
232,"lag8",1.85199697058702,0.503439438589968
232,"lag9",3.87117438081637,0.544761120719719
232,"lag10",2.20285326103459,0.576243941694544
232,"lag11",1.48448027845487,0.548973854696427
232,"lag12",0.663583976385184,0.450043350297352
233,"lag1",3.94738515346603,0.439288292127342
233,"lag2",2.42023860659864,0.504178273457547
233,"lag3",1.73826810691805,0.543088628882134
233,"lag4",1.7709399182964,0.578047023887244
233,"lag5",-0.0168536254936056,0.517170257877653
233,"lag6",-1.42029574179423,0.437341800827125
233,"lag7",-0.102064640794564,0.441087904829929
233,"lag8",0.118391892748267,0.501237831377523
233,"lag9",0.758409007829433,0.543333487221129
233,"lag10",0.863633018413496,0.578061145243031
233,"lag11",-0.258889367695831,0.526052873771627
233,"lag12",0.696562579395723,0.438453724524492
234,"lag1",7.6416732629564,0.467235179329925
234,"lag2",0.285006814269109,0.549149415691044
234,"lag3",0.770150050734335,0.56884978430692
234,"lag4",-0.157181530102972,0.583363464830224
234,"lag5",0.116687471840039,0.540638721924645
234,"lag6",1.2371977593398,0.455625870465439
234,"lag7",1.36378953982993,0.46945822954339
234,"lag8",0.235891937292813,0.543681629167613
234,"lag9",-1.41613241036165,0.563629662307499
234,"lag10",-0.479949395990249,0.578198860107809
234,"lag11",-0.968730785376114,0.545127561261419
234,"lag12",-0.195957894986821,0.457179942951217
235,"lag1",7.14443669475965,0.431003393267519
235,"lag2",-0.101464948376854,0.514130976226777
235,"lag3",0.0964936707914355,0.54409014205809
235,"lag4",-0.125019921489983,0.523764735590544
235,"lag5",0.507446245814616,0.479848061238158
235,"lag6",2.32248179485002,0.420945566734071
235,"lag7",2.55160564270358,0.433542337615891
235,"lag8",-1.15271924306449,0.510355420553155
235,"lag9",-1.7406423609948,0.548535940195004
235,"lag10",-1.30642260720396,0.53017724898107
235,"lag11",0.387855737432817,0.491328548429255
235,"lag12",-0.774495008522529,0.426706838787847
236,"lag1",5.01406564525486,0.422362465004455
236,"lag2",0.753462352385531,0.491369316184694
236,"lag3",0.586773534331344,0.521285763426995
236,"lag4",1.3588521572367,0.543091551128168
236,"lag5",-1.46937850245457,0.50416605530757
236,"lag6",-0.96544210257429,0.432272103737354
236,"lag7",-0.412985496402196,0.425052401479515
236,"lag8",-0.897552242357828,0.487446152471507
236,"lag9",-0.875290976431812,0.525174226289025
236,"lag10",-0.490290145811247,0.552854045119369
236,"lag11",-0.936972097218978,0.513326260937025
236,"lag12",-2.22533603652369,0.438752233427503
237,"lag1",1.31945221793225,0.445428023437927
237,"lag2",-0.684240909975277,0.507033057249893
237,"lag3",-0.636345773395565,0.553496778842861
237,"lag4",0.430717610023577,0.56063524214195
237,"lag5",-1.26746216210474,0.50705316594544
237,"lag6",-0.284263083143318,0.441287684388003
237,"lag7",0.819541282018249,0.448107865516213
237,"lag8",-0.127189131417901,0.505011478328264
237,"lag9",-0.539076018384294,0.556931973521297
237,"lag10",-2.719503525243,0.559582825188869
237,"lag11",-1.93937725471927,0.519003052886589
237,"lag12",-2.77691951295431,0.447145674106354
238,"lag1",1.28899472850713,0.458794631286486
238,"lag2",-0.610033211863627,0.524598140988896
238,"lag3",0.422339433956938,0.57064382985778
238,"lag4",2.00797470027728,0.625175175380291
238,"lag5",-0.938386608952281,0.591781717153944
238,"lag6",-0.389900887161014,0.477079187889081
238,"lag7",0.26371369760543,0.460219758139448
238,"lag8",1.59052633880978,0.523216243399335
238,"lag9",1.22361931922,0.567125212766493
238,"lag10",0.936889148955042,0.624228175665844
238,"lag11",0.909648525719495,0.602761450519251
238,"lag12",1.19156434102008,0.478688201572091
239,"lag1",1.9039908068025,0.439241149443859
239,"lag2",-0.114700558660488,0.493516795275972
239,"lag3",-0.567892572698187,0.529708611496901
239,"lag4",-0.11315014436671,0.593159535496737
239,"lag5",0.417952755577646,0.538745345435682
239,"lag6",-0.216633311277733,0.44667935406611
239,"lag7",-1.59976975500867,0.443223712438592
239,"lag8",-1.0016941685538,0.490007874545134
239,"lag9",1.8539583858449,0.525099206382791
239,"lag10",-0.261442871237661,0.586664730977227
239,"lag11",-0.676701492536065,0.549820013848713
239,"lag12",-0.471241389053613,0.447323954962868
240,"lag1",3.8579647816345,0.456299601904767
240,"lag2",0.529853377873501,0.523857586149626
240,"lag3",2.80780534021996,0.562236602709032
240,"lag4",2.9080264938106,0.587245855760129
240,"lag5",0.394017510506123,0.538353146421876
240,"lag6",-1.06115115127261,0.458677292689093
240,"lag7",-0.260190297211584,0.458648581060601
240,"lag8",2.96673626086253,0.516509100081969
240,"lag9",2.47364287040014,0.558447970687758
240,"lag10",3.47561678051996,0.577377269310391
240,"lag11",0.36725103699869,0.545648539985886
240,"lag12",-0.551835981182744,0.458146945565821
241,"lag1",2.25114508663676,0.42828336376614
241,"lag2",-1.92988347878694,0.50037869882164
241,"lag3",-0.0260819125732105,0.548106704776335
241,"lag4",1.86074366581523,0.533747722079632
241,"lag5",0.194448706527826,0.517977604152998
241,"lag6",0.154736173850474,0.436838842841653
241,"lag7",3.47070867777642,0.430951079542432
241,"lag8",0.910464012013996,0.49617662938036
241,"lag9",-0.85094755701664,0.547701869337818
241,"lag10",0.216973892110613,0.52616677315613
241,"lag11",0.745537264131968,0.527201365715955
241,"lag12",-0.69664018042306,0.439668975991701
242,"lag1",8.78203628443829,0.458386301185443
242,"lag2",-0.502408965331418,0.540990690059773
242,"lag3",0.973077534628703,0.564932744896124
242,"lag4",1.87619054662401,0.566897930597579
242,"lag5",1.40293416018534,0.536259034291933
242,"lag6",2.44915901231427,0.458004124582009
242,"lag7",3.22129120820119,0.461129044279163
242,"lag8",3.48090326243395,0.537696022098721
242,"lag9",1.19987690097683,0.564842231304917
242,"lag10",0.216586231494118,0.570331639979759
242,"lag11",0.446328771741306,0.547608489283452
242,"lag12",0.501770176805558,0.466189701599756
243,"lag1",5.70198673828219,0.479169314901871
243,"lag2",2.22600420627525,0.533632550209982
243,"lag3",2.97482308563551,0.565664473623981
243,"lag4",3.93351820645945,0.619781636513396
243,"lag5",0.696785266424576,0.565861011470459
243,"lag6",1.80770133732848,0.472675427454318
243,"lag7",1.34668531652723,0.479848370088386
243,"lag8",3.81894764532207,0.532295735103466
243,"lag9",1.04099488162181,0.5648077298006
243,"lag10",0.623258611803386,0.616366646156085
243,"lag11",0.291459408861618,0.573093837537301
243,"lag12",-0.345763176783946,0.475043093751569
244,"lag1",4.01885167891083,0.443622785061331
244,"lag2",0.0498621025467565,0.520243868583291
244,"lag3",-0.102461211302101,0.554083995516072
244,"lag4",0.878505168697912,0.544252470924622
244,"lag5",-0.406925793677188,0.507160728079912
244,"lag6",-0.523177410018545,0.436451442418095
244,"lag7",0.0902982387830686,0.448510346489338
244,"lag8",1.58166581183979,0.51944434164411
244,"lag9",0.637915583282776,0.560260842088647
244,"lag10",0.530189571066864,0.547001697419906
244,"lag11",-0.446813679077909,0.515881685377494
244,"lag12",-1.33176859673313,0.440280606084487
245,"lag1",10.0546922865444,0.464849018115594
245,"lag2",2.92793449151251,0.574583007603508
245,"lag3",4.55748876865536,0.562428979054876
245,"lag4",5.09712842554624,0.559426155847061
245,"lag5",1.89269449296824,0.551773973973101
245,"lag6",2.2297434344339,0.46430410269986
245,"lag7",2.04882672018057,0.466497493941542
245,"lag8",4.90671511208051,0.5703004308711
245,"lag9",2.61881511197412,0.563219208624742
245,"lag10",2.2385819215486,0.55989593939839
245,"lag11",2.68290718561357,0.563400177900504
245,"lag12",2.69395636714658,0.473523114192033
246,"lag1",6.05327712329788,0.479448319535883
246,"lag2",0.197575354743056,0.553183641360807
246,"lag3",1.66650301117478,0.607918248236823
246,"lag4",3.7067259119586,0.630679295781935
246,"lag5",-0.00393366748945238,0.580340225042413
246,"lag6",1.37539901701279,0.484707391123197
246,"lag7",0.738872759807903,0.482973465713397
246,"lag8",-0.19681788893094,0.550307459969404
246,"lag9",0.367983134352525,0.608447902950117
246,"lag10",0.511677116791259,0.629876205327651
246,"lag11",-0.387105104871755,0.593830656788639
246,"lag12",-0.368903129443428,0.490951794495555
247,"lag1",2.20131087317383,0.416954615741034
247,"lag2",-1.4964454874627,0.484997331821547
247,"lag3",-0.817573764423855,0.521105116778196
247,"lag4",0.416415840279354,0.536518720460296
247,"lag5",-0.401002460808748,0.488993149967976
247,"lag6",1.92230824449746,0.410133454445226
247,"lag7",2.64287789039995,0.42081218267671
247,"lag8",2.21686838638072,0.480320381117329
247,"lag9",0.791512236660335,0.524495097914778
247,"lag10",-0.77998323740712,0.539437927127972
247,"lag11",0.571945657477054,0.500127841136342
247,"lag12",0.603248736171001,0.414561059775451
248,"lag1",0.932231783509956,0.429232971332281
248,"lag2",0.111180219094315,0.488216018179424
248,"lag3",1.65793746815821,0.507254233732178
248,"lag4",1.55176736492067,0.557745181822168
248,"lag5",-0.307870864328105,0.51313227981788
248,"lag6",0.702189194767871,0.424369933030175
248,"lag7",0.323604166009524,0.430717675560647
248,"lag8",1.40041347223071,0.485791484608817
248,"lag9",0.813389043611083,0.502984850105143
248,"lag10",0.408604141311996,0.554160874341627
248,"lag11",0.732881959686267,0.521083171625328
248,"lag12",-0.293202305998815,0.424846900620683
249,"lag1",0.149051441227232,0.447218655541337
249,"lag2",-1.86502827265374,0.501887106483073
249,"lag3",-0.748359973126024,0.543183321990347
249,"lag4",0.188332079037217,0.61185276863786
249,"lag5",-0.536404948726278,0.560720215400367
249,"lag6",-0.651116743230862,0.45801831279031
249,"lag7",-1.51619613120454,0.452651204393998
249,"lag8",-0.0800530691667122,0.499789774085648
249,"lag9",1.39338367245232,0.544743565343519
249,"lag10",0.850681323443252,0.613483807598379
249,"lag11",0.0584136665025055,0.568192269282216
249,"lag12",-0.804957416807875,0.460803778073863
250,"lag1",1.66746252315995,0.473050388506265
250,"lag2",-0.781622391523079,0.553792984702371
250,"lag3",-0.896015807846909,0.575025739170194
250,"lag4",0.34982010797383,0.602880434917965
250,"lag5",0.391279926719685,0.541627002362751
250,"lag6",0.438845176259307,0.461769214320692
250,"lag7",0.662301079733108,0.480739446988215
250,"lag8",0.342757821561539,0.549795514035255
250,"lag9",0.178717911442293,0.575330669795349
250,"lag10",-0.310262803852914,0.599934958319224
250,"lag11",0.531076579295719,0.545645154313412
250,"lag12",-1.34191054424923,0.463580189665358
251,"lag1",2.31089246414345,0.425602800265912
251,"lag2",3.25382096765503,0.471989817813648
251,"lag3",4.44733316156864,0.518064744850672
251,"lag4",3.74219084546405,0.566800399098551
251,"lag5",-0.346884225406761,0.531021526455072
251,"lag6",-0.828565217885167,0.43549906642687
251,"lag7",-0.583491180053648,0.428593262408257
251,"lag8",0.389272895170933,0.470733043155423
251,"lag9",0.748464309722678,0.524220246725947
251,"lag10",0.0297458727606484,0.570124069355645
251,"lag11",-0.773788470357913,0.541468382372411
251,"lag12",-0.0675170637582934,0.439550529865828
252,"lag1",-0.344574789783063,0.410150845465434
252,"lag2",-1.35608685784862,0.458065762404922
252,"lag3",1.00944938306705,0.50658367064898
252,"lag4",3.37739052590504,0.551333422656061
252,"lag5",0.231505040998298,0.502557055730232
252,"lag6",-0.24820551749389,0.417237368659022
252,"lag7",-0.731824757102904,0.414908524302821
252,"lag8",-1.20849717388965,0.456846050327059
252,"lag9",-0.573634442163795,0.499303369326887
252,"lag10",-0.0476776108581577,0.548261524487524
252,"lag11",-0.0245532196971886,0.505690851521441
252,"lag12",-0.609984187834991,0.419561427390769
253,"lag1",0.910050905687957,0.456491191631649
253,"lag2",0.821542001964717,0.509761378419664
253,"lag3",4.23355151162399,0.553522786442348
253,"lag4",3.82650252233401,0.584065463924478
253,"lag5",0.410688362174752,0.548639747813634
253,"lag6",-0.932578427822118,0.45627904610644
253,"lag7",0.144636829708918,0.46089390898567
253,"lag8",3.46583190247105,0.511431677897365
253,"lag9",2.93420692536491,0.560250392477786
253,"lag10",2.3512391561109,0.592504036978853
253,"lag11",1.10077046052756,0.563448487762818
253,"lag12",1.18309872653093,0.461459194277572
254,"lag1",5.69866143248429,0.42998650663464
254,"lag2",-0.501086764311476,0.494045159956777
254,"lag3",-0.99803566912211,0.516522187620885
254,"lag4",1.10546517561797,0.551192158800449
254,"lag5",-0.638272261098987,0.528028994328841
254,"lag6",0.491332733198727,0.43493423147445
254,"lag7",1.19362522833676,0.433091270356243
254,"lag8",0.22199145154784,0.493333812291459
254,"lag9",-0.0189091030356006,0.51847811844552
254,"lag10",-1.43298622418286,0.544781569781292
254,"lag11",-1.14001480781228,0.535410875512704
254,"lag12",-1.33464163862508,0.437921750235967
255,"lag1",2.30275573508169,0.448929473300926
255,"lag2",2.91986128479462,0.494625672945962
255,"lag3",6.90355228246524,0.553758958488441
255,"lag4",4.11260703015373,0.589558388103446
255,"lag5",0.903155730731274,0.55605083145123
255,"lag6",1.26739094785746,0.446651454201553
255,"lag7",1.48287640535611,0.449228459170369
255,"lag8",0.627624456300671,0.490399972983085
255,"lag9",-0.0398203976068805,0.552037709128878
255,"lag10",-0.271931896602447,0.595135101843613
255,"lag11",-0.226128263114579,0.562760364244458
255,"lag12",0.0473633431753968,0.452864896657984
256,"lag1",5.30288107030413,0.41793817294183
256,"lag2",0.0615115929886161,0.481686255539617
256,"lag3",2.25611325437516,0.530019613331828
256,"lag4",1.2213829682976,0.54752976155001
256,"lag5",0.566986491060441,0.481895069315158
256,"lag6",-0.13791234550197,0.421564972545013
256,"lag7",-0.313661365222311,0.423557928953114
256,"lag8",-0.258629778039257,0.477253158840286
256,"lag9",2.71847138859363,0.536578839202135
256,"lag10",1.12926521687113,0.553006043731506
256,"lag11",1.23979502829108,0.488212156785508
256,"lag12",0.313769810709794,0.42762875833975
257,"lag1",5.58486952763244,0.434842465793022
257,"lag2",2.05040773567107,0.508643621807595
257,"lag3",0.41832287095111,0.547912889789751
257,"lag4",1.65284677311523,0.561655524979916
257,"lag5",1.96485825516364,0.519268565977946
257,"lag6",2.06056844232814,0.442197412618538
257,"lag7",2.34552428503767,0.436558051866669
257,"lag8",3.31656479450801,0.504679785421425
257,"lag9",0.579809701324745,0.54991364048554
257,"lag10",-0.513631523994461,0.561263235677238
257,"lag11",1.57500010158197,0.530883858259094
257,"lag12",1.92763172916166,0.44768460589957
258,"lag1",3.75113620493679,0.454604533780084
258,"lag2",1.4218678518709,0.511101973302558
258,"lag3",2.56597247030115,0.549366826394805
258,"lag4",2.83893151901331,0.614802004076804
258,"lag5",-0.222324799001477,0.540989788766061
258,"lag6",-0.0329107456051907,0.458161358581683
258,"lag7",0.695928130407473,0.461512116425423
258,"lag8",1.91662958786529,0.513434652214206
258,"lag9",1.85386238435928,0.551446262767066
258,"lag10",1.14774231116253,0.616614743981499
258,"lag11",-1.6001253377574,0.550660288818546
258,"lag12",-0.198135441202686,0.460244503159456
259,"lag1",2.32573005066868,0.450460044477077
259,"lag2",-0.662898546722032,0.512352895819385
259,"lag3",2.2758627691385,0.536602221582496
259,"lag4",3.95324851344578,0.577361831830441
259,"lag5",0.835906293627848,0.54196454133598
259,"lag6",0.203515292819317,0.455059568006192
259,"lag7",0.667069506468956,0.451597767283602
259,"lag8",-0.12342455429249,0.506540612450748
259,"lag9",-1.35636317836164,0.53278907058633
259,"lag10",-1.15212940134952,0.571222655028097
259,"lag11",0.20066200862254,0.549155178308812
259,"lag12",1.04238484462181,0.456095974426273
260,"lag1",2.92743582039864,0.49191049405848
260,"lag2",-0.804965077142329,0.568099780808659
260,"lag3",-0.00991510215721939,0.582338879330779
260,"lag4",2.81489008316703,0.604728377429019
260,"lag5",0.335750279752146,0.586419746836009
260,"lag6",-0.561013602712619,0.492253377298981
260,"lag7",-1.59313182924308,0.497841171319073
260,"lag8",1.7027406870002,0.564882028744914
260,"lag9",1.67841507339542,0.580938431308375
260,"lag10",0.740555535289085,0.601897547575151
260,"lag11",0.734403706904874,0.59402395117043
260,"lag12",-0.431952299883082,0.493578014334696
261,"lag1",0.118831262544273,0.425408601033072
261,"lag2",-1.55645974952443,0.48373759812333
261,"lag3",1.88246339318195,0.509948873441386
261,"lag4",1.84435367625366,0.526958597053976
261,"lag5",0.412793681297374,0.489987481532091
261,"lag6",0.353964685666497,0.414254078164688
261,"lag7",-0.0399011513221695,0.424785136640409
261,"lag8",1.50496581034066,0.47991779798854
261,"lag9",0.328058619156722,0.521138079443872
261,"lag10",1.76626965557567,0.522239138783673
261,"lag11",0.311356798337888,0.500683861503094
261,"lag12",-0.122161869291826,0.418476690570596
262,"lag1",-0.398280349620359,0.481455896620362
262,"lag2",-1.49545042776246,0.546799689872349
262,"lag3",0.220954553408837,0.574375891036556
262,"lag4",0.440305334161628,0.604974002933557
262,"lag5",-0.62905813937956,0.558054383580681
262,"lag6",0.115951069542535,0.466576760060778
262,"lag7",-0.718638052171752,0.485489758632739
262,"lag8",2.62282727994656,0.544646094017144
262,"lag9",1.81683282570374,0.580242490784285
262,"lag10",1.25668341631649,0.606575037426293
262,"lag11",0.48085616436934,0.57076487523802
262,"lag12",0.00585381844707345,0.468383610312757
263,"lag1",3.22373990908843,0.45816319297213
263,"lag2",-1.31464231034567,0.521232868617528
263,"lag3",-0.346746190202134,0.545871883002305
263,"lag4",0.228935163330293,0.625135241860184
263,"lag5",0.316989355180928,0.543727241234032
263,"lag6",0.110999430628853,0.452418006005822
263,"lag7",1.23789502883482,0.463292030260388
263,"lag8",4.08133785515082,0.516588195142372
263,"lag9",2.4207543201536,0.552160837694955
263,"lag10",1.04426415991962,0.618347888086732
263,"lag11",-0.691187048808464,0.547542033481005
263,"lag12",2.0198914120485,0.45086178031568
264,"lag1",3.32280200328133,0.464545359808297
264,"lag2",0.786704590829406,0.532587906460324
264,"lag3",1.46418865587054,0.535709118394385
264,"lag4",1.39388029622773,0.592406936022937
264,"lag5",0.460677433743608,0.566223348703694
264,"lag6",1.22755335180817,0.456703440314529
264,"lag7",0.768760407926136,0.466938227276634
264,"lag8",0.64800208822879,0.528532065014093
264,"lag9",-0.322346710445364,0.536177507774327
264,"lag10",0.0273763544976512,0.589796899298226
264,"lag11",1.13834225284748,0.57083072220162
264,"lag12",1.43600002179103,0.459817362047331
265,"lag1",1.26834075059031,0.455222173203881
265,"lag2",-1.34090135048555,0.532233573596417
265,"lag3",-1.1941258351964,0.543564762229568
265,"lag4",0.460926126600152,0.570307532777305
265,"lag5",-0.357434899180874,0.521343998326856
265,"lag6",-0.595223519150813,0.440400820959429
265,"lag7",-0.0619357592264601,0.461768588333354
265,"lag8",-0.18028579656711,0.533389133335439
265,"lag9",0.88454664141524,0.55031988266417
265,"lag10",0.998491588583622,0.570133871612666
265,"lag11",-0.459935423605706,0.536503700100124
265,"lag12",-0.845828995716571,0.442007104784834
266,"lag1",4.60695199383576,0.434058747580717
266,"lag2",-0.374492555023343,0.50921384373236
266,"lag3",-1.33276817156369,0.54819392050684
266,"lag4",0.0625893492439139,0.527163659041555
266,"lag5",-0.182570188963424,0.505922819778536
266,"lag6",1.41089938631611,0.431267826360546
266,"lag7",0.361793783315677,0.438873317774875
266,"lag8",-1.23404925273348,0.508384112099399
266,"lag9",0.71750928496137,0.5515630297011
266,"lag10",0.0586938581675157,0.529581644512677
266,"lag11",0.51268359156743,0.516275477349495
266,"lag12",0.293641063444441,0.436340719887032
267,"lag1",6.05967846020679,0.438355707622698
267,"lag2",1.41812971404217,0.511818020232023
267,"lag3",1.28750865159234,0.549964691134341
267,"lag4",0.838410470999137,0.572996841536921
267,"lag5",0.330266453405647,0.534129152477641
267,"lag6",0.389227911917082,0.442709497238738
267,"lag7",0.984260879764129,0.440083621406331
267,"lag8",0.399737664533003,0.509805676859486
267,"lag9",0.070796357786458,0.546601112692966
267,"lag10",-0.17518714367373,0.566011489931433
267,"lag11",-0.855024123717324,0.546346133578107
267,"lag12",0.66942675069821,0.444405360511179
268,"lag1",3.48666412526109,0.449623196201198
268,"lag2",1.17113172421223,0.504314985829567
268,"lag3",4.82931043756223,0.548781461152473
268,"lag4",6.91504222056586,0.577134946624259
268,"lag5",1.56417776331682,0.554254869834403
268,"lag6",0.260041732133094,0.452872916114485
268,"lag7",-1.19415328021876,0.452065712538408
268,"lag8",1.81268168151409,0.50300454163014
268,"lag9",0.853407910089281,0.549789075461895
268,"lag10",1.59422054271293,0.572238992878813
268,"lag11",0.296458163484676,0.563629096661764
268,"lag12",-0.737647768896966,0.456957111465887
269,"lag1",7.05173668806386,0.466655090469313
269,"lag2",1.11819569268018,0.541604216348925
269,"lag3",1.26139673557159,0.568236721173955
269,"lag4",1.39328730898911,0.582459919051935
269,"lag5",0.0174868044628403,0.554714370414795
269,"lag6",1.7642658228254,0.46305472189064
269,"lag7",0.960515621036221,0.470945706778678
269,"lag8",0.713923789797815,0.537287485825953
269,"lag9",-2.26175947416888,0.567072648535316
269,"lag10",-2.67179081279504,0.578163870588035
269,"lag11",-0.0189237208914318,0.565950109686773
269,"lag12",-0.983725347610989,0.467423702700067
270,"lag1",4.3179379512491,0.47500378748013
270,"lag2",1.56565089317598,0.528229757188139
270,"lag3",1.40446321560316,0.560374245032308
270,"lag4",4.7634040516616,0.652578551774967
270,"lag5",-0.575304906652301,0.577409318663063
270,"lag6",0.917783283804082,0.472906830367171
270,"lag7",-0.344787749094223,0.478179196139409
270,"lag8",-1.49363527467317,0.526598170074749
270,"lag9",-2.51583624879957,0.564720707994407
270,"lag10",-1.13363052951633,0.645182303933686
270,"lag11",-1.48960185214578,0.584515067408905
270,"lag12",-1.39353366479582,0.470791969850695
271,"lag1",5.35878242053397,0.473931881269801
271,"lag2",1.96814926020295,0.554230911818784
271,"lag3",5.53656698441917,0.580890991685896
271,"lag4",3.32405685601684,0.5793325415096
271,"lag5",1.09034540676456,0.542518722795909
271,"lag6",-0.294489903030243,0.472291898371051
271,"lag7",-0.941665719401065,0.478914496962297
271,"lag8",2.58863492866025,0.550100787964812
271,"lag9",3.22244042536664,0.582002261719224
271,"lag10",3.67346600870667,0.582406963782251
271,"lag11",1.2052389237809,0.557935635106354
271,"lag12",0.24259651909554,0.479950166841808
272,"lag1",4.54167715521711,0.463487162173274
272,"lag2",1.31667714714038,0.552388809406016
272,"lag3",3.83462647025418,0.556686510368592
272,"lag4",4.56475247229329,0.586307075132645
272,"lag5",2.15468640413923,0.551427378180272
272,"lag6",1.09127661394181,0.467266448623636
272,"lag7",0.377143106490819,0.465852213083979
272,"lag8",3.0134470163506,0.549247295189528
272,"lag9",4.33001622309625,0.556854082915586
272,"lag10",3.54873885970264,0.573112566130001
272,"lag11",0.728304264709314,0.555802203950854
272,"lag12",2.73691096557119,0.469864776917486
273,"lag1",3.55307075405678,0.476789735734266
273,"lag2",0.173946471403207,0.52981252633315
273,"lag3",-0.169924409209591,0.562464552711239
273,"lag4",1.93238535666392,0.64502913452768
273,"lag5",0.338172128997048,0.599377939294261
273,"lag6",1.25449511879879,0.475421985978934
273,"lag7",1.14555783473036,0.479595150685434
273,"lag8",0.783011431550091,0.526003740275976
273,"lag9",1.20576520979194,0.558312033615689
273,"lag10",0.899032815630515,0.641838178399017
273,"lag11",0.14517878068318,0.614336901703877
273,"lag12",1.95458708456078,0.477764705023357
274,"lag1",-0.512922993178009,0.425113922833398
274,"lag2",-0.466801501773448,0.483003699284444
274,"lag3",-0.0714924593690859,0.514856278337863
274,"lag4",1.04859458347123,0.573042565711306
274,"lag5",-0.710253315835272,0.511893786307969
274,"lag6",0.397469288192963,0.421432987599787
274,"lag7",-1.2199553554514,0.430494181261136
274,"lag8",-1.10634231291209,0.480823020789893
274,"lag9",-0.153391187779351,0.520634786775496
274,"lag10",0.0883744202538333,0.574425538060782
274,"lag11",-0.560579954986563,0.522749402854369
274,"lag12",-0.269494130597756,0.42326420213727
275,"lag1",1.182373627448,0.443188900266239
275,"lag2",0.436067563907006,0.508481510488341
275,"lag3",1.66833863519096,0.531441715056736
275,"lag4",2.30920749864816,0.58237467852515
275,"lag5",0.557121745162203,0.570143202573515
275,"lag6",1.35112564679893,0.452684552784551
275,"lag7",2.9827891122355,0.444653853571598
275,"lag8",3.44649881619183,0.502307810356129
275,"lag9",2.30117290664814,0.530451888558006
275,"lag10",0.565381614538858,0.579956687746437
275,"lag11",1.13598146379364,0.578937461943299
275,"lag12",0.641010458486892,0.457863577284226
276,"lag1",6.78943507635767,0.4989578373346
276,"lag2",1.54962976036124,0.58405905543319
276,"lag3",2.27338021268939,0.604009630006941
276,"lag4",3.271147854025,0.625750316084919
276,"lag5",1.05322316349986,0.613027988207931
276,"lag6",-0.532024496401506,0.516633657381185
276,"lag7",-1.44987542753774,0.505301796415699
276,"lag8",0.549854869339479,0.581266615558028
276,"lag9",0.579276274264878,0.601094148040066
276,"lag10",1.04150035378163,0.62265325954188
276,"lag11",0.861866283745142,0.623499652899599
276,"lag12",-0.139056798464309,0.517567054158888
277,"lag1",2.30494196700362,0.460537495609087
277,"lag2",0.487195160369982,0.545529758364509
277,"lag3",1.53800429949702,0.550347118281294
277,"lag4",2.37131131316349,0.589683010709538
277,"lag5",1.76322056250224,0.545600057594411
277,"lag6",-0.91965935594327,0.456396091186623
277,"lag7",-1.67349269981324,0.463615603980742
277,"lag8",1.09079673297155,0.53625873323498
277,"lag9",2.26919361787983,0.556678876834362
277,"lag10",2.61887681463304,0.586601263478144
277,"lag11",1.11438442872279,0.550131507567995
277,"lag12",1.3784798730464,0.456930938329749
278,"lag1",1.36374584686323,0.452662383385003
278,"lag2",2.21509577699817,0.520330270617003
278,"lag3",4.1879047765482,0.541289643850244
278,"lag4",3.60942528204056,0.565608841808092
278,"lag5",0.842787786833541,0.522021471000213
278,"lag6",0.511791571591784,0.44106396107579
278,"lag7",0.440141227201029,0.454829877486685
278,"lag8",2.65076762345774,0.516141143085296
278,"lag9",2.56489737895838,0.539416027479062
278,"lag10",3.24131927350458,0.561248435019144
278,"lag11",0.933320124119007,0.528744292948814
278,"lag12",1.65152650107811,0.441406090546493
279,"lag1",4.46854295705609,0.436856817004733
279,"lag2",1.30789953886957,0.492619744582037
279,"lag3",2.04468347584423,0.533359679219223
279,"lag4",1.42734342221761,0.564065468856247
279,"lag5",0.510678654504897,0.526580515229089
279,"lag6",-0.610286493067518,0.436305733344964
279,"lag7",-0.999220119394487,0.440286583271858
279,"lag8",-0.153764691373279,0.489185621971623
279,"lag9",1.32211037255573,0.533528538730833
279,"lag10",0.390540361154704,0.569097917088116
279,"lag11",-0.386068035279947,0.538307548219741
279,"lag12",0.600610273333923,0.440348076579434
280,"lag1",2.81238619242073,0.451432322510299
280,"lag2",0.883739108556,0.517097972621253
280,"lag3",1.51014814537167,0.552918870131469
280,"lag4",2.36344921047915,0.59461679836471
280,"lag5",1.51423849557809,0.564191527663377
280,"lag6",0.679832168299071,0.458119515229761
280,"lag7",1.66476097467803,0.453491265934998
280,"lag8",4.76313783118395,0.513109141770852
280,"lag9",1.18980703819801,0.55151158354421
280,"lag10",1.68345923967144,0.592193900083604
280,"lag11",0.849217651180311,0.569274823839863
280,"lag12",1.86543135416533,0.460057638086168
281,"lag1",11.2534807359462,0.479711423161938
281,"lag2",0.84013554741509,0.570143705736667
281,"lag3",1.35783156845104,0.602706233907641
281,"lag4",1.22854059194484,0.593009141330378
281,"lag5",0.134297264636683,0.558407422163907
281,"lag6",0.0978488741865438,0.47425525185039
281,"lag7",-0.00170543229394172,0.486130011636292
281,"lag8",0.233333465412491,0.569819756033994
281,"lag9",-1.01854893783481,0.613168573584181
281,"lag10",-0.498745528634331,0.594236693565439
281,"lag11",-0.272150024229776,0.564100890423219
281,"lag12",-1.14930283207252,0.478550479831725
282,"lag1",4.88476029370711,0.445736797590096
282,"lag2",0.209370541744084,0.513248300497232
282,"lag3",2.60275935051454,0.563505343019935
282,"lag4",3.06607185634513,0.570557032466623
282,"lag5",0.0345744618093572,0.505716222386003
282,"lag6",0.758263258206589,0.432814914908226
282,"lag7",-0.724504404900747,0.451306235848106
282,"lag8",-1.4780292568887,0.511515203859896
282,"lag9",-0.51956850608546,0.570061206276234
282,"lag10",0.359330577473344,0.569746319315415
282,"lag11",1.31953202615927,0.513225867410805
282,"lag12",-0.305708855064997,0.4383592602645
283,"lag1",1.90946208281946,0.465605048984763
283,"lag2",3.33420669439087,0.520578033881582
283,"lag3",5.38241957489235,0.553591987332839
283,"lag4",2.90239997985848,0.576778183399831
283,"lag5",1.0263396041908,0.534736741862352
283,"lag6",0.733954366722634,0.451418069147607
283,"lag7",1.9207869386398,0.469938947327979
283,"lag8",1.1546893148165,0.515317787954631
283,"lag9",0.845051430626918,0.549599517554219
283,"lag10",-0.310251029524684,0.577094184701761
283,"lag11",0.356028411135074,0.541953400942195
283,"lag12",-0.210889029455038,0.455608353980989
284,"lag1",2.76671948793725,0.456127806683054
284,"lag2",0.49483528484359,0.524964649429088
284,"lag3",3.06505567740586,0.553080607348412
284,"lag4",3.12719338353755,0.567699457478724
284,"lag5",0.184253737873555,0.520248384359435
284,"lag6",-0.217540721348685,0.450417254699221
284,"lag7",0.736464219742671,0.459643613487508
284,"lag8",3.77933689274936,0.522711565216904
284,"lag9",1.61277470168721,0.553911777985267
284,"lag10",0.0251922200755854,0.564829467140099
284,"lag11",0.294537760262337,0.525645286956862
284,"lag12",-0.184003437284807,0.449072268427845
285,"lag1",3.32196121893187,0.409217282746998
285,"lag2",2.06265722448489,0.481579753062981
285,"lag3",4.16429815690769,0.522894458537695
285,"lag4",5.0854415978598,0.514894516883557
285,"lag5",1.74811870792299,0.478633156667097
285,"lag6",1.17710370952351,0.414416593411541
285,"lag7",1.47748536137459,0.411911156193542
285,"lag8",2.08655232898698,0.480839852407824
285,"lag9",-0.112711774663805,0.531877317469289
285,"lag10",1.16055386000492,0.523433622311585
285,"lag11",2.61974906081364,0.493974383766897
285,"lag12",0.984976299498561,0.423709447753735
286,"lag1",2.71193671921165,0.435441785599844
286,"lag2",0.446771933974059,0.482075848680159
286,"lag3",1.23049630978396,0.542872991614417
286,"lag4",0.565125564663739,0.569650910290969
286,"lag5",-0.178893474004976,0.504925586690204
286,"lag6",0.943048069118821,0.432120364254278
286,"lag7",1.78655650737221,0.438594172139163
286,"lag8",0.934213159169752,0.483612085533043
286,"lag9",0.976852192124188,0.54381124438006
286,"lag10",0.60654807744787,0.562491359748106
286,"lag11",1.07963376394297,0.508503851861928
286,"lag12",0.445522049202019,0.429906112680992
287,"lag1",4.85656653889399,0.439320518289742
287,"lag2",0.837622107849723,0.509140424298264
287,"lag3",-0.232210704337755,0.543002637098632
287,"lag4",1.82717847561968,0.594425847990429
287,"lag5",-0.498213868368996,0.533691204235234
287,"lag6",-0.729195611344716,0.442779700032206
287,"lag7",0.545278798374942,0.441981261846205
287,"lag8",-0.706552320834131,0.507939232979824
287,"lag9",-1.95707570069489,0.542744039946208
287,"lag10",-2.32303966372375,0.594877327177337
287,"lag11",-1.06060120623265,0.540880555567912
287,"lag12",-0.779611190265129,0.444075070437054
288,"lag1",2.49463012451002,0.437268493672702
288,"lag2",0.165932112117397,0.496690217335243
288,"lag3",3.17067159766396,0.517868792478525
288,"lag4",2.5894147995741,0.549719039989328
288,"lag5",1.31304704809428,0.515211938228927
288,"lag6",2.03747213319282,0.426497109937854
288,"lag7",1.52242412356796,0.440620743080691
288,"lag8",1.97416885567266,0.49633949341881
288,"lag9",0.981226832126134,0.515052253946425
288,"lag10",-0.619696026072127,0.550832679661468
288,"lag11",1.46080456444123,0.523403819089494
288,"lag12",2.6908347884855,0.433246876780049
289,"lag1",0.669468489446711,0.448656529776033
289,"lag2",-0.148982270876917,0.510810124756955
289,"lag3",0.141498500652583,0.520201333328532
289,"lag4",0.457690493165266,0.561805773979744
289,"lag5",-0.180108288265535,0.511673434898457
289,"lag6",1.41145297605683,0.434759527472388
289,"lag7",1.6141159367485,0.452056973124139
289,"lag8",4.10584784876017,0.504599790631204
289,"lag9",0.2379381678823,0.524076504788032
289,"lag10",-1.03396859165768,0.559875224247239
289,"lag11",-0.61977866291213,0.51848442159347
289,"lag12",0.136138697493825,0.436701026595368
290,"lag1",2.23386461426681,0.436129233933362
290,"lag2",0.112391126909428,0.504798251776314
290,"lag3",0.229350121529636,0.528296509727928
290,"lag4",0.886399502668447,0.55416345854443
290,"lag5",0.317597295232519,0.515971125385346
290,"lag6",1.02325503342904,0.436214726274376
290,"lag7",0.806130386085004,0.439157935455268
290,"lag8",-0.624990578009246,0.502188595149684
290,"lag9",-0.711358539195953,0.528630591928792
290,"lag10",0.429378446863923,0.550194344221197
290,"lag11",0.0343379425581785,0.523924391315992
290,"lag12",0.368300369514942,0.435506254572946
291,"lag1",3.02412761308487,0.459527855630751
291,"lag2",0.0760379995742062,0.517834480240814
291,"lag3",0.0267064918043097,0.546632964386285
291,"lag4",3.45366416360074,0.575828059693439
291,"lag5",2.00951992762136,0.548086095427863
291,"lag6",0.281423248660592,0.463880137884964
291,"lag7",-0.519879830598501,0.463830049296497
291,"lag8",0.943086505474268,0.516709394461786
291,"lag9",0.287109066057379,0.545926721825473
291,"lag10",0.927797234132009,0.573169329140977
291,"lag11",0.872532177841951,0.55560058419179
291,"lag12",3.50130254505288,0.465668998462435
292,"lag1",3.18514867165501,0.44888368670902
292,"lag2",-0.8398882129363,0.507973319883626
292,"lag3",2.79266397553025,0.557857276289567
292,"lag4",3.54623783035045,0.578868969698869
292,"lag5",1.04235950955006,0.523286090252482
292,"lag6",0.962399060729303,0.444847171149828
292,"lag7",0.104586098862353,0.449894066342792
292,"lag8",0.186825286596752,0.504852828805048
292,"lag9",1.43226556675666,0.555412550805662
292,"lag10",1.15171343934424,0.576622574613017
292,"lag11",0.697851188576827,0.531178792180102
292,"lag12",1.71762280780903,0.450233636358437
293,"lag1",5.65879766908091,0.454548242020809
293,"lag2",1.34508419204646,0.523542368305779
293,"lag3",2.17823876945433,0.540912601682381
293,"lag4",2.60831387365374,0.556716538893288
293,"lag5",0.131099580839868,0.549667729800866
293,"lag6",-1.24910136915727,0.449193767288561
293,"lag7",1.98482141216729,0.458939948490043
293,"lag8",2.29900562242206,0.520518877227126
293,"lag9",2.18326581655659,0.544067877622022
293,"lag10",0.640595614371998,0.560252618539145
293,"lag11",0.830323775783293,0.557452615884755
293,"lag12",0.855921509876939,0.451269091920058
294,"lag1",7.23982645507047,0.484425221826209
294,"lag2",0.374891138518863,0.548294596517701
294,"lag3",-0.509468723065696,0.551531435184926
294,"lag4",0.620683866913977,0.621729256469571
294,"lag5",-0.813625437499136,0.589589370335152
294,"lag6",0.35391813531898,0.480433398110637
294,"lag7",1.09305676490548,0.488600954578416
294,"lag8",0.270394483035282,0.546620705365735
294,"lag9",-1.33897726843111,0.550119294724697
294,"lag10",-0.204092066316521,0.625766919567223
294,"lag11",-1.02878872782066,0.603322090920073
294,"lag12",1.27721332703446,0.482107360110288
295,"lag1",2.89114435998018,0.425541929022348
295,"lag2",0.552934508986763,0.485003330247661
295,"lag3",2.22298222695358,0.524513814338622
295,"lag4",1.94938930814031,0.569623805900718
295,"lag5",-0.533629135008501,0.507824823782504
295,"lag6",-0.472548477593425,0.423157839809843
295,"lag7",-0.553620311595915,0.426838026739619
295,"lag8",1.88833038607682,0.479761462266534
295,"lag9",0.227711827397149,0.525095067947256
295,"lag10",0.682562391218776,0.572148136325649
295,"lag11",0.843147643601416,0.518355771968716
295,"lag12",-0.207758716045441,0.429779445977668
296,"lag1",10.2215027255395,0.5080546088948
296,"lag2",1.32038535966169,0.595894205775904
296,"lag3",1.57102294312022,0.617649781248571
296,"lag4",1.61753141215339,0.620246024039286
296,"lag5",-0.874647311248525,0.582456693442272
296,"lag6",-0.268764633700061,0.501166521249971
296,"lag7",-0.755781794556443,0.511515144375242
296,"lag8",-1.26195672462406,0.593283903089787
296,"lag9",-0.745629523720836,0.620421139579309
296,"lag10",-0.399395885930703,0.615585625543413
296,"lag11",0.00657050274187812,0.587391236102298
296,"lag12",0.0312762155406867,0.501774263661208
297,"lag1",3.27360851725789,0.423675085785578
297,"lag2",0.708792865484742,0.476127242702303
297,"lag3",2.01591967450057,0.50773622370153
297,"lag4",2.16070205974266,0.55976932694084
297,"lag5",-0.403573675411026,0.525232378488888
297,"lag6",1.87138925942983,0.422038999655899
297,"lag7",0.987517172777644,0.426866329511406
297,"lag8",1.31183598739087,0.474899562912855
297,"lag9",0.686072678574042,0.509835808614687
297,"lag10",-0.163243954065378,0.562577866457362
297,"lag11",0.275893230126182,0.534438289957926
297,"lag12",1.43479915182415,0.424234518747651
298,"lag1",8.77888981693126,0.449737315370356
298,"lag2",2.9255918883087,0.529417540698073
298,"lag3",4.0675469661226,0.537026437817577
298,"lag4",3.41987818274701,0.563890729980022
298,"lag5",0.0534175343944723,0.5178649058038
298,"lag6",1.59666925358728,0.439888863884181
298,"lag7",2.61223645023635,0.453809527500489
298,"lag8",2.43035923696864,0.522706296316279
298,"lag9",1.75439400667743,0.542576531344001
298,"lag10",1.0694753788068,0.57000810644995
298,"lag11",0.829322212666599,0.525174163200044
298,"lag12",0.645250214888409,0.44628706442689
299,"lag1",9.94838121805421,0.484347552527669
299,"lag2",4.88937285064585,0.574455358352926
299,"lag3",1.5310025272601,0.559401507306871
299,"lag4",0.438551558125727,0.602155398027869
299,"lag5",-0.21455166422617,0.558239088610448
299,"lag6",-0.525946429884209,0.47627489254535
299,"lag7",-0.0873693569368985,0.487356694877574
299,"lag8",1.1876449909789,0.568466399958688
299,"lag9",0.207917397184559,0.564956256177068
299,"lag10",-0.970129965296128,0.608512773432584
299,"lag11",-0.169668088748476,0.564774036637751
299,"lag12",-0.482865446072664,0.479045196963013
300,"lag1",1.02231610112465,0.458909619077702
300,"lag2",0.0537252773827922,0.518876947625265
300,"lag3",3.67387810364915,0.555487357378237
300,"lag4",2.75569556668002,0.594847742674194
300,"lag5",-0.360961255670506,0.520662764016897
300,"lag6",1.03966877587048,0.448613064387911
300,"lag7",3.05114300993017,0.461575806218678
300,"lag8",0.756257414709067,0.518344284424347
300,"lag9",1.4641598529493,0.553041584667257
300,"lag10",0.646616656876573,0.592967936780887
300,"lag11",0.73026238422988,0.525496999559212
300,"lag12",1.1423607713524,0.453275577892478
301,"lag1",2.59510866942597,0.422956198818125
301,"lag2",-0.135783470694185,0.492835071688055
301,"lag3",2.74383873520785,0.548298325392824
301,"lag4",2.70482230627889,0.570055014210853
301,"lag5",0.798457202634728,0.494192048344804
301,"lag6",-0.29381968461593,0.418749592096152
301,"lag7",1.47882258373548,0.423346763501251
301,"lag8",1.50120646005081,0.486713741501905
301,"lag9",1.53828292012497,0.545138645658433
301,"lag10",0.688971174297915,0.564034048778223
301,"lag11",1.25799137222179,0.500524639772361
301,"lag12",-0.245204701719424,0.421585993278498
302,"lag1",6.72747172019976,0.467546508224738
302,"lag2",-0.8715821938038,0.551298245228552
302,"lag3",-1.76933457305215,0.566268008881612
302,"lag4",-0.0129096549682951,0.582037271892341
302,"lag5",0.619327514952034,0.548766167988772
302,"lag6",0.818039527174732,0.468495811625653
302,"lag7",3.66478258129859,0.472708034578635
302,"lag8",2.34372977759557,0.554559617520654
302,"lag9",-0.131793166881183,0.566313145805459
302,"lag10",-0.828520352526047,0.5843317975366
302,"lag11",-0.524987988217185,0.55532372052004
302,"lag12",0.326677998995967,0.470891588988177
303,"lag1",0.667322074341474,0.455847877098402
303,"lag2",-0.0441417566729975,0.529704880620863
303,"lag3",1.65573283814397,0.546347131299409
303,"lag4",0.97335223381454,0.579862892279911
303,"lag5",-0.458948193062582,0.546862739001335
303,"lag6",-0.00146990277810397,0.450835881137122
303,"lag7",0.134853454341276,0.460727862317046
303,"lag8",2.77096782070391,0.526284988091017
303,"lag9",3.36475625938577,0.550619680751088
303,"lag10",2.81470129879186,0.580892109215427
303,"lag11",0.0750551615515635,0.55649720174436
303,"lag12",0.30590810308791,0.454016416763898
304,"lag1",2.79826294939013,0.423598795104565
304,"lag2",0.00878645710537406,0.481600815799298
304,"lag3",1.07940860869643,0.496747441915234
304,"lag4",3.62631440812118,0.538924494312361
304,"lag5",0.454754529739539,0.541025192644191
304,"lag6",0.502562076886992,0.431178244358553
304,"lag7",1.19577851767606,0.426887843987565
304,"lag8",1.57456111761873,0.479711245828222
304,"lag9",0.759118702289441,0.503986740612993
304,"lag10",-0.0642270632098222,0.541335266218112
304,"lag11",0.469937197004795,0.554795533944601
304,"lag12",1.09250687169723,0.437801998067972
305,"lag1",4.22550299761428,0.440950821691023
305,"lag2",2.48522310973815,0.496429767850812
305,"lag3",2.8534680841816,0.506930206427381
305,"lag4",4.00462220468495,0.563617307904437
305,"lag5",-0.243015115973778,0.53909769880418
305,"lag6",-0.40349883001074,0.449063327251739
305,"lag7",1.67755018073699,0.443982372075236
305,"lag8",0.368144102475331,0.493491885920638
305,"lag9",1.29144195281044,0.500923874689408
305,"lag10",-1.02426901194973,0.55847836739019
305,"lag11",-0.11607081107086,0.541810521172475
305,"lag12",1.19080621678404,0.449588440603128
306,"lag1",2.13882979384906,0.473586507146608
306,"lag2",0.385000448805523,0.535146303845764
306,"lag3",2.76842434503133,0.573504909423945
306,"lag4",2.32445305766363,0.63188180825217
306,"lag5",0.670312286348459,0.580925454810116
306,"lag6",0.474415198109997,0.481442243315502
306,"lag7",-0.499129636835692,0.477985764748714
306,"lag8",1.11575482357508,0.534112246887357
306,"lag9",-0.66266836542842,0.574973123402369
306,"lag10",0.0993846658030893,0.626782673721672
306,"lag11",0.193405233609779,0.589324324111817
306,"lag12",0.602023795985355,0.479111218835495
307,"lag1",-0.291056141056561,0.466281521219093
307,"lag2",-0.735063102658413,0.528236803070957
307,"lag3",-0.0442870313358884,0.543414384652065
307,"lag4",0.409335533181444,0.583346830379526
307,"lag5",-1.20072077543419,0.54248233664232
307,"lag6",1.18579151426587,0.453726618688254
307,"lag7",0.987765925415787,0.468372393701663
307,"lag8",0.375255188079974,0.525096933554536
307,"lag9",0.901176093356544,0.545305375976393
307,"lag10",-0.104322271303479,0.581794050851864
307,"lag11",0.826745997654855,0.550123695361269
307,"lag12",0.380571492510117,0.458249523393825
308,"lag1",0.708949121611918,0.412468068269815
308,"lag2",-0.31785145015816,0.459708353801895
308,"lag3",1.96691803068915,0.508824263369323
308,"lag4",1.98051347483476,0.538893947892566
308,"lag5",-0.523032799314107,0.478185064665846
308,"lag6",-1.22805806763859,0.406404504443398
308,"lag7",-0.387645209653931,0.417586111005071
308,"lag8",-0.355098080249686,0.457834211227744
308,"lag9",-2.15480500360989,0.506296452909272
308,"lag10",0.703153840499374,0.535482326575588
308,"lag11",0.779887051123502,0.48326746415743
308,"lag12",0.649191358350623,0.405649814983128
309,"lag1",1.98139724080761,0.450563872667898
309,"lag2",0.907861758796573,0.512271503123705
309,"lag3",2.48680492762393,0.552543104900035
309,"lag4",4.04269792379127,0.630289125090449
309,"lag5",0.260868343687286,0.556428633474225
309,"lag6",0.522205728986016,0.456768380344161
309,"lag7",1.00703834044959,0.45429718781121
309,"lag8",1.43260104635133,0.508805391597974
309,"lag9",1.8118057701228,0.5520488341415
309,"lag10",2.70952182048263,0.614945253814879
309,"lag11",0.295641710369618,0.562418001955491
309,"lag12",0.820499703381222,0.456418459597603
310,"lag1",4.47157841360123,0.432587234124365
310,"lag2",-0.0315829242077051,0.485620701028656
310,"lag3",0.773678225664129,0.532934497988298
310,"lag4",1.89147176803558,0.568822620303576
310,"lag5",-0.220413810645262,0.519065987407799
310,"lag6",-0.471694484487413,0.432464335258049
310,"lag7",-0.369838446796213,0.436053246381604
310,"lag8",-0.486956729875315,0.486767580850704
310,"lag9",0.226925077561638,0.530538103149719
310,"lag10",-1.15467085571897,0.56458021173562
310,"lag11",-1.77426724599372,0.528680913554502
310,"lag12",-1.64340402390913,0.432111522057095
311,"lag1",2.37024354776406,0.463851989626565
311,"lag2",-0.569503861389561,0.529997423018734
311,"lag3",0.400291417515844,0.533297591211055
311,"lag4",4.0258106237939,0.590622854543123
311,"lag5",0.18616259543378,0.557853983919049
311,"lag6",-0.877681026199991,0.460069122749047
311,"lag7",-0.88948337332977,0.465538270044627
311,"lag8",2.583165469056,0.524273160700123
311,"lag9",1.18371542582767,0.53705943858541
311,"lag10",1.40218173915304,0.589213726774574
311,"lag11",1.23937683219985,0.567281650796072
311,"lag12",2.88445765132714,0.465223056949717
312,"lag1",5.1456542732748,0.448895968242368
312,"lag2",-1.14573111608658,0.513694121147031
312,"lag3",0.237243728628839,0.563580092315768
312,"lag4",1.60262355308315,0.576477012589324
312,"lag5",1.68582767546558,0.530451952880518
312,"lag6",1.22739749660349,0.448826864216886
312,"lag7",0.952848678046636,0.450850269489789
312,"lag8",1.63785939539067,0.510701526713758
312,"lag9",-0.880129943430539,0.563599483718276
312,"lag10",-1.39491328529109,0.572898544299631
312,"lag11",-0.725994318739753,0.542716914511139
312,"lag12",0.41582629111357,0.454580063125532
313,"lag1",3.16657345991764,0.426824691844592
313,"lag2",0.250249467103249,0.482489438410329
313,"lag3",1.77662479687582,0.507800311772262
313,"lag4",4.00501730241648,0.544117928059469
313,"lag5",-0.0110680426272346,0.522794117698938
313,"lag6",1.53550308906928,0.429897977360082
313,"lag7",2.40842272879409,0.427659459967899
313,"lag8",3.26457127492022,0.477168635056852
313,"lag9",-0.164828158988452,0.504969871382639
313,"lag10",0.203984243042013,0.536695908681478
313,"lag11",2.76347169200698,0.530678436837209
313,"lag12",0.98515466401185,0.433140114654903
314,"lag1",4.54591396069199,0.456236419298766
314,"lag2",1.22384938329491,0.537981540694906
314,"lag3",1.49543385179082,0.543005402794171
314,"lag4",0.894315399433806,0.568971548649223
314,"lag5",-0.231102988213311,0.546893472219773
314,"lag6",1.61677093096381,0.460671266773424
314,"lag7",2.98713329884972,0.458708505644015
314,"lag8",3.20299203191002,0.534832389461903
314,"lag9",1.1233641339135,0.541912683679461
314,"lag10",-1.38855508303379,0.562444323885021
314,"lag11",-0.314298450305314,0.551521761355795
314,"lag12",-1.08353858293678,0.466228727747958
315,"lag1",2.97796235352153,0.44641873335883
315,"lag2",1.67870568240997,0.504640195344013
315,"lag3",2.17526876282773,0.529443450949736
315,"lag4",3.21765737737697,0.572001612712437
315,"lag5",0.388286237271351,0.522134655569427
315,"lag6",2.01413251013711,0.445360841234957
315,"lag7",2.84402024799157,0.449018088613444
315,"lag8",4.25813762568557,0.5034663412971
315,"lag9",1.54236381866543,0.530970248941438
315,"lag10",-0.178756254026854,0.573875731858274
315,"lag11",0.0783269250841967,0.530364775256508
315,"lag12",1.83112037371147,0.446488157067426
316,"lag1",3.77513972835814,0.433959657565075
316,"lag2",1.71573347733093,0.496052997795786
316,"lag3",2.33695153863695,0.542917523221407
316,"lag4",4.09187425580765,0.583162896098696
316,"lag5",1.59221429254804,0.522907036931482
316,"lag6",1.37228955074643,0.441511659193895
316,"lag7",2.67752814760077,0.438132469719714
316,"lag8",0.5467469290715,0.497487656000122
316,"lag9",0.0605548489136732,0.547229645555204
316,"lag10",0.329286847569585,0.581597201109692
316,"lag11",0.478364361787789,0.529507606789143
316,"lag12",0.721596258127327,0.441999914071788
317,"lag1",1.31928585230388,0.439344398117281
317,"lag2",0.258590089206801,0.493747236612049
317,"lag3",2.63801974352511,0.508387334586904
317,"lag4",3.21167981525196,0.550971289367408
317,"lag5",-1.49271522192543,0.525875976242385
317,"lag6",-1.0873140252689,0.440660163960973
317,"lag7",-2.37813755985605,0.441023407822591
317,"lag8",-1.22256080029543,0.49350301731909
317,"lag9",-0.232233898742109,0.509530888611072
317,"lag10",-0.169778206374419,0.545740987267645
317,"lag11",-0.837210132075876,0.537077149928923
317,"lag12",-1.13286513187794,0.446353155767473
318,"lag1",2.943011478789,0.444948473407774
318,"lag2",2.16396328421036,0.519613594723555
318,"lag3",1.95251580421014,0.544483208802637
318,"lag4",1.2455429249201,0.589906242670592
318,"lag5",-0.972239850127751,0.508488109603161
318,"lag6",-0.247350876676575,0.440682246579116
318,"lag7",0.192851501135644,0.44690976748636
318,"lag8",0.705404047582082,0.519109587091409
318,"lag9",-0.551215048645949,0.548961688849748
318,"lag10",2.09299237594279,0.579916776110793
318,"lag11",0.726187486757328,0.514456103813478
318,"lag12",-0.526312726226238,0.439077756877672
319,"lag1",2.46633263180206,0.433799139589791
319,"lag2",0.208984855036445,0.48564553938519
319,"lag3",1.80726099644325,0.507702330723996
319,"lag4",1.61115091126209,0.567648990284903
319,"lag5",-1.01453842464973,0.525446583983888
319,"lag6",-0.932300792151275,0.428796232333359
319,"lag7",-0.827173836170533,0.437004514266434
319,"lag8",-0.493259901588362,0.483909493059698
319,"lag9",1.23586955738314,0.51170836963091
319,"lag10",1.39239461036533,0.569399114267921
319,"lag11",-1.49170029518011,0.537706154219586
319,"lag12",0.647440148924239,0.429723374529075
320,"lag1",4.73194565948612,0.437019124314617
320,"lag2",-0.0557480611099465,0.533706869032841
320,"lag3",1.83784399178314,0.549641320686688
320,"lag4",0.0826295149099357,0.512198158894747
320,"lag5",0.339335185589021,0.479114318734656
320,"lag6",-1.11891683829826,0.432410446806507
320,"lag7",-0.0570031780601983,0.440459845825967
320,"lag8",1.69639781006236,0.529882665873352
320,"lag9",2.44165322817261,0.55333333377553
320,"lag10",0.931036763231341,0.514616142630547
320,"lag11",-0.524824235113594,0.490458983939484
320,"lag12",0.322720037871556,0.439618123274116
321,"lag1",3.87810297226197,0.433504605394082
321,"lag2",2.44406012337337,0.4894031108517
321,"lag3",3.05339862068311,0.533067623014826
321,"lag4",3.97857875615317,0.548354768816898
321,"lag5",2.04349708479733,0.51041936514566
321,"lag6",1.83286162699048,0.431245257542035
321,"lag7",0.69575359481832,0.434736293363449
321,"lag8",-0.144529869967021,0.487695400232326
321,"lag9",-1.42337088778204,0.532644911361165
321,"lag10",0.252296807463839,0.542033194250052
321,"lag11",0.714477048609424,0.514401775939489
321,"lag12",0.0867408762575788,0.431899750945637
322,"lag1",1.90406816242677,0.455377923222208
322,"lag2",0.0841066296563417,0.514102567150884
322,"lag3",0.274852431349506,0.560814805678564
322,"lag4",0.696855791453468,0.605840908479251
322,"lag5",-0.205182949979358,0.561684659816197
322,"lag6",-0.398105829159212,0.457921116826875
322,"lag7",-0.468644038587904,0.459955642903019
322,"lag8",-0.610210569211733,0.511070359802833
322,"lag9",-0.11164557902067,0.565858156739804
322,"lag10",0.672427066528964,0.604774428487867
322,"lag11",-0.184054882203571,0.572936767820287
322,"lag12",0.173552070007051,0.460079586864032
323,"lag1",4.24336465308581,0.481257285157885
323,"lag2",-0.129317411232041,0.548474123023103
323,"lag3",0.112597720573328,0.561715098556394
323,"lag4",0.673226689373887,0.589634129034759
323,"lag5",-1.18450394515377,0.565553585353092
323,"lag6",-0.272707189001732,0.476247034920715
323,"lag7",-1.23058196742835,0.484989623475124
323,"lag8",0.796979718416064,0.545972588197671
323,"lag9",-2.23930654802339,0.562900872082725
323,"lag10",-2.88878864110707,0.590971662230917
323,"lag11",-1.33754657039165,0.576200843194626
323,"lag12",-1.77302285479489,0.478937427301083
324,"lag1",2.58926025477617,0.441894499025315
324,"lag2",0.431619731251719,0.505221515099138
324,"lag3",2.85592756006342,0.54907109769735
324,"lag4",2.0290550838102,0.584463311419377
324,"lag5",-0.0584175504000311,0.528093237657934
324,"lag6",0.112888955817247,0.443401151809172
324,"lag7",0.366458492475145,0.44307990268482
324,"lag8",1.66359821669591,0.503536721757856
324,"lag9",4.29812357471955,0.548720751265784
324,"lag10",1.07174862127271,0.57878547074447
324,"lag11",-1.33683026278593,0.537477192613348
324,"lag12",-0.600953485866857,0.443187212354982
325,"lag1",4.12980109637915,0.437672758194092
325,"lag2",1.84045234386751,0.494302979378372
325,"lag3",1.6257134018668,0.531435791595065
325,"lag4",1.93410338075067,0.582295346693231
325,"lag5",0.920954535357317,0.523227588446881
325,"lag6",1.15852899938588,0.432673178522571
325,"lag7",-0.0899470513601999,0.441210885844283
325,"lag8",0.927644934849919,0.493565614415869
325,"lag9",0.544929725671888,0.532137981884274
325,"lag10",-0.278067752006164,0.575876770645308
325,"lag11",0.4884259649345,0.531579543580241
325,"lag12",1.31017636016876,0.436226376167691
326,"lag1",2.15357959290677,0.420649345271919
326,"lag2",0.921306568415823,0.464540874578305
326,"lag3",2.05707451037809,0.497773909274554
326,"lag4",0.290226640688386,0.552038233854937
326,"lag5",-0.719994712372047,0.498954690765494
326,"lag6",0.0547977593316831,0.414849835459149
326,"lag7",-0.652122622078185,0.425572439649338
326,"lag8",-1.08601160948741,0.461271248548334
326,"lag9",-0.308615749941676,0.498898450157778
326,"lag10",0.0615128588068671,0.554307758974592
326,"lag11",0.00650273475614038,0.50845448618332
326,"lag12",1.12504695231439,0.416674024521905
327,"lag1",0.806910065788925,0.451231204922804
327,"lag2",0.913841900022821,0.501384741213838
327,"lag3",2.12135981966483,0.535588167755887
327,"lag4",2.30889768348916,0.604344562138615
327,"lag5",-0.274602661904301,0.559137019147043
327,"lag6",-0.189504625228914,0.455956669909815
327,"lag7",1.2277579580394,0.455467682741853
327,"lag8",2.05269493150453,0.498748209012267
327,"lag9",0.57615300793691,0.534282433065469
327,"lag10",0.311368395207709,0.605131457741081
327,"lag11",-0.192456710794305,0.567840006322372
327,"lag12",0.41853085101764,0.458645743373703
328,"lag1",2.14517348924809,0.451031289947036
328,"lag2",-0.690077738289492,0.526478860100417
328,"lag3",-1.28394333807846,0.544756871891881
328,"lag4",1.6754066131318,0.548903457786411
328,"lag5",0.0348331290620097,0.52748451879139
328,"lag6",-0.224332437219545,0.447615532162399
328,"lag7",-0.0113018825038265,0.453362119811043
328,"lag8",0.427100962478714,0.522656863157033
328,"lag9",1.29919790371139,0.54469474186304
328,"lag10",1.66385798581276,0.549925063552412
328,"lag11",0.651725279629421,0.539275726190843
328,"lag12",0.898235274038624,0.451927992056239
329,"lag1",-0.485125070196827,0.468079132158838
329,"lag2",-2.81599583489995,0.51668910008973
329,"lag3",0.356237309582244,0.564685104592956
329,"lag4",1.72624242482266,0.622337087071724
329,"lag5",-0.657162338458314,0.579896110164294
329,"lag6",-2.61186248081763,0.478783584145823
329,"lag7",-3.97048087322243,0.46814606631946
329,"lag8",-1.66396758536359,0.506727874151237
329,"lag9",1.94838177372856,0.564244867945238
329,"lag10",2.48627621606582,0.604247536354322
329,"lag11",-0.439493546533342,0.58347693400413
329,"lag12",-2.79776876881188,0.474816105078675
330,"lag1",3.48307563312098,0.443948954519387
330,"lag2",0.335738932602283,0.515817797464496
330,"lag3",1.42281376666626,0.5624433525118
330,"lag4",3.04536665757674,0.59098019298884
330,"lag5",0.59875540751744,0.547266114056827
330,"lag6",1.05993806164691,0.457171696754848
330,"lag7",2.87953763059071,0.44845940547613
330,"lag8",3.03553833204364,0.513216953318575
330,"lag9",3.36304599807043,0.558617263577164
330,"lag10",3.30448957206793,0.589670820202383
330,"lag11",1.6094273926118,0.55251604398778
330,"lag12",0.993153708854732,0.459771827585657
331,"lag1",0.87422764012497,0.439969775590377
331,"lag2",0.658088402324137,0.512525875188259
331,"lag3",0.481699372081261,0.555048568155169
331,"lag4",0.105518140411084,0.581334267359075
331,"lag5",0.817490498727628,0.507077827829124
331,"lag6",0.834174407486901,0.432941407620275
331,"lag7",1.82506827049493,0.443516203725855
331,"lag8",2.49069925283354,0.510513605131161
331,"lag9",0.886113153377496,0.555341443569898
331,"lag10",1.08800438291372,0.565712618362621
331,"lag11",1.41668819625629,0.514227714606286
331,"lag12",0.399141764090439,0.433779900994205
332,"lag1",5.45787436820572,0.455660946832186
332,"lag2",-0.621650097038887,0.521788071115267
332,"lag3",0.816960893085181,0.549258602383969
332,"lag4",2.48167434196413,0.623088060069646
332,"lag5",-0.235389596694047,0.56954014693698
332,"lag6",-0.706725167129501,0.467805784052258
332,"lag7",0.973321380372627,0.460787925313302
332,"lag8",0.820023166659731,0.519578563610984
332,"lag9",-0.954032273247647,0.547145860445717
332,"lag10",0.587698055217337,0.61679408074369
332,"lag11",0.247286630854771,0.576737800231356
332,"lag12",-0.274389170160946,0.468119393856686
333,"lag1",4.65439807062046,0.440180238020546
333,"lag2",-0.453296692317204,0.499319431213669
333,"lag3",0.934907934234699,0.513281073079043
333,"lag4",1.22521396615919,0.563390496054875
333,"lag5",-1.02300391830978,0.508937987614853
333,"lag6",-0.628852664442407,0.433188429670806
333,"lag7",-0.416326847568543,0.445167705980659
333,"lag8",1.85219020681367,0.496476576338868
333,"lag9",0.736112818832005,0.515802024931878
333,"lag10",-1.29028615906108,0.563567232391586
333,"lag11",-0.331726771772246,0.515937602934628
333,"lag12",-0.619038035850082,0.439017210066629
334,"lag1",3.39347308663244,0.424543286025317
334,"lag2",0.554670413004309,0.492194843904321
334,"lag3",1.24118018751613,0.530650780478289
334,"lag4",2.83402448273812,0.574449894419562
334,"lag5",1.33195415102986,0.512882261766077
334,"lag6",1.17344672611266,0.42610335919198
334,"lag7",2.263730108811,0.425052767301473
334,"lag8",2.8822608946816,0.490789014515006
334,"lag9",0.661403687054948,0.525698092407102
334,"lag10",0.377112814056271,0.570916480429462
334,"lag11",0.46075413828911,0.5185921344932
334,"lag12",0.946038170351705,0.42644433725547
335,"lag1",2.12987914395972,0.465115605725045
335,"lag2",1.85309369760928,0.519343124543224
335,"lag3",1.83499684299904,0.55696271522296
335,"lag4",3.66609563595721,0.604736063903443
335,"lag5",0.568840752348399,0.554958652082142
335,"lag6",0.997436617156552,0.460915829960129
335,"lag7",-0.926133200579855,0.468953323453426
335,"lag8",2.06073007330487,0.517325483796027
335,"lag9",2.0374994630633,0.555451250475488
335,"lag10",0.865607804532778,0.597385492051216
335,"lag11",0.271519895948066,0.560710510062346
335,"lag12",-0.769249833171251,0.460726845183172
336,"lag1",4.27149957008157,0.417505209327525
336,"lag2",2.79654867840627,0.476139866964947
336,"lag3",3.03253183939255,0.518683997821287
336,"lag4",2.02125039438964,0.559749953595116
336,"lag5",0.0888682035654264,0.515703537671979
336,"lag6",0.470050280352461,0.421110794421111
336,"lag7",1.40386998505818,0.420919657560065
336,"lag8",1.91324010399906,0.474332536856127
336,"lag9",-0.208315066237072,0.520214538403241
336,"lag10",0.145637715069319,0.562871703327533
336,"lag11",0.669471470216727,0.528304867188806
336,"lag12",1.44185238335628,0.424030483362535
337,"lag1",2.23610614934676,0.451570531861794
337,"lag2",-0.298062187358344,0.507577818722836
337,"lag3",0.256630369050965,0.544747264935093
337,"lag4",1.23728216444165,0.582103520998091
337,"lag5",-0.109517377089516,0.51763274506193
337,"lag6",-0.635573902100929,0.444998179657509
337,"lag7",-0.626696324409629,0.454862428020186
337,"lag8",0.925214445393587,0.504681836905799
337,"lag9",0.679270070890914,0.546515322688707
337,"lag10",1.17921561169235,0.579368298698585
337,"lag11",0.339504141063254,0.525878634537758
337,"lag12",1.17660721342958,0.446894572837439
338,"lag1",2.63859602257498,0.452031902570262
338,"lag2",0.0866112993022784,0.519320142171461
338,"lag3",1.82769240432389,0.543966334091471
338,"lag4",-0.137720296971938,0.572065029225991
338,"lag5",-0.559930010391394,0.515452755094564
338,"lag6",0.20038788649627,0.444281786815355
338,"lag7",-0.788264793321954,0.458525720501444
338,"lag8",0.101959391739223,0.517318208264415
338,"lag9",1.15702714585454,0.549266671871006
338,"lag10",0.100299106781471,0.574690773087863
338,"lag11",-0.302728909617912,0.521266624160797
338,"lag12",-0.296615794926055,0.445767301180204
339,"lag1",7.92840564616682,0.4637005973399
339,"lag2",2.10509157997699,0.527108852095924
339,"lag3",2.64523028517993,0.553087695130447
339,"lag4",2.18958755310159,0.599319970704752
339,"lag5",0.316199751819004,0.560893120494652
339,"lag6",1.70407116308207,0.466247971617715
339,"lag7",0.925816189214357,0.466185781218949
339,"lag8",1.70055713414849,0.524806469536491
339,"lag9",0.0802126563637427,0.558504272070234
339,"lag10",0.193284542618368,0.597529280625059
339,"lag11",1.11547921275332,0.574236466055735
339,"lag12",-0.968985258517566,0.471984774122913
340,"lag1",0.61002153457814,0.414436469980898
340,"lag2",-0.442637200392772,0.476173103722975
340,"lag3",0.129088974490882,0.521285263285768
340,"lag4",0.56251388336895,0.555564394396668
340,"lag5",0.379610789004667,0.487946066318362
340,"lag6",-0.620840211782344,0.412479101729927
340,"lag7",0.0422211478279397,0.416075658569597
340,"lag8",-0.500987152637978,0.474368901602751
340,"lag9",0.177685605330904,0.524653787660863
340,"lag10",0.516894601692994,0.556165652759176
340,"lag11",-0.790511992927436,0.500476389297531
340,"lag12",0.315142269062152,0.416952810037773
341,"lag1",1.88987178844715,0.510298350733969
341,"lag2",-0.449272013477778,0.584544344878648
341,"lag3",0.0298160758930108,0.616971091658537
341,"lag4",1.362774962746,0.644977298837603
341,"lag5",-0.329276807477953,0.614817477903618
341,"lag6",0.372526503332351,0.507660716428044
341,"lag7",1.22058367691069,0.516086119987893
341,"lag8",0.351474345953803,0.583741043141366
341,"lag9",0.0531585697319907,0.610661661835335
341,"lag10",-0.32127145833656,0.648595143198561
341,"lag11",-0.209629412600262,0.623858753660552
341,"lag12",0.144781561835942,0.514182598039848
342,"lag1",4.65746635618032,0.418863252907792
342,"lag2",-0.200296621563505,0.485354396721493
342,"lag3",0.149342217238069,0.525185597964178
342,"lag4",0.692556724321471,0.553161429829183
342,"lag5",-0.0354756505406728,0.501040388017765
342,"lag6",0.254578404614869,0.411195736377452
342,"lag7",-0.719385909024497,0.418136010819144
342,"lag8",0.5438520472632,0.480199307417022
342,"lag9",1.06093540933452,0.528077676042607
342,"lag10",0.546542740577636,0.550672561377302
342,"lag11",-0.360866850562402,0.513323819108493
342,"lag12",-1.35151125663997,0.416854386221467
343,"lag1",1.39086835563886,0.472621204603447
343,"lag2",-1.02428207322552,0.548443840724205
343,"lag3",2.9284262157732,0.593469789933406
343,"lag4",2.33246313446905,0.624110127133257
343,"lag5",-0.516141061154011,0.550921044496707
343,"lag6",-0.805979024654221,0.474834392276484
343,"lag7",-0.937752932142077,0.47669552289043
343,"lag8",1.24853678375317,0.543233024728624
343,"lag9",2.12577045634173,0.593420814821019
343,"lag10",2.93960388766811,0.617907462965718
343,"lag11",-0.471140344218355,0.564208719621467
343,"lag12",-0.513392004674348,0.476112257342472
344,"lag1",4.20385664224469,0.457045997493663
344,"lag2",-0.80261621107329,0.534203991717088
344,"lag3",1.5428738653347,0.567101846416031
344,"lag4",2.64219587349833,0.578734057150579
344,"lag5",-0.298771491201749,0.54790786066889
344,"lag6",-0.670952313486406,0.468980957359463
344,"lag7",-2.15295093817842,0.458971451550067
344,"lag8",-0.306321413402357,0.529595674743171
344,"lag9",2.7570632510787,0.560469821017148
344,"lag10",1.41415025723361,0.570159068765892
344,"lag11",-0.379557959345183,0.558297213671844
344,"lag12",-1.5123677163609,0.469983110056512
345,"lag1",7.82882662971652,0.472626322092199
345,"lag2",0.146573489789893,0.552409026163703
345,"lag3",-0.464598214797282,0.569432738861191
345,"lag4",-1.08183245754545,0.590682734905876
345,"lag5",0.109037172736017,0.538908752261495
345,"lag6",0.934333159617208,0.462497995660141
345,"lag7",0.400942362850541,0.475215395868666
345,"lag8",0.69806915637072,0.549239617126052
345,"lag9",-0.335650686399595,0.56826916117994
345,"lag10",-0.314618813880729,0.594834110589241
345,"lag11",1.04323886768916,0.546692538198983
345,"lag12",0.932573314751243,0.470133948590078
346,"lag1",3.50252719905991,0.419238109426718
346,"lag2",0.645481095978422,0.481855719015974
346,"lag3",0.799878745523344,0.520758175637877
346,"lag4",0.941562291645654,0.552769319971144
346,"lag5",0.971401252812835,0.507408103961944
346,"lag6",-0.768602315748481,0.422195136325692
346,"lag7",0.520657419861235,0.427587551730889
346,"lag8",0.0255207701768229,0.482671114627501
346,"lag9",-0.74276444320528,0.529456444577111
346,"lag10",-1.49882958521566,0.554314987424464
346,"lag11",0.0506345704508337,0.5135363621442
346,"lag12",0.565873746872871,0.424351142394056
347,"lag1",3.2766193634789,0.464351280048124
347,"lag2",3.24570756267906,0.546034583213276
347,"lag3",3.60040063920578,0.583842190986199
347,"lag4",2.62910223823418,0.579172578059307
347,"lag5",0.818561938346904,0.546882795985329
347,"lag6",0.410360196723199,0.468137641946322
347,"lag7",2.18844897783363,0.469078970921398
347,"lag8",3.88911900624489,0.543735255747121
347,"lag9",3.87570126155892,0.590057795940591
347,"lag10",1.39545543075377,0.572693974068641
347,"lag11",0.448712749056168,0.550840863380721
347,"lag12",1.5505695889639,0.470133592785251
348,"lag1",1.80057182126212,0.420029796123127
348,"lag2",0.504934576333738,0.485373099061859
348,"lag3",3.31134573361309,0.533842383694526
348,"lag4",0.0703247862515434,0.544219757995752
348,"lag5",-0.65501030040721,0.490821314648344
348,"lag6",-0.268828339349735,0.417619398686002
348,"lag7",0.440858991671315,0.423874907818953
348,"lag8",1.13290050006887,0.482189421045121
348,"lag9",2.2126571253706,0.541465964525319
348,"lag10",1.62198152528675,0.540808389187507
348,"lag11",-0.144769747451798,0.500423019607086
348,"lag12",-0.792161995112134,0.420310506340097
349,"lag1",1.13023126569289,0.486485076893854
349,"lag2",-0.655884206390773,0.544410543631761
349,"lag3",1.43539753508475,0.565425763447671
349,"lag4",1.08257266195061,0.609900460815113
349,"lag5",-0.697369088737402,0.564354969384561
349,"lag6",0.437417410016101,0.480143257537647
349,"lag7",-0.0572935039324019,0.488586793728165
349,"lag8",0.0692737725052398,0.540849016948678
349,"lag9",0.940320838904861,0.565855263735355
349,"lag10",0.211262834476719,0.60888629224222
349,"lag11",-0.21322548865424,0.573771931698214
349,"lag12",-0.524354432562627,0.48521866418085
350,"lag1",0.30772662100127,0.425098968342137
350,"lag2",-0.299574711081045,0.474849712070783
350,"lag3",0.362072500723948,0.523274792062582
350,"lag4",3.05421452084038,0.577792788194591
350,"lag5",-0.685848294253162,0.510305921509018
350,"lag6",0.566053102806034,0.431249638664284
350,"lag7",0.822269815757406,0.429697827477821
350,"lag8",1.62935867857318,0.475565687831703
350,"lag9",0.316243260762763,0.525907670912089
350,"lag10",0.377799074905089,0.565577073002441
350,"lag11",0.747989992051237,0.5184886244777
350,"lag12",1.45064624864038,0.42765834537445
351,"lag1",0.164374705844996,0.438352087876185
351,"lag2",-0.459484513433331,0.508062553723975
351,"lag3",0.743898035078793,0.516122647119651
351,"lag4",0.734493741967859,0.553223053400822
351,"lag5",-0.170314424472776,0.476999190820565
351,"lag6",-0.0778449508680491,0.41740943323173
351,"lag7",0.551799951394313,0.442016057246261
351,"lag8",1.33239351307931,0.5047365620537
351,"lag9",2.77169885296039,0.523439044661624
351,"lag10",2.4890563769745,0.553428812944533
351,"lag11",0.477725196515389,0.484760104908239
351,"lag12",1.15989781130231,0.417927471643771
352,"lag1",3.08466437927396,0.420448706891342
352,"lag2",1.00929175392692,0.484532873600393
352,"lag3",3.97915756008056,0.526053270931436
352,"lag4",2.98516848593251,0.534341975366172
352,"lag5",1.5041380799005,0.488863487835995
352,"lag6",1.57670660281797,0.418907362017287
352,"lag7",0.659554261390005,0.423911663893031
352,"lag8",-0.578882171773394,0.483838056430888
352,"lag9",-1.40660958746633,0.531746334098928
352,"lag10",-0.128893620023659,0.536993622896707
352,"lag11",0.96598100939516,0.498870665542174
352,"lag12",0.640471397702732,0.427034910650369
353,"lag1",2.07170474450372,0.480570516727455
353,"lag2",-0.301093873691631,0.553577524817464
353,"lag3",-0.122441863815809,0.567558201507985
353,"lag4",0.872670293663812,0.597706825305586
353,"lag5",-0.130723174364665,0.553279531407393
353,"lag6",2.29438013886977,0.466016839258884
353,"lag7",0.926774042764436,0.482336312223912
353,"lag8",2.36535508973414,0.546824913903313
353,"lag9",0.513538055037705,0.561876622570247
353,"lag10",0.479889113763759,0.588358796951436
353,"lag11",0.774617769422394,0.558455779244018
353,"lag12",0.561273132583584,0.467289854936866
354,"lag1",2.89497898282651,0.430204499622558
354,"lag2",2.18967709234727,0.480081958984847
354,"lag3",3.87972081433873,0.5050572159636
354,"lag4",3.60113981496414,0.550149983916699
354,"lag5",0.170020522454524,0.513173075486174
354,"lag6",1.65297015258534,0.423923937334315
354,"lag7",-0.70598547281855,0.432758592179537
354,"lag8",-1.21022595306463,0.4753053849993
354,"lag9",-0.1817317762284,0.506865732834429
354,"lag10",0.875918550743159,0.548604557952567
354,"lag11",1.27561292857219,0.522660290017477
354,"lag12",0.94448736078466,0.426023165188312
355,"lag1",1.50954550582375,0.432500603127726
355,"lag2",0.775576329878296,0.494489767675459
355,"lag3",0.606310690238517,0.514552746146112
355,"lag4",1.27041596682461,0.563919999718924
355,"lag5",0.67789712075927,0.505321487560056
355,"lag6",-0.0606637849932608,0.429406311635904
355,"lag7",0.196270468159209,0.437544662773733
355,"lag8",1.52435500855791,0.493456682903044
355,"lag9",1.42769013666735,0.518174534917654
355,"lag10",1.37100747433981,0.559322849495572
355,"lag11",0.262399834058088,0.511777015332338
355,"lag12",1.55505630859115,0.428146686196672
356,"lag1",7.04146214702077,0.44016690121862
356,"lag2",2.41330109238186,0.52064898423867
356,"lag3",5.05060219972001,0.56507324188563
356,"lag4",3.28051110332359,0.567720625240519
356,"lag5",1.09918743094328,0.510686026692516
356,"lag6",2.15443330085012,0.432891688001268
356,"lag7",2.66056946671036,0.443899219684908
356,"lag8",1.80731772224076,0.520433798482616
356,"lag9",0.979488381857381,0.571665642330919
356,"lag10",0.0729894967455361,0.573949906919002
356,"lag11",0.481244954574977,0.524730101079056
356,"lag12",0.397634051405033,0.439853154218069
357,"lag1",1.31748552285637,0.41649050823325
357,"lag2",0.06496451213008,0.473986335169776
357,"lag3",1.02580496474232,0.533070980124065
357,"lag4",1.23891157192922,0.568596002903985
357,"lag5",2.0334989749963,0.493116289271739
357,"lag6",2.48978315828549,0.415945861178525
357,"lag7",1.58551455110913,0.417029952215454
357,"lag8",2.85287616405777,0.468107320165833
357,"lag9",2.6892357586137,0.529548311328222
357,"lag10",3.35776974790556,0.564452472690779
357,"lag11",0.935633175913135,0.502061713281096
357,"lag12",0.105945378352946,0.419339341011934
358,"lag1",8.11692190247178,0.422146308659808
358,"lag2",1.89027281652401,0.486209533241315
358,"lag3",1.52207919097597,0.51941400857777
358,"lag4",1.25540021803856,0.531888151090084
358,"lag5",-0.867811180971853,0.498185909069744
358,"lag6",0.0303079484182398,0.418422316078509
358,"lag7",-1.21507221948264,0.424860783350338
358,"lag8",-1.26544595468615,0.481761496715108
358,"lag9",0.184356850419247,0.523272521189181
358,"lag10",-0.396278845480839,0.52798802787746
358,"lag11",-0.981482700116075,0.511555848544891
358,"lag12",-0.955142506498698,0.425197114719618
359,"lag1",1.79483075718063,0.445634397180179
359,"lag2",-0.948775653657323,0.514898857992766
359,"lag3",-0.558195711262245,0.519042518429696
359,"lag4",1.2588636844754,0.563544003335316
359,"lag5",0.0128896551273412,0.501472459106655
359,"lag6",1.56714800092532,0.43002800985729
359,"lag7",0.928503037359144,0.44921134093845
359,"lag8",2.94603521699374,0.512969664761993
359,"lag9",2.01930668597247,0.521858278248956
359,"lag10",1.23206139831822,0.563288545844165
359,"lag11",0.69065270635633,0.509534420997395
359,"lag12",0.0853773530636507,0.430794244407628
360,"lag1",5.02402400820334,0.406579866670944
360,"lag2",4.10957542905957,0.469686647932199
360,"lag3",3.75478895919783,0.495900353618202
360,"lag4",0.984634600874114,0.504674532451081
360,"lag5",-0.119143851248087,0.468166634459791
360,"lag6",-0.51587063664896,0.401155987613535
360,"lag7",-0.335159568880139,0.409327541206969
360,"lag8",-0.316988448959033,0.466816992765838
360,"lag9",-1.69484860173226,0.493740731831376
360,"lag10",-1.51465052733243,0.500439398619991
360,"lag11",-1.51004023144918,0.474308586913146
360,"lag12",-1.32106200855318,0.400431624304761
361,"lag1",5.9572340092885,0.491944193169451
361,"lag2",0.214282007385828,0.58152054765703
361,"lag3",0.846245932651208,0.598201884479857
361,"lag4",2.09328068332391,0.596392341153823
361,"lag5",0.390394612743466,0.551341650371535
361,"lag6",1.22257369863276,0.485617281408612
361,"lag7",-0.680463454523271,0.495666604204974
361,"lag8",0.194986871086515,0.580794826504511
361,"lag9",0.462427256873806,0.603102787965729
361,"lag10",0.52369306277608,0.599380686368356
361,"lag11",0.28821600317357,0.5622846076693
361,"lag12",1.62361556192249,0.487478824966517
362,"lag1",4.07459358889987,0.437469058393964
362,"lag2",2.35141975920519,0.49808292306326
362,"lag3",6.66194175775819,0.528140555181785
362,"lag4",4.51058947744667,0.552102939542377
362,"lag5",0.957131873999021,0.529284859746891
362,"lag6",-0.525557540936912,0.439302540136888
362,"lag7",-1.8650004436411,0.440869530116581
362,"lag8",2.86288101833768,0.498325398081489
362,"lag9",0.468041060831721,0.530303472312108
362,"lag10",2.26242951948012,0.553344436420594
362,"lag11",1.46188226065325,0.537818599150095
362,"lag12",-0.416848864979605,0.444111628888892
363,"lag1",3.9436095237293,0.472062807187742
363,"lag2",0.0215455182471538,0.548874537476152
363,"lag3",0.973599205393494,0.560858545628107
363,"lag4",1.46918393684152,0.597134718867643
363,"lag5",0.66498336622718,0.563699041900266
363,"lag6",-0.0392566411172201,0.463512907667578
363,"lag7",2.00446138884912,0.476739788931964
363,"lag8",3.5747422466835,0.543282194497711
363,"lag9",2.67846449170176,0.560439078415864
363,"lag10",2.38493557922707,0.598446690531019
363,"lag11",-0.117936305059784,0.571433038801882
363,"lag12",-0.556865345566319,0.466239991465683
364,"lag1",2.64801973130411,0.383413237005656
364,"lag2",-0.349308049408468,0.453601868257023
364,"lag3",1.4728404556871,0.491301549538743
364,"lag4",0.208959858935652,0.490636438781813
364,"lag5",-1.40325482852094,0.438999807951814
364,"lag6",-0.931767589386832,0.376888345255798
364,"lag7",-0.883193099805863,0.385417334999448
364,"lag8",-1.55320288429998,0.45169073229459
364,"lag9",-0.413772716396634,0.497991236390642
364,"lag10",0.346303485792845,0.484551140764478
364,"lag11",-0.217954900272209,0.450073215351031
364,"lag12",-1.23462750695829,0.378564889622504
365,"lag1",3.62330461802433,0.48493503079508
365,"lag2",-0.355691420064247,0.553174559836624
365,"lag3",-1.81729508646668,0.601120451729089
365,"lag4",-0.369414730174726,0.629612113960012
365,"lag5",-0.50401238219252,0.560428418628561
365,"lag6",-0.348665963889887,0.483001365408197
365,"lag7",-0.484606054060032,0.491346179282731
365,"lag8",-0.025172241857341,0.552274227751265
365,"lag9",1.08546021670528,0.602302736767688
365,"lag10",-0.164626338760745,0.624207316940027
365,"lag11",-1.29655120712632,0.569943331409415
365,"lag12",-1.07912693531014,0.482160560747812
366,"lag1",2.03705079248515,0.443581859916774
366,"lag2",1.71511352675198,0.508866421397475
366,"lag3",3.2166471302488,0.561137616340791
366,"lag4",2.22734809447983,0.610894434115422
366,"lag5",-0.715739404917714,0.555359436735525
366,"lag6",-2.15579089835836,0.459864669804617
366,"lag7",-0.96364275255661,0.448443473553267
366,"lag8",-0.391004674642912,0.508928126705328
366,"lag9",-0.18145683394026,0.559415090459547
366,"lag10",0.625851593461052,0.605151954222123
366,"lag11",-2.22330121975695,0.562156217170866
366,"lag12",-2.14013297459369,0.459408036051178
367,"lag1",3.95134595137269,0.461814935206475
367,"lag2",-0.363402331103167,0.529881525369906
367,"lag3",0.355113926329797,0.554566501181321
367,"lag4",1.03266647314624,0.560204016166819
367,"lag5",-0.180781351192272,0.518429317498065
367,"lag6",0.249309930635818,0.445040044503668
367,"lag7",1.13993328442022,0.463756497582412
367,"lag8",-0.333416325449699,0.523531449427253
367,"lag9",-1.98097214789912,0.55396512536051
367,"lag10",-0.240976495774062,0.555210337177934
367,"lag11",-0.73704680946576,0.523484951549877
367,"lag12",-0.283351209212241,0.44739336284551
368,"lag1",5.43745225665977,0.499212460575374
368,"lag2",-0.0373088913842586,0.569106177618789
368,"lag3",0.156557215188832,0.590931436244755
368,"lag4",1.02670571072579,0.620897778239965
368,"lag5",1.50601126177935,0.60392794548036
368,"lag6",1.96790130044474,0.496945063950896
368,"lag7",1.93919494725757,0.502895401855478
368,"lag8",4.28275425119488,0.567289427201144
368,"lag9",2.08108006630032,0.592129895878873
368,"lag10",0.733983006452648,0.621633810325273
368,"lag11",0.865143580030315,0.615040721548518
368,"lag12",1.25072220659196,0.499875654775528
369,"lag1",1.76735792442017,0.414498378103794
369,"lag2",-1.31237430310475,0.478263692085123
369,"lag3",0.47470202521179,0.531087429758554
369,"lag4",1.6972845290375,0.510886509583223
369,"lag5",-0.959400027969727,0.472798794726182
369,"lag6",0.500320595329962,0.410426978824881
369,"lag7",-1.37136377283917,0.417418817177415
369,"lag8",-0.961703855679145,0.477409574493279
369,"lag9",-1.6932904719083,0.534939838841179
369,"lag10",0.375688136326084,0.501831803545683
369,"lag11",0.605116642276793,0.478165595916344
369,"lag12",-0.355148998366952,0.409547993721926
370,"lag1",3.40211742213047,0.482930869721454
370,"lag2",2.19847586970333,0.544384312576928
370,"lag3",5.30278442754389,0.559240390105165
370,"lag4",3.52015930937443,0.601367679684116
370,"lag5",-1.51956180730256,0.591001556842989
370,"lag6",0.206887158689783,0.478049038936903
370,"lag7",-0.693950908843194,0.483970242353415
370,"lag8",0.5412522520522,0.539711920406004
370,"lag9",0.592387855912577,0.555336675135598
370,"lag10",-0.911489351484328,0.600407743303056
370,"lag11",-0.0474117808482247,0.595389018772522
370,"lag12",0.250270038979593,0.477666044398492
371,"lag1",3.63382732343858,0.467690477501579
371,"lag2",1.51823509196624,0.527903874076101
371,"lag3",0.388602834626377,0.572922147225258
371,"lag4",-0.306334805611793,0.61869582915726
371,"lag5",-0.616043762361577,0.554456435299988
371,"lag6",2.89960895419513,0.459602237946788
371,"lag7",3.34223590369206,0.472161313195952
371,"lag8",2.35421681738642,0.525059374035215
371,"lag9",-0.414960540147994,0.578683934856614
371,"lag10",-1.11081155454891,0.616826563378348
371,"lag11",-1.25369150290696,0.560176759187674
371,"lag12",0.488398631339478,0.460460575501877
372,"lag1",7.68241419339951,0.456334633279719
372,"lag2",0.230019964059794,0.536758536282709
372,"lag3",1.7488897658745,0.571545109200182
372,"lag4",0.411824806166063,0.580966233498802
372,"lag5",0.135288565627521,0.51233410795242
372,"lag6",0.698426903478587,0.439724282474881
372,"lag7",1.37282066617965,0.45908073521894
372,"lag8",1.99337445553771,0.532696072523102
372,"lag9",0.0805659065807741,0.573811585512536
372,"lag10",1.08862919803033,0.583908399282386
372,"lag11",1.12585135468983,0.522181192716063
372,"lag12",-0.351099401516869,0.444161879156892
373,"lag1",5.62056732586473,0.434763482540609
373,"lag2",3.47435834436394,0.499067260931554
373,"lag3",3.34052284769428,0.515191108144182
373,"lag4",2.73765355054897,0.557427602012261
373,"lag5",0.00605396038228086,0.516308236634366
373,"lag6",2.44264651287842,0.432629123420043
373,"lag7",0.679312052128022,0.437456355125795
373,"lag8",-0.249942451230227,0.494864409390985
373,"lag9",-1.95640469783423,0.515626958596994
373,"lag10",-0.630178849096886,0.548266992424306
373,"lag11",-0.266654887271356,0.524355199842069
373,"lag12",-0.34029644165833,0.432175779526155
374,"lag1",4.51059909417996,0.456711213796923
374,"lag2",1.00255526779274,0.525431486971897
374,"lag3",0.540978035388766,0.547761051283848
374,"lag4",-0.623506288185216,0.584253942374526
374,"lag5",0.466567322172083,0.518070088296828
374,"lag6",1.44339593095224,0.436772514557423
374,"lag7",0.964943439798743,0.458826683636496
374,"lag8",2.54110249989446,0.516286803109985
374,"lag9",1.60142666512434,0.548744276841448
374,"lag10",0.750277973478941,0.573674388624258
374,"lag11",0.115772024262808,0.521304674854718
374,"lag12",1.52830705842268,0.437579553939794
375,"lag1",0.361596319131611,0.460420831236727
375,"lag2",2.49065451506833,0.519124116251803
375,"lag3",2.95109240818879,0.53809821927665
375,"lag4",1.33809204863562,0.591120350462051
375,"lag5",-0.968991058925035,0.541939675460606
375,"lag6",0.103048677463763,0.453970510302741
375,"lag7",-0.291606424861613,0.466619604931415
375,"lag8",1.68709921477138,0.521095975372653
375,"lag9",2.5641209983483,0.541443425258513
375,"lag10",2.32179469458002,0.590173664700867
375,"lag11",-0.229323725867551,0.549979225697204
375,"lag12",1.04975905156852,0.451537602083929
376,"lag1",1.56285752333307,0.438382360189502
376,"lag2",2.52190966904483,0.491236092375786
376,"lag3",5.36029626680376,0.500984674152799
376,"lag4",4.04726774257343,0.542145075725312
376,"lag5",-0.400746167562936,0.536245317694617
376,"lag6",0.220296075257421,0.434927045569007
376,"lag7",-0.131623060744533,0.439206746460578
376,"lag8",0.927849537822618,0.488582061652565
376,"lag9",2.26307217347577,0.501684784150897
376,"lag10",1.35082967737366,0.538876581222297
376,"lag11",0.0895964539741983,0.54437253610139
376,"lag12",0.290420923915236,0.437960637754373
377,"lag1",1.27413879174407,0.505192817500735
377,"lag2",1.65733468337876,0.567409551184105
377,"lag3",3.31141663412345,0.598854454303023
377,"lag4",2.86476349906337,0.648382587517073
377,"lag5",0.0399002564348217,0.596804459651621
377,"lag6",-1.19224169163246,0.502766270170807
377,"lag7",-1.09522682373634,0.509814484838209
377,"lag8",3.11503629646651,0.566198721243759
377,"lag9",2.56249933409746,0.600529596772519
377,"lag10",2.56020223731243,0.651247426540358
377,"lag11",-0.448948524050153,0.606471450220688
377,"lag12",1.46480416134621,0.505061990729544
378,"lag1",4.71857692425232,0.428252826082089
378,"lag2",0.561037805757153,0.479338948819804
378,"lag3",2.48609922434566,0.531784978155258
378,"lag4",4.3319912378251,0.55497208245201
378,"lag5",1.75991827394584,0.537794669773115
378,"lag6",0.750889398909328,0.438850728767579
378,"lag7",2.21348282894405,0.432021126094209
378,"lag8",2.02635286846839,0.48127362644559
378,"lag9",2.52908035126737,0.529150871501131
378,"lag10",0.442143751740711,0.557145122554867
378,"lag11",1.91809641471827,0.550135159965214
378,"lag12",0.904293260676387,0.448082828632054
379,"lag1",2.35594935094081,0.465133993730897
379,"lag2",1.47238571079101,0.523723532927586
379,"lag3",3.88245023959575,0.537832564031108
379,"lag4",4.31181727855041,0.583745418062496
379,"lag5",-0.284452978805397,0.58012090375677
379,"lag6",1.62472883605549,0.466322592685456
379,"lag7",0.829087896044743,0.470281326107727
379,"lag8",3.36274771660284,0.524838696582299
379,"lag9",4.78051690861759,0.544654758133409
379,"lag10",1.92215208959745,0.585594273695136
379,"lag11",0.12047268553095,0.587025155024719
379,"lag12",1.23603873619472,0.469615169276535
380,"lag1",0.484686640053557,0.42935587387833
380,"lag2",-1.39941917051175,0.503599951101666
380,"lag3",-0.764135184361494,0.514254043249476
380,"lag4",-0.511664623542596,0.531332181107594
380,"lag5",-0.775269224159644,0.481653150895317
380,"lag6",1.57921596773505,0.422557109512438
380,"lag7",1.38800191809674,0.43387307380008
380,"lag8",-0.259439528495645,0.501618366877305
380,"lag9",-0.256860784034307,0.512880720441326
380,"lag10",-0.530093270444238,0.532005667248459
380,"lag11",0.522725360434866,0.495861771074543
380,"lag12",0.248918587289946,0.42776253892373
381,"lag1",3.85574317190992,0.476668319372803
381,"lag2",-2.28192030869724,0.551680787463388
381,"lag3",-3.53689860173632,0.571852468321152
381,"lag4",-1.59379729679911,0.60210216917036
381,"lag5",-1.17467858143282,0.548330182783918
381,"lag6",-1.88858585984713,0.480092918778363
381,"lag7",-0.0593210478980236,0.478577586135003
381,"lag8",-1.0948459082621,0.548594904569385
381,"lag9",-0.934184991537582,0.568986324319767
381,"lag10",-1.57027713140745,0.602329949895904
381,"lag11",-1.50349691516038,0.552412349773149
381,"lag12",-0.926304517828596,0.483419479152265
382,"lag1",4.37336580851186,0.458404258158765
382,"lag2",-0.39336433695798,0.527131271267686
382,"lag3",-0.991226835609682,0.554215047710815
382,"lag4",0.542905024472469,0.600391697069351
382,"lag5",-0.347820395575263,0.527415030360516
382,"lag6",0.351270958148309,0.454155142610879
382,"lag7",1.05864924426937,0.460835920798677
382,"lag8",0.803961063307754,0.520103918802024
382,"lag9",-0.926248329177325,0.55341698158881
382,"lag10",-2.28902059293637,0.590439313961682
382,"lag11",-0.509843342348867,0.532190721620767
382,"lag12",-1.14925341071794,0.454630985188404
383,"lag1",4.60853468649155,0.449407124814149
383,"lag2",-1.48768840028919,0.503504588337326
383,"lag3",-0.883750990239914,0.568287475580531
383,"lag4",1.26175036338703,0.624585093268244
383,"lag5",-0.0703816002187995,0.542639398424554
383,"lag6",1.07279634246039,0.453394872084375
383,"lag7",0.710285369442389,0.452996153859885
383,"lag8",-2.66828540061926,0.49929057829388
383,"lag9",-4.02202316134331,0.562815593101031
383,"lag10",-2.94834805094766,0.610600504763697
383,"lag11",-0.732763842654613,0.5502153585861
383,"lag12",-1.32171849510023,0.453146586838717
384,"lag1",3.48512336656344,0.433927917309153
384,"lag2",0.0378757995735451,0.494830598629291
384,"lag3",3.16631089062827,0.539244714520898
384,"lag4",4.21551169024359,0.556280643292906
384,"lag5",1.19387590145298,0.515836041790698
384,"lag6",1.51481181758752,0.435901424633593
384,"lag7",2.20495805912702,0.435665515898924
384,"lag8",3.80473706746625,0.494417495188738
384,"lag9",-0.370159153269985,0.544519874338883
384,"lag10",1.25177240944562,0.549147637209599
384,"lag11",1.47589280094523,0.528714979839657
384,"lag12",1.2181897021209,0.44120314788808
385,"lag1",8.68521492506605,0.469541375736998
385,"lag2",0.465796337055115,0.549371300263741
385,"lag3",1.77585363381323,0.576242945455392
385,"lag4",2.10726219648379,0.595748879772249
385,"lag5",1.1354868261119,0.566450960484679
385,"lag6",-0.0976239459006565,0.472845985132737
385,"lag7",-0.175936402483616,0.47368295734978
385,"lag8",3.66806067669478,0.548291102420899
385,"lag9",1.90076150934369,0.572330966518434
385,"lag10",0.770149841635839,0.594875366598544
385,"lag11",0.649192601886957,0.57449077821751
385,"lag12",-0.119395013379978,0.475586550406677
386,"lag1",1.52166259459219,0.480982492440346
386,"lag2",0.427154296776266,0.537688605698772
386,"lag3",3.36616436141036,0.55754734031857
386,"lag4",4.46709247546449,0.630579227842221
386,"lag5",0.0603999233451036,0.609567811835357
386,"lag6",1.2778290302465,0.498033333358263
386,"lag7",1.89492709575464,0.482522017323862
386,"lag8",4.31265468533043,0.535577339057359
386,"lag9",2.5382293151704,0.555406117373725
386,"lag10",1.53795535353119,0.623967365523917
386,"lag11",0.470336718851234,0.618476841290123
386,"lag12",1.85918729823636,0.498242075835139
387,"lag1",2.96102950224791,0.420739842882889
387,"lag2",0.71698400683127,0.48347876610883
387,"lag3",0.514447795713841,0.529424278654531
387,"lag4",-0.908264678348822,0.549256750659617
387,"lag5",-0.201219944031065,0.501620768061562
387,"lag6",-0.798494334738743,0.415970552699157
387,"lag7",-1.18628909941029,0.422504990969486
387,"lag8",-0.742767965755476,0.480088486774587
387,"lag9",0.0632705467406971,0.533144576887228
387,"lag10",-0.398309164698805,0.543928328909708
387,"lag11",-0.641143934409805,0.512617575723313
387,"lag12",-0.925389355142462,0.418999289329531
388,"lag1",4.90820848550879,0.438560943578395
388,"lag2",3.13127085182246,0.492432996882537
388,"lag3",4.57236652540731,0.516881119777525
388,"lag4",5.79152883986233,0.595205343044757
388,"lag5",1.80428358587945,0.569642365771202
388,"lag6",2.4023160798767,0.446302669762102
388,"lag7",0.612287443981024,0.441715154594748
388,"lag8",0.640671265942902,0.491084112579605
388,"lag9",-0.352686615294477,0.521365073956373
388,"lag10",0.869868967814996,0.592767201676236
388,"lag11",1.38536360240862,0.576688218568963
388,"lag12",2.51424440071876,0.447145273886597
389,"lag1",3.3496807779478,0.466712691977878
389,"lag2",-2.1164732140838,0.539184169365829
389,"lag3",-0.0884792742759413,0.606519003450271
389,"lag4",2.35869071073368,0.669142792203313
389,"lag5",0.727522324349717,0.579139582672632
389,"lag6",0.568084884704846,0.480613474790341
389,"lag7",-0.950935884563118,0.467725610025992
389,"lag8",-0.112853462729508,0.535642736957234
389,"lag9",0.46582378113371,0.606715658230546
389,"lag10",-0.0167512888431964,0.660216219003232
389,"lag11",-1.35897817824878,0.589798435016648
389,"lag12",-0.615384639463642,0.485682555066534
390,"lag1",3.68449176408094,0.46681917250909
390,"lag2",1.05877029099179,0.530110933433962
390,"lag3",1.55321405932421,0.559567769338306
390,"lag4",1.85866535059014,0.579405768120418
390,"lag5",0.337472617044269,0.523894376201354
390,"lag6",-0.634107260268353,0.447377848964637
390,"lag7",-0.741290974279573,0.473020323357261
390,"lag8",-0.0763451237679839,0.530107185766075
390,"lag9",0.529584108543806,0.564275288632418
390,"lag10",1.3362220342875,0.577085633408449
390,"lag11",-0.431117554504859,0.531388726127905
390,"lag12",0.678129095718167,0.449744943300905
391,"lag1",6.43345154392036,0.447888587560034
391,"lag2",-0.166771521351051,0.513592032756625
391,"lag3",1.75193940086943,0.533905878758731
391,"lag4",2.02384641274399,0.57939480364545
391,"lag5",0.756413294511914,0.551427506295539
391,"lag6",1.40294505788995,0.445431094827426
391,"lag7",0.164229965817436,0.45020341224883
391,"lag8",-0.869644807154019,0.508668538623093
391,"lag9",-0.190668630253992,0.534232199102108
391,"lag10",0.0137950496262866,0.573921669840188
391,"lag11",0.618646064817004,0.560978722996021
391,"lag12",0.490532606202174,0.44852134412677
392,"lag1",8.06548492373833,0.434517216788875
392,"lag2",3.52026314671233,0.501941856443273
392,"lag3",4.65455394151826,0.54560007061144
392,"lag4",4.21080499698452,0.575038692016451
392,"lag5",1.13472809136808,0.526859141824305
392,"lag6",2.03211828852241,0.43994877151616
392,"lag7",2.39427353924802,0.440209041958661
392,"lag8",2.52142202974219,0.50000739046638
392,"lag9",1.82502390339095,0.554307079898464
392,"lag10",1.9044497469485,0.575966190419564
392,"lag11",1.87984918122806,0.53525381814864
392,"lag12",1.60575055509607,0.442943424658382
393,"lag1",5.22362434383822,0.467766756357061
393,"lag2",0.842339486196305,0.551442566427535
393,"lag3",-1.20919081869766,0.589939130316714
393,"lag4",-0.54461257108201,0.576513335164907
393,"lag5",-0.499675711346283,0.530613852082774
393,"lag6",0.217216606103606,0.459527070135779
393,"lag7",-0.291383651437442,0.471860641417344
393,"lag8",-1.11627445285421,0.549717423461415
393,"lag9",-1.14976515673428,0.600161365800189
393,"lag10",-1.36498578937583,0.582667933663911
393,"lag11",-0.907302300730999,0.543092219236888
393,"lag12",-0.51475874269022,0.467771981018835
394,"lag1",3.97447479285792,0.455272911941186
394,"lag2",0.00892213655387516,0.523115433196303
394,"lag3",0.687475906272859,0.569181853271179
394,"lag4",0.885938583706251,0.593391883800348
394,"lag5",-0.612700488996811,0.531678278666094
394,"lag6",1.14260451209594,0.451519299352645
394,"lag7",0.051853486841597,0.457546510086577
394,"lag8",-0.904531799933383,0.515908341104947
394,"lag9",-0.717008060877655,0.566219324630257
394,"lag10",-1.71799764464179,0.586054744683881
394,"lag11",-0.760836271908443,0.538126443254815
394,"lag12",-0.348698800165258,0.453212164260066
395,"lag1",3.62663151702215,0.47233791852865
395,"lag2",0.54245020319306,0.54750138874395
395,"lag3",1.82500965555962,0.582517513156328
395,"lag4",1.7300025211998,0.594230687231922
395,"lag5",0.978168028612321,0.53909863577342
395,"lag6",0.883136327295011,0.466916144600728
395,"lag7",2.0127971768901,0.473670461037064
395,"lag8",2.11329092649514,0.542739298932064
395,"lag9",1.16257329515382,0.576081331829318
395,"lag10",-0.00606766366702062,0.589570981012423
395,"lag11",-0.495238456273066,0.543957171679623
395,"lag12",0.0466512656058947,0.471284744071162
396,"lag1",3.75348058102392,0.446205440911687
396,"lag2",2.1419060726424,0.510305366585911
396,"lag3",5.0269557906157,0.561396145454531
396,"lag4",2.66311459222036,0.569251175871047
396,"lag5",-0.635974723779197,0.515154510518326
396,"lag6",-1.19939328246957,0.447725334443408
396,"lag7",0.226603983922751,0.449927408940094
396,"lag8",0.926846700064406,0.508724934794664
396,"lag9",0.34531558081794,0.559704847358216
396,"lag10",0.45735706703511,0.565399546693137
396,"lag11",-1.43217506597784,0.523447984191625
396,"lag12",-0.0190836993024499,0.447868720247746
397,"lag1",4.86786037707762,0.431655998123333
397,"lag2",0.26904794511305,0.505024935189719
397,"lag3",0.78406997933061,0.518485950239185
397,"lag4",2.08752644267304,0.534051756644111
397,"lag5",0.233552228722081,0.512645332584554
397,"lag6",1.5732283106888,0.430225723290767
397,"lag7",0.685856901766536,0.433475564906899
397,"lag8",0.575884762935788,0.498333163754061
397,"lag9",0.0589768438013935,0.52214364389947
397,"lag10",-0.593974356076695,0.531738755711858
397,"lag11",-0.810723653754593,0.525266251381302
397,"lag12",0.376237388907772,0.435222949182315
398,"lag1",0.878848060994617,0.467210349576432
398,"lag2",-0.463796318636954,0.526102503481543
398,"lag3",3.6373434749502,0.541197583622517
398,"lag4",4.40563669745549,0.560010529280512
398,"lag5",1.25026945652774,0.563521801999013
398,"lag6",-1.14565996335753,0.466688104289698
398,"lag7",0.408099128506452,0.470592492317137
398,"lag8",2.98303169804327,0.522376556240313
398,"lag9",3.20253247327988,0.537647139274606
398,"lag10",3.29752362527241,0.562003522285308
398,"lag11",-0.687941574639211,0.570567156815246
398,"lag12",1.20596314620531,0.469509911927516
399,"lag1",6.58044499951276,0.458211839759286
399,"lag2",-0.973409525185168,0.548835394022711
399,"lag3",0.735253865058636,0.573958946990483
399,"lag4",3.02556013277779,0.556432352398087
399,"lag5",0.815688636068536,0.521064058669794
399,"lag6",-0.360026169801439,0.457736925400374
399,"lag7",-0.728760472714192,0.462432124976812
399,"lag8",-0.19594514595176,0.544658603911139
399,"lag9",-0.588951827872715,0.575648983373622
399,"lag10",-0.105924402283892,0.559654931699377
399,"lag11",-0.0746090106823299,0.530655063523595
399,"lag12",-1.13300740307903,0.462117352284781
400,"lag1",5.0393148270558,0.464482598387965
400,"lag2",0.618902974080897,0.528879266273647
400,"lag3",0.730853953359058,0.545199778953542
400,"lag4",1.59118438121776,0.581504136771024
400,"lag5",0.867852046163984,0.567219718094183
400,"lag6",3.16880714017025,0.459370514269942
400,"lag7",1.60528602803132,0.466736762167989
400,"lag8",1.14180270462663,0.525477747950693
400,"lag9",1.150629712998,0.547465615974265
400,"lag10",0.927618068293935,0.586340924488432
400,"lag11",1.16820626117663,0.578985709384697
400,"lag12",0.747952240356198,0.46397103519413
401,"lag1",2.20190822466057,0.452038051285658
401,"lag2",2.33252480883836,0.514736339086248
401,"lag3",0.652044332840967,0.568164661349423
401,"lag4",-0.313126166294233,0.566307820230709
401,"lag5",-0.491331883344491,0.544077949481193
401,"lag6",0.244516792601996,0.45638156719937
401,"lag7",0.502100975662539,0.454787074660571
401,"lag8",2.6953096413839,0.51508216543187
401,"lag9",-0.138476745952536,0.56621266834333
401,"lag10",-0.11253019318596,0.564589092349337
401,"lag11",-1.42012269717679,0.554139228067845
401,"lag12",-0.317667577478675,0.45695726515983
402,"lag1",3.68389985099532,0.407991576029167
402,"lag2",1.43743150262545,0.460799470608308
402,"lag3",4.59608419679111,0.507493220455549
402,"lag4",4.26311306723285,0.509277523708767
402,"lag5",0.646219334850961,0.476778150174738
402,"lag6",1.41670828341293,0.402618970206908
402,"lag7",0.632855642867091,0.411980726346053
402,"lag8",3.23186326785649,0.460303022958862
402,"lag9",1.08276814954428,0.510380097787186
402,"lag10",1.74188159246088,0.512350159227087
402,"lag11",2.4528919744834,0.489688680312641
402,"lag12",0.376082146429015,0.410946948548876
403,"lag1",1.16252173903382,0.424994458061083
403,"lag2",1.22324620258257,0.477672191544839
403,"lag3",2.19477289540148,0.516626229861972
403,"lag4",2.22316255836675,0.557554480477155
403,"lag5",0.578931123079089,0.49945866996648
403,"lag6",0.794741977666068,0.421647573885458
403,"lag7",0.822374908407375,0.4301986521474
403,"lag8",-1.35892125923952,0.4754294373828
403,"lag9",-0.391485066904949,0.519385882833562
403,"lag10",-0.213879379365005,0.55405465733497
403,"lag11",-0.256736784719146,0.509950257598901
403,"lag12",-0.519068534143094,0.42387699340139
404,"lag1",5.64147010395441,0.481958616975408
404,"lag2",-0.81110916622642,0.572811600803288
404,"lag3",1.41390291091688,0.598220320352738
404,"lag4",1.85389164207327,0.618617598795276
404,"lag5",0.899589388152784,0.56932348903967
404,"lag6",-0.0217492295502399,0.486747902393057
404,"lag7",-0.816562775338419,0.486810453370665
404,"lag8",0.374763819803958,0.565598386550246
404,"lag9",-2.39070988265416,0.598982314937727
404,"lag10",-1.09752496386371,0.603588367666583
404,"lag11",-0.733022243591295,0.57769921514706
404,"lag12",-2.19092210017597,0.484798230986496
405,"lag1",4.99845499864873,0.440188569344549
405,"lag2",1.03989782189351,0.505107878351825
405,"lag3",1.36045182133056,0.529263520830417
405,"lag4",2.4213218801699,0.57935439663992
405,"lag5",0.282009544836209,0.550233605002248
405,"lag6",0.214343758317628,0.446770478358055
405,"lag7",1.629284871865,0.441862021195763
405,"lag8",0.643976576694313,0.502082145579529
405,"lag9",1.39531296412847,0.530165076957337
405,"lag10",0.425392558335364,0.57140074144084
405,"lag11",0.317668391393475,0.565326521394991
405,"lag12",2.0133442707552,0.452553481945671
406,"lag1",2.66028688957636,0.464011401262385
406,"lag2",-0.258823759794977,0.529010334436108
406,"lag3",-0.370775054663679,0.573206275737649
406,"lag4",1.12052681136246,0.594072476702556
406,"lag5",-0.820960277468564,0.551555537552594
406,"lag6",0.33932382442797,0.462497025885801
406,"lag7",-0.366769683487635,0.469200164008688
406,"lag8",-0.630867586620835,0.526452388899448
406,"lag9",-0.173835558919958,0.573593202464269
406,"lag10",1.08529284113417,0.600859448260533
406,"lag11",1.49047940706931,0.565439522807391
406,"lag12",0.976135373986315,0.468411631474939
407,"lag1",5.11240557722259,0.451368808406509
407,"lag2",-1.26708570792034,0.518407531118159
407,"lag3",1.59465013381416,0.56754623250383
407,"lag4",2.67003567011598,0.571986807619392
407,"lag5",0.378693887844313,0.562383544770797
407,"lag6",0.774067394821035,0.47017310767068
407,"lag7",-0.00803779345872974,0.453976572909603
407,"lag8",-0.878180383199411,0.517567482879419
407,"lag9",0.184100627121756,0.562440916132525
407,"lag10",-0.945940158741003,0.566110700436772
407,"lag11",-0.882196437854192,0.568287109346183
407,"lag12",0.131017868798015,0.472358675267884
408,"lag1",5.28917104253535,0.422987287502364
408,"lag2",4.07628967302027,0.492120232339626
408,"lag3",2.55133470457672,0.515492413598685
408,"lag4",3.00894607132453,0.550229114842255
408,"lag5",2.41883574298032,0.505283854040119
408,"lag6",0.312793029986966,0.421020245168877
408,"lag7",0.734689524360031,0.426995591664386
408,"lag8",0.973680579451759,0.489467949833822
408,"lag9",0.57871110387661,0.517320136450164
408,"lag10",0.8476090822692,0.541929152029154
408,"lag11",0.977360986241001,0.513514910867566
408,"lag12",2.66604129566148,0.422825291259793
409,"lag1",2.86905248306862,0.441439540958137
409,"lag2",-1.90156834399649,0.499068745961157
409,"lag3",-1.42987307685187,0.553347916591009
409,"lag4",-0.376932794012914,0.629089323923043
409,"lag5",0.263435788252309,0.537892557114485
409,"lag6",1.9424633413233,0.443235992010255
409,"lag7",1.60822242049287,0.441615169841551
409,"lag8",-0.639304395057713,0.492344536658703
409,"lag9",-1.57459209701131,0.541180193447303
409,"lag10",-1.15765396030255,0.60739587494445
409,"lag11",-0.798829674569718,0.543653099790824
409,"lag12",0.0295686818258954,0.442550231278134
410,"lag1",1.05831531709592,0.44455871228159
410,"lag2",-0.434764987423334,0.508593865357626
410,"lag3",-0.264623515499747,0.541882410724465
410,"lag4",0.118203876153356,0.577145757407316
410,"lag5",-0.111220711405288,0.534657837159543
410,"lag6",-0.823758110577023,0.442633197874566
410,"lag7",-0.163895587401851,0.449112962215569
410,"lag8",0.253200935037059,0.505324069422963
410,"lag9",0.710293091982511,0.538775740483738
410,"lag10",-0.0610766013648237,0.575498075542704
410,"lag11",-0.0913000191717272,0.541860479067024
410,"lag12",-0.1463944021037,0.443920546564612
411,"lag1",9.26521280569014,0.45354374338408
411,"lag2",1.16763339124915,0.535590850436502
411,"lag3",0.0586322573448496,0.564835698048592
411,"lag4",1.27552320042501,0.566656944208431
411,"lag5",1.96839676873848,0.529418488012371
411,"lag6",2.26002013472489,0.451774147505232
411,"lag7",1.7115940042031,0.456841096641125
411,"lag8",0.980476590008369,0.532393845839597
411,"lag9",-0.313428647777907,0.565787553369725
411,"lag10",-0.721756372742972,0.56932573906804
411,"lag11",0.325824891417792,0.540598907706977
411,"lag12",1.50769770776269,0.457628204789348
412,"lag1",3.30172274855025,0.421163568558124
412,"lag2",-0.276959388813611,0.480114425318769
412,"lag3",0.614829864925566,0.486327458279149
412,"lag4",2.66097172285626,0.517244068093089
412,"lag5",-0.856634294174217,0.51435784225246
412,"lag6",-0.469353188300651,0.41915696992595
412,"lag7",-2.01144452893873,0.424191071096373
412,"lag8",-2.36772006427211,0.47845681717384
412,"lag9",-1.13085433495706,0.484524758283323
412,"lag10",-0.0138042737065364,0.514312585882592
412,"lag11",0.248810421850255,0.525431219680791
412,"lag12",-0.411110205461638,0.424280676878192
413,"lag1",0.778273794729439,0.412320340535586
413,"lag2",0.120993069818763,0.47242691685478
413,"lag3",-0.635793445082307,0.519402755343901
413,"lag4",-0.621760964378563,0.546505834980715
413,"lag5",-1.02134588354108,0.500937924922461
413,"lag6",0.860428878328776,0.421121430944235
413,"lag7",0.0227880512921049,0.414053796095683
413,"lag8",1.26363235054424,0.468472109687806
413,"lag9",0.721939537281078,0.516461154832241
413,"lag10",0.823250317192691,0.534241008035555
413,"lag11",-0.362896201553962,0.508975071701508
413,"lag12",-0.747258116793312,0.42073039328285
414,"lag1",5.18303012539697,0.45452692333398
414,"lag2",1.9834586358858,0.523389038878413
414,"lag3",3.24000624845652,0.57494723220867
414,"lag4",2.88477347043954,0.560906656330695
414,"lag5",0.0758495323883259,0.504613312571698
414,"lag6",0.991549081975056,0.437232640801458
414,"lag7",-0.133361470650996,0.457429584602191
414,"lag8",-0.0692548613690738,0.518928172628438
414,"lag9",-0.551952897131917,0.585626878407861
414,"lag10",0.864942643140851,0.561696077374593
414,"lag11",0.216853027166512,0.514722281774777
414,"lag12",-0.86973446789415,0.441175196346576
415,"lag1",4.61859796572892,0.448250512736469
415,"lag2",1.95641780323381,0.507263599667587
415,"lag3",3.37894263608894,0.533787244235257
415,"lag4",2.15887555409268,0.598736382144781
415,"lag5",1.74671422323646,0.562682349623373
415,"lag6",2.47538602754278,0.446487811241334
415,"lag7",0.666279578948251,0.45206426139749
415,"lag8",1.56429969866754,0.503407391563243
415,"lag9",0.795264489566692,0.536098021632996
415,"lag10",-0.0941320671173211,0.590881032479184
415,"lag11",2.06778307213074,0.572396812383911
415,"lag12",0.435089125682316,0.447110281415373
416,"lag1",4.46886136550388,0.430144775188965
416,"lag2",1.4208615319678,0.490783889487196
416,"lag3",3.73939479199919,0.529034888303543
416,"lag4",3.06247714987423,0.520336342239136
416,"lag5",0.821305302456656,0.516038233862909
416,"lag6",1.91248597741166,0.427905273600143
416,"lag7",1.55357091332088,0.432618001588995
416,"lag8",1.35426774070913,0.489170571804787
416,"lag9",0.385883336984005,0.534455417889497
416,"lag10",-1.04113814955698,0.521086129580713
416,"lag11",0.737064410255725,0.521033674593069
416,"lag12",0.376760388707677,0.431549283949926
417,"lag1",-1.30836262641992,0.45789550020228
417,"lag2",-2.69312755891158,0.520534457973564
417,"lag3",-0.545081018667846,0.544338283273188
417,"lag4",0.490149567363604,0.595180805555555
417,"lag5",-1.4911489850847,0.530660256033302
417,"lag6",-0.383822622563826,0.455798472965854
417,"lag7",-2.69046498697858,0.459832703034635
417,"lag8",-1.2796917283639,0.513054104611856
417,"lag9",0.619490578027714,0.545465298182386
417,"lag10",2.04815070915166,0.591616324291819
417,"lag11",-0.470547519372002,0.543053799987668
417,"lag12",-0.864101597287147,0.4577953792481
418,"lag1",2.46086143436867,0.423461810231711
418,"lag2",0.444337146141337,0.480072531284632
418,"lag3",2.32933009595448,0.513471742425287
418,"lag4",1.69050397217316,0.546299466042505
418,"lag5",0.725186286112812,0.515578118192633
418,"lag6",1.28106488127734,0.422752383781643
418,"lag7",1.54941710269917,0.425513730990318
418,"lag8",1.31419788489666,0.476924169872941
418,"lag9",1.4572466903807,0.519615460177141
418,"lag10",0.950930835529161,0.549658108961905
418,"lag11",0.352289081240428,0.523872653333155
418,"lag12",1.14139749401116,0.428485482408346
419,"lag1",2.78423143007159,0.455962069755436
419,"lag2",-0.295163697637016,0.519686823376028
419,"lag3",1.24883947483979,0.564552898031953
419,"lag4",-0.823535567476207,0.585543067890874
419,"lag5",-0.516100844313155,0.525225784347888
419,"lag6",-0.0192014582411858,0.44586672760561
419,"lag7",-0.136040297537869,0.457411102644821
419,"lag8",1.98697621978873,0.51420681577853
419,"lag9",0.300135191064772,0.567203693295082
419,"lag10",-0.0990438222246378,0.585240259742378
419,"lag11",0.0196718341858216,0.532211024653422
419,"lag12",-1.43562682102895,0.448649726509294
420,"lag1",5.1622128105017,0.463209865499233
420,"lag2",0.855590236527751,0.545188925168361
420,"lag3",3.48762780230451,0.576325036108482
420,"lag4",3.57078226622842,0.571434260075692
420,"lag5",1.46413887035697,0.52953204856558
420,"lag6",-1.04844641818976,0.459389492476002
420,"lag7",-1.28901353970968,0.467529968738643
420,"lag8",-0.579553378395148,0.543007219306617
420,"lag9",1.90488795171743,0.585878575384213
420,"lag10",2.97878658360995,0.569238843920264
420,"lag11",0.803350661303659,0.537525596143426
420,"lag12",1.12754748256751,0.460036507151921
421,"lag1",4.33131851182641,0.496497166349057
421,"lag2",0.177109942319702,0.567435704871023
421,"lag3",1.84952783340217,0.593835218803414
421,"lag4",1.38394132009533,0.660912393189171
421,"lag5",-0.22410508403975,0.61989737772338
421,"lag6",0.0950743527719212,0.507189031929618
421,"lag7",-0.164929405132485,0.501120622659412
421,"lag8",3.42179125351467,0.561792828860239
421,"lag9",1.82076123158485,0.592986687596438
421,"lag10",1.78083043671346,0.657585930234296
421,"lag11",0.356469563496542,0.629852958678631
421,"lag12",-0.00480539261085576,0.509483840001184
422,"lag1",5.47936633118328,0.493384729694607
422,"lag2",1.48946701719342,0.584723463223152
422,"lag3",3.5584623085894,0.60281947419417
422,"lag4",2.74640770577932,0.602373986050558
422,"lag5",-0.193431043884076,0.575055514110921
422,"lag6",1.11022387452292,0.4925746684274
422,"lag7",-0.902046025864626,0.497503905080332
422,"lag8",1.53974566611324,0.580285875922314
422,"lag9",2.92172558898787,0.60748261214088
422,"lag10",2.25023991125902,0.602738574903255
422,"lag11",-0.0761676237801424,0.582181771968019
422,"lag12",-0.743390186930912,0.496470280837827
423,"lag1",0.640644780190734,0.434505295579098
423,"lag2",1.24979697861878,0.482909120022249
423,"lag3",0.730449555727855,0.51112488210709
423,"lag4",1.16562351246605,0.574716802003841
423,"lag5",-0.460177900377259,0.539815303771983
423,"lag6",0.227857823029904,0.43125310527708
423,"lag7",0.0267989325314019,0.436724217645765
423,"lag8",1.00445001583796,0.480997145613755
423,"lag9",-1.56064563030884,0.517147373443793
423,"lag10",-1.6908241989894,0.567855804241774
423,"lag11",1.11290775960869,0.544493378140807
423,"lag12",0.594526672087606,0.430243279691591
424,"lag1",2.59370030181035,0.464233645381427
424,"lag2",-0.758450381077174,0.522894882951257
424,"lag3",2.18344894704178,0.565678111643871
424,"lag4",3.7297022030822,0.599835620736472
424,"lag5",0.10528173632359,0.561975604576392
424,"lag6",1.18712827323141,0.474099881325635
424,"lag7",0.900215340186686,0.463496636567921
424,"lag8",2.06187341622206,0.516461810438681
424,"lag9",2.00144236539334,0.559032816164974
424,"lag10",1.987881890827,0.581527598455721
424,"lag11",0.358812625813031,0.568464935715181
424,"lag12",0.702564905548156,0.472789303527405
425,"lag1",3.71097714858008,0.455811176054517
425,"lag2",0.719938337516269,0.529460419455286
425,"lag3",0.395968555143847,0.559293060646586
425,"lag4",-0.136151777809395,0.578191876420421
425,"lag5",1.4741072524025,0.510078394938474
425,"lag6",1.76887368089927,0.439891796888594
425,"lag7",3.86805071923046,0.45850753657642
425,"lag8",3.10374402469053,0.522132191521095
425,"lag9",1.59327639453114,0.567143281918349
425,"lag10",1.07602251732705,0.57593306848036
425,"lag11",0.60903215213333,0.51614014931502
425,"lag12",1.00759796034145,0.444360282305361
426,"lag1",2.90258241407173,0.463757809529824
426,"lag2",-0.677400812928342,0.534185381375551
426,"lag3",2.12114757724804,0.574063607269402
426,"lag4",2.21087254412624,0.581134214047666
426,"lag5",-0.676666583517398,0.568205557983434
426,"lag6",1.39721769990622,0.47218041909849
426,"lag7",1.30890651424819,0.468798913241947
426,"lag8",2.57961182827761,0.53078893704314
426,"lag9",1.81619061509721,0.569672614750202
426,"lag10",-0.610803782933848,0.582087418645542
426,"lag11",0.194861640795337,0.575865829064145
426,"lag12",-0.594220007281585,0.473280972198149
427,"lag1",4.51956857903759,0.441294315975925
427,"lag2",1.50304605703112,0.490439411625231
427,"lag3",2.68024684615205,0.55662724282911
427,"lag4",2.55985029144083,0.598785721523022
427,"lag5",-0.384066043062563,0.528001705261425
427,"lag6",-0.86945675917144,0.434586039903449
427,"lag7",-0.467447084397089,0.445073770201812
427,"lag8",-0.347567643322482,0.489602791901532
427,"lag9",-0.827014145568424,0.560929291923638
427,"lag10",-0.671273470001972,0.592256957003702
427,"lag11",0.0154916452182201,0.535625206144191
427,"lag12",-0.858729121767349,0.438024424066787
428,"lag1",5.36753008644458,0.43449822759803
428,"lag2",1.4958340438077,0.510603509585323
428,"lag3",0.00841826457122958,0.552888335321946
428,"lag4",0.312783296764729,0.549426901042941
428,"lag5",0.563744375323429,0.512147984233345
428,"lag6",-0.286324534548034,0.439842908152038
428,"lag7",4.1684163780158,0.438970304464592
428,"lag8",1.00734643424697,0.505733267163518
428,"lag9",-2.86832266273195,0.557914342604795
428,"lag10",-2.10144564171167,0.548143336521076
428,"lag11",-0.763897628931302,0.517923201562081
428,"lag12",0.142440456406787,0.443885588869633
429,"lag1",4.75232739568378,0.493285957252818
429,"lag2",1.31513881653292,0.555713943936595
429,"lag3",0.604914924049317,0.581503694864848
429,"lag4",1.80722558338503,0.627099822535586
429,"lag5",-0.0513885572585182,0.617397754175696
429,"lag6",0.130503673426831,0.492012721203589
429,"lag7",-0.305877217144342,0.497417052108888
429,"lag8",1.51321259621004,0.557679124078573
429,"lag9",0.251383325459583,0.583805566504968
429,"lag10",-0.558104006247296,0.625910329339589
429,"lag11",-0.510494703681344,0.630463860057185
429,"lag12",-0.28412753016781,0.496010115752526
430,"lag1",1.9856781062307,0.440890276574108
430,"lag2",3.34614392906032,0.510511500367023
430,"lag3",3.1108299455417,0.536768157994752
430,"lag4",0.40138229270006,0.545460214857131
430,"lag5",-0.594578294805881,0.500645309195102
430,"lag6",-0.961394464509226,0.433278907914204
430,"lag7",0.546278136288587,0.445737101217318
430,"lag8",3.11082794972241,0.506682396376792
430,"lag9",2.99468164415221,0.542335834762025
430,"lag10",0.993439042573931,0.543361973848477
430,"lag11",-0.94227916594357,0.507599246035606
430,"lag12",-0.543156273863497,0.432502554684281
431,"lag1",0.166650628671544,0.446993502838973
431,"lag2",-0.25835481941836,0.50113914691608
431,"lag3",2.93849980779002,0.541466849073309
431,"lag4",4.35370812375306,0.620378929535956
431,"lag5",-0.687916664197442,0.564500452866017
431,"lag6",1.54007039064966,0.460207934493368
431,"lag7",-1.17169445022076,0.448409786907488
431,"lag8",1.35653091877712,0.500445150549528
431,"lag9",1.52705080351638,0.541663292897002
431,"lag10",1.70333603626322,0.62243194682327
431,"lag11",-0.178034885528665,0.56758162752006
431,"lag12",0.166467145633253,0.463548459381115
432,"lag1",-0.535212828457639,0.43377540900623
432,"lag2",-1.9306916900162,0.490932240667775
432,"lag3",0.923208326937626,0.550632435452835
432,"lag4",2.19193047003917,0.570127783906861
432,"lag5",-0.907025169397087,0.525983389774877
432,"lag6",-0.910736104305695,0.439514928256394
432,"lag7",0.0357808355215338,0.437373542149298
432,"lag8",2.01381883802836,0.490158303183622
432,"lag9",1.28093673086169,0.549171483839648
432,"lag10",1.14833840962976,0.573005011518882
432,"lag11",-0.695577220977557,0.53089494097286
432,"lag12",-0.449284354442448,0.441228236576787
433,"lag1",4.67996717212572,0.473505799153851
433,"lag2",0.0514178522345682,0.548617817701582
433,"lag3",1.88757684208705,0.590748462295598
433,"lag4",2.02455245178492,0.586523956511897
433,"lag5",-0.00883529814806081,0.528897354383141
433,"lag6",0.174443319222153,0.468120268064584
433,"lag7",0.744672728177457,0.477155928916284
433,"lag8",-0.783347261566321,0.544283074020101
433,"lag9",0.63265987941916,0.587661494490674
433,"lag10",1.2008045969307,0.585241923994961
433,"lag11",0.324467117077231,0.536589027966128
433,"lag12",1.09368442006409,0.470888069998817
434,"lag1",9.1072258937586,0.419773796679512
434,"lag2",0.590375600551029,0.484562990194536
434,"lag3",1.55131777304177,0.529575633375249
434,"lag4",1.77878418977986,0.523137250363186
434,"lag5",1.19125218631404,0.490378806421049
434,"lag6",1.48808332035951,0.415853955518945
434,"lag7",2.0917565568368,0.42290007515001
434,"lag8",1.68390308296925,0.48817153118617
434,"lag9",-0.679061725366626,0.533430354038172
434,"lag10",-0.93667038872819,0.52020296700964
434,"lag11",0.234461824549612,0.500568345253325
434,"lag12",0.582784516764796,0.420266161492611
435,"lag1",0.088673970880763,0.475634015142747
435,"lag2",-0.73959011179732,0.543877484572563
435,"lag3",-0.550853818253734,0.604168694682224
435,"lag4",0.195568636111027,0.633579598189024
435,"lag5",-1.41242997828854,0.561690697269911
435,"lag6",-1.91903556891335,0.472185362495991
435,"lag7",-0.392611010562813,0.477503582866304
435,"lag8",0.207291284887061,0.539067373240043
435,"lag9",1.19488397989363,0.605791532758317
435,"lag10",1.49271931138575,0.627706765764477
435,"lag11",-1.3425663066984,0.568006296565017
435,"lag12",-0.960479963434923,0.473525977416517
436,"lag1",5.6631804517296,0.468887879823955
436,"lag2",0.630727162546316,0.515451151581104
436,"lag3",3.55351277311314,0.552986603692528
436,"lag4",5.47671590261221,0.646991192290875
436,"lag5",1.44352109406545,0.600954616131943
436,"lag6",1.30738327007483,0.477912162007963
436,"lag7",1.09093224538332,0.470266769086147
436,"lag8",2.0404105332769,0.514361098348914
436,"lag9",2.2914629026131,0.549618031312138
436,"lag10",2.43329318773888,0.63654471976091
436,"lag11",1.72709966636823,0.607973221663342
436,"lag12",1.53571841837415,0.480364335490846
437,"lag1",5.53199857214805,0.464332205777976
437,"lag2",-0.194236808937685,0.566068353971438
437,"lag3",-0.354074954202967,0.559220954201786
437,"lag4",1.31406721053109,0.573057426082976
437,"lag5",0.90444894370746,0.549199704507533
437,"lag6",-0.608664551413554,0.458054925161298
437,"lag7",0.685148981549644,0.46718437005991
437,"lag8",2.77223736921614,0.561855243529553
437,"lag9",1.54038820577486,0.566390761213286
437,"lag10",0.529307514351327,0.580653910565231
437,"lag11",-0.809681967608672,0.56082280874257
437,"lag12",-0.468830885417503,0.465027175239812
438,"lag1",3.29840638978291,0.495260472896079
438,"lag2",0.142390395475628,0.561460775899147
438,"lag3",0.439327222832743,0.600390125240626
438,"lag4",0.297261163699023,0.649571846856025
438,"lag5",0.647856522513582,0.593056849165018
438,"lag6",1.56829003146466,0.496063273554385
438,"lag7",1.67288045133637,0.495308905502661
438,"lag8",5.39610441074755,0.55810244983772
438,"lag9",2.39226406561815,0.601498026939509
438,"lag10",2.0125914280084,0.642135491274635
438,"lag11",1.1104735946769,0.601114548278183
438,"lag12",2.69029480838963,0.495696532295485
439,"lag1",5.23389610260217,0.485447787955453
439,"lag2",-0.405096877826589,0.560238702154361
439,"lag3",-0.0266162314476265,0.561993695650125
439,"lag4",1.422481326866,0.589403208724451
439,"lag5",-0.215274534003096,0.581243572883449
439,"lag6",-0.673864158139545,0.48574353787765
439,"lag7",2.88742150706247,0.491100986556339
439,"lag8",3.58223178793433,0.553164701627907
439,"lag9",1.97329343708196,0.557960432229927
439,"lag10",3.2990294362291,0.581602275929099
439,"lag11",0.944196180815946,0.587742206298382
439,"lag12",0.393824261470026,0.485645707356716
440,"lag1",9.82938843012771,0.457841259317527
440,"lag2",2.19041240482519,0.535283485646986
440,"lag3",2.72958537793535,0.559868397522557
440,"lag4",2.52907765671993,0.562543400693134
440,"lag5",1.03175544316567,0.546212124866575
440,"lag6",1.6755962686992,0.455173671600734
440,"lag7",1.35775357009775,0.465231571625874
440,"lag8",0.203251739620477,0.53242016083552
440,"lag9",-0.621460970121026,0.556539867415496
440,"lag10",-0.569251917517667,0.562136259271398
440,"lag11",0.614863605668733,0.549452293966523
440,"lag12",-0.931252733440837,0.45790020285068
441,"lag1",3.36716780805406,0.434596546705519
441,"lag2",0.874194515017157,0.502895888726549
441,"lag3",3.09075670247332,0.534452865682533
441,"lag4",3.38303212728343,0.551780370870766
441,"lag5",0.978769011741072,0.497150759889508
441,"lag6",-0.273651859345172,0.425052514942131
441,"lag7",-1.45359225780447,0.438305855009952
441,"lag8",-0.226147405453424,0.502750528955174
441,"lag9",1.48530459107696,0.535962915419001
441,"lag10",2.01287688971084,0.552793137068449
441,"lag11",0.887449845435841,0.507508385324934
441,"lag12",0.86751230880712,0.431062268891495
442,"lag1",2.91682951243234,0.444826694579186
442,"lag2",4.60112476545933,0.498979875309403
442,"lag3",4.24104951728795,0.538937221355564
442,"lag4",3.63179211023281,0.586447293775433
442,"lag5",-0.0312992958726445,0.532936408276354
442,"lag6",3.48069503617824,0.445313063262873
442,"lag7",3.40882013634553,0.447570985692554
442,"lag8",0.884036610562233,0.49435219688916
442,"lag9",0.23060692387194,0.539483517192575
442,"lag10",1.66426168401682,0.584055149891451
442,"lag11",0.7671803253487,0.541080124867902
442,"lag12",1.94664610381574,0.44483741171391
443,"lag1",0.0326749484314454,0.428014199768799
443,"lag2",0.402005058342112,0.476357355043282
443,"lag3",2.7795682133525,0.507151467510061
443,"lag4",3.36881750829629,0.592957308129414
443,"lag5",0.316062711175399,0.540948533973968
443,"lag6",2.02635406009339,0.434266970005632
443,"lag7",0.412919299789201,0.430829357979564
443,"lag8",1.09337897294494,0.473571086906224
443,"lag9",2.87869029270703,0.505804483696916
443,"lag10",1.97374332002759,0.583343900405041
443,"lag11",1.67629526051528,0.548770333974191
443,"lag12",2.05458481990951,0.436454158147812
444,"lag1",6.81229516361334,0.43989291029297
444,"lag2",1.8029677146171,0.498566232258024
444,"lag3",1.48535557561559,0.524656030927908
444,"lag4",2.5490709300099,0.594767989956805
444,"lag5",0.284165761495521,0.553139926733665
444,"lag6",1.64865996745107,0.448744246084382
444,"lag7",1.96095509464754,0.443579379526198
444,"lag8",1.51420419916076,0.492313717066094
444,"lag9",-0.322187106668304,0.519843348540969
444,"lag10",-0.934162387417739,0.579483487676085
444,"lag11",0.554852110036899,0.560413979495806
444,"lag12",1.93804993596616,0.451812920511016
445,"lag1",1.3874616776141,0.438493208611091
445,"lag2",0.81196136341317,0.507929661642692
445,"lag3",2.12344051754669,0.542436567063743
445,"lag4",2.01507738279437,0.560039769714659
445,"lag5",0.391924508435308,0.513451285527344
445,"lag6",2.0935356387359,0.431290135758089
445,"lag7",4.81963156297744,0.443092922355225
445,"lag8",4.14029946606458,0.504669326200841
445,"lag9",1.19289008805076,0.545149073886638
445,"lag10",1.80588142338619,0.560079637554693
445,"lag11",0.511780404583053,0.521554972190932
445,"lag12",0.923281540875458,0.431730442589494
446,"lag1",3.24096008221506,0.466868371576114
446,"lag2",0.546968072261897,0.548162884628724
446,"lag3",2.62833474221478,0.557062164891628
446,"lag4",1.53585436389197,0.595301398066164
446,"lag5",-0.567987234261311,0.575394725970278
446,"lag6",-2.08415605770318,0.471482056320542
446,"lag7",-1.68628974130101,0.472252621336348
446,"lag8",4.25551855577423,0.544659522860147
446,"lag9",4.64057344684334,0.561904754514982
446,"lag10",2.16945399501617,0.599923059176063
446,"lag11",1.00645705744348,0.592627850684552
446,"lag12",0.152926898979838,0.483006955797322
447,"lag1",5.99021130409065,0.448639608884948
447,"lag2",-0.977331122456435,0.524895336076348
447,"lag3",1.67721936637132,0.549984876516526
447,"lag4",0.622064136667597,0.566582908964572
447,"lag5",0.455541539586258,0.515371051015766
447,"lag6",-1.1417668992662,0.443114547587197
447,"lag7",-0.626420267710021,0.452767339517025
447,"lag8",-0.00437468497950098,0.52360693401059
447,"lag9",0.248453581204266,0.554533920186631
447,"lag10",-0.809021884205002,0.571467276526768
447,"lag11",-0.192250869074237,0.524998801031906
447,"lag12",-0.641654222089555,0.449621835976435
448,"lag1",3.38999448439223,0.46606142467869
448,"lag2",0.395006669483104,0.526222463086961
448,"lag3",2.7248113906553,0.549132991358166
448,"lag4",2.37518545985254,0.595830871054212
448,"lag5",-0.0279872286406477,0.553045779433792
448,"lag6",0.879105749510443,0.458016498938402
448,"lag7",0.356175218603571,0.470568021813956
448,"lag8",1.8972796557822,0.525193405968913
448,"lag9",1.70467710253267,0.555653743044445
448,"lag10",0.051329169985115,0.595968554645363
448,"lag11",-0.455434112816065,0.560206902418284
448,"lag12",1.07815982087631,0.462179192435399
449,"lag1",2.54806547880437,0.42448749988377
449,"lag2",1.07410494274949,0.483722297997124
449,"lag3",2.40920128415966,0.513196685422778
449,"lag4",1.83921701675571,0.551900394611366
449,"lag5",-0.325117127065651,0.486450122270344
449,"lag6",1.10833935132535,0.416604745785887
449,"lag7",-0.691905535995829,0.428340481368997
449,"lag8",0.17054442392152,0.481816732971637
449,"lag9",1.40858083293424,0.513639996289646
449,"lag10",-0.91572141939022,0.54981297164732
449,"lag11",0.392749078705763,0.491506976443504
449,"lag12",-0.785672603966548,0.417989339892398
450,"lag1",-0.971147054011576,0.497941485799728
450,"lag2",0.879692119740105,0.554439633212103
450,"lag3",3.6341089663747,0.580547617615944
450,"lag4",3.62231614442524,0.64009667214721
450,"lag5",-1.29667709376292,0.597903596969145
450,"lag6",-1.18387460444431,0.502345250988743
450,"lag7",-1.85240279259577,0.502030739091138
450,"lag8",0.744216861532652,0.548733481587788
450,"lag9",0.123359056385933,0.581702668209783
450,"lag10",-0.00899420981449385,0.644827577604722
450,"lag11",-1.32298470859639,0.604744321799293
450,"lag12",-0.520257242783585,0.505074413883215
451,"lag1",9.64262766689648,0.431044347392336
451,"lag2",-0.265455369666478,0.50439282000741
451,"lag3",0.52012736269862,0.544650544523537
451,"lag4",1.88015184533747,0.548240681984332
451,"lag5",0.785730107529939,0.499625637754191
451,"lag6",0.662109151585662,0.426542645993928
451,"lag7",1.2572476648343,0.431699628153611
451,"lag8",0.248535229481349,0.501359509747668
451,"lag9",-0.311939868029081,0.547443562719472
451,"lag10",-1.57950730275018,0.548881742981718
451,"lag11",-0.468612206003089,0.509409016748785
451,"lag12",-0.603987227101454,0.434598574073082
452,"lag1",3.40868809544249,0.456856940766792
452,"lag2",4.30218516125579,0.521943927828125
452,"lag3",4.77076766171462,0.556930328471983
452,"lag4",2.81262629486938,0.615304347398606
452,"lag5",0.40912459828559,0.544159105024536
452,"lag6",1.9233964309155,0.456876267259166
452,"lag7",0.707831198746243,0.459725329478108
452,"lag8",2.18549522359268,0.519903126807531
452,"lag9",0.265670691273548,0.558768465236389
452,"lag10",-1.28787397950477,0.616438821207011
452,"lag11",0.410407770444146,0.551885991722178
452,"lag12",-0.726082452889219,0.461248897186618
453,"lag1",2.09259706330508,0.437799255047505
453,"lag2",0.235524285939825,0.488817390628317
453,"lag3",0.740138255137282,0.529011716467721
453,"lag4",1.04711245651347,0.559606022762618
453,"lag5",-1.18948961313089,0.504803168012264
453,"lag6",0.84690160975071,0.428540188802878
453,"lag7",0.9137761381795,0.43907148281167
453,"lag8",3.06594522307033,0.486730402522312
453,"lag9",0.302748627132354,0.528416052949532
453,"lag10",-1.1951171785537,0.553868481548215
453,"lag11",-1.65178271678609,0.509441018999775
453,"lag12",-0.408784248009228,0.428595559505111
454,"lag1",2.71362030397984,0.44579217809491
454,"lag2",1.72691893437384,0.5170866871643
454,"lag3",2.84847898482215,0.530221344981061
454,"lag4",2.22684473821731,0.543136753875913
454,"lag5",0.351404552896719,0.530328048921599
454,"lag6",-1.04431513689779,0.441582391618954
454,"lag7",-1.27559380514218,0.447162157660582
454,"lag8",0.199734474939296,0.512484885814401
454,"lag9",-1.00686064709454,0.53342456466001
454,"lag10",-0.81572693900494,0.5377849555807
454,"lag11",-0.27298306910879,0.533371187274671
454,"lag12",0.902051063090391,0.443886941253417
455,"lag1",7.68266366469219,0.467575877008817
455,"lag2",0.831507648639693,0.540057007741168
455,"lag3",1.76326028075143,0.565588984243183
455,"lag4",3.69612281871756,0.604202148975492
455,"lag5",2.42457282923537,0.595949170814327
455,"lag6",2.06508080356026,0.489758075778998
455,"lag7",1.15901257641691,0.473725546467798
455,"lag8",1.34381821845657,0.537152427056307
455,"lag9",-0.654061125958421,0.563006155282697
455,"lag10",-1.82217416894543,0.601000813283543
455,"lag11",1.04800756666079,0.601152519533701
455,"lag12",0.918273315255029,0.491086327805191
456,"lag1",5.15860676132389,0.451521704715938
456,"lag2",0.998077572417072,0.51875795861027
456,"lag3",2.86826040611438,0.539353694703055
456,"lag4",0.61853095634481,0.578466882438835
456,"lag5",-0.505248054512412,0.543203098410246
456,"lag6",-0.482991168643916,0.454955562261621
456,"lag7",0.833059562314408,0.45216709656084
456,"lag8",2.11682487000812,0.513364510461814
456,"lag9",0.28512985640363,0.542322755139786
456,"lag10",1.08914134851028,0.575568355204782
456,"lag11",0.880278304905462,0.554853759390407
456,"lag12",1.80459360698092,0.460930780323038
457,"lag1",2.96586482984766,0.45924589591248
457,"lag2",0.137197865018666,0.513068794046105
457,"lag3",1.33050596456029,0.545592750493761
457,"lag4",4.36847172175798,0.600421208883016
457,"lag5",0.917617247009878,0.562711632895129
457,"lag6",-0.544255095562432,0.465278768174352
457,"lag7",1.60889276365203,0.462468940259806
457,"lag8",2.59569454495915,0.514258781575005
457,"lag9",1.74534538893728,0.545901031273666
457,"lag10",0.0639313403107839,0.599466382614764
457,"lag11",0.116448114372349,0.57085431624986
457,"lag12",1.31954884347324,0.470074103848894
458,"lag1",8.61376303358541,0.432919390601634
458,"lag2",0.890665382822978,0.506085814143287
458,"lag3",-0.225206635880257,0.540111335760529
458,"lag4",-0.758945358312837,0.543769185233254
458,"lag5",-1.29155440081799,0.499204493844114
458,"lag6",-0.905720141537666,0.429718798234179
458,"lag7",0.368005691662934,0.437577464223502
458,"lag8",-1.8417436846896,0.504951204574304
458,"lag9",-2.36888467818748,0.545526742675215
458,"lag10",-1.63470158776536,0.548064883936711
458,"lag11",-0.565709070804546,0.512006238647349
458,"lag12",-0.76944619264084,0.436621447876972
459,"lag1",1.88132401855057,0.424239986353841
459,"lag2",1.70573018598511,0.485457969824565
459,"lag3",2.72131667446541,0.551848958035659
459,"lag4",2.97713560251685,0.553543602428084
459,"lag5",-0.167876630058212,0.496905635533196
459,"lag6",0.610446554024316,0.420049273753958
459,"lag7",-0.046432053432681,0.429126747453658
459,"lag8",1.08041953286427,0.480934624192216
459,"lag9",3.0829607828218,0.559443144844256
459,"lag10",2.42860967969104,0.545620124701812
459,"lag11",0.170774702358225,0.503918640047838
459,"lag12",0.060061432569209,0.421812744232376
460,"lag1",1.50535983841237,0.411634133460115
460,"lag2",-2.55357798540179,0.479397693903644
460,"lag3",-0.0982169060024248,0.478387135227103
460,"lag4",0.220534147014803,0.514085094392214
460,"lag5",-1.34299067812383,0.47782421457181
460,"lag6",-0.294631572817123,0.404450457663281
460,"lag7",0.122048657709312,0.417163867887995
460,"lag8",1.0832218186533,0.474708095256455
460,"lag9",2.14715813481339,0.482562101460053
460,"lag10",3.00679468928221,0.517761140315148
460,"lag11",-1.09391711121721,0.49127751783217
460,"lag12",0.180866477788484,0.40662149734333
461,"lag1",8.61961546031229,0.414049807004967
461,"lag2",0.772555260356559,0.487582013182506
461,"lag3",1.66674847380244,0.516980110274443
461,"lag4",3.36544981599763,0.531462951710294
461,"lag5",1.71133905098924,0.503909762467487
461,"lag6",1.57350299272205,0.422848704333447
461,"lag7",1.29345841026922,0.418833227501411
461,"lag8",2.58036186229046,0.484549638079906
461,"lag9",0.970935861980086,0.52014821187684
461,"lag10",-0.223718980263557,0.531441484408479
461,"lag11",1.15524529476729,0.508987993689391
461,"lag12",0.873277010271284,0.42250663052012
462,"lag1",2.32796459810375,0.429118978160236
462,"lag2",-0.78682309665567,0.484331102892245
462,"lag3",-1.14617197592179,0.538401249478464
462,"lag4",0.70107238284277,0.557198544136331
462,"lag5",0.104082935470093,0.502923835458717
462,"lag6",0.8113880654648,0.427695570700647
462,"lag7",2.25982502873588,0.431494392069386
462,"lag8",2.46970654542178,0.482205945212926
462,"lag9",-0.753959461141997,0.53644175664259
462,"lag10",-0.817990358226408,0.565682429214904
462,"lag11",0.605224035601948,0.515057380397714
462,"lag12",0.843018733666501,0.431042950102696
463,"lag1",2.09187252466278,0.45933843153618
463,"lag2",0.164913210875886,0.543028126159265
463,"lag3",0.309949915140608,0.547208290399108
463,"lag4",0.7329076094953,0.579530834124245
463,"lag5",-1.49607439442497,0.527638579410601
463,"lag6",0.35161283158455,0.457612991709818
463,"lag7",2.16173585425872,0.464683133278151
463,"lag8",1.47750573641372,0.540638419521957
463,"lag9",1.38833315151291,0.547393777569563
463,"lag10",-0.724257813775647,0.572179959842992
463,"lag11",-0.239241226184387,0.534129150692291
463,"lag12",-0.837189664443927,0.456891911950378
464,"lag1",3.73595922689571,0.488794628106076
464,"lag2",0.00797530780424882,0.555395598212779
464,"lag3",3.33702410377323,0.624626934313637
464,"lag4",3.51037534146957,0.647858259973934
464,"lag5",0.293918682936535,0.615809162542902
464,"lag6",-1.00992496300238,0.50718672031226
464,"lag7",-1.01283552629589,0.493180543628194
464,"lag8",2.5584692645236,0.557930886609253
464,"lag9",4.36075079562965,0.626869318984885
464,"lag10",0.817138434962448,0.639190837115802
464,"lag11",-0.353678434445268,0.626501964266922
464,"lag12",-1.07442866643457,0.507708305020879
465,"lag1",2.21516105196529,0.437975550718137
465,"lag2",-0.065765316124588,0.488222772907971
465,"lag3",3.50859314749048,0.504947051419678
465,"lag4",5.97744860222848,0.572852274184179
465,"lag5",0.728330584834108,0.56185721144807
465,"lag6",0.515129588005657,0.453403274874861
465,"lag7",-0.493807066474527,0.438441154719085
465,"lag8",-0.26578700347908,0.488601080993561
465,"lag9",-0.0996953271584309,0.510699491257574
465,"lag10",-0.878133045495171,0.572793498810943
465,"lag11",-0.336868021652179,0.569826592983817
465,"lag12",1.94192958855135,0.455768546827628
466,"lag1",0.898078270141566,0.467384482117822
466,"lag2",0.991878639375133,0.542295322699224
466,"lag3",1.64889500313717,0.57279375416712
466,"lag4",0.0232713615752978,0.585953411774982
466,"lag5",-1.60066818337186,0.526402253420029
466,"lag6",-0.0183948023637893,0.45411649084181
466,"lag7",-0.201274234613808,0.469124141592513
466,"lag8",-0.924394581981642,0.537304423967329
466,"lag9",0.433962087359165,0.574681742051261
466,"lag10",-0.109636062532093,0.586283382409836
466,"lag11",-1.66612929445425,0.538737692012134
466,"lag12",-0.867924023989269,0.460369016111532
467,"lag1",6.53882145555084,0.461245617324638
467,"lag2",3.3978349168839,0.522366786925229
467,"lag3",5.07990842708645,0.538320127345188
467,"lag4",6.0143705860959,0.563145620499377
467,"lag5",0.780224925105573,0.58725877661655
467,"lag6",3.20692116827882,0.472588671588032
467,"lag7",1.37169245084614,0.46406434223543
467,"lag8",2.68543204170521,0.519611189048281
467,"lag9",2.03811624868262,0.537563393649961
467,"lag10",-0.325577579118803,0.55662216984822
467,"lag11",0.369318113310273,0.592385764728544
467,"lag12",1.28181040124966,0.475926334106871
468,"lag1",1.480465795655,0.409949495718432
468,"lag2",-0.971823572728859,0.46850594189475
468,"lag3",1.08788213403178,0.481125628357888
468,"lag4",2.81199239083729,0.519668574125293
468,"lag5",0.747994974057964,0.502726987605181
468,"lag6",0.519389905689208,0.412468430560375
468,"lag7",2.03227799682937,0.413049488249571
468,"lag8",1.64913241617124,0.466065194193261
468,"lag9",1.66780262935598,0.484225886392524
468,"lag10",1.18263132449862,0.520384366258073
468,"lag11",0.265167252372679,0.51489928542406
468,"lag12",0.68382913786571,0.417883514821983
469,"lag1",2.12259822031435,0.490882605265943
469,"lag2",1.71726454281546,0.551912323889206
469,"lag3",2.88076466538138,0.606381843391182
469,"lag4",2.66653439772008,0.658474200513103
469,"lag5",0.690680841403328,0.616194814108209
469,"lag6",2.98754548267493,0.50884616203113
469,"lag7",2.61393954705112,0.492417299725753
469,"lag8",4.67747808371274,0.549939425124343
469,"lag9",5.9333141843936,0.608827086249768
469,"lag10",2.1767154143929,0.656203314078711
469,"lag11",1.31883540108464,0.626642425430655
469,"lag12",0.821802379555091,0.512642115027887
470,"lag1",3.64727452862624,0.449524095689487
470,"lag2",0.874656038171914,0.503879475887391
470,"lag3",1.64133854791309,0.547431699796271
470,"lag4",3.05937268225261,0.588110608125091
470,"lag5",1.4897164224691,0.552716141148866
470,"lag6",2.36822775134084,0.459548403800473
470,"lag7",3.17127692631504,0.453851067753988
470,"lag8",3.09206535066769,0.503477942950039
470,"lag9",1.67888002684084,0.548195567588171
470,"lag10",1.79093150413334,0.579467458519663
470,"lag11",0.700751610677751,0.559385539046346
470,"lag12",1.99515092756751,0.45884975351946
471,"lag1",5.13960481626321,0.484898691939891
471,"lag2",1.21722123640816,0.557620750731868
471,"lag3",0.894672351025128,0.585765331819038
471,"lag4",1.99776159238202,0.618346518139016
471,"lag5",1.21709058267928,0.559953365856613
471,"lag6",3.28120751353855,0.47596887081575
471,"lag7",-0.20440097384375,0.48719273948677
471,"lag8",-0.0773876952092606,0.550106918770969
471,"lag9",0.603686193303948,0.587320132516994
471,"lag10",-1.26396040244666,0.613308992015315
471,"lag11",1.10351078026346,0.56758492478485
471,"lag12",1.66241965000578,0.476749211417544
472,"lag1",3.13820347579831,0.454448280133492
472,"lag2",0.655926156107111,0.513349027602415
472,"lag3",-0.649608554450686,0.559032586952644
472,"lag4",0.870126460787885,0.61825024805314
472,"lag5",0.394586886170234,0.541859583200843
472,"lag6",-0.26540114314301,0.451105055694515
472,"lag7",-1.0996772120659,0.455732881850362
472,"lag8",-0.908251763174746,0.507789777766837
472,"lag9",-2.32541157642702,0.557581272518855
472,"lag10",-1.25993899790373,0.606175799005475
472,"lag11",-0.481195148368297,0.544277731704221
472,"lag12",-0.0873757233804468,0.450209763377689
473,"lag1",0.94593739843649,0.439409755600497
473,"lag2",-1.03544000981058,0.507566083787548
473,"lag3",0.871103415359588,0.525117535966566
473,"lag4",1.48713615476524,0.572420608403921
473,"lag5",0.545642213878548,0.541571219266356
473,"lag6",-0.139881295905007,0.444813137850412
473,"lag7",0.663658057501015,0.443156458681538
473,"lag8",2.82576649932605,0.503415218591167
473,"lag9",2.28066939415324,0.526344976049113
473,"lag10",1.82296840902223,0.559980436373316
473,"lag11",0.559345585794625,0.545662106713507
473,"lag12",0.213418527821281,0.442928715708965
474,"lag1",6.24748867557621,0.463503705866
474,"lag2",-0.261475151121839,0.541564897042094
474,"lag3",1.79468239338039,0.562092725375066
474,"lag4",0.349667697751582,0.579813475313467
474,"lag5",-1.69090311777481,0.539050753202704
474,"lag6",-2.60005368849427,0.454874803218404
474,"lag7",-1.00854126145611,0.464304454935693
474,"lag8",0.760457025358055,0.535908953836523
474,"lag9",0.691611077513604,0.57245828207271
474,"lag10",-0.582355943609237,0.580972294277388
474,"lag11",-1.5997342470715,0.554065110191288
474,"lag12",-1.5042370948564,0.462583999533498
475,"lag1",4.55857656008258,0.419027408312803
475,"lag2",1.41636533314253,0.483667927146145
475,"lag3",1.31765312678257,0.542212131272682
475,"lag4",2.53134583609089,0.572362708950693
475,"lag5",0.636562956509804,0.504964547906002
475,"lag6",0.887574095650171,0.424190569978882
475,"lag7",0.790179738195761,0.421857179518955
475,"lag8",3.1606579443454,0.481836475698169
475,"lag9",1.01260859843037,0.548509449807362
475,"lag10",2.7397290028091,0.580275903713995
475,"lag11",0.9317642391485,0.516875693683195
475,"lag12",-0.574833653439587,0.42801146454181
476,"lag1",4.29256451378388,0.466270748169104
476,"lag2",3.89509059081321,0.540834464279715
476,"lag3",5.45016119596614,0.566832136512779
476,"lag4",4.88644956783461,0.567627202839251
476,"lag5",0.603546660897181,0.556318051216003
476,"lag6",-0.427812243770888,0.468054375116018
476,"lag7",-1.40509892929629,0.467397962407605
476,"lag8",-0.583299500389729,0.53965154325487
476,"lag9",-1.62307877837306,0.570011121792679
476,"lag10",-0.0400869033582067,0.569702261859181
476,"lag11",0.348171196261316,0.565510279121811
476,"lag12",-0.325159335595117,0.475955665736996
477,"lag1",3.44589794577581,0.42725740068421
477,"lag2",0.358973763175358,0.482957124037723
477,"lag3",2.72636738257038,0.532588861209773
477,"lag4",1.59295576990132,0.562380493332792
477,"lag5",0.443697638454471,0.532722664623357
477,"lag6",0.031914710259567,0.43741969693001
477,"lag7",1.58792452023399,0.43082325252832
477,"lag8",0.153003016464787,0.482306050807099
477,"lag9",-0.354000633374238,0.53518937893734
477,"lag10",-2.37945796113831,0.564219705850592
477,"lag11",-0.904348079485826,0.53990860578674
477,"lag12",0.157659566919239,0.443102125249615
478,"lag1",9.01981266716571,0.483594420416713
478,"lag2",2.25477003351703,0.558287692846766
478,"lag3",3.28038413560483,0.585842178881449
478,"lag4",2.89037177479305,0.60151283609652
478,"lag5",1.1046547088412,0.593326194127354
478,"lag6",3.74545888671094,0.489166631336783
478,"lag7",1.51669633751013,0.488842527210189
478,"lag8",1.32337316652537,0.561537400299586
478,"lag9",0.447540146066109,0.590710303521615
478,"lag10",-0.476687450442816,0.603869426099852
478,"lag11",1.67267030835896,0.604909901326326
478,"lag12",1.83564201168439,0.492825973435081
479,"lag1",3.06265378940338,0.444188063049711
479,"lag2",-0.0283019246997366,0.51030492013752
479,"lag3",-0.497483922610891,0.540267917778002
479,"lag4",0.471169541272449,0.569584621056712
479,"lag5",0.688155834639635,0.529027475525092
479,"lag6",0.257107856755452,0.443644869209916
479,"lag7",2.36845521835765,0.446457282775275
479,"lag8",2.53595575763509,0.505894151059245
479,"lag9",2.21477007161545,0.541098711444313
479,"lag10",1.01597830657754,0.569397939973812
479,"lag11",0.794622389670818,0.534959736430322
479,"lag12",0.494959781387004,0.443804857806366
480,"lag1",6.88135690790866,0.425740104094757
480,"lag2",1.83017963695625,0.50077119596241
480,"lag3",2.2159220313219,0.539279646566034
480,"lag4",2.68469646952079,0.544678737697411
480,"lag5",0.471568031490859,0.4963834204641
480,"lag6",1.33329180584134,0.428563514749716
480,"lag7",2.13216590867348,0.427848433443855
480,"lag8",0.716759091174864,0.496660122334305
480,"lag9",-2.84625014948483,0.540585187010748
480,"lag10",-1.26137342732872,0.542610159945003
480,"lag11",-0.414761675278112,0.500743438211442
480,"lag12",0.285881130790144,0.432571469283994
481,"lag1",5.26046184579555,0.505184691936842
481,"lag2",2.58858852484155,0.580894208321424
481,"lag3",3.91822280280198,0.608844806042549
481,"lag4",4.98292051285195,0.639461017876992
481,"lag5",1.60087653621745,0.629326160844755
481,"lag6",0.697435996848545,0.508388766573136
481,"lag7",1.8480697572528,0.507823033480984
481,"lag8",4.62179850992346,0.5749554862982
481,"lag9",3.06485835602565,0.61129371528417
481,"lag10",3.50854630256898,0.644581797823171
481,"lag11",1.83742718437999,0.639931288233003
481,"lag12",0.901952953641444,0.516615264038237
482,"lag1",5.1934497630948,0.487302559954095
482,"lag2",1.86251791238586,0.565416273622892
482,"lag3",2.86741439865676,0.594633089015492
482,"lag4",1.80025261624531,0.613855332538289
482,"lag5",0.420354755995224,0.575936024352678
482,"lag6",1.06701226714789,0.488889144148214
482,"lag7",0.737251557928852,0.491561447833349
482,"lag8",3.37688762150686,0.564106075935862
482,"lag9",0.89308655224445,0.595904978526012
482,"lag10",0.666325248168554,0.614672792158098
482,"lag11",1.01018689336757,0.587024175070587
482,"lag12",0.368090319037859,0.492446341406048
483,"lag1",1.04166534115105,0.476383207515603
483,"lag2",0.505559565802632,0.533073545861354
483,"lag3",-0.724107160327379,0.571524746041298
483,"lag4",0.619387943917877,0.667648309620632
483,"lag5",-0.515461924558754,0.585303316538903
483,"lag6",-0.0807619513863809,0.478239296122297
483,"lag7",1.56800050259083,0.482283167664382
483,"lag8",1.0219243925266,0.530226690486534
483,"lag9",-0.871531807666133,0.570741074713989
483,"lag10",1.74490573449732,0.65617447187404
483,"lag11",1.22330647883924,0.591173099087715
483,"lag12",0.664299239355069,0.474913383870785
484,"lag1",2.52279131628079,0.433842828564232
484,"lag2",1.89255551564091,0.496863702139618
484,"lag3",2.23740736204301,0.518715514092937
484,"lag4",2.2757826686827,0.568969209295283
484,"lag5",0.140813989179407,0.531299937615319
484,"lag6",0.664052053766205,0.431393986018122
484,"lag7",0.85447395120746,0.436705507860591
484,"lag8",-0.99451212314243,0.495335128682215
484,"lag9",-1.24607119801436,0.52638008345705
484,"lag10",-0.696378860437076,0.566643881047361
484,"lag11",0.800382515810365,0.537658894092177
484,"lag12",0.404793335170215,0.433052385976563
485,"lag1",5.36387553962936,0.486541515785315
485,"lag2",0.133997215923881,0.555415920287358
485,"lag3",0.990946973662649,0.587106965451315
485,"lag4",1.07315654876747,0.632727479583872
485,"lag5",0.752788920812048,0.598939410842872
485,"lag6",-1.21851338562331,0.496886640613089
485,"lag7",-0.285375906890838,0.487318031580715
485,"lag8",0.76564224485361,0.547675865835625
485,"lag9",0.621727513669515,0.590579906375518
485,"lag10",0.63770936911098,0.633222847981605
485,"lag11",0.407027326438443,0.611460463410157
485,"lag12",0.398043517947821,0.505949452633617
486,"lag1",-1.41573253275305,0.461029900993674
486,"lag2",-0.0725185994236058,0.511617421167067
486,"lag3",2.48752109005672,0.569463532862477
486,"lag4",0.343442741688718,0.599484734405506
486,"lag5",-1.25315505336425,0.517724132693056
486,"lag6",-1.30251687748002,0.440950463937547
486,"lag7",-0.117611484225811,0.465161220312161
486,"lag8",0.151282084532952,0.50907204000628
486,"lag9",0.890911277503177,0.569211098814338
486,"lag10",0.213879429106277,0.599242038999204
486,"lag11",-1.52730382103306,0.522495406273259
486,"lag12",-1.81120022056416,0.44248500528875
487,"lag1",2.5008277591877,0.473415797386465
487,"lag2",-1.39575427213385,0.540161606021444
487,"lag3",-0.90026178580018,0.564115370796952
487,"lag4",0.0735008701918513,0.593475591365579
487,"lag5",0.281047721696174,0.533992230428171
487,"lag6",0.453684560123203,0.459017445216652
487,"lag7",1.25596661106707,0.479880639756104
487,"lag8",2.82186569782333,0.540905053717998
487,"lag9",2.41708045581083,0.566075068709909
487,"lag10",1.70294301468861,0.588739865072949
487,"lag11",0.773796427420493,0.545891860185176
487,"lag12",0.864597153291196,0.460842590131565
488,"lag1",2.33748851781796,0.464879101783624
488,"lag2",-2.18058028634989,0.53421289310422
488,"lag3",-1.61352816910587,0.567913074149882
488,"lag4",-0.700404398008412,0.581952951257151
488,"lag5",-1.3072002558159,0.537178336777278
488,"lag6",-0.52110010473964,0.460642951077398
488,"lag7",1.01277833024099,0.471941927584748
488,"lag8",4.99787375502045,0.534449495308203
488,"lag9",2.00084979042147,0.577258344189116
488,"lag10",-0.362739460059139,0.576012114491881
488,"lag11",-1.18711832643665,0.544053879468181
488,"lag12",-2.19514385612248,0.459672863448719
489,"lag1",-0.214728114531425,0.441756791128448
489,"lag2",-0.877567264025479,0.500769126146903
489,"lag3",0.987975105940472,0.514615648569879
489,"lag4",0.827224842971189,0.556257906546196
489,"lag5",-1.06553672614248,0.521497965968043
489,"lag6",0.356215590265267,0.429607876294488
489,"lag7",-0.536175451829426,0.4431038163744
489,"lag8",2.01624708045404,0.501475930642751
489,"lag9",0.430447249535991,0.514811901827663
489,"lag10",-0.281477521015867,0.556406161162199
489,"lag11",0.601702448594433,0.532749554849722
489,"lag12",1.78570729823701,0.433842103733795
490,"lag1",8.33324555219008,0.467874581879706
490,"lag2",0.909190040989814,0.542891701020444
490,"lag3",1.06472938575939,0.555271466074096
490,"lag4",0.874673698408448,0.592320954864868
490,"lag5",-0.886442211232843,0.551251810647985
490,"lag6",0.361313505811044,0.45517449007346
490,"lag7",-0.0811960332488595,0.472426203510664
490,"lag8",0.929575799301262,0.540642513613795
490,"lag9",-0.611161445164386,0.561112510609311
490,"lag10",-0.423438360788715,0.593317995111328
490,"lag11",-0.681723897434807,0.558596920997049
490,"lag12",-0.296029868375856,0.458145985147921
491,"lag1",4.50613790580295,0.444311888798552
491,"lag2",1.6046075635013,0.502590969166194
491,"lag3",2.7957888380725,0.529424116371589
491,"lag4",0.702789999678672,0.589935166052155
491,"lag5",-1.16576244165101,0.552414992629221
491,"lag6",-0.516767194805705,0.44792437391369
491,"lag7",-1.38841410167747,0.445513380216653
491,"lag8",0.0224643460435935,0.496279874350724
491,"lag9",1.37010695778801,0.536484164755936
491,"lag10",0.505761603493085,0.590727155825131
491,"lag11",0.118448713560869,0.568496083881268
491,"lag12",-1.04957609030591,0.44907274684212
492,"lag1",3.26454360187133,0.410362172596338
492,"lag2",-1.04735159710926,0.461746167739547
492,"lag3",-0.180565469028513,0.488815229954782
492,"lag4",1.87272048417847,0.522259726709643
492,"lag5",0.233802880240687,0.469645675631279
492,"lag6",1.26371728781763,0.403494209876073
492,"lag7",1.18147399864735,0.412697961575601
492,"lag8",0.0678996173990783,0.459748143026251
492,"lag9",-0.938916162163105,0.493604098649617
492,"lag10",-1.01733029405143,0.525758480559004
492,"lag11",-1.26183443678128,0.483458510243859
492,"lag12",0.662910927773261,0.408753298510939
493,"lag1",1.6896712114103,0.422955688073983
493,"lag2",1.0913759404992,0.480960800128087
493,"lag3",1.5875132846889,0.526097288712727
493,"lag4",2.51596921093472,0.563835014105063
493,"lag5",-0.422303021029575,0.514228458508237
493,"lag6",1.12486565075539,0.431369718032846
493,"lag7",2.1458257178834,0.429263648367737
493,"lag8",2.8438790514132,0.479216719127402
493,"lag9",2.15208472291168,0.532847456172181
493,"lag10",2.55869825694486,0.561732903856844
493,"lag11",-0.131027973466252,0.518677191387251
493,"lag12",0.0344545547270887,0.434871751188416
494,"lag1",7.87031118404986,0.446053955337293
494,"lag2",2.0423041957955,0.50941379815992
494,"lag3",2.5069647170882,0.529277282039775
494,"lag4",2.79479697388478,0.548924746160483
494,"lag5",0.493151324248817,0.544966493737851
494,"lag6",2.647984845758,0.447038814416545
494,"lag7",2.13107839180834,0.449652107935297
494,"lag8",1.15651034878746,0.506900446529696
494,"lag9",-1.29962782959825,0.525556137715836
494,"lag10",-1.85888785083889,0.545985737412425
494,"lag11",1.11411254682343,0.55113976227294
494,"lag12",1.27641769072788,0.453372523083187
495,"lag1",2.76952059544022,0.467348428830099
495,"lag2",-0.378112819265228,0.526790508579541
495,"lag3",-0.816050338356227,0.541058791550669
495,"lag4",-1.29239284663081,0.628288298524236
495,"lag5",2.08527826945243,0.571537050906636
495,"lag6",0.883774081967602,0.467680829171092
495,"lag7",0.706917336982478,0.46846931367172
495,"lag8",0.590891037391214,0.52091694629786
495,"lag9",2.90761054097234,0.541824363737085
495,"lag10",0.959866038565814,0.634834029164702
495,"lag11",0.280580065744167,0.577722135813325
495,"lag12",2.85279473440361,0.469828351782133
496,"lag1",4.55910759098685,0.434366028500232
496,"lag2",2.8007404611465,0.506353750648272
496,"lag3",4.10868478965189,0.516407649529024
496,"lag4",1.64143788297133,0.530214894247247
496,"lag5",-0.476925711265108,0.5002848585092
496,"lag6",-0.147208819891703,0.42686548888529
496,"lag7",0.0129674077268916,0.437783698087294
496,"lag8",1.83489046107179,0.503806052972655
496,"lag9",0.906120277585585,0.525124500241351
496,"lag10",0.596271192588926,0.529738306387898
496,"lag11",-0.159470669936503,0.509648403869228
496,"lag12",0.0501076350557235,0.430847066292798
497,"lag1",4.62829579810973,0.424044486949963
497,"lag2",3.65543329890027,0.477873635135434
497,"lag3",5.35176362036937,0.530454249770964
497,"lag4",4.4498650539813,0.551613284960865
497,"lag5",4.41819652209014e-05,0.504342374470859
497,"lag6",1.11765553690928,0.434570482700348
497,"lag7",0.552472192792999,0.428223540722878
497,"lag8",0.479684273049624,0.480093919502435
497,"lag9",-1.02214233116298,0.53907576180253
497,"lag10",-0.63083251094703,0.555431543877503
497,"lag11",0.156459920896893,0.515056982636504
497,"lag12",-1.29110929813286,0.437641139057664
498,"lag1",2.16954555850882,0.450737953875784
498,"lag2",-0.943571324062105,0.501450179413307
498,"lag3",0.73296796781961,0.532023819250505
498,"lag4",-0.0654350886925657,0.565538562298737
498,"lag5",-0.355843843775505,0.550183922980528
498,"lag6",0.585377761569565,0.453911837534911
498,"lag7",0.00516115257486518,0.451535321382585
498,"lag8",0.0926775892017615,0.494893628033042
498,"lag9",-0.724458259490273,0.528960914175481
498,"lag10",-2.09262603470002,0.569166543802911
498,"lag11",0.775746648933209,0.556818753804915
498,"lag12",1.02020562006742,0.45827590609547
499,"lag1",0.782366157193843,0.406639046114074
499,"lag2",1.28950755021986,0.462937030141568
499,"lag3",-0.327160310253132,0.498358915722581
499,"lag4",0.171895945289109,0.539283458893651
499,"lag5",0.0732851797666669,0.477713928805855
499,"lag6",0.459866569488821,0.408185116193714
499,"lag7",-0.412043886544524,0.409680840529118
499,"lag8",0.335748549883939,0.457951526442811
499,"lag9",0.873757389458027,0.503368184729323
499,"lag10",-1.15686137414616,0.536522962411213
499,"lag11",-0.605860676195684,0.48963316317768
499,"lag12",0.148426091021404,0.413864836630325
500,"lag1",3.11445857802706,0.481467722883333
500,"lag2",0.776061387864825,0.548014903568616
500,"lag3",3.59801977567636,0.591078115985221
500,"lag4",2.95450373296671,0.60844007003915
500,"lag5",0.687243322068692,0.590389752327563
500,"lag6",0.690775502093477,0.487978483440498
500,"lag7",2.31703539532281,0.486015919905527
500,"lag8",2.12747678422692,0.547112693542888
500,"lag9",3.11188304121046,0.591293777123545
500,"lag10",0.483917521502743,0.60484676747441
500,"lag11",-1.68277676251115,0.594609568793605
500,"lag12",1.59940995386803,0.485548195249589
